uniqueSampleKey,uniquePatientKey,entrezGeneId,molecularProfileId,sampleId,patientId,studyId,value
QzNMLTAwMDA2OnVjZWNfY3B0YWNfMjAyMA,QzNMLTAwMDA2OnVjZWNfY3B0YWNfMjAyMA,50943,ucec_cptac_2020_mrna,C3L-00006,C3L-00006,ucec_cptac_2020,4.11
QzNMLTAwMDA2OnVjZWNfY3B0YWNfMjAyMA,QzNMLTAwMDA2OnVjZWNfY3B0YWNfMjAyMA,3002,ucec_cptac_2020_mrna,C3L-00006,C3L-00006,ucec_cptac_2020,5.56
QzNMLTAwMDA2OnVjZWNfY3B0YWNfMjAyMA,QzNMLTAwMDA2OnVjZWNfY3B0YWNfMjAyMA,84868,ucec_cptac_2020_mrna,C3L-00006,C3L-00006,ucec_cptac_2020,8.56
QzNMLTAwMDA2OnVjZWNfY3B0YWNfMjAyMA,QzNMLTAwMDA2OnVjZWNfY3B0YWNfMjAyMA,3458,ucec_cptac_2020_mrna,C3L-00006,C3L-00006,ucec_cptac_2020,4.8
QzNMLTAwMDA2OnVjZWNfY3B0YWNfMjAyMA,QzNMLTAwMDA2OnVjZWNfY3B0YWNfMjAyMA,3394,ucec_cptac_2020_mrna,C3L-00006,C3L-00006,ucec_cptac_2020,9.74
QzNMLTAwMDA2OnVjZWNfY3B0YWNfMjAyMA,QzNMLTAwMDA2OnVjZWNfY3B0YWNfMjAyMA,3902,ucec_cptac_2020_mrna,C3L-00006,C3L-00006,ucec_cptac_2020,4.59
QzNMLTAwMDA2OnVjZWNfY3B0YWNfMjAyMA,QzNMLTAwMDA2OnVjZWNfY3B0YWNfMjAyMA,4118,ucec_cptac_2020_mrna,C3L-00006,C3L-00006,ucec_cptac_2020,4.11
QzNMLTAwMDA2OnVjZWNfY3B0YWNfMjAyMA,QzNMLTAwMDA2OnVjZWNfY3B0YWNfMjAyMA,94025,ucec_cptac_2020_mrna,C3L-00006,C3L-00006,ucec_cptac_2020,14.73
QzNMLTAwMDA2OnVjZWNfY3B0YWNfMjAyMA,QzNMLTAwMDA2OnVjZWNfY3B0YWNfMjAyMA,5133,ucec_cptac_2020_mrna,C3L-00006,C3L-00006,ucec_cptac_2020,5.11
QzNMLTAwMDA2OnVjZWNfY3B0YWNfMjAyMA,QzNMLTAwMDA2OnVjZWNfY3B0YWNfMjAyMA,55509,ucec_cptac_2020_mrna,C3L-00006,C3L-00006,ucec_cptac_2020,4.85
QzNMLTAwMDA2OnVjZWNfY3B0YWNfMjAyMA,QzNMLTAwMDA2OnVjZWNfY3B0YWNfMjAyMA,6772,ucec_cptac_2020_mrna,C3L-00006,C3L-00006,ucec_cptac_2020,13.99
QzNMLTAwMDA2OnVjZWNfY3B0YWNfMjAyMA,QzNMLTAwMDA2OnVjZWNfY3B0YWNfMjAyMA,7040,ucec_cptac_2020_mrna,C3L-00006,C3L-00006,ucec_cptac_2020,7.42
QzNMLTAwMDA2OnVjZWNfY3B0YWNfMjAyMA,QzNMLTAwMDA2OnVjZWNfY3B0YWNfMjAyMA,201633,ucec_cptac_2020_mrna,C3L-00006,C3L-00006,ucec_cptac_2020,7.23
QzNMLTAwMDA2OnVjZWNfY3B0YWNfMjAyMA,QzNMLTAwMDA2OnVjZWNfY3B0YWNfMjAyMA,79679,ucec_cptac_2020_mrna,C3L-00006,C3L-00006,ucec_cptac_2020,13.63
QzNMLTAwMDA2OnVjZWNfY3B0YWNfMjAyMA,QzNMLTAwMDA2OnVjZWNfY3B0YWNfMjAyMA,2829,ucec_cptac_2020_mrna,C3L-00006,C3L-00006,ucec_cptac_2020,0.97
QzNMLTAwMDA2OnVjZWNfY3B0YWNfMjAyMA,QzNMLTAwMDA2OnVjZWNfY3B0YWNfMjAyMA,898,ucec_cptac_2020_mrna,C3L-00006,C3L-00006,ucec_cptac_2020,9.74
QzNMLTAwMDA2OnVjZWNfY3B0YWNfMjAyMA,QzNMLTAwMDA2OnVjZWNfY3B0YWNfMjAyMA,925,ucec_cptac_2020_mrna,C3L-00006,C3L-00006,ucec_cptac_2020,7.94
QzNMLTAwMDA2OnVjZWNfY3B0YWNfMjAyMA,QzNMLTAwMDA2OnVjZWNfY3B0YWNfMjAyMA,968,ucec_cptac_2020_mrna,C3L-00006,C3L-00006,ucec_cptac_2020,10.07
QzNMLTAwMDA2OnVjZWNfY3B0YWNfMjAyMA,QzNMLTAwMDA2OnVjZWNfY3B0YWNfMjAyMA,29126,ucec_cptac_2020_mrna,C3L-00006,C3L-00006,ucec_cptac_2020,7.32
QzNMLTAwMDA2OnVjZWNfY3B0YWNfMjAyMA,QzNMLTAwMDA2OnVjZWNfY3B0YWNfMjAyMA,80381,ucec_cptac_2020_mrna,C3L-00006,C3L-00006,ucec_cptac_2020,11.31
QzNMLTAwMDA2OnVjZWNfY3B0YWNfMjAyMA,QzNMLTAwMDA2OnVjZWNfY3B0YWNfMjAyMA,9074,ucec_cptac_2020_mrna,C3L-00006,C3L-00006,ucec_cptac_2020,2.95
QzNMLTAwMDA2OnVjZWNfY3B0YWNfMjAyMA,QzNMLTAwMDA2OnVjZWNfY3B0YWNfMjAyMA,283420,ucec_cptac_2020_mrna,C3L-00006,C3L-00006,ucec_cptac_2020,3.75
QzNMLTAwMDA2OnVjZWNfY3B0YWNfMjAyMA,QzNMLTAwMDA2OnVjZWNfY3B0YWNfMjAyMA,1493,ucec_cptac_2020_mrna,C3L-00006,C3L-00006,ucec_cptac_2020,6.21
QzNMLTAwMDA2OnVjZWNfY3B0YWNfMjAyMA,QzNMLTAwMDA2OnVjZWNfY3B0YWNfMjAyMA,1515,ucec_cptac_2020_mrna,C3L-00006,C3L-00006,ucec_cptac_2020,10.84
QzNMLTAwMDA2OnVjZWNfY3B0YWNfMjAyMA,QzNMLTAwMDA2OnVjZWNfY3B0YWNfMjAyMA,4283,ucec_cptac_2020_mrna,C3L-00006,C3L-00006,ucec_cptac_2020,9.66
QzNMLTAwMDA4OnVjZWNfY3B0YWNfMjAyMA,QzNMLTAwMDA4OnVjZWNfY3B0YWNfMjAyMA,50943,ucec_cptac_2020_mrna,C3L-00008,C3L-00008,ucec_cptac_2020,1.89
QzNMLTAwMDA4OnVjZWNfY3B0YWNfMjAyMA,QzNMLTAwMDA4OnVjZWNfY3B0YWNfMjAyMA,3002,ucec_cptac_2020_mrna,C3L-00008,C3L-00008,ucec_cptac_2020,3.04
QzNMLTAwMDA4OnVjZWNfY3B0YWNfMjAyMA,QzNMLTAwMDA4OnVjZWNfY3B0YWNfMjAyMA,84868,ucec_cptac_2020_mrna,C3L-00008,C3L-00008,ucec_cptac_2020,7.79
QzNMLTAwMDA4OnVjZWNfY3B0YWNfMjAyMA,QzNMLTAwMDA4OnVjZWNfY3B0YWNfMjAyMA,3458,ucec_cptac_2020_mrna,C3L-00008,C3L-00008,ucec_cptac_2020,4.38
QzNMLTAwMDA4OnVjZWNfY3B0YWNfMjAyMA,QzNMLTAwMDA4OnVjZWNfY3B0YWNfMjAyMA,3394,ucec_cptac_2020_mrna,C3L-00008,C3L-00008,ucec_cptac_2020,7.56
QzNMLTAwMDA4OnVjZWNfY3B0YWNfMjAyMA,QzNMLTAwMDA4OnVjZWNfY3B0YWNfMjAyMA,3902,ucec_cptac_2020_mrna,C3L-00008,C3L-00008,ucec_cptac_2020,3.04
QzNMLTAwMDA4OnVjZWNfY3B0YWNfMjAyMA,QzNMLTAwMDA4OnVjZWNfY3B0YWNfMjAyMA,4118,ucec_cptac_2020_mrna,C3L-00008,C3L-00008,ucec_cptac_2020,2.68
QzNMLTAwMDA4OnVjZWNfY3B0YWNfMjAyMA,QzNMLTAwMDA4OnVjZWNfY3B0YWNfMjAyMA,94025,ucec_cptac_2020_mrna,C3L-00008,C3L-00008,ucec_cptac_2020,15.57
QzNMLTAwMDA4OnVjZWNfY3B0YWNfMjAyMA,QzNMLTAwMDA4OnVjZWNfY3B0YWNfMjAyMA,5133,ucec_cptac_2020_mrna,C3L-00008,C3L-00008,ucec_cptac_2020,3.86
QzNMLTAwMDA4OnVjZWNfY3B0YWNfMjAyMA,QzNMLTAwMDA4OnVjZWNfY3B0YWNfMjAyMA,55509,ucec_cptac_2020_mrna,C3L-00008,C3L-00008,ucec_cptac_2020,3.04
QzNMLTAwMDA4OnVjZWNfY3B0YWNfMjAyMA,QzNMLTAwMDA4OnVjZWNfY3B0YWNfMjAyMA,6772,ucec_cptac_2020_mrna,C3L-00008,C3L-00008,ucec_cptac_2020,12.99
QzNMLTAwMDA4OnVjZWNfY3B0YWNfMjAyMA,QzNMLTAwMDA4OnVjZWNfY3B0YWNfMjAyMA,7040,ucec_cptac_2020_mrna,C3L-00008,C3L-00008,ucec_cptac_2020,6.95
QzNMLTAwMDA4OnVjZWNfY3B0YWNfMjAyMA,QzNMLTAwMDA4OnVjZWNfY3B0YWNfMjAyMA,201633,ucec_cptac_2020_mrna,C3L-00008,C3L-00008,ucec_cptac_2020,5.38
QzNMLTAwMDA4OnVjZWNfY3B0YWNfMjAyMA,QzNMLTAwMDA4OnVjZWNfY3B0YWNfMjAyMA,79679,ucec_cptac_2020_mrna,C3L-00008,C3L-00008,ucec_cptac_2020,10.09
QzNMLTAwMDA4OnVjZWNfY3B0YWNfMjAyMA,QzNMLTAwMDA4OnVjZWNfY3B0YWNfMjAyMA,2829,ucec_cptac_2020_mrna,C3L-00008,C3L-00008,ucec_cptac_2020,0.0
QzNMLTAwMDA4OnVjZWNfY3B0YWNfMjAyMA,QzNMLTAwMDA4OnVjZWNfY3B0YWNfMjAyMA,898,ucec_cptac_2020_mrna,C3L-00008,C3L-00008,ucec_cptac_2020,10.96
QzNMLTAwMDA4OnVjZWNfY3B0YWNfMjAyMA,QzNMLTAwMDA4OnVjZWNfY3B0YWNfMjAyMA,925,ucec_cptac_2020_mrna,C3L-00008,C3L-00008,ucec_cptac_2020,5.55
QzNMLTAwMDA4OnVjZWNfY3B0YWNfMjAyMA,QzNMLTAwMDA4OnVjZWNfY3B0YWNfMjAyMA,968,ucec_cptac_2020_mrna,C3L-00008,C3L-00008,ucec_cptac_2020,9.84
QzNMLTAwMDA4OnVjZWNfY3B0YWNfMjAyMA,QzNMLTAwMDA4OnVjZWNfY3B0YWNfMjAyMA,29126,ucec_cptac_2020_mrna,C3L-00008,C3L-00008,ucec_cptac_2020,6.36
QzNMLTAwMDA4OnVjZWNfY3B0YWNfMjAyMA,QzNMLTAwMDA4OnVjZWNfY3B0YWNfMjAyMA,80381,ucec_cptac_2020_mrna,C3L-00008,C3L-00008,ucec_cptac_2020,10.68
QzNMLTAwMDA4OnVjZWNfY3B0YWNfMjAyMA,QzNMLTAwMDA4OnVjZWNfY3B0YWNfMjAyMA,9074,ucec_cptac_2020_mrna,C3L-00008,C3L-00008,ucec_cptac_2020,4.44
QzNMLTAwMDA4OnVjZWNfY3B0YWNfMjAyMA,QzNMLTAwMDA4OnVjZWNfY3B0YWNfMjAyMA,283420,ucec_cptac_2020_mrna,C3L-00008,C3L-00008,ucec_cptac_2020,0.0
QzNMLTAwMDA4OnVjZWNfY3B0YWNfMjAyMA,QzNMLTAwMDA4OnVjZWNfY3B0YWNfMjAyMA,1493,ucec_cptac_2020_mrna,C3L-00008,C3L-00008,ucec_cptac_2020,5.25
QzNMLTAwMDA4OnVjZWNfY3B0YWNfMjAyMA,QzNMLTAwMDA4OnVjZWNfY3B0YWNfMjAyMA,1515,ucec_cptac_2020_mrna,C3L-00008,C3L-00008,ucec_cptac_2020,10.37
QzNMLTAwMDA4OnVjZWNfY3B0YWNfMjAyMA,QzNMLTAwMDA4OnVjZWNfY3B0YWNfMjAyMA,4283,ucec_cptac_2020_mrna,C3L-00008,C3L-00008,ucec_cptac_2020,7.06
QzNMLTAwMDMyOnVjZWNfY3B0YWNfMjAyMA,QzNMLTAwMDMyOnVjZWNfY3B0YWNfMjAyMA,50943,ucec_cptac_2020_mrna,C3L-00032,C3L-00032,ucec_cptac_2020,2.6
QzNMLTAwMDMyOnVjZWNfY3B0YWNfMjAyMA,QzNMLTAwMDMyOnVjZWNfY3B0YWNfMjAyMA,3002,ucec_cptac_2020_mrna,C3L-00032,C3L-00032,ucec_cptac_2020,6.22
QzNMLTAwMDMyOnVjZWNfY3B0YWNfMjAyMA,QzNMLTAwMDMyOnVjZWNfY3B0YWNfMjAyMA,84868,ucec_cptac_2020_mrna,C3L-00032,C3L-00032,ucec_cptac_2020,9.28
QzNMLTAwMDMyOnVjZWNfY3B0YWNfMjAyMA,QzNMLTAwMDMyOnVjZWNfY3B0YWNfMjAyMA,3458,ucec_cptac_2020_mrna,C3L-00032,C3L-00032,ucec_cptac_2020,2.6
QzNMLTAwMDMyOnVjZWNfY3B0YWNfMjAyMA,QzNMLTAwMDMyOnVjZWNfY3B0YWNfMjAyMA,3394,ucec_cptac_2020_mrna,C3L-00032,C3L-00032,ucec_cptac_2020,9.46
QzNMLTAwMDMyOnVjZWNfY3B0YWNfMjAyMA,QzNMLTAwMDMyOnVjZWNfY3B0YWNfMjAyMA,3902,ucec_cptac_2020_mrna,C3L-00032,C3L-00032,ucec_cptac_2020,3.48
QzNMLTAwMDMyOnVjZWNfY3B0YWNfMjAyMA,QzNMLTAwMDMyOnVjZWNfY3B0YWNfMjAyMA,4118,ucec_cptac_2020_mrna,C3L-00032,C3L-00032,ucec_cptac_2020,6.13
QzNMLTAwMDMyOnVjZWNfY3B0YWNfMjAyMA,QzNMLTAwMDMyOnVjZWNfY3B0YWNfMjAyMA,94025,ucec_cptac_2020_mrna,C3L-00032,C3L-00032,ucec_cptac_2020,14.66
QzNMLTAwMDMyOnVjZWNfY3B0YWNfMjAyMA,QzNMLTAwMDMyOnVjZWNfY3B0YWNfMjAyMA,5133,ucec_cptac_2020_mrna,C3L-00032,C3L-00032,ucec_cptac_2020,4.09
QzNMLTAwMDMyOnVjZWNfY3B0YWNfMjAyMA,QzNMLTAwMDMyOnVjZWNfY3B0YWNfMjAyMA,55509,ucec_cptac_2020_mrna,C3L-00032,C3L-00032,ucec_cptac_2020,4.89
QzNMLTAwMDMyOnVjZWNfY3B0YWNfMjAyMA,QzNMLTAwMDMyOnVjZWNfY3B0YWNfMjAyMA,6772,ucec_cptac_2020_mrna,C3L-00032,C3L-00032,ucec_cptac_2020,13.14
QzNMLTAwMDMyOnVjZWNfY3B0YWNfMjAyMA,QzNMLTAwMDMyOnVjZWNfY3B0YWNfMjAyMA,7040,ucec_cptac_2020_mrna,C3L-00032,C3L-00032,ucec_cptac_2020,7.44
QzNMLTAwMDMyOnVjZWNfY3B0YWNfMjAyMA,QzNMLTAwMDMyOnVjZWNfY3B0YWNfMjAyMA,201633,ucec_cptac_2020_mrna,C3L-00032,C3L-00032,ucec_cptac_2020,6.69
QzNMLTAwMDMyOnVjZWNfY3B0YWNfMjAyMA,QzNMLTAwMDMyOnVjZWNfY3B0YWNfMjAyMA,79679,ucec_cptac_2020_mrna,C3L-00032,C3L-00032,ucec_cptac_2020,11.74
QzNMLTAwMDMyOnVjZWNfY3B0YWNfMjAyMA,QzNMLTAwMDMyOnVjZWNfY3B0YWNfMjAyMA,2829,ucec_cptac_2020_mrna,C3L-00032,C3L-00032,ucec_cptac_2020,2.38
QzNMLTAwMDMyOnVjZWNfY3B0YWNfMjAyMA,QzNMLTAwMDMyOnVjZWNfY3B0YWNfMjAyMA,898,ucec_cptac_2020_mrna,C3L-00032,C3L-00032,ucec_cptac_2020,8.51
QzNMLTAwMDMyOnVjZWNfY3B0YWNfMjAyMA,QzNMLTAwMDMyOnVjZWNfY3B0YWNfMjAyMA,925,ucec_cptac_2020_mrna,C3L-00032,C3L-00032,ucec_cptac_2020,7.53
QzNMLTAwMDMyOnVjZWNfY3B0YWNfMjAyMA,QzNMLTAwMDMyOnVjZWNfY3B0YWNfMjAyMA,968,ucec_cptac_2020_mrna,C3L-00032,C3L-00032,ucec_cptac_2020,11.14
QzNMLTAwMDMyOnVjZWNfY3B0YWNfMjAyMA,QzNMLTAwMDMyOnVjZWNfY3B0YWNfMjAyMA,29126,ucec_cptac_2020_mrna,C3L-00032,C3L-00032,ucec_cptac_2020,7.79
QzNMLTAwMDMyOnVjZWNfY3B0YWNfMjAyMA,QzNMLTAwMDMyOnVjZWNfY3B0YWNfMjAyMA,80381,ucec_cptac_2020_mrna,C3L-00032,C3L-00032,ucec_cptac_2020,10.65
QzNMLTAwMDMyOnVjZWNfY3B0YWNfMjAyMA,QzNMLTAwMDMyOnVjZWNfY3B0YWNfMjAyMA,9074,ucec_cptac_2020_mrna,C3L-00032,C3L-00032,ucec_cptac_2020,3.24
QzNMLTAwMDMyOnVjZWNfY3B0YWNfMjAyMA,QzNMLTAwMDMyOnVjZWNfY3B0YWNfMjAyMA,283420,ucec_cptac_2020_mrna,C3L-00032,C3L-00032,ucec_cptac_2020,4.85
QzNMLTAwMDMyOnVjZWNfY3B0YWNfMjAyMA,QzNMLTAwMDMyOnVjZWNfY3B0YWNfMjAyMA,1493,ucec_cptac_2020_mrna,C3L-00032,C3L-00032,ucec_cptac_2020,5.71
QzNMLTAwMDMyOnVjZWNfY3B0YWNfMjAyMA,QzNMLTAwMDMyOnVjZWNfY3B0YWNfMjAyMA,1515,ucec_cptac_2020_mrna,C3L-00032,C3L-00032,ucec_cptac_2020,12.92
QzNMLTAwMDMyOnVjZWNfY3B0YWNfMjAyMA,QzNMLTAwMDMyOnVjZWNfY3B0YWNfMjAyMA,4283,ucec_cptac_2020_mrna,C3L-00032,C3L-00032,ucec_cptac_2020,7.1
QzNMLTAwMDkwOnVjZWNfY3B0YWNfMjAyMA,QzNMLTAwMDkwOnVjZWNfY3B0YWNfMjAyMA,50943,ucec_cptac_2020_mrna,C3L-00090,C3L-00090,ucec_cptac_2020,3.97
QzNMLTAwMDkwOnVjZWNfY3B0YWNfMjAyMA,QzNMLTAwMDkwOnVjZWNfY3B0YWNfMjAyMA,3002,ucec_cptac_2020_mrna,C3L-00090,C3L-00090,ucec_cptac_2020,4.83
QzNMLTAwMDkwOnVjZWNfY3B0YWNfMjAyMA,QzNMLTAwMDkwOnVjZWNfY3B0YWNfMjAyMA,84868,ucec_cptac_2020_mrna,C3L-00090,C3L-00090,ucec_cptac_2020,8.91
QzNMLTAwMDkwOnVjZWNfY3B0YWNfMjAyMA,QzNMLTAwMDkwOnVjZWNfY3B0YWNfMjAyMA,3458,ucec_cptac_2020_mrna,C3L-00090,C3L-00090,ucec_cptac_2020,2.78
QzNMLTAwMDkwOnVjZWNfY3B0YWNfMjAyMA,QzNMLTAwMDkwOnVjZWNfY3B0YWNfMjAyMA,3394,ucec_cptac_2020_mrna,C3L-00090,C3L-00090,ucec_cptac_2020,7.66
QzNMLTAwMDkwOnVjZWNfY3B0YWNfMjAyMA,QzNMLTAwMDkwOnVjZWNfY3B0YWNfMjAyMA,3902,ucec_cptac_2020_mrna,C3L-00090,C3L-00090,ucec_cptac_2020,4.73
QzNMLTAwMDkwOnVjZWNfY3B0YWNfMjAyMA,QzNMLTAwMDkwOnVjZWNfY3B0YWNfMjAyMA,4118,ucec_cptac_2020_mrna,C3L-00090,C3L-00090,ucec_cptac_2020,3.29
QzNMLTAwMDkwOnVjZWNfY3B0YWNfMjAyMA,QzNMLTAwMDkwOnVjZWNfY3B0YWNfMjAyMA,94025,ucec_cptac_2020_mrna,C3L-00090,C3L-00090,ucec_cptac_2020,13.39
QzNMLTAwMDkwOnVjZWNfY3B0YWNfMjAyMA,QzNMLTAwMDkwOnVjZWNfY3B0YWNfMjAyMA,5133,ucec_cptac_2020_mrna,C3L-00090,C3L-00090,ucec_cptac_2020,4.14
QzNMLTAwMDkwOnVjZWNfY3B0YWNfMjAyMA,QzNMLTAwMDkwOnVjZWNfY3B0YWNfMjAyMA,55509,ucec_cptac_2020_mrna,C3L-00090,C3L-00090,ucec_cptac_2020,2.97
QzNMLTAwMDkwOnVjZWNfY3B0YWNfMjAyMA,QzNMLTAwMDkwOnVjZWNfY3B0YWNfMjAyMA,6772,ucec_cptac_2020_mrna,C3L-00090,C3L-00090,ucec_cptac_2020,12.62
QzNMLTAwMDkwOnVjZWNfY3B0YWNfMjAyMA,QzNMLTAwMDkwOnVjZWNfY3B0YWNfMjAyMA,7040,ucec_cptac_2020_mrna,C3L-00090,C3L-00090,ucec_cptac_2020,7.08
QzNMLTAwMDkwOnVjZWNfY3B0YWNfMjAyMA,QzNMLTAwMDkwOnVjZWNfY3B0YWNfMjAyMA,201633,ucec_cptac_2020_mrna,C3L-00090,C3L-00090,ucec_cptac_2020,6.14
QzNMLTAwMDkwOnVjZWNfY3B0YWNfMjAyMA,QzNMLTAwMDkwOnVjZWNfY3B0YWNfMjAyMA,79679,ucec_cptac_2020_mrna,C3L-00090,C3L-00090,ucec_cptac_2020,13.65
QzNMLTAwMDkwOnVjZWNfY3B0YWNfMjAyMA,QzNMLTAwMDkwOnVjZWNfY3B0YWNfMjAyMA,2829,ucec_cptac_2020_mrna,C3L-00090,C3L-00090,ucec_cptac_2020,0.99
QzNMLTAwMDkwOnVjZWNfY3B0YWNfMjAyMA,QzNMLTAwMDkwOnVjZWNfY3B0YWNfMjAyMA,898,ucec_cptac_2020_mrna,C3L-00090,C3L-00090,ucec_cptac_2020,8.67
QzNMLTAwMDkwOnVjZWNfY3B0YWNfMjAyMA,QzNMLTAwMDkwOnVjZWNfY3B0YWNfMjAyMA,925,ucec_cptac_2020_mrna,C3L-00090,C3L-00090,ucec_cptac_2020,6.61
QzNMLTAwMDkwOnVjZWNfY3B0YWNfMjAyMA,QzNMLTAwMDkwOnVjZWNfY3B0YWNfMjAyMA,968,ucec_cptac_2020_mrna,C3L-00090,C3L-00090,ucec_cptac_2020,10.77
QzNMLTAwMDkwOnVjZWNfY3B0YWNfMjAyMA,QzNMLTAwMDkwOnVjZWNfY3B0YWNfMjAyMA,29126,ucec_cptac_2020_mrna,C3L-00090,C3L-00090,ucec_cptac_2020,6.1
QzNMLTAwMDkwOnVjZWNfY3B0YWNfMjAyMA,QzNMLTAwMDkwOnVjZWNfY3B0YWNfMjAyMA,80381,ucec_cptac_2020_mrna,C3L-00090,C3L-00090,ucec_cptac_2020,11.26
QzNMLTAwMDkwOnVjZWNfY3B0YWNfMjAyMA,QzNMLTAwMDkwOnVjZWNfY3B0YWNfMjAyMA,9074,ucec_cptac_2020_mrna,C3L-00090,C3L-00090,ucec_cptac_2020,3.67
QzNMLTAwMDkwOnVjZWNfY3B0YWNfMjAyMA,QzNMLTAwMDkwOnVjZWNfY3B0YWNfMjAyMA,283420,ucec_cptac_2020_mrna,C3L-00090,C3L-00090,ucec_cptac_2020,0.99
QzNMLTAwMDkwOnVjZWNfY3B0YWNfMjAyMA,QzNMLTAwMDkwOnVjZWNfY3B0YWNfMjAyMA,1493,ucec_cptac_2020_mrna,C3L-00090,C3L-00090,ucec_cptac_2020,5.22
QzNMLTAwMDkwOnVjZWNfY3B0YWNfMjAyMA,QzNMLTAwMDkwOnVjZWNfY3B0YWNfMjAyMA,1515,ucec_cptac_2020_mrna,C3L-00090,C3L-00090,ucec_cptac_2020,13.41
QzNMLTAwMDkwOnVjZWNfY3B0YWNfMjAyMA,QzNMLTAwMDkwOnVjZWNfY3B0YWNfMjAyMA,4283,ucec_cptac_2020_mrna,C3L-00090,C3L-00090,ucec_cptac_2020,7.35
QzNMLTAwMTM5OnVjZWNfY3B0YWNfMjAyMA,QzNMLTAwMTM5OnVjZWNfY3B0YWNfMjAyMA,50943,ucec_cptac_2020_mrna,C3L-00139,C3L-00139,ucec_cptac_2020,4.62
QzNMLTAwMTM5OnVjZWNfY3B0YWNfMjAyMA,QzNMLTAwMTM5OnVjZWNfY3B0YWNfMjAyMA,3002,ucec_cptac_2020_mrna,C3L-00139,C3L-00139,ucec_cptac_2020,4.62
QzNMLTAwMTM5OnVjZWNfY3B0YWNfMjAyMA,QzNMLTAwMTM5OnVjZWNfY3B0YWNfMjAyMA,84868,ucec_cptac_2020_mrna,C3L-00139,C3L-00139,ucec_cptac_2020,7.56
QzNMLTAwMTM5OnVjZWNfY3B0YWNfMjAyMA,QzNMLTAwMTM5OnVjZWNfY3B0YWNfMjAyMA,3458,ucec_cptac_2020_mrna,C3L-00139,C3L-00139,ucec_cptac_2020,2.26
QzNMLTAwMTM5OnVjZWNfY3B0YWNfMjAyMA,QzNMLTAwMTM5OnVjZWNfY3B0YWNfMjAyMA,3394,ucec_cptac_2020_mrna,C3L-00139,C3L-00139,ucec_cptac_2020,7.56
QzNMLTAwMTM5OnVjZWNfY3B0YWNfMjAyMA,QzNMLTAwMTM5OnVjZWNfY3B0YWNfMjAyMA,3902,ucec_cptac_2020_mrna,C3L-00139,C3L-00139,ucec_cptac_2020,4.25
QzNMLTAwMTM5OnVjZWNfY3B0YWNfMjAyMA,QzNMLTAwMTM5OnVjZWNfY3B0YWNfMjAyMA,4118,ucec_cptac_2020_mrna,C3L-00139,C3L-00139,ucec_cptac_2020,9.67
QzNMLTAwMTM5OnVjZWNfY3B0YWNfMjAyMA,QzNMLTAwMTM5OnVjZWNfY3B0YWNfMjAyMA,94025,ucec_cptac_2020_mrna,C3L-00139,C3L-00139,ucec_cptac_2020,15.7
QzNMLTAwMTM5OnVjZWNfY3B0YWNfMjAyMA,QzNMLTAwMTM5OnVjZWNfY3B0YWNfMjAyMA,5133,ucec_cptac_2020_mrna,C3L-00139,C3L-00139,ucec_cptac_2020,2.93
QzNMLTAwMTM5OnVjZWNfY3B0YWNfMjAyMA,QzNMLTAwMTM5OnVjZWNfY3B0YWNfMjAyMA,55509,ucec_cptac_2020_mrna,C3L-00139,C3L-00139,ucec_cptac_2020,2.52
QzNMLTAwMTM5OnVjZWNfY3B0YWNfMjAyMA,QzNMLTAwMTM5OnVjZWNfY3B0YWNfMjAyMA,6772,ucec_cptac_2020_mrna,C3L-00139,C3L-00139,ucec_cptac_2020,13.8
QzNMLTAwMTM5OnVjZWNfY3B0YWNfMjAyMA,QzNMLTAwMTM5OnVjZWNfY3B0YWNfMjAyMA,7040,ucec_cptac_2020_mrna,C3L-00139,C3L-00139,ucec_cptac_2020,7.85
QzNMLTAwMTM5OnVjZWNfY3B0YWNfMjAyMA,QzNMLTAwMTM5OnVjZWNfY3B0YWNfMjAyMA,201633,ucec_cptac_2020_mrna,C3L-00139,C3L-00139,ucec_cptac_2020,6.66
QzNMLTAwMTM5OnVjZWNfY3B0YWNfMjAyMA,QzNMLTAwMTM5OnVjZWNfY3B0YWNfMjAyMA,79679,ucec_cptac_2020_mrna,C3L-00139,C3L-00139,ucec_cptac_2020,13.5
QzNMLTAwMTM5OnVjZWNfY3B0YWNfMjAyMA,QzNMLTAwMTM5OnVjZWNfY3B0YWNfMjAyMA,2829,ucec_cptac_2020_mrna,C3L-00139,C3L-00139,ucec_cptac_2020,2.52
QzNMLTAwMTM5OnVjZWNfY3B0YWNfMjAyMA,QzNMLTAwMTM5OnVjZWNfY3B0YWNfMjAyMA,898,ucec_cptac_2020_mrna,C3L-00139,C3L-00139,ucec_cptac_2020,11.35
QzNMLTAwMTM5OnVjZWNfY3B0YWNfMjAyMA,QzNMLTAwMTM5OnVjZWNfY3B0YWNfMjAyMA,925,ucec_cptac_2020_mrna,C3L-00139,C3L-00139,ucec_cptac_2020,6.66
QzNMLTAwMTM5OnVjZWNfY3B0YWNfMjAyMA,QzNMLTAwMTM5OnVjZWNfY3B0YWNfMjAyMA,968,ucec_cptac_2020_mrna,C3L-00139,C3L-00139,ucec_cptac_2020,9.58
QzNMLTAwMTM5OnVjZWNfY3B0YWNfMjAyMA,QzNMLTAwMTM5OnVjZWNfY3B0YWNfMjAyMA,29126,ucec_cptac_2020_mrna,C3L-00139,C3L-00139,ucec_cptac_2020,6.55
QzNMLTAwMTM5OnVjZWNfY3B0YWNfMjAyMA,QzNMLTAwMTM5OnVjZWNfY3B0YWNfMjAyMA,80381,ucec_cptac_2020_mrna,C3L-00139,C3L-00139,ucec_cptac_2020,11.52
QzNMLTAwMTM5OnVjZWNfY3B0YWNfMjAyMA,QzNMLTAwMTM5OnVjZWNfY3B0YWNfMjAyMA,9074,ucec_cptac_2020_mrna,C3L-00139,C3L-00139,ucec_cptac_2020,10.18
QzNMLTAwMTM5OnVjZWNfY3B0YWNfMjAyMA,QzNMLTAwMTM5OnVjZWNfY3B0YWNfMjAyMA,283420,ucec_cptac_2020_mrna,C3L-00139,C3L-00139,ucec_cptac_2020,0.96
QzNMLTAwMTM5OnVjZWNfY3B0YWNfMjAyMA,QzNMLTAwMTM5OnVjZWNfY3B0YWNfMjAyMA,1493,ucec_cptac_2020_mrna,C3L-00139,C3L-00139,ucec_cptac_2020,5.05
QzNMLTAwMTM5OnVjZWNfY3B0YWNfMjAyMA,QzNMLTAwMTM5OnVjZWNfY3B0YWNfMjAyMA,1515,ucec_cptac_2020_mrna,C3L-00139,C3L-00139,ucec_cptac_2020,9.14
QzNMLTAwMTM5OnVjZWNfY3B0YWNfMjAyMA,QzNMLTAwMTM5OnVjZWNfY3B0YWNfMjAyMA,4283,ucec_cptac_2020_mrna,C3L-00139,C3L-00139,ucec_cptac_2020,7.68
QzNMLTAwMTQzOnVjZWNfY3B0YWNfMjAyMA,QzNMLTAwMTQzOnVjZWNfY3B0YWNfMjAyMA,50943,ucec_cptac_2020_mrna,C3L-00143,C3L-00143,ucec_cptac_2020,5.54
QzNMLTAwMTQzOnVjZWNfY3B0YWNfMjAyMA,QzNMLTAwMTQzOnVjZWNfY3B0YWNfMjAyMA,3002,ucec_cptac_2020_mrna,C3L-00143,C3L-00143,ucec_cptac_2020,7.0
QzNMLTAwMTQzOnVjZWNfY3B0YWNfMjAyMA,QzNMLTAwMTQzOnVjZWNfY3B0YWNfMjAyMA,84868,ucec_cptac_2020_mrna,C3L-00143,C3L-00143,ucec_cptac_2020,10.53
QzNMLTAwMTQzOnVjZWNfY3B0YWNfMjAyMA,QzNMLTAwMTQzOnVjZWNfY3B0YWNfMjAyMA,3458,ucec_cptac_2020_mrna,C3L-00143,C3L-00143,ucec_cptac_2020,6.37
QzNMLTAwMTQzOnVjZWNfY3B0YWNfMjAyMA,QzNMLTAwMTQzOnVjZWNfY3B0YWNfMjAyMA,3394,ucec_cptac_2020_mrna,C3L-00143,C3L-00143,ucec_cptac_2020,9.77
QzNMLTAwMTQzOnVjZWNfY3B0YWNfMjAyMA,QzNMLTAwMTQzOnVjZWNfY3B0YWNfMjAyMA,3902,ucec_cptac_2020_mrna,C3L-00143,C3L-00143,ucec_cptac_2020,6.0
QzNMLTAwMTQzOnVjZWNfY3B0YWNfMjAyMA,QzNMLTAwMTQzOnVjZWNfY3B0YWNfMjAyMA,4118,ucec_cptac_2020_mrna,C3L-00143,C3L-00143,ucec_cptac_2020,5.94
QzNMLTAwMTQzOnVjZWNfY3B0YWNfMjAyMA,QzNMLTAwMTQzOnVjZWNfY3B0YWNfMjAyMA,94025,ucec_cptac_2020_mrna,C3L-00143,C3L-00143,ucec_cptac_2020,12.71
QzNMLTAwMTQzOnVjZWNfY3B0YWNfMjAyMA,QzNMLTAwMTQzOnVjZWNfY3B0YWNfMjAyMA,5133,ucec_cptac_2020_mrna,C3L-00143,C3L-00143,ucec_cptac_2020,7.63
QzNMLTAwMTQzOnVjZWNfY3B0YWNfMjAyMA,QzNMLTAwMTQzOnVjZWNfY3B0YWNfMjAyMA,55509,ucec_cptac_2020_mrna,C3L-00143,C3L-00143,ucec_cptac_2020,4.12
QzNMLTAwMTQzOnVjZWNfY3B0YWNfMjAyMA,QzNMLTAwMTQzOnVjZWNfY3B0YWNfMjAyMA,6772,ucec_cptac_2020_mrna,C3L-00143,C3L-00143,ucec_cptac_2020,14.77
QzNMLTAwMTQzOnVjZWNfY3B0YWNfMjAyMA,QzNMLTAwMTQzOnVjZWNfY3B0YWNfMjAyMA,7040,ucec_cptac_2020_mrna,C3L-00143,C3L-00143,ucec_cptac_2020,8.33
QzNMLTAwMTQzOnVjZWNfY3B0YWNfMjAyMA,QzNMLTAwMTQzOnVjZWNfY3B0YWNfMjAyMA,201633,ucec_cptac_2020_mrna,C3L-00143,C3L-00143,ucec_cptac_2020,9.96
QzNMLTAwMTQzOnVjZWNfY3B0YWNfMjAyMA,QzNMLTAwMTQzOnVjZWNfY3B0YWNfMjAyMA,79679,ucec_cptac_2020_mrna,C3L-00143,C3L-00143,ucec_cptac_2020,14.84
QzNMLTAwMTQzOnVjZWNfY3B0YWNfMjAyMA,QzNMLTAwMTQzOnVjZWNfY3B0YWNfMjAyMA,2829,ucec_cptac_2020_mrna,C3L-00143,C3L-00143,ucec_cptac_2020,2.26
QzNMLTAwMTQzOnVjZWNfY3B0YWNfMjAyMA,QzNMLTAwMTQzOnVjZWNfY3B0YWNfMjAyMA,898,ucec_cptac_2020_mrna,C3L-00143,C3L-00143,ucec_cptac_2020,5.37
QzNMLTAwMTQzOnVjZWNfY3B0YWNfMjAyMA,QzNMLTAwMTQzOnVjZWNfY3B0YWNfMjAyMA,925,ucec_cptac_2020_mrna,C3L-00143,C3L-00143,ucec_cptac_2020,10.44
QzNMLTAwMTQzOnVjZWNfY3B0YWNfMjAyMA,QzNMLTAwMTQzOnVjZWNfY3B0YWNfMjAyMA,968,ucec_cptac_2020_mrna,C3L-00143,C3L-00143,ucec_cptac_2020,12.45
QzNMLTAwMTQzOnVjZWNfY3B0YWNfMjAyMA,QzNMLTAwMTQzOnVjZWNfY3B0YWNfMjAyMA,29126,ucec_cptac_2020_mrna,C3L-00143,C3L-00143,ucec_cptac_2020,9.1
QzNMLTAwMTQzOnVjZWNfY3B0YWNfMjAyMA,QzNMLTAwMTQzOnVjZWNfY3B0YWNfMjAyMA,80381,ucec_cptac_2020_mrna,C3L-00143,C3L-00143,ucec_cptac_2020,10.57
QzNMLTAwMTQzOnVjZWNfY3B0YWNfMjAyMA,QzNMLTAwMTQzOnVjZWNfY3B0YWNfMjAyMA,9074,ucec_cptac_2020_mrna,C3L-00143,C3L-00143,ucec_cptac_2020,2.87
QzNMLTAwMTQzOnVjZWNfY3B0YWNfMjAyMA,QzNMLTAwMTQzOnVjZWNfY3B0YWNfMjAyMA,283420,ucec_cptac_2020_mrna,C3L-00143,C3L-00143,ucec_cptac_2020,3.3
QzNMLTAwMTQzOnVjZWNfY3B0YWNfMjAyMA,QzNMLTAwMTQzOnVjZWNfY3B0YWNfMjAyMA,1493,ucec_cptac_2020_mrna,C3L-00143,C3L-00143,ucec_cptac_2020,8.47
QzNMLTAwMTQzOnVjZWNfY3B0YWNfMjAyMA,QzNMLTAwMTQzOnVjZWNfY3B0YWNfMjAyMA,1515,ucec_cptac_2020_mrna,C3L-00143,C3L-00143,ucec_cptac_2020,8.27
QzNMLTAwMTQzOnVjZWNfY3B0YWNfMjAyMA,QzNMLTAwMTQzOnVjZWNfY3B0YWNfMjAyMA,4283,ucec_cptac_2020_mrna,C3L-00143,C3L-00143,ucec_cptac_2020,10.75
QzNMLTAwMTQ1OnVjZWNfY3B0YWNfMjAyMA,QzNMLTAwMTQ1OnVjZWNfY3B0YWNfMjAyMA,50943,ucec_cptac_2020_mrna,C3L-00145,C3L-00145,ucec_cptac_2020,4.98
QzNMLTAwMTQ1OnVjZWNfY3B0YWNfMjAyMA,QzNMLTAwMTQ1OnVjZWNfY3B0YWNfMjAyMA,3002,ucec_cptac_2020_mrna,C3L-00145,C3L-00145,ucec_cptac_2020,7.55
QzNMLTAwMTQ1OnVjZWNfY3B0YWNfMjAyMA,QzNMLTAwMTQ1OnVjZWNfY3B0YWNfMjAyMA,84868,ucec_cptac_2020_mrna,C3L-00145,C3L-00145,ucec_cptac_2020,8.69
QzNMLTAwMTQ1OnVjZWNfY3B0YWNfMjAyMA,QzNMLTAwMTQ1OnVjZWNfY3B0YWNfMjAyMA,3458,ucec_cptac_2020_mrna,C3L-00145,C3L-00145,ucec_cptac_2020,2.83
QzNMLTAwMTQ1OnVjZWNfY3B0YWNfMjAyMA,QzNMLTAwMTQ1OnVjZWNfY3B0YWNfMjAyMA,3394,ucec_cptac_2020_mrna,C3L-00145,C3L-00145,ucec_cptac_2020,8.37
QzNMLTAwMTQ1OnVjZWNfY3B0YWNfMjAyMA,QzNMLTAwMTQ1OnVjZWNfY3B0YWNfMjAyMA,3902,ucec_cptac_2020_mrna,C3L-00145,C3L-00145,ucec_cptac_2020,5.2
QzNMLTAwMTQ1OnVjZWNfY3B0YWNfMjAyMA,QzNMLTAwMTQ1OnVjZWNfY3B0YWNfMjAyMA,4118,ucec_cptac_2020_mrna,C3L-00145,C3L-00145,ucec_cptac_2020,7.51
QzNMLTAwMTQ1OnVjZWNfY3B0YWNfMjAyMA,QzNMLTAwMTQ1OnVjZWNfY3B0YWNfMjAyMA,94025,ucec_cptac_2020_mrna,C3L-00145,C3L-00145,ucec_cptac_2020,13.31
QzNMLTAwMTQ1OnVjZWNfY3B0YWNfMjAyMA,QzNMLTAwMTQ1OnVjZWNfY3B0YWNfMjAyMA,5133,ucec_cptac_2020_mrna,C3L-00145,C3L-00145,ucec_cptac_2020,8.09
QzNMLTAwMTQ1OnVjZWNfY3B0YWNfMjAyMA,QzNMLTAwMTQ1OnVjZWNfY3B0YWNfMjAyMA,55509,ucec_cptac_2020_mrna,C3L-00145,C3L-00145,ucec_cptac_2020,5.42
QzNMLTAwMTQ1OnVjZWNfY3B0YWNfMjAyMA,QzNMLTAwMTQ1OnVjZWNfY3B0YWNfMjAyMA,6772,ucec_cptac_2020_mrna,C3L-00145,C3L-00145,ucec_cptac_2020,12.46
QzNMLTAwMTQ1OnVjZWNfY3B0YWNfMjAyMA,QzNMLTAwMTQ1OnVjZWNfY3B0YWNfMjAyMA,7040,ucec_cptac_2020_mrna,C3L-00145,C3L-00145,ucec_cptac_2020,8.78
QzNMLTAwMTQ1OnVjZWNfY3B0YWNfMjAyMA,QzNMLTAwMTQ1OnVjZWNfY3B0YWNfMjAyMA,201633,ucec_cptac_2020_mrna,C3L-00145,C3L-00145,ucec_cptac_2020,6.54
QzNMLTAwMTQ1OnVjZWNfY3B0YWNfMjAyMA,QzNMLTAwMTQ1OnVjZWNfY3B0YWNfMjAyMA,79679,ucec_cptac_2020_mrna,C3L-00145,C3L-00145,ucec_cptac_2020,11.6
QzNMLTAwMTQ1OnVjZWNfY3B0YWNfMjAyMA,QzNMLTAwMTQ1OnVjZWNfY3B0YWNfMjAyMA,2829,ucec_cptac_2020_mrna,C3L-00145,C3L-00145,ucec_cptac_2020,1.6
QzNMLTAwMTQ1OnVjZWNfY3B0YWNfMjAyMA,QzNMLTAwMTQ1OnVjZWNfY3B0YWNfMjAyMA,898,ucec_cptac_2020_mrna,C3L-00145,C3L-00145,ucec_cptac_2020,7.31
QzNMLTAwMTQ1OnVjZWNfY3B0YWNfMjAyMA,QzNMLTAwMTQ1OnVjZWNfY3B0YWNfMjAyMA,925,ucec_cptac_2020_mrna,C3L-00145,C3L-00145,ucec_cptac_2020,6.57
QzNMLTAwMTQ1OnVjZWNfY3B0YWNfMjAyMA,QzNMLTAwMTQ1OnVjZWNfY3B0YWNfMjAyMA,968,ucec_cptac_2020_mrna,C3L-00145,C3L-00145,ucec_cptac_2020,10.32
QzNMLTAwMTQ1OnVjZWNfY3B0YWNfMjAyMA,QzNMLTAwMTQ1OnVjZWNfY3B0YWNfMjAyMA,29126,ucec_cptac_2020_mrna,C3L-00145,C3L-00145,ucec_cptac_2020,6.98
QzNMLTAwMTQ1OnVjZWNfY3B0YWNfMjAyMA,QzNMLTAwMTQ1OnVjZWNfY3B0YWNfMjAyMA,80381,ucec_cptac_2020_mrna,C3L-00145,C3L-00145,ucec_cptac_2020,11.69
QzNMLTAwMTQ1OnVjZWNfY3B0YWNfMjAyMA,QzNMLTAwMTQ1OnVjZWNfY3B0YWNfMjAyMA,9074,ucec_cptac_2020_mrna,C3L-00145,C3L-00145,ucec_cptac_2020,4.12
QzNMLTAwMTQ1OnVjZWNfY3B0YWNfMjAyMA,QzNMLTAwMTQ1OnVjZWNfY3B0YWNfMjAyMA,283420,ucec_cptac_2020_mrna,C3L-00145,C3L-00145,ucec_cptac_2020,3.83
QzNMLTAwMTQ1OnVjZWNfY3B0YWNfMjAyMA,QzNMLTAwMTQ1OnVjZWNfY3B0YWNfMjAyMA,1493,ucec_cptac_2020_mrna,C3L-00145,C3L-00145,ucec_cptac_2020,8.74
QzNMLTAwMTQ1OnVjZWNfY3B0YWNfMjAyMA,QzNMLTAwMTQ1OnVjZWNfY3B0YWNfMjAyMA,1515,ucec_cptac_2020_mrna,C3L-00145,C3L-00145,ucec_cptac_2020,9.23
QzNMLTAwMTQ1OnVjZWNfY3B0YWNfMjAyMA,QzNMLTAwMTQ1OnVjZWNfY3B0YWNfMjAyMA,4283,ucec_cptac_2020_mrna,C3L-00145,C3L-00145,ucec_cptac_2020,6.44
QzNMLTAwMzYxOnVjZWNfY3B0YWNfMjAyMA,QzNMLTAwMzYxOnVjZWNfY3B0YWNfMjAyMA,50943,ucec_cptac_2020_mrna,C3L-00361,C3L-00361,ucec_cptac_2020,4.28
QzNMLTAwMzYxOnVjZWNfY3B0YWNfMjAyMA,QzNMLTAwMzYxOnVjZWNfY3B0YWNfMjAyMA,3002,ucec_cptac_2020_mrna,C3L-00361,C3L-00361,ucec_cptac_2020,2.34
QzNMLTAwMzYxOnVjZWNfY3B0YWNfMjAyMA,QzNMLTAwMzYxOnVjZWNfY3B0YWNfMjAyMA,84868,ucec_cptac_2020_mrna,C3L-00361,C3L-00361,ucec_cptac_2020,7.7
QzNMLTAwMzYxOnVjZWNfY3B0YWNfMjAyMA,QzNMLTAwMzYxOnVjZWNfY3B0YWNfMjAyMA,3458,ucec_cptac_2020_mrna,C3L-00361,C3L-00361,ucec_cptac_2020,1.6
QzNMLTAwMzYxOnVjZWNfY3B0YWNfMjAyMA,QzNMLTAwMzYxOnVjZWNfY3B0YWNfMjAyMA,3394,ucec_cptac_2020_mrna,C3L-00361,C3L-00361,ucec_cptac_2020,7.04
QzNMLTAwMzYxOnVjZWNfY3B0YWNfMjAyMA,QzNMLTAwMzYxOnVjZWNfY3B0YWNfMjAyMA,3902,ucec_cptac_2020_mrna,C3L-00361,C3L-00361,ucec_cptac_2020,2.34
QzNMLTAwMzYxOnVjZWNfY3B0YWNfMjAyMA,QzNMLTAwMzYxOnVjZWNfY3B0YWNfMjAyMA,4118,ucec_cptac_2020_mrna,C3L-00361,C3L-00361,ucec_cptac_2020,5.12
QzNMLTAwMzYxOnVjZWNfY3B0YWNfMjAyMA,QzNMLTAwMzYxOnVjZWNfY3B0YWNfMjAyMA,94025,ucec_cptac_2020_mrna,C3L-00361,C3L-00361,ucec_cptac_2020,12.32
QzNMLTAwMzYxOnVjZWNfY3B0YWNfMjAyMA,QzNMLTAwMzYxOnVjZWNfY3B0YWNfMjAyMA,5133,ucec_cptac_2020_mrna,C3L-00361,C3L-00361,ucec_cptac_2020,3.03
QzNMLTAwMzYxOnVjZWNfY3B0YWNfMjAyMA,QzNMLTAwMzYxOnVjZWNfY3B0YWNfMjAyMA,55509,ucec_cptac_2020_mrna,C3L-00361,C3L-00361,ucec_cptac_2020,3.03
QzNMLTAwMzYxOnVjZWNfY3B0YWNfMjAyMA,QzNMLTAwMzYxOnVjZWNfY3B0YWNfMjAyMA,6772,ucec_cptac_2020_mrna,C3L-00361,C3L-00361,ucec_cptac_2020,13.2
QzNMLTAwMzYxOnVjZWNfY3B0YWNfMjAyMA,QzNMLTAwMzYxOnVjZWNfY3B0YWNfMjAyMA,7040,ucec_cptac_2020_mrna,C3L-00361,C3L-00361,ucec_cptac_2020,6.84
QzNMLTAwMzYxOnVjZWNfY3B0YWNfMjAyMA,QzNMLTAwMzYxOnVjZWNfY3B0YWNfMjAyMA,201633,ucec_cptac_2020_mrna,C3L-00361,C3L-00361,ucec_cptac_2020,5.55
QzNMLTAwMzYxOnVjZWNfY3B0YWNfMjAyMA,QzNMLTAwMzYxOnVjZWNfY3B0YWNfMjAyMA,79679,ucec_cptac_2020_mrna,C3L-00361,C3L-00361,ucec_cptac_2020,10.59
QzNMLTAwMzYxOnVjZWNfY3B0YWNfMjAyMA,QzNMLTAwMzYxOnVjZWNfY3B0YWNfMjAyMA,2829,ucec_cptac_2020_mrna,C3L-00361,C3L-00361,ucec_cptac_2020,0.0
QzNMLTAwMzYxOnVjZWNfY3B0YWNfMjAyMA,QzNMLTAwMzYxOnVjZWNfY3B0YWNfMjAyMA,898,ucec_cptac_2020_mrna,C3L-00361,C3L-00361,ucec_cptac_2020,8.22
QzNMLTAwMzYxOnVjZWNfY3B0YWNfMjAyMA,QzNMLTAwMzYxOnVjZWNfY3B0YWNfMjAyMA,925,ucec_cptac_2020_mrna,C3L-00361,C3L-00361,ucec_cptac_2020,6.01
QzNMLTAwMzYxOnVjZWNfY3B0YWNfMjAyMA,QzNMLTAwMzYxOnVjZWNfY3B0YWNfMjAyMA,968,ucec_cptac_2020_mrna,C3L-00361,C3L-00361,ucec_cptac_2020,9.12
QzNMLTAwMzYxOnVjZWNfY3B0YWNfMjAyMA,QzNMLTAwMzYxOnVjZWNfY3B0YWNfMjAyMA,29126,ucec_cptac_2020_mrna,C3L-00361,C3L-00361,ucec_cptac_2020,6.64
QzNMLTAwMzYxOnVjZWNfY3B0YWNfMjAyMA,QzNMLTAwMzYxOnVjZWNfY3B0YWNfMjAyMA,80381,ucec_cptac_2020_mrna,C3L-00361,C3L-00361,ucec_cptac_2020,11.2
QzNMLTAwMzYxOnVjZWNfY3B0YWNfMjAyMA,QzNMLTAwMzYxOnVjZWNfY3B0YWNfMjAyMA,9074,ucec_cptac_2020_mrna,C3L-00361,C3L-00361,ucec_cptac_2020,4.35
QzNMLTAwMzYxOnVjZWNfY3B0YWNfMjAyMA,QzNMLTAwMzYxOnVjZWNfY3B0YWNfMjAyMA,283420,ucec_cptac_2020_mrna,C3L-00361,C3L-00361,ucec_cptac_2020,1.01
QzNMLTAwMzYxOnVjZWNfY3B0YWNfMjAyMA,QzNMLTAwMzYxOnVjZWNfY3B0YWNfMjAyMA,1493,ucec_cptac_2020_mrna,C3L-00361,C3L-00361,ucec_cptac_2020,3.2
QzNMLTAwMzYxOnVjZWNfY3B0YWNfMjAyMA,QzNMLTAwMzYxOnVjZWNfY3B0YWNfMjAyMA,1515,ucec_cptac_2020_mrna,C3L-00361,C3L-00361,ucec_cptac_2020,9.77
QzNMLTAwMzYxOnVjZWNfY3B0YWNfMjAyMA,QzNMLTAwMzYxOnVjZWNfY3B0YWNfMjAyMA,4283,ucec_cptac_2020_mrna,C3L-00361,C3L-00361,ucec_cptac_2020,6.85
QzNMLTAwMzYyOnVjZWNfY3B0YWNfMjAyMA,QzNMLTAwMzYyOnVjZWNfY3B0YWNfMjAyMA,50943,ucec_cptac_2020_mrna,C3L-00362,C3L-00362,ucec_cptac_2020,4.36
QzNMLTAwMzYyOnVjZWNfY3B0YWNfMjAyMA,QzNMLTAwMzYyOnVjZWNfY3B0YWNfMjAyMA,3002,ucec_cptac_2020_mrna,C3L-00362,C3L-00362,ucec_cptac_2020,4.78
QzNMLTAwMzYyOnVjZWNfY3B0YWNfMjAyMA,QzNMLTAwMzYyOnVjZWNfY3B0YWNfMjAyMA,84868,ucec_cptac_2020_mrna,C3L-00362,C3L-00362,ucec_cptac_2020,8.09
QzNMLTAwMzYyOnVjZWNfY3B0YWNfMjAyMA,QzNMLTAwMzYyOnVjZWNfY3B0YWNfMjAyMA,3458,ucec_cptac_2020_mrna,C3L-00362,C3L-00362,ucec_cptac_2020,1.1
QzNMLTAwMzYyOnVjZWNfY3B0YWNfMjAyMA,QzNMLTAwMzYyOnVjZWNfY3B0YWNfMjAyMA,3394,ucec_cptac_2020_mrna,C3L-00362,C3L-00362,ucec_cptac_2020,6.98
QzNMLTAwMzYyOnVjZWNfY3B0YWNfMjAyMA,QzNMLTAwMzYyOnVjZWNfY3B0YWNfMjAyMA,3902,ucec_cptac_2020_mrna,C3L-00362,C3L-00362,ucec_cptac_2020,3.64
QzNMLTAwMzYyOnVjZWNfY3B0YWNfMjAyMA,QzNMLTAwMzYyOnVjZWNfY3B0YWNfMjAyMA,4118,ucec_cptac_2020_mrna,C3L-00362,C3L-00362,ucec_cptac_2020,7.24
QzNMLTAwMzYyOnVjZWNfY3B0YWNfMjAyMA,QzNMLTAwMzYyOnVjZWNfY3B0YWNfMjAyMA,94025,ucec_cptac_2020_mrna,C3L-00362,C3L-00362,ucec_cptac_2020,15.48
QzNMLTAwMzYyOnVjZWNfY3B0YWNfMjAyMA,QzNMLTAwMzYyOnVjZWNfY3B0YWNfMjAyMA,5133,ucec_cptac_2020_mrna,C3L-00362,C3L-00362,ucec_cptac_2020,5.2
QzNMLTAwMzYyOnVjZWNfY3B0YWNfMjAyMA,QzNMLTAwMzYyOnVjZWNfY3B0YWNfMjAyMA,55509,ucec_cptac_2020_mrna,C3L-00362,C3L-00362,ucec_cptac_2020,4.19
QzNMLTAwMzYyOnVjZWNfY3B0YWNfMjAyMA,QzNMLTAwMzYyOnVjZWNfY3B0YWNfMjAyMA,6772,ucec_cptac_2020_mrna,C3L-00362,C3L-00362,ucec_cptac_2020,12.64
QzNMLTAwMzYyOnVjZWNfY3B0YWNfMjAyMA,QzNMLTAwMzYyOnVjZWNfY3B0YWNfMjAyMA,7040,ucec_cptac_2020_mrna,C3L-00362,C3L-00362,ucec_cptac_2020,8.27
QzNMLTAwMzYyOnVjZWNfY3B0YWNfMjAyMA,QzNMLTAwMzYyOnVjZWNfY3B0YWNfMjAyMA,201633,ucec_cptac_2020_mrna,C3L-00362,C3L-00362,ucec_cptac_2020,5.66
QzNMLTAwMzYyOnVjZWNfY3B0YWNfMjAyMA,QzNMLTAwMzYyOnVjZWNfY3B0YWNfMjAyMA,79679,ucec_cptac_2020_mrna,C3L-00362,C3L-00362,ucec_cptac_2020,9.33
QzNMLTAwMzYyOnVjZWNfY3B0YWNfMjAyMA,QzNMLTAwMzYyOnVjZWNfY3B0YWNfMjAyMA,2829,ucec_cptac_2020_mrna,C3L-00362,C3L-00362,ucec_cptac_2020,0.0
QzNMLTAwMzYyOnVjZWNfY3B0YWNfMjAyMA,QzNMLTAwMzYyOnVjZWNfY3B0YWNfMjAyMA,898,ucec_cptac_2020_mrna,C3L-00362,C3L-00362,ucec_cptac_2020,8.29
QzNMLTAwMzYyOnVjZWNfY3B0YWNfMjAyMA,QzNMLTAwMzYyOnVjZWNfY3B0YWNfMjAyMA,925,ucec_cptac_2020_mrna,C3L-00362,C3L-00362,ucec_cptac_2020,6.41
QzNMLTAwMzYyOnVjZWNfY3B0YWNfMjAyMA,QzNMLTAwMzYyOnVjZWNfY3B0YWNfMjAyMA,968,ucec_cptac_2020_mrna,C3L-00362,C3L-00362,ucec_cptac_2020,9.94
QzNMLTAwMzYyOnVjZWNfY3B0YWNfMjAyMA,QzNMLTAwMzYyOnVjZWNfY3B0YWNfMjAyMA,29126,ucec_cptac_2020_mrna,C3L-00362,C3L-00362,ucec_cptac_2020,6.57
QzNMLTAwMzYyOnVjZWNfY3B0YWNfMjAyMA,QzNMLTAwMzYyOnVjZWNfY3B0YWNfMjAyMA,80381,ucec_cptac_2020_mrna,C3L-00362,C3L-00362,ucec_cptac_2020,11.57
QzNMLTAwMzYyOnVjZWNfY3B0YWNfMjAyMA,QzNMLTAwMzYyOnVjZWNfY3B0YWNfMjAyMA,9074,ucec_cptac_2020_mrna,C3L-00362,C3L-00362,ucec_cptac_2020,2.98
QzNMLTAwMzYyOnVjZWNfY3B0YWNfMjAyMA,QzNMLTAwMzYyOnVjZWNfY3B0YWNfMjAyMA,283420,ucec_cptac_2020_mrna,C3L-00362,C3L-00362,ucec_cptac_2020,1.1
QzNMLTAwMzYyOnVjZWNfY3B0YWNfMjAyMA,QzNMLTAwMzYyOnVjZWNfY3B0YWNfMjAyMA,1493,ucec_cptac_2020_mrna,C3L-00362,C3L-00362,ucec_cptac_2020,8.36
QzNMLTAwMzYyOnVjZWNfY3B0YWNfMjAyMA,QzNMLTAwMzYyOnVjZWNfY3B0YWNfMjAyMA,1515,ucec_cptac_2020_mrna,C3L-00362,C3L-00362,ucec_cptac_2020,7.37
QzNMLTAwMzYyOnVjZWNfY3B0YWNfMjAyMA,QzNMLTAwMzYyOnVjZWNfY3B0YWNfMjAyMA,4283,ucec_cptac_2020_mrna,C3L-00362,C3L-00362,ucec_cptac_2020,5.37
QzNMLTAwNDEzOnVjZWNfY3B0YWNfMjAyMA,QzNMLTAwNDEzOnVjZWNfY3B0YWNfMjAyMA,50943,ucec_cptac_2020_mrna,C3L-00413,C3L-00413,ucec_cptac_2020,2.95
QzNMLTAwNDEzOnVjZWNfY3B0YWNfMjAyMA,QzNMLTAwNDEzOnVjZWNfY3B0YWNfMjAyMA,3002,ucec_cptac_2020_mrna,C3L-00413,C3L-00413,ucec_cptac_2020,5.22
QzNMLTAwNDEzOnVjZWNfY3B0YWNfMjAyMA,QzNMLTAwNDEzOnVjZWNfY3B0YWNfMjAyMA,84868,ucec_cptac_2020_mrna,C3L-00413,C3L-00413,ucec_cptac_2020,7.5
QzNMLTAwNDEzOnVjZWNfY3B0YWNfMjAyMA,QzNMLTAwNDEzOnVjZWNfY3B0YWNfMjAyMA,3458,ucec_cptac_2020_mrna,C3L-00413,C3L-00413,ucec_cptac_2020,1.82
QzNMLTAwNDEzOnVjZWNfY3B0YWNfMjAyMA,QzNMLTAwNDEzOnVjZWNfY3B0YWNfMjAyMA,3394,ucec_cptac_2020_mrna,C3L-00413,C3L-00413,ucec_cptac_2020,7.39
QzNMLTAwNDEzOnVjZWNfY3B0YWNfMjAyMA,QzNMLTAwNDEzOnVjZWNfY3B0YWNfMjAyMA,3902,ucec_cptac_2020_mrna,C3L-00413,C3L-00413,ucec_cptac_2020,4.81
QzNMLTAwNDEzOnVjZWNfY3B0YWNfMjAyMA,QzNMLTAwNDEzOnVjZWNfY3B0YWNfMjAyMA,4118,ucec_cptac_2020_mrna,C3L-00413,C3L-00413,ucec_cptac_2020,9.15
QzNMLTAwNDEzOnVjZWNfY3B0YWNfMjAyMA,QzNMLTAwNDEzOnVjZWNfY3B0YWNfMjAyMA,94025,ucec_cptac_2020_mrna,C3L-00413,C3L-00413,ucec_cptac_2020,13.06
QzNMLTAwNDEzOnVjZWNfY3B0YWNfMjAyMA,QzNMLTAwNDEzOnVjZWNfY3B0YWNfMjAyMA,5133,ucec_cptac_2020_mrna,C3L-00413,C3L-00413,ucec_cptac_2020,7.25
QzNMLTAwNDEzOnVjZWNfY3B0YWNfMjAyMA,QzNMLTAwNDEzOnVjZWNfY3B0YWNfMjAyMA,55509,ucec_cptac_2020_mrna,C3L-00413,C3L-00413,ucec_cptac_2020,5.91
QzNMLTAwNDEzOnVjZWNfY3B0YWNfMjAyMA,QzNMLTAwNDEzOnVjZWNfY3B0YWNfMjAyMA,6772,ucec_cptac_2020_mrna,C3L-00413,C3L-00413,ucec_cptac_2020,12.79
QzNMLTAwNDEzOnVjZWNfY3B0YWNfMjAyMA,QzNMLTAwNDEzOnVjZWNfY3B0YWNfMjAyMA,7040,ucec_cptac_2020_mrna,C3L-00413,C3L-00413,ucec_cptac_2020,8.69
QzNMLTAwNDEzOnVjZWNfY3B0YWNfMjAyMA,QzNMLTAwNDEzOnVjZWNfY3B0YWNfMjAyMA,201633,ucec_cptac_2020_mrna,C3L-00413,C3L-00413,ucec_cptac_2020,4.02
QzNMLTAwNDEzOnVjZWNfY3B0YWNfMjAyMA,QzNMLTAwNDEzOnVjZWNfY3B0YWNfMjAyMA,79679,ucec_cptac_2020_mrna,C3L-00413,C3L-00413,ucec_cptac_2020,11.95
QzNMLTAwNDEzOnVjZWNfY3B0YWNfMjAyMA,QzNMLTAwNDEzOnVjZWNfY3B0YWNfMjAyMA,2829,ucec_cptac_2020_mrna,C3L-00413,C3L-00413,ucec_cptac_2020,2.38
QzNMLTAwNDEzOnVjZWNfY3B0YWNfMjAyMA,QzNMLTAwNDEzOnVjZWNfY3B0YWNfMjAyMA,898,ucec_cptac_2020_mrna,C3L-00413,C3L-00413,ucec_cptac_2020,8.25
QzNMLTAwNDEzOnVjZWNfY3B0YWNfMjAyMA,QzNMLTAwNDEzOnVjZWNfY3B0YWNfMjAyMA,925,ucec_cptac_2020_mrna,C3L-00413,C3L-00413,ucec_cptac_2020,6.43
QzNMLTAwNDEzOnVjZWNfY3B0YWNfMjAyMA,QzNMLTAwNDEzOnVjZWNfY3B0YWNfMjAyMA,968,ucec_cptac_2020_mrna,C3L-00413,C3L-00413,ucec_cptac_2020,9.88
QzNMLTAwNDEzOnVjZWNfY3B0YWNfMjAyMA,QzNMLTAwNDEzOnVjZWNfY3B0YWNfMjAyMA,29126,ucec_cptac_2020_mrna,C3L-00413,C3L-00413,ucec_cptac_2020,6.9
QzNMLTAwNDEzOnVjZWNfY3B0YWNfMjAyMA,QzNMLTAwNDEzOnVjZWNfY3B0YWNfMjAyMA,80381,ucec_cptac_2020_mrna,C3L-00413,C3L-00413,ucec_cptac_2020,11.96
QzNMLTAwNDEzOnVjZWNfY3B0YWNfMjAyMA,QzNMLTAwNDEzOnVjZWNfY3B0YWNfMjAyMA,9074,ucec_cptac_2020_mrna,C3L-00413,C3L-00413,ucec_cptac_2020,3.86
QzNMLTAwNDEzOnVjZWNfY3B0YWNfMjAyMA,QzNMLTAwNDEzOnVjZWNfY3B0YWNfMjAyMA,283420,ucec_cptac_2020_mrna,C3L-00413,C3L-00413,ucec_cptac_2020,1.82
QzNMLTAwNDEzOnVjZWNfY3B0YWNfMjAyMA,QzNMLTAwNDEzOnVjZWNfY3B0YWNfMjAyMA,1493,ucec_cptac_2020_mrna,C3L-00413,C3L-00413,ucec_cptac_2020,7.95
QzNMLTAwNDEzOnVjZWNfY3B0YWNfMjAyMA,QzNMLTAwNDEzOnVjZWNfY3B0YWNfMjAyMA,1515,ucec_cptac_2020_mrna,C3L-00413,C3L-00413,ucec_cptac_2020,8.85
QzNMLTAwNDEzOnVjZWNfY3B0YWNfMjAyMA,QzNMLTAwNDEzOnVjZWNfY3B0YWNfMjAyMA,4283,ucec_cptac_2020_mrna,C3L-00413,C3L-00413,ucec_cptac_2020,6.46
QzNMLTAwNDQ5OnVjZWNfY3B0YWNfMjAyMA,QzNMLTAwNDQ5OnVjZWNfY3B0YWNfMjAyMA,50943,ucec_cptac_2020_mrna,C3L-00449,C3L-00449,ucec_cptac_2020,5.39
QzNMLTAwNDQ5OnVjZWNfY3B0YWNfMjAyMA,QzNMLTAwNDQ5OnVjZWNfY3B0YWNfMjAyMA,3002,ucec_cptac_2020_mrna,C3L-00449,C3L-00449,ucec_cptac_2020,7.69
QzNMLTAwNDQ5OnVjZWNfY3B0YWNfMjAyMA,QzNMLTAwNDQ5OnVjZWNfY3B0YWNfMjAyMA,84868,ucec_cptac_2020_mrna,C3L-00449,C3L-00449,ucec_cptac_2020,8.56
QzNMLTAwNDQ5OnVjZWNfY3B0YWNfMjAyMA,QzNMLTAwNDQ5OnVjZWNfY3B0YWNfMjAyMA,3458,ucec_cptac_2020_mrna,C3L-00449,C3L-00449,ucec_cptac_2020,2.85
QzNMLTAwNDQ5OnVjZWNfY3B0YWNfMjAyMA,QzNMLTAwNDQ5OnVjZWNfY3B0YWNfMjAyMA,3394,ucec_cptac_2020_mrna,C3L-00449,C3L-00449,ucec_cptac_2020,9.04
QzNMLTAwNDQ5OnVjZWNfY3B0YWNfMjAyMA,QzNMLTAwNDQ5OnVjZWNfY3B0YWNfMjAyMA,3902,ucec_cptac_2020_mrna,C3L-00449,C3L-00449,ucec_cptac_2020,5.0
QzNMLTAwNDQ5OnVjZWNfY3B0YWNfMjAyMA,QzNMLTAwNDQ5OnVjZWNfY3B0YWNfMjAyMA,4118,ucec_cptac_2020_mrna,C3L-00449,C3L-00449,ucec_cptac_2020,8.81
QzNMLTAwNDQ5OnVjZWNfY3B0YWNfMjAyMA,QzNMLTAwNDQ5OnVjZWNfY3B0YWNfMjAyMA,94025,ucec_cptac_2020_mrna,C3L-00449,C3L-00449,ucec_cptac_2020,17.03
QzNMLTAwNDQ5OnVjZWNfY3B0YWNfMjAyMA,QzNMLTAwNDQ5OnVjZWNfY3B0YWNfMjAyMA,5133,ucec_cptac_2020_mrna,C3L-00449,C3L-00449,ucec_cptac_2020,5.76
QzNMLTAwNDQ5OnVjZWNfY3B0YWNfMjAyMA,QzNMLTAwNDQ5OnVjZWNfY3B0YWNfMjAyMA,55509,ucec_cptac_2020_mrna,C3L-00449,C3L-00449,ucec_cptac_2020,5.78
QzNMLTAwNDQ5OnVjZWNfY3B0YWNfMjAyMA,QzNMLTAwNDQ5OnVjZWNfY3B0YWNfMjAyMA,6772,ucec_cptac_2020_mrna,C3L-00449,C3L-00449,ucec_cptac_2020,14.11
QzNMLTAwNDQ5OnVjZWNfY3B0YWNfMjAyMA,QzNMLTAwNDQ5OnVjZWNfY3B0YWNfMjAyMA,7040,ucec_cptac_2020_mrna,C3L-00449,C3L-00449,ucec_cptac_2020,9.4
QzNMLTAwNDQ5OnVjZWNfY3B0YWNfMjAyMA,QzNMLTAwNDQ5OnVjZWNfY3B0YWNfMjAyMA,201633,ucec_cptac_2020_mrna,C3L-00449,C3L-00449,ucec_cptac_2020,7.41
QzNMLTAwNDQ5OnVjZWNfY3B0YWNfMjAyMA,QzNMLTAwNDQ5OnVjZWNfY3B0YWNfMjAyMA,79679,ucec_cptac_2020_mrna,C3L-00449,C3L-00449,ucec_cptac_2020,12.61
QzNMLTAwNDQ5OnVjZWNfY3B0YWNfMjAyMA,QzNMLTAwNDQ5OnVjZWNfY3B0YWNfMjAyMA,2829,ucec_cptac_2020_mrna,C3L-00449,C3L-00449,ucec_cptac_2020,3.42
QzNMLTAwNDQ5OnVjZWNfY3B0YWNfMjAyMA,QzNMLTAwNDQ5OnVjZWNfY3B0YWNfMjAyMA,898,ucec_cptac_2020_mrna,C3L-00449,C3L-00449,ucec_cptac_2020,7.71
QzNMLTAwNDQ5OnVjZWNfY3B0YWNfMjAyMA,QzNMLTAwNDQ5OnVjZWNfY3B0YWNfMjAyMA,925,ucec_cptac_2020_mrna,C3L-00449,C3L-00449,ucec_cptac_2020,7.9
QzNMLTAwNDQ5OnVjZWNfY3B0YWNfMjAyMA,QzNMLTAwNDQ5OnVjZWNfY3B0YWNfMjAyMA,968,ucec_cptac_2020_mrna,C3L-00449,C3L-00449,ucec_cptac_2020,11.02
QzNMLTAwNDQ5OnVjZWNfY3B0YWNfMjAyMA,QzNMLTAwNDQ5OnVjZWNfY3B0YWNfMjAyMA,29126,ucec_cptac_2020_mrna,C3L-00449,C3L-00449,ucec_cptac_2020,8.17
QzNMLTAwNDQ5OnVjZWNfY3B0YWNfMjAyMA,QzNMLTAwNDQ5OnVjZWNfY3B0YWNfMjAyMA,80381,ucec_cptac_2020_mrna,C3L-00449,C3L-00449,ucec_cptac_2020,11.69
QzNMLTAwNDQ5OnVjZWNfY3B0YWNfMjAyMA,QzNMLTAwNDQ5OnVjZWNfY3B0YWNfMjAyMA,9074,ucec_cptac_2020_mrna,C3L-00449,C3L-00449,ucec_cptac_2020,3.17
QzNMLTAwNDQ5OnVjZWNfY3B0YWNfMjAyMA,QzNMLTAwNDQ5OnVjZWNfY3B0YWNfMjAyMA,283420,ucec_cptac_2020_mrna,C3L-00449,C3L-00449,ucec_cptac_2020,3.84
QzNMLTAwNDQ5OnVjZWNfY3B0YWNfMjAyMA,QzNMLTAwNDQ5OnVjZWNfY3B0YWNfMjAyMA,1493,ucec_cptac_2020_mrna,C3L-00449,C3L-00449,ucec_cptac_2020,6.93
QzNMLTAwNDQ5OnVjZWNfY3B0YWNfMjAyMA,QzNMLTAwNDQ5OnVjZWNfY3B0YWNfMjAyMA,1515,ucec_cptac_2020_mrna,C3L-00449,C3L-00449,ucec_cptac_2020,9.52
QzNMLTAwNDQ5OnVjZWNfY3B0YWNfMjAyMA,QzNMLTAwNDQ5OnVjZWNfY3B0YWNfMjAyMA,4283,ucec_cptac_2020_mrna,C3L-00449,C3L-00449,ucec_cptac_2020,9.78
QzNMLTAwNTYzOnVjZWNfY3B0YWNfMjAyMA,QzNMLTAwNTYzOnVjZWNfY3B0YWNfMjAyMA,50943,ucec_cptac_2020_mrna,C3L-00563,C3L-00563,ucec_cptac_2020,4.74
QzNMLTAwNTYzOnVjZWNfY3B0YWNfMjAyMA,QzNMLTAwNTYzOnVjZWNfY3B0YWNfMjAyMA,3002,ucec_cptac_2020_mrna,C3L-00563,C3L-00563,ucec_cptac_2020,8.39
QzNMLTAwNTYzOnVjZWNfY3B0YWNfMjAyMA,QzNMLTAwNTYzOnVjZWNfY3B0YWNfMjAyMA,84868,ucec_cptac_2020_mrna,C3L-00563,C3L-00563,ucec_cptac_2020,7.67
QzNMLTAwNTYzOnVjZWNfY3B0YWNfMjAyMA,QzNMLTAwNTYzOnVjZWNfY3B0YWNfMjAyMA,3458,ucec_cptac_2020_mrna,C3L-00563,C3L-00563,ucec_cptac_2020,3.4
QzNMLTAwNTYzOnVjZWNfY3B0YWNfMjAyMA,QzNMLTAwNTYzOnVjZWNfY3B0YWNfMjAyMA,3394,ucec_cptac_2020_mrna,C3L-00563,C3L-00563,ucec_cptac_2020,7.72
QzNMLTAwNTYzOnVjZWNfY3B0YWNfMjAyMA,QzNMLTAwNTYzOnVjZWNfY3B0YWNfMjAyMA,3902,ucec_cptac_2020_mrna,C3L-00563,C3L-00563,ucec_cptac_2020,4.26
QzNMLTAwNTYzOnVjZWNfY3B0YWNfMjAyMA,QzNMLTAwNTYzOnVjZWNfY3B0YWNfMjAyMA,4118,ucec_cptac_2020_mrna,C3L-00563,C3L-00563,ucec_cptac_2020,4.98
QzNMLTAwNTYzOnVjZWNfY3B0YWNfMjAyMA,QzNMLTAwNTYzOnVjZWNfY3B0YWNfMjAyMA,94025,ucec_cptac_2020_mrna,C3L-00563,C3L-00563,ucec_cptac_2020,11.7
QzNMLTAwNTYzOnVjZWNfY3B0YWNfMjAyMA,QzNMLTAwNTYzOnVjZWNfY3B0YWNfMjAyMA,5133,ucec_cptac_2020_mrna,C3L-00563,C3L-00563,ucec_cptac_2020,6.49
QzNMLTAwNTYzOnVjZWNfY3B0YWNfMjAyMA,QzNMLTAwNTYzOnVjZWNfY3B0YWNfMjAyMA,55509,ucec_cptac_2020_mrna,C3L-00563,C3L-00563,ucec_cptac_2020,3.4
QzNMLTAwNTYzOnVjZWNfY3B0YWNfMjAyMA,QzNMLTAwNTYzOnVjZWNfY3B0YWNfMjAyMA,6772,ucec_cptac_2020_mrna,C3L-00563,C3L-00563,ucec_cptac_2020,12.76
QzNMLTAwNTYzOnVjZWNfY3B0YWNfMjAyMA,QzNMLTAwNTYzOnVjZWNfY3B0YWNfMjAyMA,7040,ucec_cptac_2020_mrna,C3L-00563,C3L-00563,ucec_cptac_2020,7.53
QzNMLTAwNTYzOnVjZWNfY3B0YWNfMjAyMA,QzNMLTAwNTYzOnVjZWNfY3B0YWNfMjAyMA,201633,ucec_cptac_2020_mrna,C3L-00563,C3L-00563,ucec_cptac_2020,5.72
QzNMLTAwNTYzOnVjZWNfY3B0YWNfMjAyMA,QzNMLTAwNTYzOnVjZWNfY3B0YWNfMjAyMA,79679,ucec_cptac_2020_mrna,C3L-00563,C3L-00563,ucec_cptac_2020,10.56
QzNMLTAwNTYzOnVjZWNfY3B0YWNfMjAyMA,QzNMLTAwNTYzOnVjZWNfY3B0YWNfMjAyMA,2829,ucec_cptac_2020_mrna,C3L-00563,C3L-00563,ucec_cptac_2020,2.53
QzNMLTAwNTYzOnVjZWNfY3B0YWNfMjAyMA,QzNMLTAwNTYzOnVjZWNfY3B0YWNfMjAyMA,898,ucec_cptac_2020_mrna,C3L-00563,C3L-00563,ucec_cptac_2020,6.8
QzNMLTAwNTYzOnVjZWNfY3B0YWNfMjAyMA,QzNMLTAwNTYzOnVjZWNfY3B0YWNfMjAyMA,925,ucec_cptac_2020_mrna,C3L-00563,C3L-00563,ucec_cptac_2020,6.86
QzNMLTAwNTYzOnVjZWNfY3B0YWNfMjAyMA,QzNMLTAwNTYzOnVjZWNfY3B0YWNfMjAyMA,968,ucec_cptac_2020_mrna,C3L-00563,C3L-00563,ucec_cptac_2020,8.85
QzNMLTAwNTYzOnVjZWNfY3B0YWNfMjAyMA,QzNMLTAwNTYzOnVjZWNfY3B0YWNfMjAyMA,29126,ucec_cptac_2020_mrna,C3L-00563,C3L-00563,ucec_cptac_2020,6.72
QzNMLTAwNTYzOnVjZWNfY3B0YWNfMjAyMA,QzNMLTAwNTYzOnVjZWNfY3B0YWNfMjAyMA,80381,ucec_cptac_2020_mrna,C3L-00563,C3L-00563,ucec_cptac_2020,11.76
QzNMLTAwNTYzOnVjZWNfY3B0YWNfMjAyMA,QzNMLTAwNTYzOnVjZWNfY3B0YWNfMjAyMA,9074,ucec_cptac_2020_mrna,C3L-00563,C3L-00563,ucec_cptac_2020,4.58
QzNMLTAwNTYzOnVjZWNfY3B0YWNfMjAyMA,QzNMLTAwNTYzOnVjZWNfY3B0YWNfMjAyMA,283420,ucec_cptac_2020_mrna,C3L-00563,C3L-00563,ucec_cptac_2020,1.95
QzNMLTAwNTYzOnVjZWNfY3B0YWNfMjAyMA,QzNMLTAwNTYzOnVjZWNfY3B0YWNfMjAyMA,1493,ucec_cptac_2020_mrna,C3L-00563,C3L-00563,ucec_cptac_2020,6.38
QzNMLTAwNTYzOnVjZWNfY3B0YWNfMjAyMA,QzNMLTAwNTYzOnVjZWNfY3B0YWNfMjAyMA,1515,ucec_cptac_2020_mrna,C3L-00563,C3L-00563,ucec_cptac_2020,8.6
QzNMLTAwNTYzOnVjZWNfY3B0YWNfMjAyMA,QzNMLTAwNTYzOnVjZWNfY3B0YWNfMjAyMA,4283,ucec_cptac_2020_mrna,C3L-00563,C3L-00563,ucec_cptac_2020,7.26
QzNMLTAwNTg2OnVjZWNfY3B0YWNfMjAyMA,QzNMLTAwNTg2OnVjZWNfY3B0YWNfMjAyMA,50943,ucec_cptac_2020_mrna,C3L-00586,C3L-00586,ucec_cptac_2020,5.2
QzNMLTAwNTg2OnVjZWNfY3B0YWNfMjAyMA,QzNMLTAwNTg2OnVjZWNfY3B0YWNfMjAyMA,3002,ucec_cptac_2020_mrna,C3L-00586,C3L-00586,ucec_cptac_2020,7.34
QzNMLTAwNTg2OnVjZWNfY3B0YWNfMjAyMA,QzNMLTAwNTg2OnVjZWNfY3B0YWNfMjAyMA,84868,ucec_cptac_2020_mrna,C3L-00586,C3L-00586,ucec_cptac_2020,9.74
QzNMLTAwNTg2OnVjZWNfY3B0YWNfMjAyMA,QzNMLTAwNTg2OnVjZWNfY3B0YWNfMjAyMA,3458,ucec_cptac_2020_mrna,C3L-00586,C3L-00586,ucec_cptac_2020,5.55
QzNMLTAwNTg2OnVjZWNfY3B0YWNfMjAyMA,QzNMLTAwNTg2OnVjZWNfY3B0YWNfMjAyMA,3394,ucec_cptac_2020_mrna,C3L-00586,C3L-00586,ucec_cptac_2020,9.37
QzNMLTAwNTg2OnVjZWNfY3B0YWNfMjAyMA,QzNMLTAwNTg2OnVjZWNfY3B0YWNfMjAyMA,3902,ucec_cptac_2020_mrna,C3L-00586,C3L-00586,ucec_cptac_2020,6.44
QzNMLTAwNTg2OnVjZWNfY3B0YWNfMjAyMA,QzNMLTAwNTg2OnVjZWNfY3B0YWNfMjAyMA,4118,ucec_cptac_2020_mrna,C3L-00586,C3L-00586,ucec_cptac_2020,9.57
QzNMLTAwNTg2OnVjZWNfY3B0YWNfMjAyMA,QzNMLTAwNTg2OnVjZWNfY3B0YWNfMjAyMA,94025,ucec_cptac_2020_mrna,C3L-00586,C3L-00586,ucec_cptac_2020,14.02
QzNMLTAwNTg2OnVjZWNfY3B0YWNfMjAyMA,QzNMLTAwNTg2OnVjZWNfY3B0YWNfMjAyMA,5133,ucec_cptac_2020_mrna,C3L-00586,C3L-00586,ucec_cptac_2020,7.01
QzNMLTAwNTg2OnVjZWNfY3B0YWNfMjAyMA,QzNMLTAwNTg2OnVjZWNfY3B0YWNfMjAyMA,55509,ucec_cptac_2020_mrna,C3L-00586,C3L-00586,ucec_cptac_2020,5.2
QzNMLTAwNTg2OnVjZWNfY3B0YWNfMjAyMA,QzNMLTAwNTg2OnVjZWNfY3B0YWNfMjAyMA,6772,ucec_cptac_2020_mrna,C3L-00586,C3L-00586,ucec_cptac_2020,14.92
QzNMLTAwNTg2OnVjZWNfY3B0YWNfMjAyMA,QzNMLTAwNTg2OnVjZWNfY3B0YWNfMjAyMA,7040,ucec_cptac_2020_mrna,C3L-00586,C3L-00586,ucec_cptac_2020,8.32
QzNMLTAwNTg2OnVjZWNfY3B0YWNfMjAyMA,QzNMLTAwNTg2OnVjZWNfY3B0YWNfMjAyMA,201633,ucec_cptac_2020_mrna,C3L-00586,C3L-00586,ucec_cptac_2020,8.79
QzNMLTAwNTg2OnVjZWNfY3B0YWNfMjAyMA,QzNMLTAwNTg2OnVjZWNfY3B0YWNfMjAyMA,79679,ucec_cptac_2020_mrna,C3L-00586,C3L-00586,ucec_cptac_2020,8.12
QzNMLTAwNTg2OnVjZWNfY3B0YWNfMjAyMA,QzNMLTAwNTg2OnVjZWNfY3B0YWNfMjAyMA,2829,ucec_cptac_2020_mrna,C3L-00586,C3L-00586,ucec_cptac_2020,2.59
QzNMLTAwNTg2OnVjZWNfY3B0YWNfMjAyMA,QzNMLTAwNTg2OnVjZWNfY3B0YWNfMjAyMA,898,ucec_cptac_2020_mrna,C3L-00586,C3L-00586,ucec_cptac_2020,9.78
QzNMLTAwNTg2OnVjZWNfY3B0YWNfMjAyMA,QzNMLTAwNTg2OnVjZWNfY3B0YWNfMjAyMA,925,ucec_cptac_2020_mrna,C3L-00586,C3L-00586,ucec_cptac_2020,7.74
QzNMLTAwNTg2OnVjZWNfY3B0YWNfMjAyMA,QzNMLTAwNTg2OnVjZWNfY3B0YWNfMjAyMA,968,ucec_cptac_2020_mrna,C3L-00586,C3L-00586,ucec_cptac_2020,11.56
QzNMLTAwNTg2OnVjZWNfY3B0YWNfMjAyMA,QzNMLTAwNTg2OnVjZWNfY3B0YWNfMjAyMA,29126,ucec_cptac_2020_mrna,C3L-00586,C3L-00586,ucec_cptac_2020,8.44
QzNMLTAwNTg2OnVjZWNfY3B0YWNfMjAyMA,QzNMLTAwNTg2OnVjZWNfY3B0YWNfMjAyMA,80381,ucec_cptac_2020_mrna,C3L-00586,C3L-00586,ucec_cptac_2020,11.16
QzNMLTAwNTg2OnVjZWNfY3B0YWNfMjAyMA,QzNMLTAwNTg2OnVjZWNfY3B0YWNfMjAyMA,9074,ucec_cptac_2020_mrna,C3L-00586,C3L-00586,ucec_cptac_2020,3.37
QzNMLTAwNTg2OnVjZWNfY3B0YWNfMjAyMA,QzNMLTAwNTg2OnVjZWNfY3B0YWNfMjAyMA,283420,ucec_cptac_2020_mrna,C3L-00586,C3L-00586,ucec_cptac_2020,4.0
QzNMLTAwNTg2OnVjZWNfY3B0YWNfMjAyMA,QzNMLTAwNTg2OnVjZWNfY3B0YWNfMjAyMA,1493,ucec_cptac_2020_mrna,C3L-00586,C3L-00586,ucec_cptac_2020,8.49
QzNMLTAwNTg2OnVjZWNfY3B0YWNfMjAyMA,QzNMLTAwNTg2OnVjZWNfY3B0YWNfMjAyMA,1515,ucec_cptac_2020_mrna,C3L-00586,C3L-00586,ucec_cptac_2020,8.95
QzNMLTAwNTg2OnVjZWNfY3B0YWNfMjAyMA,QzNMLTAwNTg2OnVjZWNfY3B0YWNfMjAyMA,4283,ucec_cptac_2020_mrna,C3L-00586,C3L-00586,ucec_cptac_2020,11.88
QzNMLTAwNjAxOnVjZWNfY3B0YWNfMjAyMA,QzNMLTAwNjAxOnVjZWNfY3B0YWNfMjAyMA,50943,ucec_cptac_2020_mrna,C3L-00601,C3L-00601,ucec_cptac_2020,5.38
QzNMLTAwNjAxOnVjZWNfY3B0YWNfMjAyMA,QzNMLTAwNjAxOnVjZWNfY3B0YWNfMjAyMA,3002,ucec_cptac_2020_mrna,C3L-00601,C3L-00601,ucec_cptac_2020,8.91
QzNMLTAwNjAxOnVjZWNfY3B0YWNfMjAyMA,QzNMLTAwNjAxOnVjZWNfY3B0YWNfMjAyMA,84868,ucec_cptac_2020_mrna,C3L-00601,C3L-00601,ucec_cptac_2020,8.59
QzNMLTAwNjAxOnVjZWNfY3B0YWNfMjAyMA,QzNMLTAwNjAxOnVjZWNfY3B0YWNfMjAyMA,3458,ucec_cptac_2020_mrna,C3L-00601,C3L-00601,ucec_cptac_2020,5.5
QzNMLTAwNjAxOnVjZWNfY3B0YWNfMjAyMA,QzNMLTAwNjAxOnVjZWNfY3B0YWNfMjAyMA,3394,ucec_cptac_2020_mrna,C3L-00601,C3L-00601,ucec_cptac_2020,7.87
QzNMLTAwNjAxOnVjZWNfY3B0YWNfMjAyMA,QzNMLTAwNjAxOnVjZWNfY3B0YWNfMjAyMA,3902,ucec_cptac_2020_mrna,C3L-00601,C3L-00601,ucec_cptac_2020,5.85
QzNMLTAwNjAxOnVjZWNfY3B0YWNfMjAyMA,QzNMLTAwNjAxOnVjZWNfY3B0YWNfMjAyMA,4118,ucec_cptac_2020_mrna,C3L-00601,C3L-00601,ucec_cptac_2020,5.85
QzNMLTAwNjAxOnVjZWNfY3B0YWNfMjAyMA,QzNMLTAwNjAxOnVjZWNfY3B0YWNfMjAyMA,94025,ucec_cptac_2020_mrna,C3L-00601,C3L-00601,ucec_cptac_2020,11.05
QzNMLTAwNjAxOnVjZWNfY3B0YWNfMjAyMA,QzNMLTAwNjAxOnVjZWNfY3B0YWNfMjAyMA,5133,ucec_cptac_2020_mrna,C3L-00601,C3L-00601,ucec_cptac_2020,6.55
QzNMLTAwNjAxOnVjZWNfY3B0YWNfMjAyMA,QzNMLTAwNjAxOnVjZWNfY3B0YWNfMjAyMA,55509,ucec_cptac_2020_mrna,C3L-00601,C3L-00601,ucec_cptac_2020,4.26
QzNMLTAwNjAxOnVjZWNfY3B0YWNfMjAyMA,QzNMLTAwNjAxOnVjZWNfY3B0YWNfMjAyMA,6772,ucec_cptac_2020_mrna,C3L-00601,C3L-00601,ucec_cptac_2020,12.61
QzNMLTAwNjAxOnVjZWNfY3B0YWNfMjAyMA,QzNMLTAwNjAxOnVjZWNfY3B0YWNfMjAyMA,7040,ucec_cptac_2020_mrna,C3L-00601,C3L-00601,ucec_cptac_2020,7.66
QzNMLTAwNjAxOnVjZWNfY3B0YWNfMjAyMA,QzNMLTAwNjAxOnVjZWNfY3B0YWNfMjAyMA,201633,ucec_cptac_2020_mrna,C3L-00601,C3L-00601,ucec_cptac_2020,7.49
QzNMLTAwNjAxOnVjZWNfY3B0YWNfMjAyMA,QzNMLTAwNjAxOnVjZWNfY3B0YWNfMjAyMA,79679,ucec_cptac_2020_mrna,C3L-00601,C3L-00601,ucec_cptac_2020,13.38
QzNMLTAwNjAxOnVjZWNfY3B0YWNfMjAyMA,QzNMLTAwNjAxOnVjZWNfY3B0YWNfMjAyMA,2829,ucec_cptac_2020_mrna,C3L-00601,C3L-00601,ucec_cptac_2020,1.66
QzNMLTAwNjAxOnVjZWNfY3B0YWNfMjAyMA,QzNMLTAwNjAxOnVjZWNfY3B0YWNfMjAyMA,898,ucec_cptac_2020_mrna,C3L-00601,C3L-00601,ucec_cptac_2020,8.89
QzNMLTAwNjAxOnVjZWNfY3B0YWNfMjAyMA,QzNMLTAwNjAxOnVjZWNfY3B0YWNfMjAyMA,925,ucec_cptac_2020_mrna,C3L-00601,C3L-00601,ucec_cptac_2020,8.14
QzNMLTAwNjAxOnVjZWNfY3B0YWNfMjAyMA,QzNMLTAwNjAxOnVjZWNfY3B0YWNfMjAyMA,968,ucec_cptac_2020_mrna,C3L-00601,C3L-00601,ucec_cptac_2020,10.38
QzNMLTAwNjAxOnVjZWNfY3B0YWNfMjAyMA,QzNMLTAwNjAxOnVjZWNfY3B0YWNfMjAyMA,29126,ucec_cptac_2020_mrna,C3L-00601,C3L-00601,ucec_cptac_2020,7.35
QzNMLTAwNjAxOnVjZWNfY3B0YWNfMjAyMA,QzNMLTAwNjAxOnVjZWNfY3B0YWNfMjAyMA,80381,ucec_cptac_2020_mrna,C3L-00601,C3L-00601,ucec_cptac_2020,11.4
QzNMLTAwNjAxOnVjZWNfY3B0YWNfMjAyMA,QzNMLTAwNjAxOnVjZWNfY3B0YWNfMjAyMA,9074,ucec_cptac_2020_mrna,C3L-00601,C3L-00601,ucec_cptac_2020,4.14
QzNMLTAwNjAxOnVjZWNfY3B0YWNfMjAyMA,QzNMLTAwNjAxOnVjZWNfY3B0YWNfMjAyMA,283420,ucec_cptac_2020_mrna,C3L-00601,C3L-00601,ucec_cptac_2020,1.29
QzNMLTAwNjAxOnVjZWNfY3B0YWNfMjAyMA,QzNMLTAwNjAxOnVjZWNfY3B0YWNfMjAyMA,1493,ucec_cptac_2020_mrna,C3L-00601,C3L-00601,ucec_cptac_2020,7.36
QzNMLTAwNjAxOnVjZWNfY3B0YWNfMjAyMA,QzNMLTAwNjAxOnVjZWNfY3B0YWNfMjAyMA,1515,ucec_cptac_2020_mrna,C3L-00601,C3L-00601,ucec_cptac_2020,9.47
QzNMLTAwNjAxOnVjZWNfY3B0YWNfMjAyMA,QzNMLTAwNjAxOnVjZWNfY3B0YWNfMjAyMA,4283,ucec_cptac_2020_mrna,C3L-00601,C3L-00601,ucec_cptac_2020,11.42
QzNMLTAwNjA1OnVjZWNfY3B0YWNfMjAyMA,QzNMLTAwNjA1OnVjZWNfY3B0YWNfMjAyMA,50943,ucec_cptac_2020_mrna,C3L-00605,C3L-00605,ucec_cptac_2020,4.42
QzNMLTAwNjA1OnVjZWNfY3B0YWNfMjAyMA,QzNMLTAwNjA1OnVjZWNfY3B0YWNfMjAyMA,3002,ucec_cptac_2020_mrna,C3L-00605,C3L-00605,ucec_cptac_2020,6.41
QzNMLTAwNjA1OnVjZWNfY3B0YWNfMjAyMA,QzNMLTAwNjA1OnVjZWNfY3B0YWNfMjAyMA,84868,ucec_cptac_2020_mrna,C3L-00605,C3L-00605,ucec_cptac_2020,8.83
QzNMLTAwNjA1OnVjZWNfY3B0YWNfMjAyMA,QzNMLTAwNjA1OnVjZWNfY3B0YWNfMjAyMA,3458,ucec_cptac_2020_mrna,C3L-00605,C3L-00605,ucec_cptac_2020,3.37
QzNMLTAwNjA1OnVjZWNfY3B0YWNfMjAyMA,QzNMLTAwNjA1OnVjZWNfY3B0YWNfMjAyMA,3394,ucec_cptac_2020_mrna,C3L-00605,C3L-00605,ucec_cptac_2020,8.23
QzNMLTAwNjA1OnVjZWNfY3B0YWNfMjAyMA,QzNMLTAwNjA1OnVjZWNfY3B0YWNfMjAyMA,3902,ucec_cptac_2020_mrna,C3L-00605,C3L-00605,ucec_cptac_2020,5.5
QzNMLTAwNjA1OnVjZWNfY3B0YWNfMjAyMA,QzNMLTAwNjA1OnVjZWNfY3B0YWNfMjAyMA,4118,ucec_cptac_2020_mrna,C3L-00605,C3L-00605,ucec_cptac_2020,7.78
QzNMLTAwNjA1OnVjZWNfY3B0YWNfMjAyMA,QzNMLTAwNjA1OnVjZWNfY3B0YWNfMjAyMA,94025,ucec_cptac_2020_mrna,C3L-00605,C3L-00605,ucec_cptac_2020,15.15
QzNMLTAwNjA1OnVjZWNfY3B0YWNfMjAyMA,QzNMLTAwNjA1OnVjZWNfY3B0YWNfMjAyMA,5133,ucec_cptac_2020_mrna,C3L-00605,C3L-00605,ucec_cptac_2020,5.02
QzNMLTAwNjA1OnVjZWNfY3B0YWNfMjAyMA,QzNMLTAwNjA1OnVjZWNfY3B0YWNfMjAyMA,55509,ucec_cptac_2020_mrna,C3L-00605,C3L-00605,ucec_cptac_2020,5.06
QzNMLTAwNjA1OnVjZWNfY3B0YWNfMjAyMA,QzNMLTAwNjA1OnVjZWNfY3B0YWNfMjAyMA,6772,ucec_cptac_2020_mrna,C3L-00605,C3L-00605,ucec_cptac_2020,12.92
QzNMLTAwNjA1OnVjZWNfY3B0YWNfMjAyMA,QzNMLTAwNjA1OnVjZWNfY3B0YWNfMjAyMA,7040,ucec_cptac_2020_mrna,C3L-00605,C3L-00605,ucec_cptac_2020,8.06
QzNMLTAwNjA1OnVjZWNfY3B0YWNfMjAyMA,QzNMLTAwNjA1OnVjZWNfY3B0YWNfMjAyMA,201633,ucec_cptac_2020_mrna,C3L-00605,C3L-00605,ucec_cptac_2020,6.77
QzNMLTAwNjA1OnVjZWNfY3B0YWNfMjAyMA,QzNMLTAwNjA1OnVjZWNfY3B0YWNfMjAyMA,79679,ucec_cptac_2020_mrna,C3L-00605,C3L-00605,ucec_cptac_2020,12.53
QzNMLTAwNjA1OnVjZWNfY3B0YWNfMjAyMA,QzNMLTAwNjA1OnVjZWNfY3B0YWNfMjAyMA,2829,ucec_cptac_2020_mrna,C3L-00605,C3L-00605,ucec_cptac_2020,3.11
QzNMLTAwNjA1OnVjZWNfY3B0YWNfMjAyMA,QzNMLTAwNjA1OnVjZWNfY3B0YWNfMjAyMA,898,ucec_cptac_2020_mrna,C3L-00605,C3L-00605,ucec_cptac_2020,8.58
QzNMLTAwNjA1OnVjZWNfY3B0YWNfMjAyMA,QzNMLTAwNjA1OnVjZWNfY3B0YWNfMjAyMA,925,ucec_cptac_2020_mrna,C3L-00605,C3L-00605,ucec_cptac_2020,6.99
QzNMLTAwNjA1OnVjZWNfY3B0YWNfMjAyMA,QzNMLTAwNjA1OnVjZWNfY3B0YWNfMjAyMA,968,ucec_cptac_2020_mrna,C3L-00605,C3L-00605,ucec_cptac_2020,10.8
QzNMLTAwNjA1OnVjZWNfY3B0YWNfMjAyMA,QzNMLTAwNjA1OnVjZWNfY3B0YWNfMjAyMA,29126,ucec_cptac_2020_mrna,C3L-00605,C3L-00605,ucec_cptac_2020,7.35
QzNMLTAwNjA1OnVjZWNfY3B0YWNfMjAyMA,QzNMLTAwNjA1OnVjZWNfY3B0YWNfMjAyMA,80381,ucec_cptac_2020_mrna,C3L-00605,C3L-00605,ucec_cptac_2020,11.71
QzNMLTAwNjA1OnVjZWNfY3B0YWNfMjAyMA,QzNMLTAwNjA1OnVjZWNfY3B0YWNfMjAyMA,9074,ucec_cptac_2020_mrna,C3L-00605,C3L-00605,ucec_cptac_2020,7.52
QzNMLTAwNjA1OnVjZWNfY3B0YWNfMjAyMA,QzNMLTAwNjA1OnVjZWNfY3B0YWNfMjAyMA,283420,ucec_cptac_2020_mrna,C3L-00605,C3L-00605,ucec_cptac_2020,3.49
QzNMLTAwNjA1OnVjZWNfY3B0YWNfMjAyMA,QzNMLTAwNjA1OnVjZWNfY3B0YWNfMjAyMA,1493,ucec_cptac_2020_mrna,C3L-00605,C3L-00605,ucec_cptac_2020,5.81
QzNMLTAwNjA1OnVjZWNfY3B0YWNfMjAyMA,QzNMLTAwNjA1OnVjZWNfY3B0YWNfMjAyMA,1515,ucec_cptac_2020_mrna,C3L-00605,C3L-00605,ucec_cptac_2020,11.59
QzNMLTAwNjA1OnVjZWNfY3B0YWNfMjAyMA,QzNMLTAwNjA1OnVjZWNfY3B0YWNfMjAyMA,4283,ucec_cptac_2020_mrna,C3L-00605,C3L-00605,ucec_cptac_2020,7.93
QzNMLTAwNzY3OnVjZWNfY3B0YWNfMjAyMA,QzNMLTAwNzY3OnVjZWNfY3B0YWNfMjAyMA,50943,ucec_cptac_2020_mrna,C3L-00767,C3L-00767,ucec_cptac_2020,4.52
QzNMLTAwNzY3OnVjZWNfY3B0YWNfMjAyMA,QzNMLTAwNzY3OnVjZWNfY3B0YWNfMjAyMA,3002,ucec_cptac_2020_mrna,C3L-00767,C3L-00767,ucec_cptac_2020,6.65
QzNMLTAwNzY3OnVjZWNfY3B0YWNfMjAyMA,QzNMLTAwNzY3OnVjZWNfY3B0YWNfMjAyMA,84868,ucec_cptac_2020_mrna,C3L-00767,C3L-00767,ucec_cptac_2020,8.8
QzNMLTAwNzY3OnVjZWNfY3B0YWNfMjAyMA,QzNMLTAwNzY3OnVjZWNfY3B0YWNfMjAyMA,3458,ucec_cptac_2020_mrna,C3L-00767,C3L-00767,ucec_cptac_2020,1.54
QzNMLTAwNzY3OnVjZWNfY3B0YWNfMjAyMA,QzNMLTAwNzY3OnVjZWNfY3B0YWNfMjAyMA,3394,ucec_cptac_2020_mrna,C3L-00767,C3L-00767,ucec_cptac_2020,8.15
QzNMLTAwNzY3OnVjZWNfY3B0YWNfMjAyMA,QzNMLTAwNzY3OnVjZWNfY3B0YWNfMjAyMA,3902,ucec_cptac_2020_mrna,C3L-00767,C3L-00767,ucec_cptac_2020,5.11
QzNMLTAwNzY3OnVjZWNfY3B0YWNfMjAyMA,QzNMLTAwNzY3OnVjZWNfY3B0YWNfMjAyMA,4118,ucec_cptac_2020_mrna,C3L-00767,C3L-00767,ucec_cptac_2020,0.97
QzNMLTAwNzY3OnVjZWNfY3B0YWNfMjAyMA,QzNMLTAwNzY3OnVjZWNfY3B0YWNfMjAyMA,94025,ucec_cptac_2020_mrna,C3L-00767,C3L-00767,ucec_cptac_2020,11.46
QzNMLTAwNzY3OnVjZWNfY3B0YWNfMjAyMA,QzNMLTAwNzY3OnVjZWNfY3B0YWNfMjAyMA,5133,ucec_cptac_2020_mrna,C3L-00767,C3L-00767,ucec_cptac_2020,3.26
QzNMLTAwNzY3OnVjZWNfY3B0YWNfMjAyMA,QzNMLTAwNzY3OnVjZWNfY3B0YWNfMjAyMA,55509,ucec_cptac_2020_mrna,C3L-00767,C3L-00767,ucec_cptac_2020,4.26
QzNMLTAwNzY3OnVjZWNfY3B0YWNfMjAyMA,QzNMLTAwNzY3OnVjZWNfY3B0YWNfMjAyMA,6772,ucec_cptac_2020_mrna,C3L-00767,C3L-00767,ucec_cptac_2020,12.32
QzNMLTAwNzY3OnVjZWNfY3B0YWNfMjAyMA,QzNMLTAwNzY3OnVjZWNfY3B0YWNfMjAyMA,7040,ucec_cptac_2020_mrna,C3L-00767,C3L-00767,ucec_cptac_2020,7.81
QzNMLTAwNzY3OnVjZWNfY3B0YWNfMjAyMA,QzNMLTAwNzY3OnVjZWNfY3B0YWNfMjAyMA,201633,ucec_cptac_2020_mrna,C3L-00767,C3L-00767,ucec_cptac_2020,5.84
QzNMLTAwNzY3OnVjZWNfY3B0YWNfMjAyMA,QzNMLTAwNzY3OnVjZWNfY3B0YWNfMjAyMA,79679,ucec_cptac_2020_mrna,C3L-00767,C3L-00767,ucec_cptac_2020,11.11
QzNMLTAwNzY3OnVjZWNfY3B0YWNfMjAyMA,QzNMLTAwNzY3OnVjZWNfY3B0YWNfMjAyMA,2829,ucec_cptac_2020_mrna,C3L-00767,C3L-00767,ucec_cptac_2020,0.0
QzNMLTAwNzY3OnVjZWNfY3B0YWNfMjAyMA,QzNMLTAwNzY3OnVjZWNfY3B0YWNfMjAyMA,898,ucec_cptac_2020_mrna,C3L-00767,C3L-00767,ucec_cptac_2020,7.48
QzNMLTAwNzY3OnVjZWNfY3B0YWNfMjAyMA,QzNMLTAwNzY3OnVjZWNfY3B0YWNfMjAyMA,925,ucec_cptac_2020_mrna,C3L-00767,C3L-00767,ucec_cptac_2020,5.82
QzNMLTAwNzY3OnVjZWNfY3B0YWNfMjAyMA,QzNMLTAwNzY3OnVjZWNfY3B0YWNfMjAyMA,968,ucec_cptac_2020_mrna,C3L-00767,C3L-00767,ucec_cptac_2020,10.29
QzNMLTAwNzY3OnVjZWNfY3B0YWNfMjAyMA,QzNMLTAwNzY3OnVjZWNfY3B0YWNfMjAyMA,29126,ucec_cptac_2020_mrna,C3L-00767,C3L-00767,ucec_cptac_2020,6.48
QzNMLTAwNzY3OnVjZWNfY3B0YWNfMjAyMA,QzNMLTAwNzY3OnVjZWNfY3B0YWNfMjAyMA,80381,ucec_cptac_2020_mrna,C3L-00767,C3L-00767,ucec_cptac_2020,11.8
QzNMLTAwNzY3OnVjZWNfY3B0YWNfMjAyMA,QzNMLTAwNzY3OnVjZWNfY3B0YWNfMjAyMA,9074,ucec_cptac_2020_mrna,C3L-00767,C3L-00767,ucec_cptac_2020,5.3
QzNMLTAwNzY3OnVjZWNfY3B0YWNfMjAyMA,QzNMLTAwNzY3OnVjZWNfY3B0YWNfMjAyMA,283420,ucec_cptac_2020_mrna,C3L-00767,C3L-00767,ucec_cptac_2020,0.97
QzNMLTAwNzY3OnVjZWNfY3B0YWNfMjAyMA,QzNMLTAwNzY3OnVjZWNfY3B0YWNfMjAyMA,1493,ucec_cptac_2020_mrna,C3L-00767,C3L-00767,ucec_cptac_2020,4.84
QzNMLTAwNzY3OnVjZWNfY3B0YWNfMjAyMA,QzNMLTAwNzY3OnVjZWNfY3B0YWNfMjAyMA,1515,ucec_cptac_2020_mrna,C3L-00767,C3L-00767,ucec_cptac_2020,9.74
QzNMLTAwNzY3OnVjZWNfY3B0YWNfMjAyMA,QzNMLTAwNzY3OnVjZWNfY3B0YWNfMjAyMA,4283,ucec_cptac_2020_mrna,C3L-00767,C3L-00767,ucec_cptac_2020,5.82
QzNMLTAwNzY5OnVjZWNfY3B0YWNfMjAyMA,QzNMLTAwNzY5OnVjZWNfY3B0YWNfMjAyMA,50943,ucec_cptac_2020_mrna,C3L-00769,C3L-00769,ucec_cptac_2020,4.08
QzNMLTAwNzY5OnVjZWNfY3B0YWNfMjAyMA,QzNMLTAwNzY5OnVjZWNfY3B0YWNfMjAyMA,3002,ucec_cptac_2020_mrna,C3L-00769,C3L-00769,ucec_cptac_2020,7.53
QzNMLTAwNzY5OnVjZWNfY3B0YWNfMjAyMA,QzNMLTAwNzY5OnVjZWNfY3B0YWNfMjAyMA,84868,ucec_cptac_2020_mrna,C3L-00769,C3L-00769,ucec_cptac_2020,8.7
QzNMLTAwNzY5OnVjZWNfY3B0YWNfMjAyMA,QzNMLTAwNzY5OnVjZWNfY3B0YWNfMjAyMA,3458,ucec_cptac_2020_mrna,C3L-00769,C3L-00769,ucec_cptac_2020,3.95
QzNMLTAwNzY5OnVjZWNfY3B0YWNfMjAyMA,QzNMLTAwNzY5OnVjZWNfY3B0YWNfMjAyMA,3394,ucec_cptac_2020_mrna,C3L-00769,C3L-00769,ucec_cptac_2020,8.17
QzNMLTAwNzY5OnVjZWNfY3B0YWNfMjAyMA,QzNMLTAwNzY5OnVjZWNfY3B0YWNfMjAyMA,3902,ucec_cptac_2020_mrna,C3L-00769,C3L-00769,ucec_cptac_2020,4.08
QzNMLTAwNzY5OnVjZWNfY3B0YWNfMjAyMA,QzNMLTAwNzY5OnVjZWNfY3B0YWNfMjAyMA,4118,ucec_cptac_2020_mrna,C3L-00769,C3L-00769,ucec_cptac_2020,6.68
QzNMLTAwNzY5OnVjZWNfY3B0YWNfMjAyMA,QzNMLTAwNzY5OnVjZWNfY3B0YWNfMjAyMA,94025,ucec_cptac_2020_mrna,C3L-00769,C3L-00769,ucec_cptac_2020,14.13
QzNMLTAwNzY5OnVjZWNfY3B0YWNfMjAyMA,QzNMLTAwNzY5OnVjZWNfY3B0YWNfMjAyMA,5133,ucec_cptac_2020_mrna,C3L-00769,C3L-00769,ucec_cptac_2020,4.02
QzNMLTAwNzY5OnVjZWNfY3B0YWNfMjAyMA,QzNMLTAwNzY5OnVjZWNfY3B0YWNfMjAyMA,55509,ucec_cptac_2020_mrna,C3L-00769,C3L-00769,ucec_cptac_2020,5.2
QzNMLTAwNzY5OnVjZWNfY3B0YWNfMjAyMA,QzNMLTAwNzY5OnVjZWNfY3B0YWNfMjAyMA,6772,ucec_cptac_2020_mrna,C3L-00769,C3L-00769,ucec_cptac_2020,13.58
QzNMLTAwNzY5OnVjZWNfY3B0YWNfMjAyMA,QzNMLTAwNzY5OnVjZWNfY3B0YWNfMjAyMA,7040,ucec_cptac_2020_mrna,C3L-00769,C3L-00769,ucec_cptac_2020,7.82
QzNMLTAwNzY5OnVjZWNfY3B0YWNfMjAyMA,QzNMLTAwNzY5OnVjZWNfY3B0YWNfMjAyMA,201633,ucec_cptac_2020_mrna,C3L-00769,C3L-00769,ucec_cptac_2020,6.24
QzNMLTAwNzY5OnVjZWNfY3B0YWNfMjAyMA,QzNMLTAwNzY5OnVjZWNfY3B0YWNfMjAyMA,79679,ucec_cptac_2020_mrna,C3L-00769,C3L-00769,ucec_cptac_2020,11.57
QzNMLTAwNzY5OnVjZWNfY3B0YWNfMjAyMA,QzNMLTAwNzY5OnVjZWNfY3B0YWNfMjAyMA,2829,ucec_cptac_2020_mrna,C3L-00769,C3L-00769,ucec_cptac_2020,2.01
QzNMLTAwNzY5OnVjZWNfY3B0YWNfMjAyMA,QzNMLTAwNzY5OnVjZWNfY3B0YWNfMjAyMA,898,ucec_cptac_2020_mrna,C3L-00769,C3L-00769,ucec_cptac_2020,8.04
QzNMLTAwNzY5OnVjZWNfY3B0YWNfMjAyMA,QzNMLTAwNzY5OnVjZWNfY3B0YWNfMjAyMA,925,ucec_cptac_2020_mrna,C3L-00769,C3L-00769,ucec_cptac_2020,6.94
QzNMLTAwNzY5OnVjZWNfY3B0YWNfMjAyMA,QzNMLTAwNzY5OnVjZWNfY3B0YWNfMjAyMA,968,ucec_cptac_2020_mrna,C3L-00769,C3L-00769,ucec_cptac_2020,10.5
QzNMLTAwNzY5OnVjZWNfY3B0YWNfMjAyMA,QzNMLTAwNzY5OnVjZWNfY3B0YWNfMjAyMA,29126,ucec_cptac_2020_mrna,C3L-00769,C3L-00769,ucec_cptac_2020,7.69
QzNMLTAwNzY5OnVjZWNfY3B0YWNfMjAyMA,QzNMLTAwNzY5OnVjZWNfY3B0YWNfMjAyMA,80381,ucec_cptac_2020_mrna,C3L-00769,C3L-00769,ucec_cptac_2020,11.23
QzNMLTAwNzY5OnVjZWNfY3B0YWNfMjAyMA,QzNMLTAwNzY5OnVjZWNfY3B0YWNfMjAyMA,9074,ucec_cptac_2020_mrna,C3L-00769,C3L-00769,ucec_cptac_2020,3.72
QzNMLTAwNzY5OnVjZWNfY3B0YWNfMjAyMA,QzNMLTAwNzY5OnVjZWNfY3B0YWNfMjAyMA,283420,ucec_cptac_2020_mrna,C3L-00769,C3L-00769,ucec_cptac_2020,2.82
QzNMLTAwNzY5OnVjZWNfY3B0YWNfMjAyMA,QzNMLTAwNzY5OnVjZWNfY3B0YWNfMjAyMA,1493,ucec_cptac_2020_mrna,C3L-00769,C3L-00769,ucec_cptac_2020,6.38
QzNMLTAwNzY5OnVjZWNfY3B0YWNfMjAyMA,QzNMLTAwNzY5OnVjZWNfY3B0YWNfMjAyMA,1515,ucec_cptac_2020_mrna,C3L-00769,C3L-00769,ucec_cptac_2020,10.67
QzNMLTAwNzY5OnVjZWNfY3B0YWNfMjAyMA,QzNMLTAwNzY5OnVjZWNfY3B0YWNfMjAyMA,4283,ucec_cptac_2020_mrna,C3L-00769,C3L-00769,ucec_cptac_2020,8.3
QzNMLTAwNzcwOnVjZWNfY3B0YWNfMjAyMA,QzNMLTAwNzcwOnVjZWNfY3B0YWNfMjAyMA,50943,ucec_cptac_2020_mrna,C3L-00770,C3L-00770,ucec_cptac_2020,5.52
QzNMLTAwNzcwOnVjZWNfY3B0YWNfMjAyMA,QzNMLTAwNzcwOnVjZWNfY3B0YWNfMjAyMA,3002,ucec_cptac_2020_mrna,C3L-00770,C3L-00770,ucec_cptac_2020,5.52
QzNMLTAwNzcwOnVjZWNfY3B0YWNfMjAyMA,QzNMLTAwNzcwOnVjZWNfY3B0YWNfMjAyMA,84868,ucec_cptac_2020_mrna,C3L-00770,C3L-00770,ucec_cptac_2020,8.8
QzNMLTAwNzcwOnVjZWNfY3B0YWNfMjAyMA,QzNMLTAwNzcwOnVjZWNfY3B0YWNfMjAyMA,3458,ucec_cptac_2020_mrna,C3L-00770,C3L-00770,ucec_cptac_2020,2.51
QzNMLTAwNzcwOnVjZWNfY3B0YWNfMjAyMA,QzNMLTAwNzcwOnVjZWNfY3B0YWNfMjAyMA,3394,ucec_cptac_2020_mrna,C3L-00770,C3L-00770,ucec_cptac_2020,8.14
QzNMLTAwNzcwOnVjZWNfY3B0YWNfMjAyMA,QzNMLTAwNzcwOnVjZWNfY3B0YWNfMjAyMA,3902,ucec_cptac_2020_mrna,C3L-00770,C3L-00770,ucec_cptac_2020,3.92
QzNMLTAwNzcwOnVjZWNfY3B0YWNfMjAyMA,QzNMLTAwNzcwOnVjZWNfY3B0YWNfMjAyMA,4118,ucec_cptac_2020_mrna,C3L-00770,C3L-00770,ucec_cptac_2020,1.74
QzNMLTAwNzcwOnVjZWNfY3B0YWNfMjAyMA,QzNMLTAwNzcwOnVjZWNfY3B0YWNfMjAyMA,94025,ucec_cptac_2020_mrna,C3L-00770,C3L-00770,ucec_cptac_2020,17.37
QzNMLTAwNzcwOnVjZWNfY3B0YWNfMjAyMA,QzNMLTAwNzcwOnVjZWNfY3B0YWNfMjAyMA,5133,ucec_cptac_2020_mrna,C3L-00770,C3L-00770,ucec_cptac_2020,3.21
QzNMLTAwNzcwOnVjZWNfY3B0YWNfMjAyMA,QzNMLTAwNzcwOnVjZWNfY3B0YWNfMjAyMA,55509,ucec_cptac_2020_mrna,C3L-00770,C3L-00770,ucec_cptac_2020,2.18
QzNMLTAwNzcwOnVjZWNfY3B0YWNfMjAyMA,QzNMLTAwNzcwOnVjZWNfY3B0YWNfMjAyMA,6772,ucec_cptac_2020_mrna,C3L-00770,C3L-00770,ucec_cptac_2020,13.05
QzNMLTAwNzcwOnVjZWNfY3B0YWNfMjAyMA,QzNMLTAwNzcwOnVjZWNfY3B0YWNfMjAyMA,7040,ucec_cptac_2020_mrna,C3L-00770,C3L-00770,ucec_cptac_2020,7.93
QzNMLTAwNzcwOnVjZWNfY3B0YWNfMjAyMA,QzNMLTAwNzcwOnVjZWNfY3B0YWNfMjAyMA,201633,ucec_cptac_2020_mrna,C3L-00770,C3L-00770,ucec_cptac_2020,6.69
QzNMLTAwNzcwOnVjZWNfY3B0YWNfMjAyMA,QzNMLTAwNzcwOnVjZWNfY3B0YWNfMjAyMA,79679,ucec_cptac_2020_mrna,C3L-00770,C3L-00770,ucec_cptac_2020,13.37
QzNMLTAwNzcwOnVjZWNfY3B0YWNfMjAyMA,QzNMLTAwNzcwOnVjZWNfY3B0YWNfMjAyMA,2829,ucec_cptac_2020_mrna,C3L-00770,C3L-00770,ucec_cptac_2020,2.78
QzNMLTAwNzcwOnVjZWNfY3B0YWNfMjAyMA,QzNMLTAwNzcwOnVjZWNfY3B0YWNfMjAyMA,898,ucec_cptac_2020_mrna,C3L-00770,C3L-00770,ucec_cptac_2020,9.49
QzNMLTAwNzcwOnVjZWNfY3B0YWNfMjAyMA,QzNMLTAwNzcwOnVjZWNfY3B0YWNfMjAyMA,925,ucec_cptac_2020_mrna,C3L-00770,C3L-00770,ucec_cptac_2020,6.61
QzNMLTAwNzcwOnVjZWNfY3B0YWNfMjAyMA,QzNMLTAwNzcwOnVjZWNfY3B0YWNfMjAyMA,968,ucec_cptac_2020_mrna,C3L-00770,C3L-00770,ucec_cptac_2020,10.45
QzNMLTAwNzcwOnVjZWNfY3B0YWNfMjAyMA,QzNMLTAwNzcwOnVjZWNfY3B0YWNfMjAyMA,29126,ucec_cptac_2020_mrna,C3L-00770,C3L-00770,ucec_cptac_2020,7.32
QzNMLTAwNzcwOnVjZWNfY3B0YWNfMjAyMA,QzNMLTAwNzcwOnVjZWNfY3B0YWNfMjAyMA,80381,ucec_cptac_2020_mrna,C3L-00770,C3L-00770,ucec_cptac_2020,11.64
QzNMLTAwNzcwOnVjZWNfY3B0YWNfMjAyMA,QzNMLTAwNzcwOnVjZWNfY3B0YWNfMjAyMA,9074,ucec_cptac_2020_mrna,C3L-00770,C3L-00770,ucec_cptac_2020,1.74
QzNMLTAwNzcwOnVjZWNfY3B0YWNfMjAyMA,QzNMLTAwNzcwOnVjZWNfY3B0YWNfMjAyMA,283420,ucec_cptac_2020_mrna,C3L-00770,C3L-00770,ucec_cptac_2020,2.18
QzNMLTAwNzcwOnVjZWNfY3B0YWNfMjAyMA,QzNMLTAwNzcwOnVjZWNfY3B0YWNfMjAyMA,1493,ucec_cptac_2020_mrna,C3L-00770,C3L-00770,ucec_cptac_2020,5.66
QzNMLTAwNzcwOnVjZWNfY3B0YWNfMjAyMA,QzNMLTAwNzcwOnVjZWNfY3B0YWNfMjAyMA,1515,ucec_cptac_2020_mrna,C3L-00770,C3L-00770,ucec_cptac_2020,13.55
QzNMLTAwNzcwOnVjZWNfY3B0YWNfMjAyMA,QzNMLTAwNzcwOnVjZWNfY3B0YWNfMjAyMA,4283,ucec_cptac_2020_mrna,C3L-00770,C3L-00770,ucec_cptac_2020,7.31
QzNMLTAwNzcxOnVjZWNfY3B0YWNfMjAyMA,QzNMLTAwNzcxOnVjZWNfY3B0YWNfMjAyMA,50943,ucec_cptac_2020_mrna,C3L-00771,C3L-00771,ucec_cptac_2020,4.47
QzNMLTAwNzcxOnVjZWNfY3B0YWNfMjAyMA,QzNMLTAwNzcxOnVjZWNfY3B0YWNfMjAyMA,3002,ucec_cptac_2020_mrna,C3L-00771,C3L-00771,ucec_cptac_2020,7.58
QzNMLTAwNzcxOnVjZWNfY3B0YWNfMjAyMA,QzNMLTAwNzcxOnVjZWNfY3B0YWNfMjAyMA,84868,ucec_cptac_2020_mrna,C3L-00771,C3L-00771,ucec_cptac_2020,8.52
QzNMLTAwNzcxOnVjZWNfY3B0YWNfMjAyMA,QzNMLTAwNzcxOnVjZWNfY3B0YWNfMjAyMA,3458,ucec_cptac_2020_mrna,C3L-00771,C3L-00771,ucec_cptac_2020,3.59
QzNMLTAwNzcxOnVjZWNfY3B0YWNfMjAyMA,QzNMLTAwNzcxOnVjZWNfY3B0YWNfMjAyMA,3394,ucec_cptac_2020_mrna,C3L-00771,C3L-00771,ucec_cptac_2020,8.3
QzNMLTAwNzcxOnVjZWNfY3B0YWNfMjAyMA,QzNMLTAwNzcxOnVjZWNfY3B0YWNfMjAyMA,3902,ucec_cptac_2020_mrna,C3L-00771,C3L-00771,ucec_cptac_2020,5.41
QzNMLTAwNzcxOnVjZWNfY3B0YWNfMjAyMA,QzNMLTAwNzcxOnVjZWNfY3B0YWNfMjAyMA,4118,ucec_cptac_2020_mrna,C3L-00771,C3L-00771,ucec_cptac_2020,5.81
QzNMLTAwNzcxOnVjZWNfY3B0YWNfMjAyMA,QzNMLTAwNzcxOnVjZWNfY3B0YWNfMjAyMA,94025,ucec_cptac_2020_mrna,C3L-00771,C3L-00771,ucec_cptac_2020,14.29
QzNMLTAwNzcxOnVjZWNfY3B0YWNfMjAyMA,QzNMLTAwNzcxOnVjZWNfY3B0YWNfMjAyMA,5133,ucec_cptac_2020_mrna,C3L-00771,C3L-00771,ucec_cptac_2020,6.07
QzNMLTAwNzcxOnVjZWNfY3B0YWNfMjAyMA,QzNMLTAwNzcxOnVjZWNfY3B0YWNfMjAyMA,55509,ucec_cptac_2020_mrna,C3L-00771,C3L-00771,ucec_cptac_2020,5.55
QzNMLTAwNzcxOnVjZWNfY3B0YWNfMjAyMA,QzNMLTAwNzcxOnVjZWNfY3B0YWNfMjAyMA,6772,ucec_cptac_2020_mrna,C3L-00771,C3L-00771,ucec_cptac_2020,12.69
QzNMLTAwNzcxOnVjZWNfY3B0YWNfMjAyMA,QzNMLTAwNzcxOnVjZWNfY3B0YWNfMjAyMA,7040,ucec_cptac_2020_mrna,C3L-00771,C3L-00771,ucec_cptac_2020,9.36
QzNMLTAwNzcxOnVjZWNfY3B0YWNfMjAyMA,QzNMLTAwNzcxOnVjZWNfY3B0YWNfMjAyMA,201633,ucec_cptac_2020_mrna,C3L-00771,C3L-00771,ucec_cptac_2020,6.74
QzNMLTAwNzcxOnVjZWNfY3B0YWNfMjAyMA,QzNMLTAwNzcxOnVjZWNfY3B0YWNfMjAyMA,79679,ucec_cptac_2020_mrna,C3L-00771,C3L-00771,ucec_cptac_2020,11.47
QzNMLTAwNzcxOnVjZWNfY3B0YWNfMjAyMA,QzNMLTAwNzcxOnVjZWNfY3B0YWNfMjAyMA,2829,ucec_cptac_2020_mrna,C3L-00771,C3L-00771,ucec_cptac_2020,3.59
QzNMLTAwNzcxOnVjZWNfY3B0YWNfMjAyMA,QzNMLTAwNzcxOnVjZWNfY3B0YWNfMjAyMA,898,ucec_cptac_2020_mrna,C3L-00771,C3L-00771,ucec_cptac_2020,8.24
QzNMLTAwNzcxOnVjZWNfY3B0YWNfMjAyMA,QzNMLTAwNzcxOnVjZWNfY3B0YWNfMjAyMA,925,ucec_cptac_2020_mrna,C3L-00771,C3L-00771,ucec_cptac_2020,7.55
QzNMLTAwNzcxOnVjZWNfY3B0YWNfMjAyMA,QzNMLTAwNzcxOnVjZWNfY3B0YWNfMjAyMA,968,ucec_cptac_2020_mrna,C3L-00771,C3L-00771,ucec_cptac_2020,10.27
QzNMLTAwNzcxOnVjZWNfY3B0YWNfMjAyMA,QzNMLTAwNzcxOnVjZWNfY3B0YWNfMjAyMA,29126,ucec_cptac_2020_mrna,C3L-00771,C3L-00771,ucec_cptac_2020,7.88
QzNMLTAwNzcxOnVjZWNfY3B0YWNfMjAyMA,QzNMLTAwNzcxOnVjZWNfY3B0YWNfMjAyMA,80381,ucec_cptac_2020_mrna,C3L-00771,C3L-00771,ucec_cptac_2020,11.51
QzNMLTAwNzcxOnVjZWNfY3B0YWNfMjAyMA,QzNMLTAwNzcxOnVjZWNfY3B0YWNfMjAyMA,9074,ucec_cptac_2020_mrna,C3L-00771,C3L-00771,ucec_cptac_2020,6.21
QzNMLTAwNzcxOnVjZWNfY3B0YWNfMjAyMA,QzNMLTAwNzcxOnVjZWNfY3B0YWNfMjAyMA,283420,ucec_cptac_2020_mrna,C3L-00771,C3L-00771,ucec_cptac_2020,4.53
QzNMLTAwNzcxOnVjZWNfY3B0YWNfMjAyMA,QzNMLTAwNzcxOnVjZWNfY3B0YWNfMjAyMA,1493,ucec_cptac_2020_mrna,C3L-00771,C3L-00771,ucec_cptac_2020,6.16
QzNMLTAwNzcxOnVjZWNfY3B0YWNfMjAyMA,QzNMLTAwNzcxOnVjZWNfY3B0YWNfMjAyMA,1515,ucec_cptac_2020_mrna,C3L-00771,C3L-00771,ucec_cptac_2020,8.88
QzNMLTAwNzcxOnVjZWNfY3B0YWNfMjAyMA,QzNMLTAwNzcxOnVjZWNfY3B0YWNfMjAyMA,4283,ucec_cptac_2020_mrna,C3L-00771,C3L-00771,ucec_cptac_2020,8.09
QzNMLTAwNzgwOnVjZWNfY3B0YWNfMjAyMA,QzNMLTAwNzgwOnVjZWNfY3B0YWNfMjAyMA,50943,ucec_cptac_2020_mrna,C3L-00780,C3L-00780,ucec_cptac_2020,4.01
QzNMLTAwNzgwOnVjZWNfY3B0YWNfMjAyMA,QzNMLTAwNzgwOnVjZWNfY3B0YWNfMjAyMA,3002,ucec_cptac_2020_mrna,C3L-00780,C3L-00780,ucec_cptac_2020,5.04
QzNMLTAwNzgwOnVjZWNfY3B0YWNfMjAyMA,QzNMLTAwNzgwOnVjZWNfY3B0YWNfMjAyMA,84868,ucec_cptac_2020_mrna,C3L-00780,C3L-00780,ucec_cptac_2020,9.35
QzNMLTAwNzgwOnVjZWNfY3B0YWNfMjAyMA,QzNMLTAwNzgwOnVjZWNfY3B0YWNfMjAyMA,3458,ucec_cptac_2020_mrna,C3L-00780,C3L-00780,ucec_cptac_2020,2.51
QzNMLTAwNzgwOnVjZWNfY3B0YWNfMjAyMA,QzNMLTAwNzgwOnVjZWNfY3B0YWNfMjAyMA,3394,ucec_cptac_2020_mrna,C3L-00780,C3L-00780,ucec_cptac_2020,9.92
QzNMLTAwNzgwOnVjZWNfY3B0YWNfMjAyMA,QzNMLTAwNzgwOnVjZWNfY3B0YWNfMjAyMA,3902,ucec_cptac_2020_mrna,C3L-00780,C3L-00780,ucec_cptac_2020,2.73
QzNMLTAwNzgwOnVjZWNfY3B0YWNfMjAyMA,QzNMLTAwNzgwOnVjZWNfY3B0YWNfMjAyMA,4118,ucec_cptac_2020_mrna,C3L-00780,C3L-00780,ucec_cptac_2020,5.47
QzNMLTAwNzgwOnVjZWNfY3B0YWNfMjAyMA,QzNMLTAwNzgwOnVjZWNfY3B0YWNfMjAyMA,94025,ucec_cptac_2020_mrna,C3L-00780,C3L-00780,ucec_cptac_2020,16.97
QzNMLTAwNzgwOnVjZWNfY3B0YWNfMjAyMA,QzNMLTAwNzgwOnVjZWNfY3B0YWNfMjAyMA,5133,ucec_cptac_2020_mrna,C3L-00780,C3L-00780,ucec_cptac_2020,4.91
QzNMLTAwNzgwOnVjZWNfY3B0YWNfMjAyMA,QzNMLTAwNzgwOnVjZWNfY3B0YWNfMjAyMA,55509,ucec_cptac_2020_mrna,C3L-00780,C3L-00780,ucec_cptac_2020,6.16
QzNMLTAwNzgwOnVjZWNfY3B0YWNfMjAyMA,QzNMLTAwNzgwOnVjZWNfY3B0YWNfMjAyMA,6772,ucec_cptac_2020_mrna,C3L-00780,C3L-00780,ucec_cptac_2020,12.56
QzNMLTAwNzgwOnVjZWNfY3B0YWNfMjAyMA,QzNMLTAwNzgwOnVjZWNfY3B0YWNfMjAyMA,7040,ucec_cptac_2020_mrna,C3L-00780,C3L-00780,ucec_cptac_2020,9.04
QzNMLTAwNzgwOnVjZWNfY3B0YWNfMjAyMA,QzNMLTAwNzgwOnVjZWNfY3B0YWNfMjAyMA,201633,ucec_cptac_2020_mrna,C3L-00780,C3L-00780,ucec_cptac_2020,6.34
QzNMLTAwNzgwOnVjZWNfY3B0YWNfMjAyMA,QzNMLTAwNzgwOnVjZWNfY3B0YWNfMjAyMA,79679,ucec_cptac_2020_mrna,C3L-00780,C3L-00780,ucec_cptac_2020,12.34
QzNMLTAwNzgwOnVjZWNfY3B0YWNfMjAyMA,QzNMLTAwNzgwOnVjZWNfY3B0YWNfMjAyMA,2829,ucec_cptac_2020_mrna,C3L-00780,C3L-00780,ucec_cptac_2020,3.5
QzNMLTAwNzgwOnVjZWNfY3B0YWNfMjAyMA,QzNMLTAwNzgwOnVjZWNfY3B0YWNfMjAyMA,898,ucec_cptac_2020_mrna,C3L-00780,C3L-00780,ucec_cptac_2020,7.02
QzNMLTAwNzgwOnVjZWNfY3B0YWNfMjAyMA,QzNMLTAwNzgwOnVjZWNfY3B0YWNfMjAyMA,925,ucec_cptac_2020_mrna,C3L-00780,C3L-00780,ucec_cptac_2020,6.42
QzNMLTAwNzgwOnVjZWNfY3B0YWNfMjAyMA,QzNMLTAwNzgwOnVjZWNfY3B0YWNfMjAyMA,968,ucec_cptac_2020_mrna,C3L-00780,C3L-00780,ucec_cptac_2020,11.29
QzNMLTAwNzgwOnVjZWNfY3B0YWNfMjAyMA,QzNMLTAwNzgwOnVjZWNfY3B0YWNfMjAyMA,29126,ucec_cptac_2020_mrna,C3L-00780,C3L-00780,ucec_cptac_2020,7.45
QzNMLTAwNzgwOnVjZWNfY3B0YWNfMjAyMA,QzNMLTAwNzgwOnVjZWNfY3B0YWNfMjAyMA,80381,ucec_cptac_2020_mrna,C3L-00780,C3L-00780,ucec_cptac_2020,11.49
QzNMLTAwNzgwOnVjZWNfY3B0YWNfMjAyMA,QzNMLTAwNzgwOnVjZWNfY3B0YWNfMjAyMA,9074,ucec_cptac_2020_mrna,C3L-00780,C3L-00780,ucec_cptac_2020,4.38
QzNMLTAwNzgwOnVjZWNfY3B0YWNfMjAyMA,QzNMLTAwNzgwOnVjZWNfY3B0YWNfMjAyMA,283420,ucec_cptac_2020_mrna,C3L-00780,C3L-00780,ucec_cptac_2020,3.92
QzNMLTAwNzgwOnVjZWNfY3B0YWNfMjAyMA,QzNMLTAwNzgwOnVjZWNfY3B0YWNfMjAyMA,1493,ucec_cptac_2020_mrna,C3L-00780,C3L-00780,ucec_cptac_2020,5.41
QzNMLTAwNzgwOnVjZWNfY3B0YWNfMjAyMA,QzNMLTAwNzgwOnVjZWNfY3B0YWNfMjAyMA,1515,ucec_cptac_2020_mrna,C3L-00780,C3L-00780,ucec_cptac_2020,10.36
QzNMLTAwNzgwOnVjZWNfY3B0YWNfMjAyMA,QzNMLTAwNzgwOnVjZWNfY3B0YWNfMjAyMA,4283,ucec_cptac_2020_mrna,C3L-00780,C3L-00780,ucec_cptac_2020,6.22
QzNMLTAwOTA1OnVjZWNfY3B0YWNfMjAyMA,QzNMLTAwOTA1OnVjZWNfY3B0YWNfMjAyMA,50943,ucec_cptac_2020_mrna,C3L-00905,C3L-00905,ucec_cptac_2020,5.14
QzNMLTAwOTA1OnVjZWNfY3B0YWNfMjAyMA,QzNMLTAwOTA1OnVjZWNfY3B0YWNfMjAyMA,3002,ucec_cptac_2020_mrna,C3L-00905,C3L-00905,ucec_cptac_2020,5.6
QzNMLTAwOTA1OnVjZWNfY3B0YWNfMjAyMA,QzNMLTAwOTA1OnVjZWNfY3B0YWNfMjAyMA,84868,ucec_cptac_2020_mrna,C3L-00905,C3L-00905,ucec_cptac_2020,8.14
QzNMLTAwOTA1OnVjZWNfY3B0YWNfMjAyMA,QzNMLTAwOTA1OnVjZWNfY3B0YWNfMjAyMA,3458,ucec_cptac_2020_mrna,C3L-00905,C3L-00905,ucec_cptac_2020,0.0
QzNMLTAwOTA1OnVjZWNfY3B0YWNfMjAyMA,QzNMLTAwOTA1OnVjZWNfY3B0YWNfMjAyMA,3394,ucec_cptac_2020_mrna,C3L-00905,C3L-00905,ucec_cptac_2020,7.71
QzNMLTAwOTA1OnVjZWNfY3B0YWNfMjAyMA,QzNMLTAwOTA1OnVjZWNfY3B0YWNfMjAyMA,3902,ucec_cptac_2020_mrna,C3L-00905,C3L-00905,ucec_cptac_2020,4.1
QzNMLTAwOTA1OnVjZWNfY3B0YWNfMjAyMA,QzNMLTAwOTA1OnVjZWNfY3B0YWNfMjAyMA,4118,ucec_cptac_2020_mrna,C3L-00905,C3L-00905,ucec_cptac_2020,7.34
QzNMLTAwOTA1OnVjZWNfY3B0YWNfMjAyMA,QzNMLTAwOTA1OnVjZWNfY3B0YWNfMjAyMA,94025,ucec_cptac_2020_mrna,C3L-00905,C3L-00905,ucec_cptac_2020,16.25
QzNMLTAwOTA1OnVjZWNfY3B0YWNfMjAyMA,QzNMLTAwOTA1OnVjZWNfY3B0YWNfMjAyMA,5133,ucec_cptac_2020_mrna,C3L-00905,C3L-00905,ucec_cptac_2020,4.1
QzNMLTAwOTA1OnVjZWNfY3B0YWNfMjAyMA,QzNMLTAwOTA1OnVjZWNfY3B0YWNfMjAyMA,55509,ucec_cptac_2020_mrna,C3L-00905,C3L-00905,ucec_cptac_2020,3.76
QzNMLTAwOTA1OnVjZWNfY3B0YWNfMjAyMA,QzNMLTAwOTA1OnVjZWNfY3B0YWNfMjAyMA,6772,ucec_cptac_2020_mrna,C3L-00905,C3L-00905,ucec_cptac_2020,14.84
QzNMLTAwOTA1OnVjZWNfY3B0YWNfMjAyMA,QzNMLTAwOTA1OnVjZWNfY3B0YWNfMjAyMA,7040,ucec_cptac_2020_mrna,C3L-00905,C3L-00905,ucec_cptac_2020,7.43
QzNMLTAwOTA1OnVjZWNfY3B0YWNfMjAyMA,QzNMLTAwOTA1OnVjZWNfY3B0YWNfMjAyMA,201633,ucec_cptac_2020_mrna,C3L-00905,C3L-00905,ucec_cptac_2020,6.4
QzNMLTAwOTA1OnVjZWNfY3B0YWNfMjAyMA,QzNMLTAwOTA1OnVjZWNfY3B0YWNfMjAyMA,79679,ucec_cptac_2020_mrna,C3L-00905,C3L-00905,ucec_cptac_2020,11.75
QzNMLTAwOTA1OnVjZWNfY3B0YWNfMjAyMA,QzNMLTAwOTA1OnVjZWNfY3B0YWNfMjAyMA,2829,ucec_cptac_2020_mrna,C3L-00905,C3L-00905,ucec_cptac_2020,2.68
QzNMLTAwOTA1OnVjZWNfY3B0YWNfMjAyMA,QzNMLTAwOTA1OnVjZWNfY3B0YWNfMjAyMA,898,ucec_cptac_2020_mrna,C3L-00905,C3L-00905,ucec_cptac_2020,8.57
QzNMLTAwOTA1OnVjZWNfY3B0YWNfMjAyMA,QzNMLTAwOTA1OnVjZWNfY3B0YWNfMjAyMA,925,ucec_cptac_2020_mrna,C3L-00905,C3L-00905,ucec_cptac_2020,6.27
QzNMLTAwOTA1OnVjZWNfY3B0YWNfMjAyMA,QzNMLTAwOTA1OnVjZWNfY3B0YWNfMjAyMA,968,ucec_cptac_2020_mrna,C3L-00905,C3L-00905,ucec_cptac_2020,10.19
QzNMLTAwOTA1OnVjZWNfY3B0YWNfMjAyMA,QzNMLTAwOTA1OnVjZWNfY3B0YWNfMjAyMA,29126,ucec_cptac_2020_mrna,C3L-00905,C3L-00905,ucec_cptac_2020,7.63
QzNMLTAwOTA1OnVjZWNfY3B0YWNfMjAyMA,QzNMLTAwOTA1OnVjZWNfY3B0YWNfMjAyMA,80381,ucec_cptac_2020_mrna,C3L-00905,C3L-00905,ucec_cptac_2020,11.41
QzNMLTAwOTA1OnVjZWNfY3B0YWNfMjAyMA,QzNMLTAwOTA1OnVjZWNfY3B0YWNfMjAyMA,9074,ucec_cptac_2020_mrna,C3L-00905,C3L-00905,ucec_cptac_2020,11.15
QzNMLTAwOTA1OnVjZWNfY3B0YWNfMjAyMA,QzNMLTAwOTA1OnVjZWNfY3B0YWNfMjAyMA,283420,ucec_cptac_2020_mrna,C3L-00905,C3L-00905,ucec_cptac_2020,0.0
QzNMLTAwOTA1OnVjZWNfY3B0YWNfMjAyMA,QzNMLTAwOTA1OnVjZWNfY3B0YWNfMjAyMA,1493,ucec_cptac_2020_mrna,C3L-00905,C3L-00905,ucec_cptac_2020,5.8
QzNMLTAwOTA1OnVjZWNfY3B0YWNfMjAyMA,QzNMLTAwOTA1OnVjZWNfY3B0YWNfMjAyMA,1515,ucec_cptac_2020_mrna,C3L-00905,C3L-00905,ucec_cptac_2020,12.01
QzNMLTAwOTA1OnVjZWNfY3B0YWNfMjAyMA,QzNMLTAwOTA1OnVjZWNfY3B0YWNfMjAyMA,4283,ucec_cptac_2020_mrna,C3L-00905,C3L-00905,ucec_cptac_2020,6.42
QzNMLTAwOTE4OnVjZWNfY3B0YWNfMjAyMA,QzNMLTAwOTE4OnVjZWNfY3B0YWNfMjAyMA,50943,ucec_cptac_2020_mrna,C3L-00918,C3L-00918,ucec_cptac_2020,5.1
QzNMLTAwOTE4OnVjZWNfY3B0YWNfMjAyMA,QzNMLTAwOTE4OnVjZWNfY3B0YWNfMjAyMA,3002,ucec_cptac_2020_mrna,C3L-00918,C3L-00918,ucec_cptac_2020,6.8
QzNMLTAwOTE4OnVjZWNfY3B0YWNfMjAyMA,QzNMLTAwOTE4OnVjZWNfY3B0YWNfMjAyMA,84868,ucec_cptac_2020_mrna,C3L-00918,C3L-00918,ucec_cptac_2020,8.99
QzNMLTAwOTE4OnVjZWNfY3B0YWNfMjAyMA,QzNMLTAwOTE4OnVjZWNfY3B0YWNfMjAyMA,3458,ucec_cptac_2020_mrna,C3L-00918,C3L-00918,ucec_cptac_2020,4.1
QzNMLTAwOTE4OnVjZWNfY3B0YWNfMjAyMA,QzNMLTAwOTE4OnVjZWNfY3B0YWNfMjAyMA,3394,ucec_cptac_2020_mrna,C3L-00918,C3L-00918,ucec_cptac_2020,9.15
QzNMLTAwOTE4OnVjZWNfY3B0YWNfMjAyMA,QzNMLTAwOTE4OnVjZWNfY3B0YWNfMjAyMA,3902,ucec_cptac_2020_mrna,C3L-00918,C3L-00918,ucec_cptac_2020,4.46
QzNMLTAwOTE4OnVjZWNfY3B0YWNfMjAyMA,QzNMLTAwOTE4OnVjZWNfY3B0YWNfMjAyMA,4118,ucec_cptac_2020_mrna,C3L-00918,C3L-00918,ucec_cptac_2020,6.89
QzNMLTAwOTE4OnVjZWNfY3B0YWNfMjAyMA,QzNMLTAwOTE4OnVjZWNfY3B0YWNfMjAyMA,94025,ucec_cptac_2020_mrna,C3L-00918,C3L-00918,ucec_cptac_2020,16.82
QzNMLTAwOTE4OnVjZWNfY3B0YWNfMjAyMA,QzNMLTAwOTE4OnVjZWNfY3B0YWNfMjAyMA,5133,ucec_cptac_2020_mrna,C3L-00918,C3L-00918,ucec_cptac_2020,4.87
QzNMLTAwOTE4OnVjZWNfY3B0YWNfMjAyMA,QzNMLTAwOTE4OnVjZWNfY3B0YWNfMjAyMA,55509,ucec_cptac_2020_mrna,C3L-00918,C3L-00918,ucec_cptac_2020,5.37
QzNMLTAwOTE4OnVjZWNfY3B0YWNfMjAyMA,QzNMLTAwOTE4OnVjZWNfY3B0YWNfMjAyMA,6772,ucec_cptac_2020_mrna,C3L-00918,C3L-00918,ucec_cptac_2020,13.65
QzNMLTAwOTE4OnVjZWNfY3B0YWNfMjAyMA,QzNMLTAwOTE4OnVjZWNfY3B0YWNfMjAyMA,7040,ucec_cptac_2020_mrna,C3L-00918,C3L-00918,ucec_cptac_2020,9.03
QzNMLTAwOTE4OnVjZWNfY3B0YWNfMjAyMA,QzNMLTAwOTE4OnVjZWNfY3B0YWNfMjAyMA,201633,ucec_cptac_2020_mrna,C3L-00918,C3L-00918,ucec_cptac_2020,7.49
QzNMLTAwOTE4OnVjZWNfY3B0YWNfMjAyMA,QzNMLTAwOTE4OnVjZWNfY3B0YWNfMjAyMA,79679,ucec_cptac_2020_mrna,C3L-00918,C3L-00918,ucec_cptac_2020,13.19
QzNMLTAwOTE4OnVjZWNfY3B0YWNfMjAyMA,QzNMLTAwOTE4OnVjZWNfY3B0YWNfMjAyMA,2829,ucec_cptac_2020_mrna,C3L-00918,C3L-00918,ucec_cptac_2020,3.05
QzNMLTAwOTE4OnVjZWNfY3B0YWNfMjAyMA,QzNMLTAwOTE4OnVjZWNfY3B0YWNfMjAyMA,898,ucec_cptac_2020_mrna,C3L-00918,C3L-00918,ucec_cptac_2020,8.28
QzNMLTAwOTE4OnVjZWNfY3B0YWNfMjAyMA,QzNMLTAwOTE4OnVjZWNfY3B0YWNfMjAyMA,925,ucec_cptac_2020_mrna,C3L-00918,C3L-00918,ucec_cptac_2020,7.18
QzNMLTAwOTE4OnVjZWNfY3B0YWNfMjAyMA,QzNMLTAwOTE4OnVjZWNfY3B0YWNfMjAyMA,968,ucec_cptac_2020_mrna,C3L-00918,C3L-00918,ucec_cptac_2020,11.56
QzNMLTAwOTE4OnVjZWNfY3B0YWNfMjAyMA,QzNMLTAwOTE4OnVjZWNfY3B0YWNfMjAyMA,29126,ucec_cptac_2020_mrna,C3L-00918,C3L-00918,ucec_cptac_2020,7.81
QzNMLTAwOTE4OnVjZWNfY3B0YWNfMjAyMA,QzNMLTAwOTE4OnVjZWNfY3B0YWNfMjAyMA,80381,ucec_cptac_2020_mrna,C3L-00918,C3L-00918,ucec_cptac_2020,11.91
QzNMLTAwOTE4OnVjZWNfY3B0YWNfMjAyMA,QzNMLTAwOTE4OnVjZWNfY3B0YWNfMjAyMA,9074,ucec_cptac_2020_mrna,C3L-00918,C3L-00918,ucec_cptac_2020,4.29
QzNMLTAwOTE4OnVjZWNfY3B0YWNfMjAyMA,QzNMLTAwOTE4OnVjZWNfY3B0YWNfMjAyMA,283420,ucec_cptac_2020_mrna,C3L-00918,C3L-00918,ucec_cptac_2020,3.71
QzNMLTAwOTE4OnVjZWNfY3B0YWNfMjAyMA,QzNMLTAwOTE4OnVjZWNfY3B0YWNfMjAyMA,1493,ucec_cptac_2020_mrna,C3L-00918,C3L-00918,ucec_cptac_2020,6.5
QzNMLTAwOTE4OnVjZWNfY3B0YWNfMjAyMA,QzNMLTAwOTE4OnVjZWNfY3B0YWNfMjAyMA,1515,ucec_cptac_2020_mrna,C3L-00918,C3L-00918,ucec_cptac_2020,10.91
QzNMLTAwOTE4OnVjZWNfY3B0YWNfMjAyMA,QzNMLTAwOTE4OnVjZWNfY3B0YWNfMjAyMA,4283,ucec_cptac_2020_mrna,C3L-00918,C3L-00918,ucec_cptac_2020,9.34
QzNMLTAwOTIxOnVjZWNfY3B0YWNfMjAyMA,QzNMLTAwOTIxOnVjZWNfY3B0YWNfMjAyMA,50943,ucec_cptac_2020_mrna,C3L-00921,C3L-00921,ucec_cptac_2020,5.38
QzNMLTAwOTIxOnVjZWNfY3B0YWNfMjAyMA,QzNMLTAwOTIxOnVjZWNfY3B0YWNfMjAyMA,3002,ucec_cptac_2020_mrna,C3L-00921,C3L-00921,ucec_cptac_2020,5.82
QzNMLTAwOTIxOnVjZWNfY3B0YWNfMjAyMA,QzNMLTAwOTIxOnVjZWNfY3B0YWNfMjAyMA,84868,ucec_cptac_2020_mrna,C3L-00921,C3L-00921,ucec_cptac_2020,8.77
QzNMLTAwOTIxOnVjZWNfY3B0YWNfMjAyMA,QzNMLTAwOTIxOnVjZWNfY3B0YWNfMjAyMA,3458,ucec_cptac_2020_mrna,C3L-00921,C3L-00921,ucec_cptac_2020,3.63
QzNMLTAwOTIxOnVjZWNfY3B0YWNfMjAyMA,QzNMLTAwOTIxOnVjZWNfY3B0YWNfMjAyMA,3394,ucec_cptac_2020_mrna,C3L-00921,C3L-00921,ucec_cptac_2020,9.13
QzNMLTAwOTIxOnVjZWNfY3B0YWNfMjAyMA,QzNMLTAwOTIxOnVjZWNfY3B0YWNfMjAyMA,3902,ucec_cptac_2020_mrna,C3L-00921,C3L-00921,ucec_cptac_2020,4.36
QzNMLTAwOTIxOnVjZWNfY3B0YWNfMjAyMA,QzNMLTAwOTIxOnVjZWNfY3B0YWNfMjAyMA,4118,ucec_cptac_2020_mrna,C3L-00921,C3L-00921,ucec_cptac_2020,5.86
QzNMLTAwOTIxOnVjZWNfY3B0YWNfMjAyMA,QzNMLTAwOTIxOnVjZWNfY3B0YWNfMjAyMA,94025,ucec_cptac_2020_mrna,C3L-00921,C3L-00921,ucec_cptac_2020,18.01
QzNMLTAwOTIxOnVjZWNfY3B0YWNfMjAyMA,QzNMLTAwOTIxOnVjZWNfY3B0YWNfMjAyMA,5133,ucec_cptac_2020_mrna,C3L-00921,C3L-00921,ucec_cptac_2020,3.43
QzNMLTAwOTIxOnVjZWNfY3B0YWNfMjAyMA,QzNMLTAwOTIxOnVjZWNfY3B0YWNfMjAyMA,55509,ucec_cptac_2020_mrna,C3L-00921,C3L-00921,ucec_cptac_2020,4.57
QzNMLTAwOTIxOnVjZWNfY3B0YWNfMjAyMA,QzNMLTAwOTIxOnVjZWNfY3B0YWNfMjAyMA,6772,ucec_cptac_2020_mrna,C3L-00921,C3L-00921,ucec_cptac_2020,12.28
QzNMLTAwOTIxOnVjZWNfY3B0YWNfMjAyMA,QzNMLTAwOTIxOnVjZWNfY3B0YWNfMjAyMA,7040,ucec_cptac_2020_mrna,C3L-00921,C3L-00921,ucec_cptac_2020,8.84
QzNMLTAwOTIxOnVjZWNfY3B0YWNfMjAyMA,QzNMLTAwOTIxOnVjZWNfY3B0YWNfMjAyMA,201633,ucec_cptac_2020_mrna,C3L-00921,C3L-00921,ucec_cptac_2020,6.6
QzNMLTAwOTIxOnVjZWNfY3B0YWNfMjAyMA,QzNMLTAwOTIxOnVjZWNfY3B0YWNfMjAyMA,79679,ucec_cptac_2020_mrna,C3L-00921,C3L-00921,ucec_cptac_2020,12.85
QzNMLTAwOTIxOnVjZWNfY3B0YWNfMjAyMA,QzNMLTAwOTIxOnVjZWNfY3B0YWNfMjAyMA,2829,ucec_cptac_2020_mrna,C3L-00921,C3L-00921,ucec_cptac_2020,4.67
QzNMLTAwOTIxOnVjZWNfY3B0YWNfMjAyMA,QzNMLTAwOTIxOnVjZWNfY3B0YWNfMjAyMA,898,ucec_cptac_2020_mrna,C3L-00921,C3L-00921,ucec_cptac_2020,8.0
QzNMLTAwOTIxOnVjZWNfY3B0YWNfMjAyMA,QzNMLTAwOTIxOnVjZWNfY3B0YWNfMjAyMA,925,ucec_cptac_2020_mrna,C3L-00921,C3L-00921,ucec_cptac_2020,7.57
QzNMLTAwOTIxOnVjZWNfY3B0YWNfMjAyMA,QzNMLTAwOTIxOnVjZWNfY3B0YWNfMjAyMA,968,ucec_cptac_2020_mrna,C3L-00921,C3L-00921,ucec_cptac_2020,10.37
QzNMLTAwOTIxOnVjZWNfY3B0YWNfMjAyMA,QzNMLTAwOTIxOnVjZWNfY3B0YWNfMjAyMA,29126,ucec_cptac_2020_mrna,C3L-00921,C3L-00921,ucec_cptac_2020,6.63
QzNMLTAwOTIxOnVjZWNfY3B0YWNfMjAyMA,QzNMLTAwOTIxOnVjZWNfY3B0YWNfMjAyMA,80381,ucec_cptac_2020_mrna,C3L-00921,C3L-00921,ucec_cptac_2020,11.44
QzNMLTAwOTIxOnVjZWNfY3B0YWNfMjAyMA,QzNMLTAwOTIxOnVjZWNfY3B0YWNfMjAyMA,9074,ucec_cptac_2020_mrna,C3L-00921,C3L-00921,ucec_cptac_2020,4.67
QzNMLTAwOTIxOnVjZWNfY3B0YWNfMjAyMA,QzNMLTAwOTIxOnVjZWNfY3B0YWNfMjAyMA,283420,ucec_cptac_2020_mrna,C3L-00921,C3L-00921,ucec_cptac_2020,5.07
QzNMLTAwOTIxOnVjZWNfY3B0YWNfMjAyMA,QzNMLTAwOTIxOnVjZWNfY3B0YWNfMjAyMA,1493,ucec_cptac_2020_mrna,C3L-00921,C3L-00921,ucec_cptac_2020,3.81
QzNMLTAwOTIxOnVjZWNfY3B0YWNfMjAyMA,QzNMLTAwOTIxOnVjZWNfY3B0YWNfMjAyMA,1515,ucec_cptac_2020_mrna,C3L-00921,C3L-00921,ucec_cptac_2020,14.06
QzNMLTAwOTIxOnVjZWNfY3B0YWNfMjAyMA,QzNMLTAwOTIxOnVjZWNfY3B0YWNfMjAyMA,4283,ucec_cptac_2020_mrna,C3L-00921,C3L-00921,ucec_cptac_2020,7.11
QzNMLTAwOTMyOnVjZWNfY3B0YWNfMjAyMA,QzNMLTAwOTMyOnVjZWNfY3B0YWNfMjAyMA,50943,ucec_cptac_2020_mrna,C3L-00932,C3L-00932,ucec_cptac_2020,4.07
QzNMLTAwOTMyOnVjZWNfY3B0YWNfMjAyMA,QzNMLTAwOTMyOnVjZWNfY3B0YWNfMjAyMA,3002,ucec_cptac_2020_mrna,C3L-00932,C3L-00932,ucec_cptac_2020,4.17
QzNMLTAwOTMyOnVjZWNfY3B0YWNfMjAyMA,QzNMLTAwOTMyOnVjZWNfY3B0YWNfMjAyMA,84868,ucec_cptac_2020_mrna,C3L-00932,C3L-00932,ucec_cptac_2020,7.8
QzNMLTAwOTMyOnVjZWNfY3B0YWNfMjAyMA,QzNMLTAwOTMyOnVjZWNfY3B0YWNfMjAyMA,3458,ucec_cptac_2020_mrna,C3L-00932,C3L-00932,ucec_cptac_2020,2.13
QzNMLTAwOTMyOnVjZWNfY3B0YWNfMjAyMA,QzNMLTAwOTMyOnVjZWNfY3B0YWNfMjAyMA,3394,ucec_cptac_2020_mrna,C3L-00932,C3L-00932,ucec_cptac_2020,8.87
QzNMLTAwOTMyOnVjZWNfY3B0YWNfMjAyMA,QzNMLTAwOTMyOnVjZWNfY3B0YWNfMjAyMA,3902,ucec_cptac_2020_mrna,C3L-00932,C3L-00932,ucec_cptac_2020,4.63
QzNMLTAwOTMyOnVjZWNfY3B0YWNfMjAyMA,QzNMLTAwOTMyOnVjZWNfY3B0YWNfMjAyMA,4118,ucec_cptac_2020_mrna,C3L-00932,C3L-00932,ucec_cptac_2020,4.25
QzNMLTAwOTMyOnVjZWNfY3B0YWNfMjAyMA,QzNMLTAwOTMyOnVjZWNfY3B0YWNfMjAyMA,94025,ucec_cptac_2020_mrna,C3L-00932,C3L-00932,ucec_cptac_2020,13.22
QzNMLTAwOTMyOnVjZWNfY3B0YWNfMjAyMA,QzNMLTAwOTMyOnVjZWNfY3B0YWNfMjAyMA,5133,ucec_cptac_2020_mrna,C3L-00932,C3L-00932,ucec_cptac_2020,3.75
QzNMLTAwOTMyOnVjZWNfY3B0YWNfMjAyMA,QzNMLTAwOTMyOnVjZWNfY3B0YWNfMjAyMA,55509,ucec_cptac_2020_mrna,C3L-00932,C3L-00932,ucec_cptac_2020,4.07
QzNMLTAwOTMyOnVjZWNfY3B0YWNfMjAyMA,QzNMLTAwOTMyOnVjZWNfY3B0YWNfMjAyMA,6772,ucec_cptac_2020_mrna,C3L-00932,C3L-00932,ucec_cptac_2020,12.54
QzNMLTAwOTMyOnVjZWNfY3B0YWNfMjAyMA,QzNMLTAwOTMyOnVjZWNfY3B0YWNfMjAyMA,7040,ucec_cptac_2020_mrna,C3L-00932,C3L-00932,ucec_cptac_2020,8.38
QzNMLTAwOTMyOnVjZWNfY3B0YWNfMjAyMA,QzNMLTAwOTMyOnVjZWNfY3B0YWNfMjAyMA,201633,ucec_cptac_2020_mrna,C3L-00932,C3L-00932,ucec_cptac_2020,6.63
QzNMLTAwOTMyOnVjZWNfY3B0YWNfMjAyMA,QzNMLTAwOTMyOnVjZWNfY3B0YWNfMjAyMA,79679,ucec_cptac_2020_mrna,C3L-00932,C3L-00932,ucec_cptac_2020,11.85
QzNMLTAwOTMyOnVjZWNfY3B0YWNfMjAyMA,QzNMLTAwOTMyOnVjZWNfY3B0YWNfMjAyMA,2829,ucec_cptac_2020_mrna,C3L-00932,C3L-00932,ucec_cptac_2020,2.96
QzNMLTAwOTMyOnVjZWNfY3B0YWNfMjAyMA,QzNMLTAwOTMyOnVjZWNfY3B0YWNfMjAyMA,898,ucec_cptac_2020_mrna,C3L-00932,C3L-00932,ucec_cptac_2020,7.08
QzNMLTAwOTMyOnVjZWNfY3B0YWNfMjAyMA,QzNMLTAwOTMyOnVjZWNfY3B0YWNfMjAyMA,925,ucec_cptac_2020_mrna,C3L-00932,C3L-00932,ucec_cptac_2020,7.69
QzNMLTAwOTMyOnVjZWNfY3B0YWNfMjAyMA,QzNMLTAwOTMyOnVjZWNfY3B0YWNfMjAyMA,968,ucec_cptac_2020_mrna,C3L-00932,C3L-00932,ucec_cptac_2020,9.57
QzNMLTAwOTMyOnVjZWNfY3B0YWNfMjAyMA,QzNMLTAwOTMyOnVjZWNfY3B0YWNfMjAyMA,29126,ucec_cptac_2020_mrna,C3L-00932,C3L-00932,ucec_cptac_2020,6.87
QzNMLTAwOTMyOnVjZWNfY3B0YWNfMjAyMA,QzNMLTAwOTMyOnVjZWNfY3B0YWNfMjAyMA,80381,ucec_cptac_2020_mrna,C3L-00932,C3L-00932,ucec_cptac_2020,10.56
QzNMLTAwOTMyOnVjZWNfY3B0YWNfMjAyMA,QzNMLTAwOTMyOnVjZWNfY3B0YWNfMjAyMA,9074,ucec_cptac_2020_mrna,C3L-00932,C3L-00932,ucec_cptac_2020,3.33
QzNMLTAwOTMyOnVjZWNfY3B0YWNfMjAyMA,QzNMLTAwOTMyOnVjZWNfY3B0YWNfMjAyMA,283420,ucec_cptac_2020_mrna,C3L-00932,C3L-00932,ucec_cptac_2020,3.48
QzNMLTAwOTMyOnVjZWNfY3B0YWNfMjAyMA,QzNMLTAwOTMyOnVjZWNfY3B0YWNfMjAyMA,1493,ucec_cptac_2020_mrna,C3L-00932,C3L-00932,ucec_cptac_2020,5.3
QzNMLTAwOTMyOnVjZWNfY3B0YWNfMjAyMA,QzNMLTAwOTMyOnVjZWNfY3B0YWNfMjAyMA,1515,ucec_cptac_2020_mrna,C3L-00932,C3L-00932,ucec_cptac_2020,12.33
QzNMLTAwOTMyOnVjZWNfY3B0YWNfMjAyMA,QzNMLTAwOTMyOnVjZWNfY3B0YWNfMjAyMA,4283,ucec_cptac_2020_mrna,C3L-00932,C3L-00932,ucec_cptac_2020,7.29
QzNMLTAwOTQyOnVjZWNfY3B0YWNfMjAyMA,QzNMLTAwOTQyOnVjZWNfY3B0YWNfMjAyMA,50943,ucec_cptac_2020_mrna,C3L-00942,C3L-00942,ucec_cptac_2020,5.68
QzNMLTAwOTQyOnVjZWNfY3B0YWNfMjAyMA,QzNMLTAwOTQyOnVjZWNfY3B0YWNfMjAyMA,3002,ucec_cptac_2020_mrna,C3L-00942,C3L-00942,ucec_cptac_2020,5.6
QzNMLTAwOTQyOnVjZWNfY3B0YWNfMjAyMA,QzNMLTAwOTQyOnVjZWNfY3B0YWNfMjAyMA,84868,ucec_cptac_2020_mrna,C3L-00942,C3L-00942,ucec_cptac_2020,8.59
QzNMLTAwOTQyOnVjZWNfY3B0YWNfMjAyMA,QzNMLTAwOTQyOnVjZWNfY3B0YWNfMjAyMA,3458,ucec_cptac_2020_mrna,C3L-00942,C3L-00942,ucec_cptac_2020,4.59
QzNMLTAwOTQyOnVjZWNfY3B0YWNfMjAyMA,QzNMLTAwOTQyOnVjZWNfY3B0YWNfMjAyMA,3394,ucec_cptac_2020_mrna,C3L-00942,C3L-00942,ucec_cptac_2020,9.39
QzNMLTAwOTQyOnVjZWNfY3B0YWNfMjAyMA,QzNMLTAwOTQyOnVjZWNfY3B0YWNfMjAyMA,3902,ucec_cptac_2020_mrna,C3L-00942,C3L-00942,ucec_cptac_2020,5.43
QzNMLTAwOTQyOnVjZWNfY3B0YWNfMjAyMA,QzNMLTAwOTQyOnVjZWNfY3B0YWNfMjAyMA,4118,ucec_cptac_2020_mrna,C3L-00942,C3L-00942,ucec_cptac_2020,7.6
QzNMLTAwOTQyOnVjZWNfY3B0YWNfMjAyMA,QzNMLTAwOTQyOnVjZWNfY3B0YWNfMjAyMA,94025,ucec_cptac_2020_mrna,C3L-00942,C3L-00942,ucec_cptac_2020,12.91
QzNMLTAwOTQyOnVjZWNfY3B0YWNfMjAyMA,QzNMLTAwOTQyOnVjZWNfY3B0YWNfMjAyMA,5133,ucec_cptac_2020_mrna,C3L-00942,C3L-00942,ucec_cptac_2020,6.37
QzNMLTAwOTQyOnVjZWNfY3B0YWNfMjAyMA,QzNMLTAwOTQyOnVjZWNfY3B0YWNfMjAyMA,55509,ucec_cptac_2020_mrna,C3L-00942,C3L-00942,ucec_cptac_2020,3.72
QzNMLTAwOTQyOnVjZWNfY3B0YWNfMjAyMA,QzNMLTAwOTQyOnVjZWNfY3B0YWNfMjAyMA,6772,ucec_cptac_2020_mrna,C3L-00942,C3L-00942,ucec_cptac_2020,13.07
QzNMLTAwOTQyOnVjZWNfY3B0YWNfMjAyMA,QzNMLTAwOTQyOnVjZWNfY3B0YWNfMjAyMA,7040,ucec_cptac_2020_mrna,C3L-00942,C3L-00942,ucec_cptac_2020,8.41
QzNMLTAwOTQyOnVjZWNfY3B0YWNfMjAyMA,QzNMLTAwOTQyOnVjZWNfY3B0YWNfMjAyMA,201633,ucec_cptac_2020_mrna,C3L-00942,C3L-00942,ucec_cptac_2020,8.11
QzNMLTAwOTQyOnVjZWNfY3B0YWNfMjAyMA,QzNMLTAwOTQyOnVjZWNfY3B0YWNfMjAyMA,79679,ucec_cptac_2020_mrna,C3L-00942,C3L-00942,ucec_cptac_2020,11.77
QzNMLTAwOTQyOnVjZWNfY3B0YWNfMjAyMA,QzNMLTAwOTQyOnVjZWNfY3B0YWNfMjAyMA,2829,ucec_cptac_2020_mrna,C3L-00942,C3L-00942,ucec_cptac_2020,2.68
QzNMLTAwOTQyOnVjZWNfY3B0YWNfMjAyMA,QzNMLTAwOTQyOnVjZWNfY3B0YWNfMjAyMA,898,ucec_cptac_2020_mrna,C3L-00942,C3L-00942,ucec_cptac_2020,6.79
QzNMLTAwOTQyOnVjZWNfY3B0YWNfMjAyMA,QzNMLTAwOTQyOnVjZWNfY3B0YWNfMjAyMA,925,ucec_cptac_2020_mrna,C3L-00942,C3L-00942,ucec_cptac_2020,8.36
QzNMLTAwOTQyOnVjZWNfY3B0YWNfMjAyMA,QzNMLTAwOTQyOnVjZWNfY3B0YWNfMjAyMA,968,ucec_cptac_2020_mrna,C3L-00942,C3L-00942,ucec_cptac_2020,10.45
QzNMLTAwOTQyOnVjZWNfY3B0YWNfMjAyMA,QzNMLTAwOTQyOnVjZWNfY3B0YWNfMjAyMA,29126,ucec_cptac_2020_mrna,C3L-00942,C3L-00942,ucec_cptac_2020,7.9
QzNMLTAwOTQyOnVjZWNfY3B0YWNfMjAyMA,QzNMLTAwOTQyOnVjZWNfY3B0YWNfMjAyMA,80381,ucec_cptac_2020_mrna,C3L-00942,C3L-00942,ucec_cptac_2020,11.13
QzNMLTAwOTQyOnVjZWNfY3B0YWNfMjAyMA,QzNMLTAwOTQyOnVjZWNfY3B0YWNfMjAyMA,9074,ucec_cptac_2020_mrna,C3L-00942,C3L-00942,ucec_cptac_2020,4.22
QzNMLTAwOTQyOnVjZWNfY3B0YWNfMjAyMA,QzNMLTAwOTQyOnVjZWNfY3B0YWNfMjAyMA,283420,ucec_cptac_2020_mrna,C3L-00942,C3L-00942,ucec_cptac_2020,4.42
QzNMLTAwOTQyOnVjZWNfY3B0YWNfMjAyMA,QzNMLTAwOTQyOnVjZWNfY3B0YWNfMjAyMA,1493,ucec_cptac_2020_mrna,C3L-00942,C3L-00942,ucec_cptac_2020,7.37
QzNMLTAwOTQyOnVjZWNfY3B0YWNfMjAyMA,QzNMLTAwOTQyOnVjZWNfY3B0YWNfMjAyMA,1515,ucec_cptac_2020_mrna,C3L-00942,C3L-00942,ucec_cptac_2020,11.3
QzNMLTAwOTQyOnVjZWNfY3B0YWNfMjAyMA,QzNMLTAwOTQyOnVjZWNfY3B0YWNfMjAyMA,4283,ucec_cptac_2020_mrna,C3L-00942,C3L-00942,ucec_cptac_2020,10.11
QzNMLTAwOTQ2OnVjZWNfY3B0YWNfMjAyMA,QzNMLTAwOTQ2OnVjZWNfY3B0YWNfMjAyMA,50943,ucec_cptac_2020_mrna,C3L-00946,C3L-00946,ucec_cptac_2020,4.89
QzNMLTAwOTQ2OnVjZWNfY3B0YWNfMjAyMA,QzNMLTAwOTQ2OnVjZWNfY3B0YWNfMjAyMA,3002,ucec_cptac_2020_mrna,C3L-00946,C3L-00946,ucec_cptac_2020,7.79
QzNMLTAwOTQ2OnVjZWNfY3B0YWNfMjAyMA,QzNMLTAwOTQ2OnVjZWNfY3B0YWNfMjAyMA,84868,ucec_cptac_2020_mrna,C3L-00946,C3L-00946,ucec_cptac_2020,8.44
QzNMLTAwOTQ2OnVjZWNfY3B0YWNfMjAyMA,QzNMLTAwOTQ2OnVjZWNfY3B0YWNfMjAyMA,3458,ucec_cptac_2020_mrna,C3L-00946,C3L-00946,ucec_cptac_2020,2.11
QzNMLTAwOTQ2OnVjZWNfY3B0YWNfMjAyMA,QzNMLTAwOTQ2OnVjZWNfY3B0YWNfMjAyMA,3394,ucec_cptac_2020_mrna,C3L-00946,C3L-00946,ucec_cptac_2020,8.32
QzNMLTAwOTQ2OnVjZWNfY3B0YWNfMjAyMA,QzNMLTAwOTQ2OnVjZWNfY3B0YWNfMjAyMA,3902,ucec_cptac_2020_mrna,C3L-00946,C3L-00946,ucec_cptac_2020,4.82
QzNMLTAwOTQ2OnVjZWNfY3B0YWNfMjAyMA,QzNMLTAwOTQ2OnVjZWNfY3B0YWNfMjAyMA,4118,ucec_cptac_2020_mrna,C3L-00946,C3L-00946,ucec_cptac_2020,6.67
QzNMLTAwOTQ2OnVjZWNfY3B0YWNfMjAyMA,QzNMLTAwOTQ2OnVjZWNfY3B0YWNfMjAyMA,94025,ucec_cptac_2020_mrna,C3L-00946,C3L-00946,ucec_cptac_2020,16.44
QzNMLTAwOTQ2OnVjZWNfY3B0YWNfMjAyMA,QzNMLTAwOTQ2OnVjZWNfY3B0YWNfMjAyMA,5133,ucec_cptac_2020_mrna,C3L-00946,C3L-00946,ucec_cptac_2020,3.27
QzNMLTAwOTQ2OnVjZWNfY3B0YWNfMjAyMA,QzNMLTAwOTQ2OnVjZWNfY3B0YWNfMjAyMA,55509,ucec_cptac_2020_mrna,C3L-00946,C3L-00946,ucec_cptac_2020,4.43
QzNMLTAwOTQ2OnVjZWNfY3B0YWNfMjAyMA,QzNMLTAwOTQ2OnVjZWNfY3B0YWNfMjAyMA,6772,ucec_cptac_2020_mrna,C3L-00946,C3L-00946,ucec_cptac_2020,13.87
QzNMLTAwOTQ2OnVjZWNfY3B0YWNfMjAyMA,QzNMLTAwOTQ2OnVjZWNfY3B0YWNfMjAyMA,7040,ucec_cptac_2020_mrna,C3L-00946,C3L-00946,ucec_cptac_2020,8.26
QzNMLTAwOTQ2OnVjZWNfY3B0YWNfMjAyMA,QzNMLTAwOTQ2OnVjZWNfY3B0YWNfMjAyMA,201633,ucec_cptac_2020_mrna,C3L-00946,C3L-00946,ucec_cptac_2020,6.75
QzNMLTAwOTQ2OnVjZWNfY3B0YWNfMjAyMA,QzNMLTAwOTQ2OnVjZWNfY3B0YWNfMjAyMA,79679,ucec_cptac_2020_mrna,C3L-00946,C3L-00946,ucec_cptac_2020,12.25
QzNMLTAwOTQ2OnVjZWNfY3B0YWNfMjAyMA,QzNMLTAwOTQ2OnVjZWNfY3B0YWNfMjAyMA,2829,ucec_cptac_2020_mrna,C3L-00946,C3L-00946,ucec_cptac_2020,2.11
QzNMLTAwOTQ2OnVjZWNfY3B0YWNfMjAyMA,QzNMLTAwOTQ2OnVjZWNfY3B0YWNfMjAyMA,898,ucec_cptac_2020_mrna,C3L-00946,C3L-00946,ucec_cptac_2020,8.45
QzNMLTAwOTQ2OnVjZWNfY3B0YWNfMjAyMA,QzNMLTAwOTQ2OnVjZWNfY3B0YWNfMjAyMA,925,ucec_cptac_2020_mrna,C3L-00946,C3L-00946,ucec_cptac_2020,7.02
QzNMLTAwOTQ2OnVjZWNfY3B0YWNfMjAyMA,QzNMLTAwOTQ2OnVjZWNfY3B0YWNfMjAyMA,968,ucec_cptac_2020_mrna,C3L-00946,C3L-00946,ucec_cptac_2020,11.1
QzNMLTAwOTQ2OnVjZWNfY3B0YWNfMjAyMA,QzNMLTAwOTQ2OnVjZWNfY3B0YWNfMjAyMA,29126,ucec_cptac_2020_mrna,C3L-00946,C3L-00946,ucec_cptac_2020,7.57
QzNMLTAwOTQ2OnVjZWNfY3B0YWNfMjAyMA,QzNMLTAwOTQ2OnVjZWNfY3B0YWNfMjAyMA,80381,ucec_cptac_2020_mrna,C3L-00946,C3L-00946,ucec_cptac_2020,11.45
QzNMLTAwOTQ2OnVjZWNfY3B0YWNfMjAyMA,QzNMLTAwOTQ2OnVjZWNfY3B0YWNfMjAyMA,9074,ucec_cptac_2020_mrna,C3L-00946,C3L-00946,ucec_cptac_2020,4.56
QzNMLTAwOTQ2OnVjZWNfY3B0YWNfMjAyMA,QzNMLTAwOTQ2OnVjZWNfY3B0YWNfMjAyMA,283420,ucec_cptac_2020_mrna,C3L-00946,C3L-00946,ucec_cptac_2020,2.66
QzNMLTAwOTQ2OnVjZWNfY3B0YWNfMjAyMA,QzNMLTAwOTQ2OnVjZWNfY3B0YWNfMjAyMA,1493,ucec_cptac_2020_mrna,C3L-00946,C3L-00946,ucec_cptac_2020,6.47
QzNMLTAwOTQ2OnVjZWNfY3B0YWNfMjAyMA,QzNMLTAwOTQ2OnVjZWNfY3B0YWNfMjAyMA,1515,ucec_cptac_2020_mrna,C3L-00946,C3L-00946,ucec_cptac_2020,11.33
QzNMLTAwOTQ2OnVjZWNfY3B0YWNfMjAyMA,QzNMLTAwOTQ2OnVjZWNfY3B0YWNfMjAyMA,4283,ucec_cptac_2020_mrna,C3L-00946,C3L-00946,ucec_cptac_2020,8.59
QzNMLTAwOTQ3OnVjZWNfY3B0YWNfMjAyMA,QzNMLTAwOTQ3OnVjZWNfY3B0YWNfMjAyMA,50943,ucec_cptac_2020_mrna,C3L-00947,C3L-00947,ucec_cptac_2020,3.83
QzNMLTAwOTQ3OnVjZWNfY3B0YWNfMjAyMA,QzNMLTAwOTQ3OnVjZWNfY3B0YWNfMjAyMA,3002,ucec_cptac_2020_mrna,C3L-00947,C3L-00947,ucec_cptac_2020,7.81
QzNMLTAwOTQ3OnVjZWNfY3B0YWNfMjAyMA,QzNMLTAwOTQ3OnVjZWNfY3B0YWNfMjAyMA,84868,ucec_cptac_2020_mrna,C3L-00947,C3L-00947,ucec_cptac_2020,9.21
QzNMLTAwOTQ3OnVjZWNfY3B0YWNfMjAyMA,QzNMLTAwOTQ3OnVjZWNfY3B0YWNfMjAyMA,3458,ucec_cptac_2020_mrna,C3L-00947,C3L-00947,ucec_cptac_2020,4.04
QzNMLTAwOTQ3OnVjZWNfY3B0YWNfMjAyMA,QzNMLTAwOTQ3OnVjZWNfY3B0YWNfMjAyMA,3394,ucec_cptac_2020_mrna,C3L-00947,C3L-00947,ucec_cptac_2020,8.32
QzNMLTAwOTQ3OnVjZWNfY3B0YWNfMjAyMA,QzNMLTAwOTQ3OnVjZWNfY3B0YWNfMjAyMA,3902,ucec_cptac_2020_mrna,C3L-00947,C3L-00947,ucec_cptac_2020,4.93
QzNMLTAwOTQ3OnVjZWNfY3B0YWNfMjAyMA,QzNMLTAwOTQ3OnVjZWNfY3B0YWNfMjAyMA,4118,ucec_cptac_2020_mrna,C3L-00947,C3L-00947,ucec_cptac_2020,7.23
QzNMLTAwOTQ3OnVjZWNfY3B0YWNfMjAyMA,QzNMLTAwOTQ3OnVjZWNfY3B0YWNfMjAyMA,94025,ucec_cptac_2020_mrna,C3L-00947,C3L-00947,ucec_cptac_2020,12.99
QzNMLTAwOTQ3OnVjZWNfY3B0YWNfMjAyMA,QzNMLTAwOTQ3OnVjZWNfY3B0YWNfMjAyMA,5133,ucec_cptac_2020_mrna,C3L-00947,C3L-00947,ucec_cptac_2020,8.4
QzNMLTAwOTQ3OnVjZWNfY3B0YWNfMjAyMA,QzNMLTAwOTQ3OnVjZWNfY3B0YWNfMjAyMA,55509,ucec_cptac_2020_mrna,C3L-00947,C3L-00947,ucec_cptac_2020,4.48
QzNMLTAwOTQ3OnVjZWNfY3B0YWNfMjAyMA,QzNMLTAwOTQ3OnVjZWNfY3B0YWNfMjAyMA,6772,ucec_cptac_2020_mrna,C3L-00947,C3L-00947,ucec_cptac_2020,13.41
QzNMLTAwOTQ3OnVjZWNfY3B0YWNfMjAyMA,QzNMLTAwOTQ3OnVjZWNfY3B0YWNfMjAyMA,7040,ucec_cptac_2020_mrna,C3L-00947,C3L-00947,ucec_cptac_2020,9.0
QzNMLTAwOTQ3OnVjZWNfY3B0YWNfMjAyMA,QzNMLTAwOTQ3OnVjZWNfY3B0YWNfMjAyMA,201633,ucec_cptac_2020_mrna,C3L-00947,C3L-00947,ucec_cptac_2020,6.45
QzNMLTAwOTQ3OnVjZWNfY3B0YWNfMjAyMA,QzNMLTAwOTQ3OnVjZWNfY3B0YWNfMjAyMA,79679,ucec_cptac_2020_mrna,C3L-00947,C3L-00947,ucec_cptac_2020,12.19
QzNMLTAwOTQ3OnVjZWNfY3B0YWNfMjAyMA,QzNMLTAwOTQ3OnVjZWNfY3B0YWNfMjAyMA,2829,ucec_cptac_2020_mrna,C3L-00947,C3L-00947,ucec_cptac_2020,3.4
QzNMLTAwOTQ3OnVjZWNfY3B0YWNfMjAyMA,QzNMLTAwOTQ3OnVjZWNfY3B0YWNfMjAyMA,898,ucec_cptac_2020_mrna,C3L-00947,C3L-00947,ucec_cptac_2020,7.39
QzNMLTAwOTQ3OnVjZWNfY3B0YWNfMjAyMA,QzNMLTAwOTQ3OnVjZWNfY3B0YWNfMjAyMA,925,ucec_cptac_2020_mrna,C3L-00947,C3L-00947,ucec_cptac_2020,7.11
QzNMLTAwOTQ3OnVjZWNfY3B0YWNfMjAyMA,QzNMLTAwOTQ3OnVjZWNfY3B0YWNfMjAyMA,968,ucec_cptac_2020_mrna,C3L-00947,C3L-00947,ucec_cptac_2020,10.78
QzNMLTAwOTQ3OnVjZWNfY3B0YWNfMjAyMA,QzNMLTAwOTQ3OnVjZWNfY3B0YWNfMjAyMA,29126,ucec_cptac_2020_mrna,C3L-00947,C3L-00947,ucec_cptac_2020,7.26
QzNMLTAwOTQ3OnVjZWNfY3B0YWNfMjAyMA,QzNMLTAwOTQ3OnVjZWNfY3B0YWNfMjAyMA,80381,ucec_cptac_2020_mrna,C3L-00947,C3L-00947,ucec_cptac_2020,11.56
QzNMLTAwOTQ3OnVjZWNfY3B0YWNfMjAyMA,QzNMLTAwOTQ3OnVjZWNfY3B0YWNfMjAyMA,9074,ucec_cptac_2020_mrna,C3L-00947,C3L-00947,ucec_cptac_2020,6.68
QzNMLTAwOTQ3OnVjZWNfY3B0YWNfMjAyMA,QzNMLTAwOTQ3OnVjZWNfY3B0YWNfMjAyMA,283420,ucec_cptac_2020_mrna,C3L-00947,C3L-00947,ucec_cptac_2020,3.07
QzNMLTAwOTQ3OnVjZWNfY3B0YWNfMjAyMA,QzNMLTAwOTQ3OnVjZWNfY3B0YWNfMjAyMA,1493,ucec_cptac_2020_mrna,C3L-00947,C3L-00947,ucec_cptac_2020,6.53
QzNMLTAwOTQ3OnVjZWNfY3B0YWNfMjAyMA,QzNMLTAwOTQ3OnVjZWNfY3B0YWNfMjAyMA,1515,ucec_cptac_2020_mrna,C3L-00947,C3L-00947,ucec_cptac_2020,8.44
QzNMLTAwOTQ3OnVjZWNfY3B0YWNfMjAyMA,QzNMLTAwOTQ3OnVjZWNfY3B0YWNfMjAyMA,4283,ucec_cptac_2020_mrna,C3L-00947,C3L-00947,ucec_cptac_2020,8.9
QzNMLTAwOTQ5OnVjZWNfY3B0YWNfMjAyMA,QzNMLTAwOTQ5OnVjZWNfY3B0YWNfMjAyMA,50943,ucec_cptac_2020_mrna,C3L-00949,C3L-00949,ucec_cptac_2020,5.04
QzNMLTAwOTQ5OnVjZWNfY3B0YWNfMjAyMA,QzNMLTAwOTQ5OnVjZWNfY3B0YWNfMjAyMA,3002,ucec_cptac_2020_mrna,C3L-00949,C3L-00949,ucec_cptac_2020,4.02
QzNMLTAwOTQ5OnVjZWNfY3B0YWNfMjAyMA,QzNMLTAwOTQ5OnVjZWNfY3B0YWNfMjAyMA,84868,ucec_cptac_2020_mrna,C3L-00949,C3L-00949,ucec_cptac_2020,8.54
QzNMLTAwOTQ5OnVjZWNfY3B0YWNfMjAyMA,QzNMLTAwOTQ5OnVjZWNfY3B0YWNfMjAyMA,3458,ucec_cptac_2020_mrna,C3L-00949,C3L-00949,ucec_cptac_2020,3.64
QzNMLTAwOTQ5OnVjZWNfY3B0YWNfMjAyMA,QzNMLTAwOTQ5OnVjZWNfY3B0YWNfMjAyMA,3394,ucec_cptac_2020_mrna,C3L-00949,C3L-00949,ucec_cptac_2020,8.54
QzNMLTAwOTQ5OnVjZWNfY3B0YWNfMjAyMA,QzNMLTAwOTQ5OnVjZWNfY3B0YWNfMjAyMA,3902,ucec_cptac_2020_mrna,C3L-00949,C3L-00949,ucec_cptac_2020,4.73
QzNMLTAwOTQ5OnVjZWNfY3B0YWNfMjAyMA,QzNMLTAwOTQ5OnVjZWNfY3B0YWNfMjAyMA,4118,ucec_cptac_2020_mrna,C3L-00949,C3L-00949,ucec_cptac_2020,4.65
QzNMLTAwOTQ5OnVjZWNfY3B0YWNfMjAyMA,QzNMLTAwOTQ5OnVjZWNfY3B0YWNfMjAyMA,94025,ucec_cptac_2020_mrna,C3L-00949,C3L-00949,ucec_cptac_2020,15.93
QzNMLTAwOTQ5OnVjZWNfY3B0YWNfMjAyMA,QzNMLTAwOTQ5OnVjZWNfY3B0YWNfMjAyMA,5133,ucec_cptac_2020_mrna,C3L-00949,C3L-00949,ucec_cptac_2020,2.88
QzNMLTAwOTQ5OnVjZWNfY3B0YWNfMjAyMA,QzNMLTAwOTQ5OnVjZWNfY3B0YWNfMjAyMA,55509,ucec_cptac_2020_mrna,C3L-00949,C3L-00949,ucec_cptac_2020,4.33
QzNMLTAwOTQ5OnVjZWNfY3B0YWNfMjAyMA,QzNMLTAwOTQ5OnVjZWNfY3B0YWNfMjAyMA,6772,ucec_cptac_2020_mrna,C3L-00949,C3L-00949,ucec_cptac_2020,12.24
QzNMLTAwOTQ5OnVjZWNfY3B0YWNfMjAyMA,QzNMLTAwOTQ5OnVjZWNfY3B0YWNfMjAyMA,7040,ucec_cptac_2020_mrna,C3L-00949,C3L-00949,ucec_cptac_2020,8.72
QzNMLTAwOTQ5OnVjZWNfY3B0YWNfMjAyMA,QzNMLTAwOTQ5OnVjZWNfY3B0YWNfMjAyMA,201633,ucec_cptac_2020_mrna,C3L-00949,C3L-00949,ucec_cptac_2020,6.07
QzNMLTAwOTQ5OnVjZWNfY3B0YWNfMjAyMA,QzNMLTAwOTQ5OnVjZWNfY3B0YWNfMjAyMA,79679,ucec_cptac_2020_mrna,C3L-00949,C3L-00949,ucec_cptac_2020,12.1
QzNMLTAwOTQ5OnVjZWNfY3B0YWNfMjAyMA,QzNMLTAwOTQ5OnVjZWNfY3B0YWNfMjAyMA,2829,ucec_cptac_2020_mrna,C3L-00949,C3L-00949,ucec_cptac_2020,3.11
QzNMLTAwOTQ5OnVjZWNfY3B0YWNfMjAyMA,QzNMLTAwOTQ5OnVjZWNfY3B0YWNfMjAyMA,898,ucec_cptac_2020_mrna,C3L-00949,C3L-00949,ucec_cptac_2020,9.24
QzNMLTAwOTQ5OnVjZWNfY3B0YWNfMjAyMA,QzNMLTAwOTQ5OnVjZWNfY3B0YWNfMjAyMA,925,ucec_cptac_2020_mrna,C3L-00949,C3L-00949,ucec_cptac_2020,7.38
QzNMLTAwOTQ5OnVjZWNfY3B0YWNfMjAyMA,QzNMLTAwOTQ5OnVjZWNfY3B0YWNfMjAyMA,968,ucec_cptac_2020_mrna,C3L-00949,C3L-00949,ucec_cptac_2020,10.49
QzNMLTAwOTQ5OnVjZWNfY3B0YWNfMjAyMA,QzNMLTAwOTQ5OnVjZWNfY3B0YWNfMjAyMA,29126,ucec_cptac_2020_mrna,C3L-00949,C3L-00949,ucec_cptac_2020,6.27
QzNMLTAwOTQ5OnVjZWNfY3B0YWNfMjAyMA,QzNMLTAwOTQ5OnVjZWNfY3B0YWNfMjAyMA,80381,ucec_cptac_2020_mrna,C3L-00949,C3L-00949,ucec_cptac_2020,11.8
QzNMLTAwOTQ5OnVjZWNfY3B0YWNfMjAyMA,QzNMLTAwOTQ5OnVjZWNfY3B0YWNfMjAyMA,9074,ucec_cptac_2020_mrna,C3L-00949,C3L-00949,ucec_cptac_2020,3.78
QzNMLTAwOTQ5OnVjZWNfY3B0YWNfMjAyMA,QzNMLTAwOTQ5OnVjZWNfY3B0YWNfMjAyMA,283420,ucec_cptac_2020_mrna,C3L-00949,C3L-00949,ucec_cptac_2020,3.78
QzNMLTAwOTQ5OnVjZWNfY3B0YWNfMjAyMA,QzNMLTAwOTQ5OnVjZWNfY3B0YWNfMjAyMA,1493,ucec_cptac_2020_mrna,C3L-00949,C3L-00949,ucec_cptac_2020,5.96
QzNMLTAwOTQ5OnVjZWNfY3B0YWNfMjAyMA,QzNMLTAwOTQ5OnVjZWNfY3B0YWNfMjAyMA,1515,ucec_cptac_2020_mrna,C3L-00949,C3L-00949,ucec_cptac_2020,12.94
QzNMLTAwOTQ5OnVjZWNfY3B0YWNfMjAyMA,QzNMLTAwOTQ5OnVjZWNfY3B0YWNfMjAyMA,4283,ucec_cptac_2020_mrna,C3L-00949,C3L-00949,ucec_cptac_2020,6.25
QzNMLTAwOTYxOnVjZWNfY3B0YWNfMjAyMA,QzNMLTAwOTYxOnVjZWNfY3B0YWNfMjAyMA,50943,ucec_cptac_2020_mrna,C3L-00961,C3L-00961,ucec_cptac_2020,5.39
QzNMLTAwOTYxOnVjZWNfY3B0YWNfMjAyMA,QzNMLTAwOTYxOnVjZWNfY3B0YWNfMjAyMA,3002,ucec_cptac_2020_mrna,C3L-00961,C3L-00961,ucec_cptac_2020,5.48
QzNMLTAwOTYxOnVjZWNfY3B0YWNfMjAyMA,QzNMLTAwOTYxOnVjZWNfY3B0YWNfMjAyMA,84868,ucec_cptac_2020_mrna,C3L-00961,C3L-00961,ucec_cptac_2020,8.71
QzNMLTAwOTYxOnVjZWNfY3B0YWNfMjAyMA,QzNMLTAwOTYxOnVjZWNfY3B0YWNfMjAyMA,3458,ucec_cptac_2020_mrna,C3L-00961,C3L-00961,ucec_cptac_2020,3.01
QzNMLTAwOTYxOnVjZWNfY3B0YWNfMjAyMA,QzNMLTAwOTYxOnVjZWNfY3B0YWNfMjAyMA,3394,ucec_cptac_2020_mrna,C3L-00961,C3L-00961,ucec_cptac_2020,9.01
QzNMLTAwOTYxOnVjZWNfY3B0YWNfMjAyMA,QzNMLTAwOTYxOnVjZWNfY3B0YWNfMjAyMA,3902,ucec_cptac_2020_mrna,C3L-00961,C3L-00961,ucec_cptac_2020,4.22
QzNMLTAwOTYxOnVjZWNfY3B0YWNfMjAyMA,QzNMLTAwOTYxOnVjZWNfY3B0YWNfMjAyMA,4118,ucec_cptac_2020_mrna,C3L-00961,C3L-00961,ucec_cptac_2020,3.85
QzNMLTAwOTYxOnVjZWNfY3B0YWNfMjAyMA,QzNMLTAwOTYxOnVjZWNfY3B0YWNfMjAyMA,94025,ucec_cptac_2020_mrna,C3L-00961,C3L-00961,ucec_cptac_2020,15.98
QzNMLTAwOTYxOnVjZWNfY3B0YWNfMjAyMA,QzNMLTAwOTYxOnVjZWNfY3B0YWNfMjAyMA,5133,ucec_cptac_2020_mrna,C3L-00961,C3L-00961,ucec_cptac_2020,4.83
QzNMLTAwOTYxOnVjZWNfY3B0YWNfMjAyMA,QzNMLTAwOTYxOnVjZWNfY3B0YWNfMjAyMA,55509,ucec_cptac_2020_mrna,C3L-00961,C3L-00961,ucec_cptac_2020,4.42
QzNMLTAwOTYxOnVjZWNfY3B0YWNfMjAyMA,QzNMLTAwOTYxOnVjZWNfY3B0YWNfMjAyMA,6772,ucec_cptac_2020_mrna,C3L-00961,C3L-00961,ucec_cptac_2020,13.84
QzNMLTAwOTYxOnVjZWNfY3B0YWNfMjAyMA,QzNMLTAwOTYxOnVjZWNfY3B0YWNfMjAyMA,7040,ucec_cptac_2020_mrna,C3L-00961,C3L-00961,ucec_cptac_2020,8.98
QzNMLTAwOTYxOnVjZWNfY3B0YWNfMjAyMA,QzNMLTAwOTYxOnVjZWNfY3B0YWNfMjAyMA,201633,ucec_cptac_2020_mrna,C3L-00961,C3L-00961,ucec_cptac_2020,8.03
QzNMLTAwOTYxOnVjZWNfY3B0YWNfMjAyMA,QzNMLTAwOTYxOnVjZWNfY3B0YWNfMjAyMA,79679,ucec_cptac_2020_mrna,C3L-00961,C3L-00961,ucec_cptac_2020,12.47
QzNMLTAwOTYxOnVjZWNfY3B0YWNfMjAyMA,QzNMLTAwOTYxOnVjZWNfY3B0YWNfMjAyMA,2829,ucec_cptac_2020_mrna,C3L-00961,C3L-00961,ucec_cptac_2020,1.27
QzNMLTAwOTYxOnVjZWNfY3B0YWNfMjAyMA,QzNMLTAwOTYxOnVjZWNfY3B0YWNfMjAyMA,898,ucec_cptac_2020_mrna,C3L-00961,C3L-00961,ucec_cptac_2020,8.78
QzNMLTAwOTYxOnVjZWNfY3B0YWNfMjAyMA,QzNMLTAwOTYxOnVjZWNfY3B0YWNfMjAyMA,925,ucec_cptac_2020_mrna,C3L-00961,C3L-00961,ucec_cptac_2020,7.97
QzNMLTAwOTYxOnVjZWNfY3B0YWNfMjAyMA,QzNMLTAwOTYxOnVjZWNfY3B0YWNfMjAyMA,968,ucec_cptac_2020_mrna,C3L-00961,C3L-00961,ucec_cptac_2020,11.35
QzNMLTAwOTYxOnVjZWNfY3B0YWNfMjAyMA,QzNMLTAwOTYxOnVjZWNfY3B0YWNfMjAyMA,29126,ucec_cptac_2020_mrna,C3L-00961,C3L-00961,ucec_cptac_2020,8.01
QzNMLTAwOTYxOnVjZWNfY3B0YWNfMjAyMA,QzNMLTAwOTYxOnVjZWNfY3B0YWNfMjAyMA,80381,ucec_cptac_2020_mrna,C3L-00961,C3L-00961,ucec_cptac_2020,11.14
QzNMLTAwOTYxOnVjZWNfY3B0YWNfMjAyMA,QzNMLTAwOTYxOnVjZWNfY3B0YWNfMjAyMA,9074,ucec_cptac_2020_mrna,C3L-00961,C3L-00961,ucec_cptac_2020,5.39
QzNMLTAwOTYxOnVjZWNfY3B0YWNfMjAyMA,QzNMLTAwOTYxOnVjZWNfY3B0YWNfMjAyMA,283420,ucec_cptac_2020_mrna,C3L-00961,C3L-00961,ucec_cptac_2020,3.53
QzNMLTAwOTYxOnVjZWNfY3B0YWNfMjAyMA,QzNMLTAwOTYxOnVjZWNfY3B0YWNfMjAyMA,1493,ucec_cptac_2020_mrna,C3L-00961,C3L-00961,ucec_cptac_2020,6.55
QzNMLTAwOTYxOnVjZWNfY3B0YWNfMjAyMA,QzNMLTAwOTYxOnVjZWNfY3B0YWNfMjAyMA,1515,ucec_cptac_2020_mrna,C3L-00961,C3L-00961,ucec_cptac_2020,11.94
QzNMLTAwOTYxOnVjZWNfY3B0YWNfMjAyMA,QzNMLTAwOTYxOnVjZWNfY3B0YWNfMjAyMA,4283,ucec_cptac_2020_mrna,C3L-00961,C3L-00961,ucec_cptac_2020,9.03
QzNMLTAwOTYzOnVjZWNfY3B0YWNfMjAyMA,QzNMLTAwOTYzOnVjZWNfY3B0YWNfMjAyMA,50943,ucec_cptac_2020_mrna,C3L-00963,C3L-00963,ucec_cptac_2020,5.16
QzNMLTAwOTYzOnVjZWNfY3B0YWNfMjAyMA,QzNMLTAwOTYzOnVjZWNfY3B0YWNfMjAyMA,3002,ucec_cptac_2020_mrna,C3L-00963,C3L-00963,ucec_cptac_2020,6.43
QzNMLTAwOTYzOnVjZWNfY3B0YWNfMjAyMA,QzNMLTAwOTYzOnVjZWNfY3B0YWNfMjAyMA,84868,ucec_cptac_2020_mrna,C3L-00963,C3L-00963,ucec_cptac_2020,8.96
QzNMLTAwOTYzOnVjZWNfY3B0YWNfMjAyMA,QzNMLTAwOTYzOnVjZWNfY3B0YWNfMjAyMA,3458,ucec_cptac_2020_mrna,C3L-00963,C3L-00963,ucec_cptac_2020,4.92
QzNMLTAwOTYzOnVjZWNfY3B0YWNfMjAyMA,QzNMLTAwOTYzOnVjZWNfY3B0YWNfMjAyMA,3394,ucec_cptac_2020_mrna,C3L-00963,C3L-00963,ucec_cptac_2020,9.98
QzNMLTAwOTYzOnVjZWNfY3B0YWNfMjAyMA,QzNMLTAwOTYzOnVjZWNfY3B0YWNfMjAyMA,3902,ucec_cptac_2020_mrna,C3L-00963,C3L-00963,ucec_cptac_2020,5.16
QzNMLTAwOTYzOnVjZWNfY3B0YWNfMjAyMA,QzNMLTAwOTYzOnVjZWNfY3B0YWNfMjAyMA,4118,ucec_cptac_2020_mrna,C3L-00963,C3L-00963,ucec_cptac_2020,10.37
QzNMLTAwOTYzOnVjZWNfY3B0YWNfMjAyMA,QzNMLTAwOTYzOnVjZWNfY3B0YWNfMjAyMA,94025,ucec_cptac_2020_mrna,C3L-00963,C3L-00963,ucec_cptac_2020,15.47
QzNMLTAwOTYzOnVjZWNfY3B0YWNfMjAyMA,QzNMLTAwOTYzOnVjZWNfY3B0YWNfMjAyMA,5133,ucec_cptac_2020_mrna,C3L-00963,C3L-00963,ucec_cptac_2020,5.4
QzNMLTAwOTYzOnVjZWNfY3B0YWNfMjAyMA,QzNMLTAwOTYzOnVjZWNfY3B0YWNfMjAyMA,55509,ucec_cptac_2020_mrna,C3L-00963,C3L-00963,ucec_cptac_2020,4.2
QzNMLTAwOTYzOnVjZWNfY3B0YWNfMjAyMA,QzNMLTAwOTYzOnVjZWNfY3B0YWNfMjAyMA,6772,ucec_cptac_2020_mrna,C3L-00963,C3L-00963,ucec_cptac_2020,14.09
QzNMLTAwOTYzOnVjZWNfY3B0YWNfMjAyMA,QzNMLTAwOTYzOnVjZWNfY3B0YWNfMjAyMA,7040,ucec_cptac_2020_mrna,C3L-00963,C3L-00963,ucec_cptac_2020,8.58
QzNMLTAwOTYzOnVjZWNfY3B0YWNfMjAyMA,QzNMLTAwOTYzOnVjZWNfY3B0YWNfMjAyMA,201633,ucec_cptac_2020_mrna,C3L-00963,C3L-00963,ucec_cptac_2020,6.8
QzNMLTAwOTYzOnVjZWNfY3B0YWNfMjAyMA,QzNMLTAwOTYzOnVjZWNfY3B0YWNfMjAyMA,79679,ucec_cptac_2020_mrna,C3L-00963,C3L-00963,ucec_cptac_2020,12.25
QzNMLTAwOTYzOnVjZWNfY3B0YWNfMjAyMA,QzNMLTAwOTYzOnVjZWNfY3B0YWNfMjAyMA,2829,ucec_cptac_2020_mrna,C3L-00963,C3L-00963,ucec_cptac_2020,1.06
QzNMLTAwOTYzOnVjZWNfY3B0YWNfMjAyMA,QzNMLTAwOTYzOnVjZWNfY3B0YWNfMjAyMA,898,ucec_cptac_2020_mrna,C3L-00963,C3L-00963,ucec_cptac_2020,9.31
QzNMLTAwOTYzOnVjZWNfY3B0YWNfMjAyMA,QzNMLTAwOTYzOnVjZWNfY3B0YWNfMjAyMA,925,ucec_cptac_2020_mrna,C3L-00963,C3L-00963,ucec_cptac_2020,7.38
QzNMLTAwOTYzOnVjZWNfY3B0YWNfMjAyMA,QzNMLTAwOTYzOnVjZWNfY3B0YWNfMjAyMA,968,ucec_cptac_2020_mrna,C3L-00963,C3L-00963,ucec_cptac_2020,11.15
QzNMLTAwOTYzOnVjZWNfY3B0YWNfMjAyMA,QzNMLTAwOTYzOnVjZWNfY3B0YWNfMjAyMA,29126,ucec_cptac_2020_mrna,C3L-00963,C3L-00963,ucec_cptac_2020,7.9
QzNMLTAwOTYzOnVjZWNfY3B0YWNfMjAyMA,QzNMLTAwOTYzOnVjZWNfY3B0YWNfMjAyMA,80381,ucec_cptac_2020_mrna,C3L-00963,C3L-00963,ucec_cptac_2020,10.85
QzNMLTAwOTYzOnVjZWNfY3B0YWNfMjAyMA,QzNMLTAwOTYzOnVjZWNfY3B0YWNfMjAyMA,9074,ucec_cptac_2020_mrna,C3L-00963,C3L-00963,ucec_cptac_2020,3.91
QzNMLTAwOTYzOnVjZWNfY3B0YWNfMjAyMA,QzNMLTAwOTYzOnVjZWNfY3B0YWNfMjAyMA,283420,ucec_cptac_2020_mrna,C3L-00963,C3L-00963,ucec_cptac_2020,3.1
QzNMLTAwOTYzOnVjZWNfY3B0YWNfMjAyMA,QzNMLTAwOTYzOnVjZWNfY3B0YWNfMjAyMA,1493,ucec_cptac_2020_mrna,C3L-00963,C3L-00963,ucec_cptac_2020,6.93
QzNMLTAwOTYzOnVjZWNfY3B0YWNfMjAyMA,QzNMLTAwOTYzOnVjZWNfY3B0YWNfMjAyMA,1515,ucec_cptac_2020_mrna,C3L-00963,C3L-00963,ucec_cptac_2020,10.76
QzNMLTAwOTYzOnVjZWNfY3B0YWNfMjAyMA,QzNMLTAwOTYzOnVjZWNfY3B0YWNfMjAyMA,4283,ucec_cptac_2020_mrna,C3L-00963,C3L-00963,ucec_cptac_2020,8.86
QzNMLTAxMjQ4OnVjZWNfY3B0YWNfMjAyMA,QzNMLTAxMjQ4OnVjZWNfY3B0YWNfMjAyMA,50943,ucec_cptac_2020_mrna,C3L-01248,C3L-01248,ucec_cptac_2020,3.43
QzNMLTAxMjQ4OnVjZWNfY3B0YWNfMjAyMA,QzNMLTAxMjQ4OnVjZWNfY3B0YWNfMjAyMA,3002,ucec_cptac_2020_mrna,C3L-01248,C3L-01248,ucec_cptac_2020,6.03
QzNMLTAxMjQ4OnVjZWNfY3B0YWNfMjAyMA,QzNMLTAxMjQ4OnVjZWNfY3B0YWNfMjAyMA,84868,ucec_cptac_2020_mrna,C3L-01248,C3L-01248,ucec_cptac_2020,8.27
QzNMLTAxMjQ4OnVjZWNfY3B0YWNfMjAyMA,QzNMLTAxMjQ4OnVjZWNfY3B0YWNfMjAyMA,3458,ucec_cptac_2020_mrna,C3L-01248,C3L-01248,ucec_cptac_2020,0.99
QzNMLTAxMjQ4OnVjZWNfY3B0YWNfMjAyMA,QzNMLTAxMjQ4OnVjZWNfY3B0YWNfMjAyMA,3394,ucec_cptac_2020_mrna,C3L-01248,C3L-01248,ucec_cptac_2020,8.89
QzNMLTAxMjQ4OnVjZWNfY3B0YWNfMjAyMA,QzNMLTAxMjQ4OnVjZWNfY3B0YWNfMjAyMA,3902,ucec_cptac_2020_mrna,C3L-01248,C3L-01248,ucec_cptac_2020,4.22
QzNMLTAxMjQ4OnVjZWNfY3B0YWNfMjAyMA,QzNMLTAxMjQ4OnVjZWNfY3B0YWNfMjAyMA,4118,ucec_cptac_2020_mrna,C3L-01248,C3L-01248,ucec_cptac_2020,7.18
QzNMLTAxMjQ4OnVjZWNfY3B0YWNfMjAyMA,QzNMLTAxMjQ4OnVjZWNfY3B0YWNfMjAyMA,94025,ucec_cptac_2020_mrna,C3L-01248,C3L-01248,ucec_cptac_2020,16.34
QzNMLTAxMjQ4OnVjZWNfY3B0YWNfMjAyMA,QzNMLTAxMjQ4OnVjZWNfY3B0YWNfMjAyMA,5133,ucec_cptac_2020_mrna,C3L-01248,C3L-01248,ucec_cptac_2020,3.67
QzNMLTAxMjQ4OnVjZWNfY3B0YWNfMjAyMA,QzNMLTAxMjQ4OnVjZWNfY3B0YWNfMjAyMA,55509,ucec_cptac_2020_mrna,C3L-01248,C3L-01248,ucec_cptac_2020,4.67
QzNMLTAxMjQ4OnVjZWNfY3B0YWNfMjAyMA,QzNMLTAxMjQ4OnVjZWNfY3B0YWNfMjAyMA,6772,ucec_cptac_2020_mrna,C3L-01248,C3L-01248,ucec_cptac_2020,12.47
QzNMLTAxMjQ4OnVjZWNfY3B0YWNfMjAyMA,QzNMLTAxMjQ4OnVjZWNfY3B0YWNfMjAyMA,7040,ucec_cptac_2020_mrna,C3L-01248,C3L-01248,ucec_cptac_2020,8.88
QzNMLTAxMjQ4OnVjZWNfY3B0YWNfMjAyMA,QzNMLTAxMjQ4OnVjZWNfY3B0YWNfMjAyMA,201633,ucec_cptac_2020_mrna,C3L-01248,C3L-01248,ucec_cptac_2020,6.29
QzNMLTAxMjQ4OnVjZWNfY3B0YWNfMjAyMA,QzNMLTAxMjQ4OnVjZWNfY3B0YWNfMjAyMA,79679,ucec_cptac_2020_mrna,C3L-01248,C3L-01248,ucec_cptac_2020,10.8
QzNMLTAxMjQ4OnVjZWNfY3B0YWNfMjAyMA,QzNMLTAxMjQ4OnVjZWNfY3B0YWNfMjAyMA,2829,ucec_cptac_2020_mrna,C3L-01248,C3L-01248,ucec_cptac_2020,2.97
QzNMLTAxMjQ4OnVjZWNfY3B0YWNfMjAyMA,QzNMLTAxMjQ4OnVjZWNfY3B0YWNfMjAyMA,898,ucec_cptac_2020_mrna,C3L-01248,C3L-01248,ucec_cptac_2020,8.07
QzNMLTAxMjQ4OnVjZWNfY3B0YWNfMjAyMA,QzNMLTAxMjQ4OnVjZWNfY3B0YWNfMjAyMA,925,ucec_cptac_2020_mrna,C3L-01248,C3L-01248,ucec_cptac_2020,6.18
QzNMLTAxMjQ4OnVjZWNfY3B0YWNfMjAyMA,QzNMLTAxMjQ4OnVjZWNfY3B0YWNfMjAyMA,968,ucec_cptac_2020_mrna,C3L-01248,C3L-01248,ucec_cptac_2020,10.21
QzNMLTAxMjQ4OnVjZWNfY3B0YWNfMjAyMA,QzNMLTAxMjQ4OnVjZWNfY3B0YWNfMjAyMA,29126,ucec_cptac_2020_mrna,C3L-01248,C3L-01248,ucec_cptac_2020,6.91
QzNMLTAxMjQ4OnVjZWNfY3B0YWNfMjAyMA,QzNMLTAxMjQ4OnVjZWNfY3B0YWNfMjAyMA,80381,ucec_cptac_2020_mrna,C3L-01248,C3L-01248,ucec_cptac_2020,11.26
QzNMLTAxMjQ4OnVjZWNfY3B0YWNfMjAyMA,QzNMLTAxMjQ4OnVjZWNfY3B0YWNfMjAyMA,9074,ucec_cptac_2020_mrna,C3L-01248,C3L-01248,ucec_cptac_2020,3.67
QzNMLTAxMjQ4OnVjZWNfY3B0YWNfMjAyMA,QzNMLTAxMjQ4OnVjZWNfY3B0YWNfMjAyMA,283420,ucec_cptac_2020_mrna,C3L-01248,C3L-01248,ucec_cptac_2020,5.33
QzNMLTAxMjQ4OnVjZWNfY3B0YWNfMjAyMA,QzNMLTAxMjQ4OnVjZWNfY3B0YWNfMjAyMA,1493,ucec_cptac_2020_mrna,C3L-01248,C3L-01248,ucec_cptac_2020,5.29
QzNMLTAxMjQ4OnVjZWNfY3B0YWNfMjAyMA,QzNMLTAxMjQ4OnVjZWNfY3B0YWNfMjAyMA,1515,ucec_cptac_2020_mrna,C3L-01248,C3L-01248,ucec_cptac_2020,8.6
QzNMLTAxMjQ4OnVjZWNfY3B0YWNfMjAyMA,QzNMLTAxMjQ4OnVjZWNfY3B0YWNfMjAyMA,4283,ucec_cptac_2020_mrna,C3L-01248,C3L-01248,ucec_cptac_2020,5.75
QzNMLTAxMjQ5OnVjZWNfY3B0YWNfMjAyMA,QzNMLTAxMjQ5OnVjZWNfY3B0YWNfMjAyMA,50943,ucec_cptac_2020_mrna,C3L-01249,C3L-01249,ucec_cptac_2020,4.45
QzNMLTAxMjQ5OnVjZWNfY3B0YWNfMjAyMA,QzNMLTAxMjQ5OnVjZWNfY3B0YWNfMjAyMA,3002,ucec_cptac_2020_mrna,C3L-01249,C3L-01249,ucec_cptac_2020,7.23
QzNMLTAxMjQ5OnVjZWNfY3B0YWNfMjAyMA,QzNMLTAxMjQ5OnVjZWNfY3B0YWNfMjAyMA,84868,ucec_cptac_2020_mrna,C3L-01249,C3L-01249,ucec_cptac_2020,10.22
QzNMLTAxMjQ5OnVjZWNfY3B0YWNfMjAyMA,QzNMLTAxMjQ5OnVjZWNfY3B0YWNfMjAyMA,3458,ucec_cptac_2020_mrna,C3L-01249,C3L-01249,ucec_cptac_2020,3.7
QzNMLTAxMjQ5OnVjZWNfY3B0YWNfMjAyMA,QzNMLTAxMjQ5OnVjZWNfY3B0YWNfMjAyMA,3394,ucec_cptac_2020_mrna,C3L-01249,C3L-01249,ucec_cptac_2020,9.31
QzNMLTAxMjQ5OnVjZWNfY3B0YWNfMjAyMA,QzNMLTAxMjQ5OnVjZWNfY3B0YWNfMjAyMA,3902,ucec_cptac_2020_mrna,C3L-01249,C3L-01249,ucec_cptac_2020,5.96
QzNMLTAxMjQ5OnVjZWNfY3B0YWNfMjAyMA,QzNMLTAxMjQ5OnVjZWNfY3B0YWNfMjAyMA,4118,ucec_cptac_2020_mrna,C3L-01249,C3L-01249,ucec_cptac_2020,8.88
QzNMLTAxMjQ5OnVjZWNfY3B0YWNfMjAyMA,QzNMLTAxMjQ5OnVjZWNfY3B0YWNfMjAyMA,94025,ucec_cptac_2020_mrna,C3L-01249,C3L-01249,ucec_cptac_2020,17.39
QzNMLTAxMjQ5OnVjZWNfY3B0YWNfMjAyMA,QzNMLTAxMjQ5OnVjZWNfY3B0YWNfMjAyMA,5133,ucec_cptac_2020_mrna,C3L-01249,C3L-01249,ucec_cptac_2020,6.28
QzNMLTAxMjQ5OnVjZWNfY3B0YWNfMjAyMA,QzNMLTAxMjQ5OnVjZWNfY3B0YWNfMjAyMA,55509,ucec_cptac_2020_mrna,C3L-01249,C3L-01249,ucec_cptac_2020,4.77
QzNMLTAxMjQ5OnVjZWNfY3B0YWNfMjAyMA,QzNMLTAxMjQ5OnVjZWNfY3B0YWNfMjAyMA,6772,ucec_cptac_2020_mrna,C3L-01249,C3L-01249,ucec_cptac_2020,13.52
QzNMLTAxMjQ5OnVjZWNfY3B0YWNfMjAyMA,QzNMLTAxMjQ5OnVjZWNfY3B0YWNfMjAyMA,7040,ucec_cptac_2020_mrna,C3L-01249,C3L-01249,ucec_cptac_2020,9.45
QzNMLTAxMjQ5OnVjZWNfY3B0YWNfMjAyMA,QzNMLTAxMjQ5OnVjZWNfY3B0YWNfMjAyMA,201633,ucec_cptac_2020_mrna,C3L-01249,C3L-01249,ucec_cptac_2020,7.92
QzNMLTAxMjQ5OnVjZWNfY3B0YWNfMjAyMA,QzNMLTAxMjQ5OnVjZWNfY3B0YWNfMjAyMA,79679,ucec_cptac_2020_mrna,C3L-01249,C3L-01249,ucec_cptac_2020,11.48
QzNMLTAxMjQ5OnVjZWNfY3B0YWNfMjAyMA,QzNMLTAxMjQ5OnVjZWNfY3B0YWNfMjAyMA,2829,ucec_cptac_2020_mrna,C3L-01249,C3L-01249,ucec_cptac_2020,4.12
QzNMLTAxMjQ5OnVjZWNfY3B0YWNfMjAyMA,QzNMLTAxMjQ5OnVjZWNfY3B0YWNfMjAyMA,898,ucec_cptac_2020_mrna,C3L-01249,C3L-01249,ucec_cptac_2020,9.04
QzNMLTAxMjQ5OnVjZWNfY3B0YWNfMjAyMA,QzNMLTAxMjQ5OnVjZWNfY3B0YWNfMjAyMA,925,ucec_cptac_2020_mrna,C3L-01249,C3L-01249,ucec_cptac_2020,8.13
QzNMLTAxMjQ5OnVjZWNfY3B0YWNfMjAyMA,QzNMLTAxMjQ5OnVjZWNfY3B0YWNfMjAyMA,968,ucec_cptac_2020_mrna,C3L-01249,C3L-01249,ucec_cptac_2020,11.36
QzNMLTAxMjQ5OnVjZWNfY3B0YWNfMjAyMA,QzNMLTAxMjQ5OnVjZWNfY3B0YWNfMjAyMA,29126,ucec_cptac_2020_mrna,C3L-01249,C3L-01249,ucec_cptac_2020,7.85
QzNMLTAxMjQ5OnVjZWNfY3B0YWNfMjAyMA,QzNMLTAxMjQ5OnVjZWNfY3B0YWNfMjAyMA,80381,ucec_cptac_2020_mrna,C3L-01249,C3L-01249,ucec_cptac_2020,12.05
QzNMLTAxMjQ5OnVjZWNfY3B0YWNfMjAyMA,QzNMLTAxMjQ5OnVjZWNfY3B0YWNfMjAyMA,9074,ucec_cptac_2020_mrna,C3L-01249,C3L-01249,ucec_cptac_2020,10.41
QzNMLTAxMjQ5OnVjZWNfY3B0YWNfMjAyMA,QzNMLTAxMjQ5OnVjZWNfY3B0YWNfMjAyMA,283420,ucec_cptac_2020_mrna,C3L-01249,C3L-01249,ucec_cptac_2020,3.93
QzNMLTAxMjQ5OnVjZWNfY3B0YWNfMjAyMA,QzNMLTAxMjQ5OnVjZWNfY3B0YWNfMjAyMA,1493,ucec_cptac_2020_mrna,C3L-01249,C3L-01249,ucec_cptac_2020,7.56
QzNMLTAxMjQ5OnVjZWNfY3B0YWNfMjAyMA,QzNMLTAxMjQ5OnVjZWNfY3B0YWNfMjAyMA,1515,ucec_cptac_2020_mrna,C3L-01249,C3L-01249,ucec_cptac_2020,11.13
QzNMLTAxMjQ5OnVjZWNfY3B0YWNfMjAyMA,QzNMLTAxMjQ5OnVjZWNfY3B0YWNfMjAyMA,4283,ucec_cptac_2020_mrna,C3L-01249,C3L-01249,ucec_cptac_2020,8.24
QzNMLTAxMjUyOnVjZWNfY3B0YWNfMjAyMA,QzNMLTAxMjUyOnVjZWNfY3B0YWNfMjAyMA,50943,ucec_cptac_2020_mrna,C3L-01252,C3L-01252,ucec_cptac_2020,5.15
QzNMLTAxMjUyOnVjZWNfY3B0YWNfMjAyMA,QzNMLTAxMjUyOnVjZWNfY3B0YWNfMjAyMA,3002,ucec_cptac_2020_mrna,C3L-01252,C3L-01252,ucec_cptac_2020,6.47
QzNMLTAxMjUyOnVjZWNfY3B0YWNfMjAyMA,QzNMLTAxMjUyOnVjZWNfY3B0YWNfMjAyMA,84868,ucec_cptac_2020_mrna,C3L-01252,C3L-01252,ucec_cptac_2020,9.28
QzNMLTAxMjUyOnVjZWNfY3B0YWNfMjAyMA,QzNMLTAxMjUyOnVjZWNfY3B0YWNfMjAyMA,3458,ucec_cptac_2020_mrna,C3L-01252,C3L-01252,ucec_cptac_2020,3.03
QzNMLTAxMjUyOnVjZWNfY3B0YWNfMjAyMA,QzNMLTAxMjUyOnVjZWNfY3B0YWNfMjAyMA,3394,ucec_cptac_2020_mrna,C3L-01252,C3L-01252,ucec_cptac_2020,9.82
QzNMLTAxMjUyOnVjZWNfY3B0YWNfMjAyMA,QzNMLTAxMjUyOnVjZWNfY3B0YWNfMjAyMA,3902,ucec_cptac_2020_mrna,C3L-01252,C3L-01252,ucec_cptac_2020,4.29
QzNMLTAxMjUyOnVjZWNfY3B0YWNfMjAyMA,QzNMLTAxMjUyOnVjZWNfY3B0YWNfMjAyMA,4118,ucec_cptac_2020_mrna,C3L-01252,C3L-01252,ucec_cptac_2020,3.64
QzNMLTAxMjUyOnVjZWNfY3B0YWNfMjAyMA,QzNMLTAxMjUyOnVjZWNfY3B0YWNfMjAyMA,94025,ucec_cptac_2020_mrna,C3L-01252,C3L-01252,ucec_cptac_2020,13.45
QzNMLTAxMjUyOnVjZWNfY3B0YWNfMjAyMA,QzNMLTAxMjUyOnVjZWNfY3B0YWNfMjAyMA,5133,ucec_cptac_2020_mrna,C3L-01252,C3L-01252,ucec_cptac_2020,5.09
QzNMLTAxMjUyOnVjZWNfY3B0YWNfMjAyMA,QzNMLTAxMjUyOnVjZWNfY3B0YWNfMjAyMA,55509,ucec_cptac_2020_mrna,C3L-01252,C3L-01252,ucec_cptac_2020,5.26
QzNMLTAxMjUyOnVjZWNfY3B0YWNfMjAyMA,QzNMLTAxMjUyOnVjZWNfY3B0YWNfMjAyMA,6772,ucec_cptac_2020_mrna,C3L-01252,C3L-01252,ucec_cptac_2020,12.96
QzNMLTAxMjUyOnVjZWNfY3B0YWNfMjAyMA,QzNMLTAxMjUyOnVjZWNfY3B0YWNfMjAyMA,7040,ucec_cptac_2020_mrna,C3L-01252,C3L-01252,ucec_cptac_2020,8.61
QzNMLTAxMjUyOnVjZWNfY3B0YWNfMjAyMA,QzNMLTAxMjUyOnVjZWNfY3B0YWNfMjAyMA,201633,ucec_cptac_2020_mrna,C3L-01252,C3L-01252,ucec_cptac_2020,7.43
QzNMLTAxMjUyOnVjZWNfY3B0YWNfMjAyMA,QzNMLTAxMjUyOnVjZWNfY3B0YWNfMjAyMA,79679,ucec_cptac_2020_mrna,C3L-01252,C3L-01252,ucec_cptac_2020,11.35
QzNMLTAxMjUyOnVjZWNfY3B0YWNfMjAyMA,QzNMLTAxMjUyOnVjZWNfY3B0YWNfMjAyMA,2829,ucec_cptac_2020_mrna,C3L-01252,C3L-01252,ucec_cptac_2020,1.28
QzNMLTAxMjUyOnVjZWNfY3B0YWNfMjAyMA,QzNMLTAxMjUyOnVjZWNfY3B0YWNfMjAyMA,898,ucec_cptac_2020_mrna,C3L-01252,C3L-01252,ucec_cptac_2020,7.04
QzNMLTAxMjUyOnVjZWNfY3B0YWNfMjAyMA,QzNMLTAxMjUyOnVjZWNfY3B0YWNfMjAyMA,925,ucec_cptac_2020_mrna,C3L-01252,C3L-01252,ucec_cptac_2020,8.2
QzNMLTAxMjUyOnVjZWNfY3B0YWNfMjAyMA,QzNMLTAxMjUyOnVjZWNfY3B0YWNfMjAyMA,968,ucec_cptac_2020_mrna,C3L-01252,C3L-01252,ucec_cptac_2020,10.76
QzNMLTAxMjUyOnVjZWNfY3B0YWNfMjAyMA,QzNMLTAxMjUyOnVjZWNfY3B0YWNfMjAyMA,29126,ucec_cptac_2020_mrna,C3L-01252,C3L-01252,ucec_cptac_2020,7.05
QzNMLTAxMjUyOnVjZWNfY3B0YWNfMjAyMA,QzNMLTAxMjUyOnVjZWNfY3B0YWNfMjAyMA,80381,ucec_cptac_2020_mrna,C3L-01252,C3L-01252,ucec_cptac_2020,11.03
QzNMLTAxMjUyOnVjZWNfY3B0YWNfMjAyMA,QzNMLTAxMjUyOnVjZWNfY3B0YWNfMjAyMA,9074,ucec_cptac_2020_mrna,C3L-01252,C3L-01252,ucec_cptac_2020,4.19
QzNMLTAxMjUyOnVjZWNfY3B0YWNfMjAyMA,QzNMLTAxMjUyOnVjZWNfY3B0YWNfMjAyMA,283420,ucec_cptac_2020_mrna,C3L-01252,C3L-01252,ucec_cptac_2020,4.82
QzNMLTAxMjUyOnVjZWNfY3B0YWNfMjAyMA,QzNMLTAxMjUyOnVjZWNfY3B0YWNfMjAyMA,1493,ucec_cptac_2020_mrna,C3L-01252,C3L-01252,ucec_cptac_2020,7.66
QzNMLTAxMjUyOnVjZWNfY3B0YWNfMjAyMA,QzNMLTAxMjUyOnVjZWNfY3B0YWNfMjAyMA,1515,ucec_cptac_2020_mrna,C3L-01252,C3L-01252,ucec_cptac_2020,10.35
QzNMLTAxMjUyOnVjZWNfY3B0YWNfMjAyMA,QzNMLTAxMjUyOnVjZWNfY3B0YWNfMjAyMA,4283,ucec_cptac_2020_mrna,C3L-01252,C3L-01252,ucec_cptac_2020,7.97
QzNMLTAxMjU2OnVjZWNfY3B0YWNfMjAyMA,QzNMLTAxMjU2OnVjZWNfY3B0YWNfMjAyMA,50943,ucec_cptac_2020_mrna,C3L-01256,C3L-01256,ucec_cptac_2020,5.02
QzNMLTAxMjU2OnVjZWNfY3B0YWNfMjAyMA,QzNMLTAxMjU2OnVjZWNfY3B0YWNfMjAyMA,3002,ucec_cptac_2020_mrna,C3L-01256,C3L-01256,ucec_cptac_2020,5.84
QzNMLTAxMjU2OnVjZWNfY3B0YWNfMjAyMA,QzNMLTAxMjU2OnVjZWNfY3B0YWNfMjAyMA,84868,ucec_cptac_2020_mrna,C3L-01256,C3L-01256,ucec_cptac_2020,9.33
QzNMLTAxMjU2OnVjZWNfY3B0YWNfMjAyMA,QzNMLTAxMjU2OnVjZWNfY3B0YWNfMjAyMA,3458,ucec_cptac_2020_mrna,C3L-01256,C3L-01256,ucec_cptac_2020,3.92
QzNMLTAxMjU2OnVjZWNfY3B0YWNfMjAyMA,QzNMLTAxMjU2OnVjZWNfY3B0YWNfMjAyMA,3394,ucec_cptac_2020_mrna,C3L-01256,C3L-01256,ucec_cptac_2020,8.81
QzNMLTAxMjU2OnVjZWNfY3B0YWNfMjAyMA,QzNMLTAxMjU2OnVjZWNfY3B0YWNfMjAyMA,3902,ucec_cptac_2020_mrna,C3L-01256,C3L-01256,ucec_cptac_2020,5.2
QzNMLTAxMjU2OnVjZWNfY3B0YWNfMjAyMA,QzNMLTAxMjU2OnVjZWNfY3B0YWNfMjAyMA,4118,ucec_cptac_2020_mrna,C3L-01256,C3L-01256,ucec_cptac_2020,5.84
QzNMLTAxMjU2OnVjZWNfY3B0YWNfMjAyMA,QzNMLTAxMjU2OnVjZWNfY3B0YWNfMjAyMA,94025,ucec_cptac_2020_mrna,C3L-01256,C3L-01256,ucec_cptac_2020,15.75
QzNMLTAxMjU2OnVjZWNfY3B0YWNfMjAyMA,QzNMLTAxMjU2OnVjZWNfY3B0YWNfMjAyMA,5133,ucec_cptac_2020_mrna,C3L-01256,C3L-01256,ucec_cptac_2020,4.76
QzNMLTAxMjU2OnVjZWNfY3B0YWNfMjAyMA,QzNMLTAxMjU2OnVjZWNfY3B0YWNfMjAyMA,55509,ucec_cptac_2020_mrna,C3L-01256,C3L-01256,ucec_cptac_2020,4.7
QzNMLTAxMjU2OnVjZWNfY3B0YWNfMjAyMA,QzNMLTAxMjU2OnVjZWNfY3B0YWNfMjAyMA,6772,ucec_cptac_2020_mrna,C3L-01256,C3L-01256,ucec_cptac_2020,12.71
QzNMLTAxMjU2OnVjZWNfY3B0YWNfMjAyMA,QzNMLTAxMjU2OnVjZWNfY3B0YWNfMjAyMA,7040,ucec_cptac_2020_mrna,C3L-01256,C3L-01256,ucec_cptac_2020,7.95
QzNMLTAxMjU2OnVjZWNfY3B0YWNfMjAyMA,QzNMLTAxMjU2OnVjZWNfY3B0YWNfMjAyMA,201633,ucec_cptac_2020_mrna,C3L-01256,C3L-01256,ucec_cptac_2020,7.27
QzNMLTAxMjU2OnVjZWNfY3B0YWNfMjAyMA,QzNMLTAxMjU2OnVjZWNfY3B0YWNfMjAyMA,79679,ucec_cptac_2020_mrna,C3L-01256,C3L-01256,ucec_cptac_2020,10.77
QzNMLTAxMjU2OnVjZWNfY3B0YWNfMjAyMA,QzNMLTAxMjU2OnVjZWNfY3B0YWNfMjAyMA,2829,ucec_cptac_2020_mrna,C3L-01256,C3L-01256,ucec_cptac_2020,3.92
QzNMLTAxMjU2OnVjZWNfY3B0YWNfMjAyMA,QzNMLTAxMjU2OnVjZWNfY3B0YWNfMjAyMA,898,ucec_cptac_2020_mrna,C3L-01256,C3L-01256,ucec_cptac_2020,8.35
QzNMLTAxMjU2OnVjZWNfY3B0YWNfMjAyMA,QzNMLTAxMjU2OnVjZWNfY3B0YWNfMjAyMA,925,ucec_cptac_2020_mrna,C3L-01256,C3L-01256,ucec_cptac_2020,8.18
QzNMLTAxMjU2OnVjZWNfY3B0YWNfMjAyMA,QzNMLTAxMjU2OnVjZWNfY3B0YWNfMjAyMA,968,ucec_cptac_2020_mrna,C3L-01256,C3L-01256,ucec_cptac_2020,10.79
QzNMLTAxMjU2OnVjZWNfY3B0YWNfMjAyMA,QzNMLTAxMjU2OnVjZWNfY3B0YWNfMjAyMA,29126,ucec_cptac_2020_mrna,C3L-01256,C3L-01256,ucec_cptac_2020,6.93
QzNMLTAxMjU2OnVjZWNfY3B0YWNfMjAyMA,QzNMLTAxMjU2OnVjZWNfY3B0YWNfMjAyMA,80381,ucec_cptac_2020_mrna,C3L-01256,C3L-01256,ucec_cptac_2020,11.44
QzNMLTAxMjU2OnVjZWNfY3B0YWNfMjAyMA,QzNMLTAxMjU2OnVjZWNfY3B0YWNfMjAyMA,9074,ucec_cptac_2020_mrna,C3L-01256,C3L-01256,ucec_cptac_2020,4.11
QzNMLTAxMjU2OnVjZWNfY3B0YWNfMjAyMA,QzNMLTAxMjU2OnVjZWNfY3B0YWNfMjAyMA,283420,ucec_cptac_2020_mrna,C3L-01256,C3L-01256,ucec_cptac_2020,5.51
QzNMLTAxMjU2OnVjZWNfY3B0YWNfMjAyMA,QzNMLTAxMjU2OnVjZWNfY3B0YWNfMjAyMA,1493,ucec_cptac_2020_mrna,C3L-01256,C3L-01256,ucec_cptac_2020,6.48
QzNMLTAxMjU2OnVjZWNfY3B0YWNfMjAyMA,QzNMLTAxMjU2OnVjZWNfY3B0YWNfMjAyMA,1515,ucec_cptac_2020_mrna,C3L-01256,C3L-01256,ucec_cptac_2020,10.27
QzNMLTAxMjU2OnVjZWNfY3B0YWNfMjAyMA,QzNMLTAxMjU2OnVjZWNfY3B0YWNfMjAyMA,4283,ucec_cptac_2020_mrna,C3L-01256,C3L-01256,ucec_cptac_2020,7.31
QzNMLTAxMjU3OnVjZWNfY3B0YWNfMjAyMA,QzNMLTAxMjU3OnVjZWNfY3B0YWNfMjAyMA,50943,ucec_cptac_2020_mrna,C3L-01257,C3L-01257,ucec_cptac_2020,6.95
QzNMLTAxMjU3OnVjZWNfY3B0YWNfMjAyMA,QzNMLTAxMjU3OnVjZWNfY3B0YWNfMjAyMA,3002,ucec_cptac_2020_mrna,C3L-01257,C3L-01257,ucec_cptac_2020,8.38
QzNMLTAxMjU3OnVjZWNfY3B0YWNfMjAyMA,QzNMLTAxMjU3OnVjZWNfY3B0YWNfMjAyMA,84868,ucec_cptac_2020_mrna,C3L-01257,C3L-01257,ucec_cptac_2020,10.17
QzNMLTAxMjU3OnVjZWNfY3B0YWNfMjAyMA,QzNMLTAxMjU3OnVjZWNfY3B0YWNfMjAyMA,3458,ucec_cptac_2020_mrna,C3L-01257,C3L-01257,ucec_cptac_2020,6.94
QzNMLTAxMjU3OnVjZWNfY3B0YWNfMjAyMA,QzNMLTAxMjU3OnVjZWNfY3B0YWNfMjAyMA,3394,ucec_cptac_2020_mrna,C3L-01257,C3L-01257,ucec_cptac_2020,10.05
QzNMLTAxMjU3OnVjZWNfY3B0YWNfMjAyMA,QzNMLTAxMjU3OnVjZWNfY3B0YWNfMjAyMA,3902,ucec_cptac_2020_mrna,C3L-01257,C3L-01257,ucec_cptac_2020,6.45
QzNMLTAxMjU3OnVjZWNfY3B0YWNfMjAyMA,QzNMLTAxMjU3OnVjZWNfY3B0YWNfMjAyMA,4118,ucec_cptac_2020_mrna,C3L-01257,C3L-01257,ucec_cptac_2020,4.71
QzNMLTAxMjU3OnVjZWNfY3B0YWNfMjAyMA,QzNMLTAxMjU3OnVjZWNfY3B0YWNfMjAyMA,94025,ucec_cptac_2020_mrna,C3L-01257,C3L-01257,ucec_cptac_2020,14.08
QzNMLTAxMjU3OnVjZWNfY3B0YWNfMjAyMA,QzNMLTAxMjU3OnVjZWNfY3B0YWNfMjAyMA,5133,ucec_cptac_2020_mrna,C3L-01257,C3L-01257,ucec_cptac_2020,8.04
QzNMLTAxMjU3OnVjZWNfY3B0YWNfMjAyMA,QzNMLTAxMjU3OnVjZWNfY3B0YWNfMjAyMA,55509,ucec_cptac_2020_mrna,C3L-01257,C3L-01257,ucec_cptac_2020,4.93
QzNMLTAxMjU3OnVjZWNfY3B0YWNfMjAyMA,QzNMLTAxMjU3OnVjZWNfY3B0YWNfMjAyMA,6772,ucec_cptac_2020_mrna,C3L-01257,C3L-01257,ucec_cptac_2020,13.83
QzNMLTAxMjU3OnVjZWNfY3B0YWNfMjAyMA,QzNMLTAxMjU3OnVjZWNfY3B0YWNfMjAyMA,7040,ucec_cptac_2020_mrna,C3L-01257,C3L-01257,ucec_cptac_2020,8.48
QzNMLTAxMjU3OnVjZWNfY3B0YWNfMjAyMA,QzNMLTAxMjU3OnVjZWNfY3B0YWNfMjAyMA,201633,ucec_cptac_2020_mrna,C3L-01257,C3L-01257,ucec_cptac_2020,9.63
QzNMLTAxMjU3OnVjZWNfY3B0YWNfMjAyMA,QzNMLTAxMjU3OnVjZWNfY3B0YWNfMjAyMA,79679,ucec_cptac_2020_mrna,C3L-01257,C3L-01257,ucec_cptac_2020,12.09
QzNMLTAxMjU3OnVjZWNfY3B0YWNfMjAyMA,QzNMLTAxMjU3OnVjZWNfY3B0YWNfMjAyMA,2829,ucec_cptac_2020_mrna,C3L-01257,C3L-01257,ucec_cptac_2020,2.87
QzNMLTAxMjU3OnVjZWNfY3B0YWNfMjAyMA,QzNMLTAxMjU3OnVjZWNfY3B0YWNfMjAyMA,898,ucec_cptac_2020_mrna,C3L-01257,C3L-01257,ucec_cptac_2020,8.16
QzNMLTAxMjU3OnVjZWNfY3B0YWNfMjAyMA,QzNMLTAxMjU3OnVjZWNfY3B0YWNfMjAyMA,925,ucec_cptac_2020_mrna,C3L-01257,C3L-01257,ucec_cptac_2020,9.17
QzNMLTAxMjU3OnVjZWNfY3B0YWNfMjAyMA,QzNMLTAxMjU3OnVjZWNfY3B0YWNfMjAyMA,968,ucec_cptac_2020_mrna,C3L-01257,C3L-01257,ucec_cptac_2020,12.05
QzNMLTAxMjU3OnVjZWNfY3B0YWNfMjAyMA,QzNMLTAxMjU3OnVjZWNfY3B0YWNfMjAyMA,29126,ucec_cptac_2020_mrna,C3L-01257,C3L-01257,ucec_cptac_2020,9.05
QzNMLTAxMjU3OnVjZWNfY3B0YWNfMjAyMA,QzNMLTAxMjU3OnVjZWNfY3B0YWNfMjAyMA,80381,ucec_cptac_2020_mrna,C3L-01257,C3L-01257,ucec_cptac_2020,11.37
QzNMLTAxMjU3OnVjZWNfY3B0YWNfMjAyMA,QzNMLTAxMjU3OnVjZWNfY3B0YWNfMjAyMA,9074,ucec_cptac_2020_mrna,C3L-01257,C3L-01257,ucec_cptac_2020,4.16
QzNMLTAxMjU3OnVjZWNfY3B0YWNfMjAyMA,QzNMLTAxMjU3OnVjZWNfY3B0YWNfMjAyMA,283420,ucec_cptac_2020_mrna,C3L-01257,C3L-01257,ucec_cptac_2020,2.87
QzNMLTAxMjU3OnVjZWNfY3B0YWNfMjAyMA,QzNMLTAxMjU3OnVjZWNfY3B0YWNfMjAyMA,1493,ucec_cptac_2020_mrna,C3L-01257,C3L-01257,ucec_cptac_2020,9.02
QzNMLTAxMjU3OnVjZWNfY3B0YWNfMjAyMA,QzNMLTAxMjU3OnVjZWNfY3B0YWNfMjAyMA,1515,ucec_cptac_2020_mrna,C3L-01257,C3L-01257,ucec_cptac_2020,11.46
QzNMLTAxMjU3OnVjZWNfY3B0YWNfMjAyMA,QzNMLTAxMjU3OnVjZWNfY3B0YWNfMjAyMA,4283,ucec_cptac_2020_mrna,C3L-01257,C3L-01257,ucec_cptac_2020,12.71
QzNMLTAxMjc1OnVjZWNfY3B0YWNfMjAyMA,QzNMLTAxMjc1OnVjZWNfY3B0YWNfMjAyMA,50943,ucec_cptac_2020_mrna,C3L-01275,C3L-01275,ucec_cptac_2020,5.14
QzNMLTAxMjc1OnVjZWNfY3B0YWNfMjAyMA,QzNMLTAxMjc1OnVjZWNfY3B0YWNfMjAyMA,3002,ucec_cptac_2020_mrna,C3L-01275,C3L-01275,ucec_cptac_2020,6.8
QzNMLTAxMjc1OnVjZWNfY3B0YWNfMjAyMA,QzNMLTAxMjc1OnVjZWNfY3B0YWNfMjAyMA,84868,ucec_cptac_2020_mrna,C3L-01275,C3L-01275,ucec_cptac_2020,9.06
QzNMLTAxMjc1OnVjZWNfY3B0YWNfMjAyMA,QzNMLTAxMjc1OnVjZWNfY3B0YWNfMjAyMA,3458,ucec_cptac_2020_mrna,C3L-01275,C3L-01275,ucec_cptac_2020,2.18
QzNMLTAxMjc1OnVjZWNfY3B0YWNfMjAyMA,QzNMLTAxMjc1OnVjZWNfY3B0YWNfMjAyMA,3394,ucec_cptac_2020_mrna,C3L-01275,C3L-01275,ucec_cptac_2020,9.15
QzNMLTAxMjc1OnVjZWNfY3B0YWNfMjAyMA,QzNMLTAxMjc1OnVjZWNfY3B0YWNfMjAyMA,3902,ucec_cptac_2020_mrna,C3L-01275,C3L-01275,ucec_cptac_2020,5.44
QzNMLTAxMjc1OnVjZWNfY3B0YWNfMjAyMA,QzNMLTAxMjc1OnVjZWNfY3B0YWNfMjAyMA,4118,ucec_cptac_2020_mrna,C3L-01275,C3L-01275,ucec_cptac_2020,7.99
QzNMLTAxMjc1OnVjZWNfY3B0YWNfMjAyMA,QzNMLTAxMjc1OnVjZWNfY3B0YWNfMjAyMA,94025,ucec_cptac_2020_mrna,C3L-01275,C3L-01275,ucec_cptac_2020,16.68
QzNMLTAxMjc1OnVjZWNfY3B0YWNfMjAyMA,QzNMLTAxMjc1OnVjZWNfY3B0YWNfMjAyMA,5133,ucec_cptac_2020_mrna,C3L-01275,C3L-01275,ucec_cptac_2020,5.44
QzNMLTAxMjc1OnVjZWNfY3B0YWNfMjAyMA,QzNMLTAxMjc1OnVjZWNfY3B0YWNfMjAyMA,55509,ucec_cptac_2020_mrna,C3L-01275,C3L-01275,ucec_cptac_2020,5.95
QzNMLTAxMjc1OnVjZWNfY3B0YWNfMjAyMA,QzNMLTAxMjc1OnVjZWNfY3B0YWNfMjAyMA,6772,ucec_cptac_2020_mrna,C3L-01275,C3L-01275,ucec_cptac_2020,12.95
QzNMLTAxMjc1OnVjZWNfY3B0YWNfMjAyMA,QzNMLTAxMjc1OnVjZWNfY3B0YWNfMjAyMA,7040,ucec_cptac_2020_mrna,C3L-01275,C3L-01275,ucec_cptac_2020,8.33
QzNMLTAxMjc1OnVjZWNfY3B0YWNfMjAyMA,QzNMLTAxMjc1OnVjZWNfY3B0YWNfMjAyMA,201633,ucec_cptac_2020_mrna,C3L-01275,C3L-01275,ucec_cptac_2020,7.25
QzNMLTAxMjc1OnVjZWNfY3B0YWNfMjAyMA,QzNMLTAxMjc1OnVjZWNfY3B0YWNfMjAyMA,79679,ucec_cptac_2020_mrna,C3L-01275,C3L-01275,ucec_cptac_2020,11.02
QzNMLTAxMjc1OnVjZWNfY3B0YWNfMjAyMA,QzNMLTAxMjc1OnVjZWNfY3B0YWNfMjAyMA,2829,ucec_cptac_2020_mrna,C3L-01275,C3L-01275,ucec_cptac_2020,2.65
QzNMLTAxMjc1OnVjZWNfY3B0YWNfMjAyMA,QzNMLTAxMjc1OnVjZWNfY3B0YWNfMjAyMA,898,ucec_cptac_2020_mrna,C3L-01275,C3L-01275,ucec_cptac_2020,9.31
QzNMLTAxMjc1OnVjZWNfY3B0YWNfMjAyMA,QzNMLTAxMjc1OnVjZWNfY3B0YWNfMjAyMA,925,ucec_cptac_2020_mrna,C3L-01275,C3L-01275,ucec_cptac_2020,7.35
QzNMLTAxMjc1OnVjZWNfY3B0YWNfMjAyMA,QzNMLTAxMjc1OnVjZWNfY3B0YWNfMjAyMA,968,ucec_cptac_2020_mrna,C3L-01275,C3L-01275,ucec_cptac_2020,10.68
QzNMLTAxMjc1OnVjZWNfY3B0YWNfMjAyMA,QzNMLTAxMjc1OnVjZWNfY3B0YWNfMjAyMA,29126,ucec_cptac_2020_mrna,C3L-01275,C3L-01275,ucec_cptac_2020,7.81
QzNMLTAxMjc1OnVjZWNfY3B0YWNfMjAyMA,QzNMLTAxMjc1OnVjZWNfY3B0YWNfMjAyMA,80381,ucec_cptac_2020_mrna,C3L-01275,C3L-01275,ucec_cptac_2020,11.74
QzNMLTAxMjc1OnVjZWNfY3B0YWNfMjAyMA,QzNMLTAxMjc1OnVjZWNfY3B0YWNfMjAyMA,9074,ucec_cptac_2020_mrna,C3L-01275,C3L-01275,ucec_cptac_2020,5.07
QzNMLTAxMjc1OnVjZWNfY3B0YWNfMjAyMA,QzNMLTAxMjc1OnVjZWNfY3B0YWNfMjAyMA,283420,ucec_cptac_2020_mrna,C3L-01275,C3L-01275,ucec_cptac_2020,3.42
QzNMLTAxMjc1OnVjZWNfY3B0YWNfMjAyMA,QzNMLTAxMjc1OnVjZWNfY3B0YWNfMjAyMA,1493,ucec_cptac_2020_mrna,C3L-01275,C3L-01275,ucec_cptac_2020,7.0
QzNMLTAxMjc1OnVjZWNfY3B0YWNfMjAyMA,QzNMLTAxMjc1OnVjZWNfY3B0YWNfMjAyMA,1515,ucec_cptac_2020_mrna,C3L-01275,C3L-01275,ucec_cptac_2020,9.73
QzNMLTAxMjc1OnVjZWNfY3B0YWNfMjAyMA,QzNMLTAxMjc1OnVjZWNfY3B0YWNfMjAyMA,4283,ucec_cptac_2020_mrna,C3L-01275,C3L-01275,ucec_cptac_2020,8.84
QzNMLTAxMjgyOnVjZWNfY3B0YWNfMjAyMA,QzNMLTAxMjgyOnVjZWNfY3B0YWNfMjAyMA,50943,ucec_cptac_2020_mrna,C3L-01282,C3L-01282,ucec_cptac_2020,5.32
QzNMLTAxMjgyOnVjZWNfY3B0YWNfMjAyMA,QzNMLTAxMjgyOnVjZWNfY3B0YWNfMjAyMA,3002,ucec_cptac_2020_mrna,C3L-01282,C3L-01282,ucec_cptac_2020,7.15
QzNMLTAxMjgyOnVjZWNfY3B0YWNfMjAyMA,QzNMLTAxMjgyOnVjZWNfY3B0YWNfMjAyMA,84868,ucec_cptac_2020_mrna,C3L-01282,C3L-01282,ucec_cptac_2020,9.08
QzNMLTAxMjgyOnVjZWNfY3B0YWNfMjAyMA,QzNMLTAxMjgyOnVjZWNfY3B0YWNfMjAyMA,3458,ucec_cptac_2020_mrna,C3L-01282,C3L-01282,ucec_cptac_2020,4.5
QzNMLTAxMjgyOnVjZWNfY3B0YWNfMjAyMA,QzNMLTAxMjgyOnVjZWNfY3B0YWNfMjAyMA,3394,ucec_cptac_2020_mrna,C3L-01282,C3L-01282,ucec_cptac_2020,8.7
QzNMLTAxMjgyOnVjZWNfY3B0YWNfMjAyMA,QzNMLTAxMjgyOnVjZWNfY3B0YWNfMjAyMA,3902,ucec_cptac_2020_mrna,C3L-01282,C3L-01282,ucec_cptac_2020,5.74
QzNMLTAxMjgyOnVjZWNfY3B0YWNfMjAyMA,QzNMLTAxMjgyOnVjZWNfY3B0YWNfMjAyMA,4118,ucec_cptac_2020_mrna,C3L-01282,C3L-01282,ucec_cptac_2020,7.9
QzNMLTAxMjgyOnVjZWNfY3B0YWNfMjAyMA,QzNMLTAxMjgyOnVjZWNfY3B0YWNfMjAyMA,94025,ucec_cptac_2020_mrna,C3L-01282,C3L-01282,ucec_cptac_2020,14.62
QzNMLTAxMjgyOnVjZWNfY3B0YWNfMjAyMA,QzNMLTAxMjgyOnVjZWNfY3B0YWNfMjAyMA,5133,ucec_cptac_2020_mrna,C3L-01282,C3L-01282,ucec_cptac_2020,5.71
QzNMLTAxMjgyOnVjZWNfY3B0YWNfMjAyMA,QzNMLTAxMjgyOnVjZWNfY3B0YWNfMjAyMA,55509,ucec_cptac_2020_mrna,C3L-01282,C3L-01282,ucec_cptac_2020,4.74
QzNMLTAxMjgyOnVjZWNfY3B0YWNfMjAyMA,QzNMLTAxMjgyOnVjZWNfY3B0YWNfMjAyMA,6772,ucec_cptac_2020_mrna,C3L-01282,C3L-01282,ucec_cptac_2020,14.27
QzNMLTAxMjgyOnVjZWNfY3B0YWNfMjAyMA,QzNMLTAxMjgyOnVjZWNfY3B0YWNfMjAyMA,7040,ucec_cptac_2020_mrna,C3L-01282,C3L-01282,ucec_cptac_2020,8.58
QzNMLTAxMjgyOnVjZWNfY3B0YWNfMjAyMA,QzNMLTAxMjgyOnVjZWNfY3B0YWNfMjAyMA,201633,ucec_cptac_2020_mrna,C3L-01282,C3L-01282,ucec_cptac_2020,8.22
QzNMLTAxMjgyOnVjZWNfY3B0YWNfMjAyMA,QzNMLTAxMjgyOnVjZWNfY3B0YWNfMjAyMA,79679,ucec_cptac_2020_mrna,C3L-01282,C3L-01282,ucec_cptac_2020,13.02
QzNMLTAxMjgyOnVjZWNfY3B0YWNfMjAyMA,QzNMLTAxMjgyOnVjZWNfY3B0YWNfMjAyMA,2829,ucec_cptac_2020_mrna,C3L-01282,C3L-01282,ucec_cptac_2020,1.02
QzNMLTAxMjgyOnVjZWNfY3B0YWNfMjAyMA,QzNMLTAxMjgyOnVjZWNfY3B0YWNfMjAyMA,898,ucec_cptac_2020_mrna,C3L-01282,C3L-01282,ucec_cptac_2020,10.94
QzNMLTAxMjgyOnVjZWNfY3B0YWNfMjAyMA,QzNMLTAxMjgyOnVjZWNfY3B0YWNfMjAyMA,925,ucec_cptac_2020_mrna,C3L-01282,C3L-01282,ucec_cptac_2020,8.23
QzNMLTAxMjgyOnVjZWNfY3B0YWNfMjAyMA,QzNMLTAxMjgyOnVjZWNfY3B0YWNfMjAyMA,968,ucec_cptac_2020_mrna,C3L-01282,C3L-01282,ucec_cptac_2020,10.58
QzNMLTAxMjgyOnVjZWNfY3B0YWNfMjAyMA,QzNMLTAxMjgyOnVjZWNfY3B0YWNfMjAyMA,29126,ucec_cptac_2020_mrna,C3L-01282,C3L-01282,ucec_cptac_2020,7.79
QzNMLTAxMjgyOnVjZWNfY3B0YWNfMjAyMA,QzNMLTAxMjgyOnVjZWNfY3B0YWNfMjAyMA,80381,ucec_cptac_2020_mrna,C3L-01282,C3L-01282,ucec_cptac_2020,11.3
QzNMLTAxMjgyOnVjZWNfY3B0YWNfMjAyMA,QzNMLTAxMjgyOnVjZWNfY3B0YWNfMjAyMA,9074,ucec_cptac_2020_mrna,C3L-01282,C3L-01282,ucec_cptac_2020,4.68
QzNMLTAxMjgyOnVjZWNfY3B0YWNfMjAyMA,QzNMLTAxMjgyOnVjZWNfY3B0YWNfMjAyMA,283420,ucec_cptac_2020_mrna,C3L-01282,C3L-01282,ucec_cptac_2020,3.5
QzNMLTAxMjgyOnVjZWNfY3B0YWNfMjAyMA,QzNMLTAxMjgyOnVjZWNfY3B0YWNfMjAyMA,1493,ucec_cptac_2020_mrna,C3L-01282,C3L-01282,ucec_cptac_2020,7.17
QzNMLTAxMjgyOnVjZWNfY3B0YWNfMjAyMA,QzNMLTAxMjgyOnVjZWNfY3B0YWNfMjAyMA,1515,ucec_cptac_2020_mrna,C3L-01282,C3L-01282,ucec_cptac_2020,9.38
QzNMLTAxMjgyOnVjZWNfY3B0YWNfMjAyMA,QzNMLTAxMjgyOnVjZWNfY3B0YWNfMjAyMA,4283,ucec_cptac_2020_mrna,C3L-01282,C3L-01282,ucec_cptac_2020,10.36
QzNMLTAxMzA0OnVjZWNfY3B0YWNfMjAyMA,QzNMLTAxMzA0OnVjZWNfY3B0YWNfMjAyMA,50943,ucec_cptac_2020_mrna,C3L-01304,C3L-01304,ucec_cptac_2020,5.52
QzNMLTAxMzA0OnVjZWNfY3B0YWNfMjAyMA,QzNMLTAxMzA0OnVjZWNfY3B0YWNfMjAyMA,3002,ucec_cptac_2020_mrna,C3L-01304,C3L-01304,ucec_cptac_2020,7.96
QzNMLTAxMzA0OnVjZWNfY3B0YWNfMjAyMA,QzNMLTAxMzA0OnVjZWNfY3B0YWNfMjAyMA,84868,ucec_cptac_2020_mrna,C3L-01304,C3L-01304,ucec_cptac_2020,9.11
QzNMLTAxMzA0OnVjZWNfY3B0YWNfMjAyMA,QzNMLTAxMzA0OnVjZWNfY3B0YWNfMjAyMA,3458,ucec_cptac_2020_mrna,C3L-01304,C3L-01304,ucec_cptac_2020,5.63
QzNMLTAxMzA0OnVjZWNfY3B0YWNfMjAyMA,QzNMLTAxMzA0OnVjZWNfY3B0YWNfMjAyMA,3394,ucec_cptac_2020_mrna,C3L-01304,C3L-01304,ucec_cptac_2020,8.82
QzNMLTAxMzA0OnVjZWNfY3B0YWNfMjAyMA,QzNMLTAxMzA0OnVjZWNfY3B0YWNfMjAyMA,3902,ucec_cptac_2020_mrna,C3L-01304,C3L-01304,ucec_cptac_2020,5.79
QzNMLTAxMzA0OnVjZWNfY3B0YWNfMjAyMA,QzNMLTAxMzA0OnVjZWNfY3B0YWNfMjAyMA,4118,ucec_cptac_2020_mrna,C3L-01304,C3L-01304,ucec_cptac_2020,6.28
QzNMLTAxMzA0OnVjZWNfY3B0YWNfMjAyMA,QzNMLTAxMzA0OnVjZWNfY3B0YWNfMjAyMA,94025,ucec_cptac_2020_mrna,C3L-01304,C3L-01304,ucec_cptac_2020,13.16
QzNMLTAxMzA0OnVjZWNfY3B0YWNfMjAyMA,QzNMLTAxMzA0OnVjZWNfY3B0YWNfMjAyMA,5133,ucec_cptac_2020_mrna,C3L-01304,C3L-01304,ucec_cptac_2020,8.34
QzNMLTAxMzA0OnVjZWNfY3B0YWNfMjAyMA,QzNMLTAxMzA0OnVjZWNfY3B0YWNfMjAyMA,55509,ucec_cptac_2020_mrna,C3L-01304,C3L-01304,ucec_cptac_2020,3.93
QzNMLTAxMzA0OnVjZWNfY3B0YWNfMjAyMA,QzNMLTAxMzA0OnVjZWNfY3B0YWNfMjAyMA,6772,ucec_cptac_2020_mrna,C3L-01304,C3L-01304,ucec_cptac_2020,13.98
QzNMLTAxMzA0OnVjZWNfY3B0YWNfMjAyMA,QzNMLTAxMzA0OnVjZWNfY3B0YWNfMjAyMA,7040,ucec_cptac_2020_mrna,C3L-01304,C3L-01304,ucec_cptac_2020,8.33
QzNMLTAxMzA0OnVjZWNfY3B0YWNfMjAyMA,QzNMLTAxMzA0OnVjZWNfY3B0YWNfMjAyMA,201633,ucec_cptac_2020_mrna,C3L-01304,C3L-01304,ucec_cptac_2020,8.02
QzNMLTAxMzA0OnVjZWNfY3B0YWNfMjAyMA,QzNMLTAxMzA0OnVjZWNfY3B0YWNfMjAyMA,79679,ucec_cptac_2020_mrna,C3L-01304,C3L-01304,ucec_cptac_2020,11.72
QzNMLTAxMzA0OnVjZWNfY3B0YWNfMjAyMA,QzNMLTAxMzA0OnVjZWNfY3B0YWNfMjAyMA,2829,ucec_cptac_2020_mrna,C3L-01304,C3L-01304,ucec_cptac_2020,4.23
QzNMLTAxMzA0OnVjZWNfY3B0YWNfMjAyMA,QzNMLTAxMzA0OnVjZWNfY3B0YWNfMjAyMA,898,ucec_cptac_2020_mrna,C3L-01304,C3L-01304,ucec_cptac_2020,8.35
QzNMLTAxMzA0OnVjZWNfY3B0YWNfMjAyMA,QzNMLTAxMzA0OnVjZWNfY3B0YWNfMjAyMA,925,ucec_cptac_2020_mrna,C3L-01304,C3L-01304,ucec_cptac_2020,8.66
QzNMLTAxMzA0OnVjZWNfY3B0YWNfMjAyMA,QzNMLTAxMzA0OnVjZWNfY3B0YWNfMjAyMA,968,ucec_cptac_2020_mrna,C3L-01304,C3L-01304,ucec_cptac_2020,10.86
QzNMLTAxMzA0OnVjZWNfY3B0YWNfMjAyMA,QzNMLTAxMzA0OnVjZWNfY3B0YWNfMjAyMA,29126,ucec_cptac_2020_mrna,C3L-01304,C3L-01304,ucec_cptac_2020,7.76
QzNMLTAxMzA0OnVjZWNfY3B0YWNfMjAyMA,QzNMLTAxMzA0OnVjZWNfY3B0YWNfMjAyMA,80381,ucec_cptac_2020_mrna,C3L-01304,C3L-01304,ucec_cptac_2020,11.49
QzNMLTAxMzA0OnVjZWNfY3B0YWNfMjAyMA,QzNMLTAxMzA0OnVjZWNfY3B0YWNfMjAyMA,9074,ucec_cptac_2020_mrna,C3L-01304,C3L-01304,ucec_cptac_2020,6.41
QzNMLTAxMzA0OnVjZWNfY3B0YWNfMjAyMA,QzNMLTAxMzA0OnVjZWNfY3B0YWNfMjAyMA,283420,ucec_cptac_2020_mrna,C3L-01304,C3L-01304,ucec_cptac_2020,4.88
QzNMLTAxMzA0OnVjZWNfY3B0YWNfMjAyMA,QzNMLTAxMzA0OnVjZWNfY3B0YWNfMjAyMA,1493,ucec_cptac_2020_mrna,C3L-01304,C3L-01304,ucec_cptac_2020,9.01
QzNMLTAxMzA0OnVjZWNfY3B0YWNfMjAyMA,QzNMLTAxMzA0OnVjZWNfY3B0YWNfMjAyMA,1515,ucec_cptac_2020_mrna,C3L-01304,C3L-01304,ucec_cptac_2020,9.11
QzNMLTAxMzA0OnVjZWNfY3B0YWNfMjAyMA,QzNMLTAxMzA0OnVjZWNfY3B0YWNfMjAyMA,4283,ucec_cptac_2020_mrna,C3L-01304,C3L-01304,ucec_cptac_2020,11.22
QzNMLTAxMzA3OnVjZWNfY3B0YWNfMjAyMA,QzNMLTAxMzA3OnVjZWNfY3B0YWNfMjAyMA,50943,ucec_cptac_2020_mrna,C3L-01307,C3L-01307,ucec_cptac_2020,6.11
QzNMLTAxMzA3OnVjZWNfY3B0YWNfMjAyMA,QzNMLTAxMzA3OnVjZWNfY3B0YWNfMjAyMA,3002,ucec_cptac_2020_mrna,C3L-01307,C3L-01307,ucec_cptac_2020,6.06
QzNMLTAxMzA3OnVjZWNfY3B0YWNfMjAyMA,QzNMLTAxMzA3OnVjZWNfY3B0YWNfMjAyMA,84868,ucec_cptac_2020_mrna,C3L-01307,C3L-01307,ucec_cptac_2020,9.0
QzNMLTAxMzA3OnVjZWNfY3B0YWNfMjAyMA,QzNMLTAxMzA3OnVjZWNfY3B0YWNfMjAyMA,3458,ucec_cptac_2020_mrna,C3L-01307,C3L-01307,ucec_cptac_2020,4.33
QzNMLTAxMzA3OnVjZWNfY3B0YWNfMjAyMA,QzNMLTAxMzA3OnVjZWNfY3B0YWNfMjAyMA,3394,ucec_cptac_2020_mrna,C3L-01307,C3L-01307,ucec_cptac_2020,8.77
QzNMLTAxMzA3OnVjZWNfY3B0YWNfMjAyMA,QzNMLTAxMzA3OnVjZWNfY3B0YWNfMjAyMA,3902,ucec_cptac_2020_mrna,C3L-01307,C3L-01307,ucec_cptac_2020,6.81
QzNMLTAxMzA3OnVjZWNfY3B0YWNfMjAyMA,QzNMLTAxMzA3OnVjZWNfY3B0YWNfMjAyMA,4118,ucec_cptac_2020_mrna,C3L-01307,C3L-01307,ucec_cptac_2020,5.1
QzNMLTAxMzA3OnVjZWNfY3B0YWNfMjAyMA,QzNMLTAxMzA3OnVjZWNfY3B0YWNfMjAyMA,94025,ucec_cptac_2020_mrna,C3L-01307,C3L-01307,ucec_cptac_2020,15.78
QzNMLTAxMzA3OnVjZWNfY3B0YWNfMjAyMA,QzNMLTAxMzA3OnVjZWNfY3B0YWNfMjAyMA,5133,ucec_cptac_2020_mrna,C3L-01307,C3L-01307,ucec_cptac_2020,5.2
QzNMLTAxMzA3OnVjZWNfY3B0YWNfMjAyMA,QzNMLTAxMzA3OnVjZWNfY3B0YWNfMjAyMA,55509,ucec_cptac_2020_mrna,C3L-01307,C3L-01307,ucec_cptac_2020,4.24
QzNMLTAxMzA3OnVjZWNfY3B0YWNfMjAyMA,QzNMLTAxMzA3OnVjZWNfY3B0YWNfMjAyMA,6772,ucec_cptac_2020_mrna,C3L-01307,C3L-01307,ucec_cptac_2020,13.45
QzNMLTAxMzA3OnVjZWNfY3B0YWNfMjAyMA,QzNMLTAxMzA3OnVjZWNfY3B0YWNfMjAyMA,7040,ucec_cptac_2020_mrna,C3L-01307,C3L-01307,ucec_cptac_2020,8.89
QzNMLTAxMzA3OnVjZWNfY3B0YWNfMjAyMA,QzNMLTAxMzA3OnVjZWNfY3B0YWNfMjAyMA,201633,ucec_cptac_2020_mrna,C3L-01307,C3L-01307,ucec_cptac_2020,7.34
QzNMLTAxMzA3OnVjZWNfY3B0YWNfMjAyMA,QzNMLTAxMzA3OnVjZWNfY3B0YWNfMjAyMA,79679,ucec_cptac_2020_mrna,C3L-01307,C3L-01307,ucec_cptac_2020,11.64
QzNMLTAxMzA3OnVjZWNfY3B0YWNfMjAyMA,QzNMLTAxMzA3OnVjZWNfY3B0YWNfMjAyMA,2829,ucec_cptac_2020_mrna,C3L-01307,C3L-01307,ucec_cptac_2020,2.2
QzNMLTAxMzA3OnVjZWNfY3B0YWNfMjAyMA,QzNMLTAxMzA3OnVjZWNfY3B0YWNfMjAyMA,898,ucec_cptac_2020_mrna,C3L-01307,C3L-01307,ucec_cptac_2020,10.02
QzNMLTAxMzA3OnVjZWNfY3B0YWNfMjAyMA,QzNMLTAxMzA3OnVjZWNfY3B0YWNfMjAyMA,925,ucec_cptac_2020_mrna,C3L-01307,C3L-01307,ucec_cptac_2020,7.19
QzNMLTAxMzA3OnVjZWNfY3B0YWNfMjAyMA,QzNMLTAxMzA3OnVjZWNfY3B0YWNfMjAyMA,968,ucec_cptac_2020_mrna,C3L-01307,C3L-01307,ucec_cptac_2020,11.17
QzNMLTAxMzA3OnVjZWNfY3B0YWNfMjAyMA,QzNMLTAxMzA3OnVjZWNfY3B0YWNfMjAyMA,29126,ucec_cptac_2020_mrna,C3L-01307,C3L-01307,ucec_cptac_2020,7.65
QzNMLTAxMzA3OnVjZWNfY3B0YWNfMjAyMA,QzNMLTAxMzA3OnVjZWNfY3B0YWNfMjAyMA,80381,ucec_cptac_2020_mrna,C3L-01307,C3L-01307,ucec_cptac_2020,10.66
QzNMLTAxMzA3OnVjZWNfY3B0YWNfMjAyMA,QzNMLTAxMzA3OnVjZWNfY3B0YWNfMjAyMA,9074,ucec_cptac_2020_mrna,C3L-01307,C3L-01307,ucec_cptac_2020,4.89
QzNMLTAxMzA3OnVjZWNfY3B0YWNfMjAyMA,QzNMLTAxMzA3OnVjZWNfY3B0YWNfMjAyMA,283420,ucec_cptac_2020_mrna,C3L-01307,C3L-01307,ucec_cptac_2020,0.0
QzNMLTAxMzA3OnVjZWNfY3B0YWNfMjAyMA,QzNMLTAxMzA3OnVjZWNfY3B0YWNfMjAyMA,1493,ucec_cptac_2020_mrna,C3L-01307,C3L-01307,ucec_cptac_2020,6.85
QzNMLTAxMzA3OnVjZWNfY3B0YWNfMjAyMA,QzNMLTAxMzA3OnVjZWNfY3B0YWNfMjAyMA,1515,ucec_cptac_2020_mrna,C3L-01307,C3L-01307,ucec_cptac_2020,11.92
QzNMLTAxMzA3OnVjZWNfY3B0YWNfMjAyMA,QzNMLTAxMzA3OnVjZWNfY3B0YWNfMjAyMA,4283,ucec_cptac_2020_mrna,C3L-01307,C3L-01307,ucec_cptac_2020,8.45
QzNMLTAxMzExOnVjZWNfY3B0YWNfMjAyMA,QzNMLTAxMzExOnVjZWNfY3B0YWNfMjAyMA,50943,ucec_cptac_2020_mrna,C3L-01311,C3L-01311,ucec_cptac_2020,4.91
QzNMLTAxMzExOnVjZWNfY3B0YWNfMjAyMA,QzNMLTAxMzExOnVjZWNfY3B0YWNfMjAyMA,3002,ucec_cptac_2020_mrna,C3L-01311,C3L-01311,ucec_cptac_2020,8.21
QzNMLTAxMzExOnVjZWNfY3B0YWNfMjAyMA,QzNMLTAxMzExOnVjZWNfY3B0YWNfMjAyMA,84868,ucec_cptac_2020_mrna,C3L-01311,C3L-01311,ucec_cptac_2020,9.45
QzNMLTAxMzExOnVjZWNfY3B0YWNfMjAyMA,QzNMLTAxMzExOnVjZWNfY3B0YWNfMjAyMA,3458,ucec_cptac_2020_mrna,C3L-01311,C3L-01311,ucec_cptac_2020,6.28
QzNMLTAxMzExOnVjZWNfY3B0YWNfMjAyMA,QzNMLTAxMzExOnVjZWNfY3B0YWNfMjAyMA,3394,ucec_cptac_2020_mrna,C3L-01311,C3L-01311,ucec_cptac_2020,9.17
QzNMLTAxMzExOnVjZWNfY3B0YWNfMjAyMA,QzNMLTAxMzExOnVjZWNfY3B0YWNfMjAyMA,3902,ucec_cptac_2020_mrna,C3L-01311,C3L-01311,ucec_cptac_2020,6.19
QzNMLTAxMzExOnVjZWNfY3B0YWNfMjAyMA,QzNMLTAxMzExOnVjZWNfY3B0YWNfMjAyMA,4118,ucec_cptac_2020_mrna,C3L-01311,C3L-01311,ucec_cptac_2020,4.04
QzNMLTAxMzExOnVjZWNfY3B0YWNfMjAyMA,QzNMLTAxMzExOnVjZWNfY3B0YWNfMjAyMA,94025,ucec_cptac_2020_mrna,C3L-01311,C3L-01311,ucec_cptac_2020,14.56
QzNMLTAxMzExOnVjZWNfY3B0YWNfMjAyMA,QzNMLTAxMzExOnVjZWNfY3B0YWNfMjAyMA,5133,ucec_cptac_2020_mrna,C3L-01311,C3L-01311,ucec_cptac_2020,7.76
QzNMLTAxMzExOnVjZWNfY3B0YWNfMjAyMA,QzNMLTAxMzExOnVjZWNfY3B0YWNfMjAyMA,55509,ucec_cptac_2020_mrna,C3L-01311,C3L-01311,ucec_cptac_2020,5.82
QzNMLTAxMzExOnVjZWNfY3B0YWNfMjAyMA,QzNMLTAxMzExOnVjZWNfY3B0YWNfMjAyMA,6772,ucec_cptac_2020_mrna,C3L-01311,C3L-01311,ucec_cptac_2020,14.58
QzNMLTAxMzExOnVjZWNfY3B0YWNfMjAyMA,QzNMLTAxMzExOnVjZWNfY3B0YWNfMjAyMA,7040,ucec_cptac_2020_mrna,C3L-01311,C3L-01311,ucec_cptac_2020,8.09
QzNMLTAxMzExOnVjZWNfY3B0YWNfMjAyMA,QzNMLTAxMzExOnVjZWNfY3B0YWNfMjAyMA,201633,ucec_cptac_2020_mrna,C3L-01311,C3L-01311,ucec_cptac_2020,8.46
QzNMLTAxMzExOnVjZWNfY3B0YWNfMjAyMA,QzNMLTAxMzExOnVjZWNfY3B0YWNfMjAyMA,79679,ucec_cptac_2020_mrna,C3L-01311,C3L-01311,ucec_cptac_2020,8.85
QzNMLTAxMzExOnVjZWNfY3B0YWNfMjAyMA,QzNMLTAxMzExOnVjZWNfY3B0YWNfMjAyMA,2829,ucec_cptac_2020_mrna,C3L-01311,C3L-01311,ucec_cptac_2020,0.93
QzNMLTAxMzExOnVjZWNfY3B0YWNfMjAyMA,QzNMLTAxMzExOnVjZWNfY3B0YWNfMjAyMA,898,ucec_cptac_2020_mrna,C3L-01311,C3L-01311,ucec_cptac_2020,7.18
QzNMLTAxMzExOnVjZWNfY3B0YWNfMjAyMA,QzNMLTAxMzExOnVjZWNfY3B0YWNfMjAyMA,925,ucec_cptac_2020_mrna,C3L-01311,C3L-01311,ucec_cptac_2020,8.94
QzNMLTAxMzExOnVjZWNfY3B0YWNfMjAyMA,QzNMLTAxMzExOnVjZWNfY3B0YWNfMjAyMA,968,ucec_cptac_2020_mrna,C3L-01311,C3L-01311,ucec_cptac_2020,11.0
QzNMLTAxMzExOnVjZWNfY3B0YWNfMjAyMA,QzNMLTAxMzExOnVjZWNfY3B0YWNfMjAyMA,29126,ucec_cptac_2020_mrna,C3L-01311,C3L-01311,ucec_cptac_2020,8.82
QzNMLTAxMzExOnVjZWNfY3B0YWNfMjAyMA,QzNMLTAxMzExOnVjZWNfY3B0YWNfMjAyMA,80381,ucec_cptac_2020_mrna,C3L-01311,C3L-01311,ucec_cptac_2020,11.43
QzNMLTAxMzExOnVjZWNfY3B0YWNfMjAyMA,QzNMLTAxMzExOnVjZWNfY3B0YWNfMjAyMA,9074,ucec_cptac_2020_mrna,C3L-01311,C3L-01311,ucec_cptac_2020,3.58
QzNMLTAxMzExOnVjZWNfY3B0YWNfMjAyMA,QzNMLTAxMzExOnVjZWNfY3B0YWNfMjAyMA,283420,ucec_cptac_2020_mrna,C3L-01311,C3L-01311,ucec_cptac_2020,3.2
QzNMLTAxMzExOnVjZWNfY3B0YWNfMjAyMA,QzNMLTAxMzExOnVjZWNfY3B0YWNfMjAyMA,1493,ucec_cptac_2020_mrna,C3L-01311,C3L-01311,ucec_cptac_2020,8.2
QzNMLTAxMzExOnVjZWNfY3B0YWNfMjAyMA,QzNMLTAxMzExOnVjZWNfY3B0YWNfMjAyMA,1515,ucec_cptac_2020_mrna,C3L-01311,C3L-01311,ucec_cptac_2020,9.23
QzNMLTAxMzExOnVjZWNfY3B0YWNfMjAyMA,QzNMLTAxMzExOnVjZWNfY3B0YWNfMjAyMA,4283,ucec_cptac_2020_mrna,C3L-01311,C3L-01311,ucec_cptac_2020,10.87
QzNMLTAxMzEyOnVjZWNfY3B0YWNfMjAyMA,QzNMLTAxMzEyOnVjZWNfY3B0YWNfMjAyMA,50943,ucec_cptac_2020_mrna,C3L-01312,C3L-01312,ucec_cptac_2020,4.74
QzNMLTAxMzEyOnVjZWNfY3B0YWNfMjAyMA,QzNMLTAxMzEyOnVjZWNfY3B0YWNfMjAyMA,3002,ucec_cptac_2020_mrna,C3L-01312,C3L-01312,ucec_cptac_2020,6.56
QzNMLTAxMzEyOnVjZWNfY3B0YWNfMjAyMA,QzNMLTAxMzEyOnVjZWNfY3B0YWNfMjAyMA,84868,ucec_cptac_2020_mrna,C3L-01312,C3L-01312,ucec_cptac_2020,8.92
QzNMLTAxMzEyOnVjZWNfY3B0YWNfMjAyMA,QzNMLTAxMzEyOnVjZWNfY3B0YWNfMjAyMA,3458,ucec_cptac_2020_mrna,C3L-01312,C3L-01312,ucec_cptac_2020,3.92
QzNMLTAxMzEyOnVjZWNfY3B0YWNfMjAyMA,QzNMLTAxMzEyOnVjZWNfY3B0YWNfMjAyMA,3394,ucec_cptac_2020_mrna,C3L-01312,C3L-01312,ucec_cptac_2020,9.96
QzNMLTAxMzEyOnVjZWNfY3B0YWNfMjAyMA,QzNMLTAxMzEyOnVjZWNfY3B0YWNfMjAyMA,3902,ucec_cptac_2020_mrna,C3L-01312,C3L-01312,ucec_cptac_2020,3.75
QzNMLTAxMzEyOnVjZWNfY3B0YWNfMjAyMA,QzNMLTAxMzEyOnVjZWNfY3B0YWNfMjAyMA,4118,ucec_cptac_2020_mrna,C3L-01312,C3L-01312,ucec_cptac_2020,3.66
QzNMLTAxMzEyOnVjZWNfY3B0YWNfMjAyMA,QzNMLTAxMzEyOnVjZWNfY3B0YWNfMjAyMA,94025,ucec_cptac_2020_mrna,C3L-01312,C3L-01312,ucec_cptac_2020,16.42
QzNMLTAxMzEyOnVjZWNfY3B0YWNfMjAyMA,QzNMLTAxMzEyOnVjZWNfY3B0YWNfMjAyMA,5133,ucec_cptac_2020_mrna,C3L-01312,C3L-01312,ucec_cptac_2020,4.83
QzNMLTAxMzEyOnVjZWNfY3B0YWNfMjAyMA,QzNMLTAxMzEyOnVjZWNfY3B0YWNfMjAyMA,55509,ucec_cptac_2020_mrna,C3L-01312,C3L-01312,ucec_cptac_2020,4.21
QzNMLTAxMzEyOnVjZWNfY3B0YWNfMjAyMA,QzNMLTAxMzEyOnVjZWNfY3B0YWNfMjAyMA,6772,ucec_cptac_2020_mrna,C3L-01312,C3L-01312,ucec_cptac_2020,13.06
QzNMLTAxMzEyOnVjZWNfY3B0YWNfMjAyMA,QzNMLTAxMzEyOnVjZWNfY3B0YWNfMjAyMA,7040,ucec_cptac_2020_mrna,C3L-01312,C3L-01312,ucec_cptac_2020,8.59
QzNMLTAxMzEyOnVjZWNfY3B0YWNfMjAyMA,QzNMLTAxMzEyOnVjZWNfY3B0YWNfMjAyMA,201633,ucec_cptac_2020_mrna,C3L-01312,C3L-01312,ucec_cptac_2020,7.27
QzNMLTAxMzEyOnVjZWNfY3B0YWNfMjAyMA,QzNMLTAxMzEyOnVjZWNfY3B0YWNfMjAyMA,79679,ucec_cptac_2020_mrna,C3L-01312,C3L-01312,ucec_cptac_2020,11.75
QzNMLTAxMzEyOnVjZWNfY3B0YWNfMjAyMA,QzNMLTAxMzEyOnVjZWNfY3B0YWNfMjAyMA,2829,ucec_cptac_2020_mrna,C3L-01312,C3L-01312,ucec_cptac_2020,4.39
QzNMLTAxMzEyOnVjZWNfY3B0YWNfMjAyMA,QzNMLTAxMzEyOnVjZWNfY3B0YWNfMjAyMA,898,ucec_cptac_2020_mrna,C3L-01312,C3L-01312,ucec_cptac_2020,6.75
QzNMLTAxMzEyOnVjZWNfY3B0YWNfMjAyMA,QzNMLTAxMzEyOnVjZWNfY3B0YWNfMjAyMA,925,ucec_cptac_2020_mrna,C3L-01312,C3L-01312,ucec_cptac_2020,8.08
QzNMLTAxMzEyOnVjZWNfY3B0YWNfMjAyMA,QzNMLTAxMzEyOnVjZWNfY3B0YWNfMjAyMA,968,ucec_cptac_2020_mrna,C3L-01312,C3L-01312,ucec_cptac_2020,10.72
QzNMLTAxMzEyOnVjZWNfY3B0YWNfMjAyMA,QzNMLTAxMzEyOnVjZWNfY3B0YWNfMjAyMA,29126,ucec_cptac_2020_mrna,C3L-01312,C3L-01312,ucec_cptac_2020,7.41
QzNMLTAxMzEyOnVjZWNfY3B0YWNfMjAyMA,QzNMLTAxMzEyOnVjZWNfY3B0YWNfMjAyMA,80381,ucec_cptac_2020_mrna,C3L-01312,C3L-01312,ucec_cptac_2020,11.29
QzNMLTAxMzEyOnVjZWNfY3B0YWNfMjAyMA,QzNMLTAxMzEyOnVjZWNfY3B0YWNfMjAyMA,9074,ucec_cptac_2020_mrna,C3L-01312,C3L-01312,ucec_cptac_2020,4.44
QzNMLTAxMzEyOnVjZWNfY3B0YWNfMjAyMA,QzNMLTAxMzEyOnVjZWNfY3B0YWNfMjAyMA,283420,ucec_cptac_2020_mrna,C3L-01312,C3L-01312,ucec_cptac_2020,4.0
QzNMLTAxMzEyOnVjZWNfY3B0YWNfMjAyMA,QzNMLTAxMzEyOnVjZWNfY3B0YWNfMjAyMA,1493,ucec_cptac_2020_mrna,C3L-01312,C3L-01312,ucec_cptac_2020,5.47
QzNMLTAxMzEyOnVjZWNfY3B0YWNfMjAyMA,QzNMLTAxMzEyOnVjZWNfY3B0YWNfMjAyMA,1515,ucec_cptac_2020_mrna,C3L-01312,C3L-01312,ucec_cptac_2020,10.99
QzNMLTAxMzEyOnVjZWNfY3B0YWNfMjAyMA,QzNMLTAxMzEyOnVjZWNfY3B0YWNfMjAyMA,4283,ucec_cptac_2020_mrna,C3L-01312,C3L-01312,ucec_cptac_2020,7.75
QzNMLTAxNzQ0OnVjZWNfY3B0YWNfMjAyMA,QzNMLTAxNzQ0OnVjZWNfY3B0YWNfMjAyMA,50943,ucec_cptac_2020_mrna,C3L-01744,C3L-01744,ucec_cptac_2020,5.02
QzNMLTAxNzQ0OnVjZWNfY3B0YWNfMjAyMA,QzNMLTAxNzQ0OnVjZWNfY3B0YWNfMjAyMA,3002,ucec_cptac_2020_mrna,C3L-01744,C3L-01744,ucec_cptac_2020,8.16
QzNMLTAxNzQ0OnVjZWNfY3B0YWNfMjAyMA,QzNMLTAxNzQ0OnVjZWNfY3B0YWNfMjAyMA,84868,ucec_cptac_2020_mrna,C3L-01744,C3L-01744,ucec_cptac_2020,8.9
QzNMLTAxNzQ0OnVjZWNfY3B0YWNfMjAyMA,QzNMLTAxNzQ0OnVjZWNfY3B0YWNfMjAyMA,3458,ucec_cptac_2020_mrna,C3L-01744,C3L-01744,ucec_cptac_2020,6.95
QzNMLTAxNzQ0OnVjZWNfY3B0YWNfMjAyMA,QzNMLTAxNzQ0OnVjZWNfY3B0YWNfMjAyMA,3394,ucec_cptac_2020_mrna,C3L-01744,C3L-01744,ucec_cptac_2020,8.81
QzNMLTAxNzQ0OnVjZWNfY3B0YWNfMjAyMA,QzNMLTAxNzQ0OnVjZWNfY3B0YWNfMjAyMA,3902,ucec_cptac_2020_mrna,C3L-01744,C3L-01744,ucec_cptac_2020,6.33
QzNMLTAxNzQ0OnVjZWNfY3B0YWNfMjAyMA,QzNMLTAxNzQ0OnVjZWNfY3B0YWNfMjAyMA,4118,ucec_cptac_2020_mrna,C3L-01744,C3L-01744,ucec_cptac_2020,6.43
QzNMLTAxNzQ0OnVjZWNfY3B0YWNfMjAyMA,QzNMLTAxNzQ0OnVjZWNfY3B0YWNfMjAyMA,94025,ucec_cptac_2020_mrna,C3L-01744,C3L-01744,ucec_cptac_2020,13.34
QzNMLTAxNzQ0OnVjZWNfY3B0YWNfMjAyMA,QzNMLTAxNzQ0OnVjZWNfY3B0YWNfMjAyMA,5133,ucec_cptac_2020_mrna,C3L-01744,C3L-01744,ucec_cptac_2020,7.24
QzNMLTAxNzQ0OnVjZWNfY3B0YWNfMjAyMA,QzNMLTAxNzQ0OnVjZWNfY3B0YWNfMjAyMA,55509,ucec_cptac_2020_mrna,C3L-01744,C3L-01744,ucec_cptac_2020,4.33
QzNMLTAxNzQ0OnVjZWNfY3B0YWNfMjAyMA,QzNMLTAxNzQ0OnVjZWNfY3B0YWNfMjAyMA,6772,ucec_cptac_2020_mrna,C3L-01744,C3L-01744,ucec_cptac_2020,13.26
QzNMLTAxNzQ0OnVjZWNfY3B0YWNfMjAyMA,QzNMLTAxNzQ0OnVjZWNfY3B0YWNfMjAyMA,7040,ucec_cptac_2020_mrna,C3L-01744,C3L-01744,ucec_cptac_2020,7.35
QzNMLTAxNzQ0OnVjZWNfY3B0YWNfMjAyMA,QzNMLTAxNzQ0OnVjZWNfY3B0YWNfMjAyMA,201633,ucec_cptac_2020_mrna,C3L-01744,C3L-01744,ucec_cptac_2020,8.49
QzNMLTAxNzQ0OnVjZWNfY3B0YWNfMjAyMA,QzNMLTAxNzQ0OnVjZWNfY3B0YWNfMjAyMA,79679,ucec_cptac_2020_mrna,C3L-01744,C3L-01744,ucec_cptac_2020,9.47
QzNMLTAxNzQ0OnVjZWNfY3B0YWNfMjAyMA,QzNMLTAxNzQ0OnVjZWNfY3B0YWNfMjAyMA,2829,ucec_cptac_2020_mrna,C3L-01744,C3L-01744,ucec_cptac_2020,2.71
QzNMLTAxNzQ0OnVjZWNfY3B0YWNfMjAyMA,QzNMLTAxNzQ0OnVjZWNfY3B0YWNfMjAyMA,898,ucec_cptac_2020_mrna,C3L-01744,C3L-01744,ucec_cptac_2020,9.98
QzNMLTAxNzQ0OnVjZWNfY3B0YWNfMjAyMA,QzNMLTAxNzQ0OnVjZWNfY3B0YWNfMjAyMA,925,ucec_cptac_2020_mrna,C3L-01744,C3L-01744,ucec_cptac_2020,8.6
QzNMLTAxNzQ0OnVjZWNfY3B0YWNfMjAyMA,QzNMLTAxNzQ0OnVjZWNfY3B0YWNfMjAyMA,968,ucec_cptac_2020_mrna,C3L-01744,C3L-01744,ucec_cptac_2020,10.98
QzNMLTAxNzQ0OnVjZWNfY3B0YWNfMjAyMA,QzNMLTAxNzQ0OnVjZWNfY3B0YWNfMjAyMA,29126,ucec_cptac_2020_mrna,C3L-01744,C3L-01744,ucec_cptac_2020,7.62
QzNMLTAxNzQ0OnVjZWNfY3B0YWNfMjAyMA,QzNMLTAxNzQ0OnVjZWNfY3B0YWNfMjAyMA,80381,ucec_cptac_2020_mrna,C3L-01744,C3L-01744,ucec_cptac_2020,10.85
QzNMLTAxNzQ0OnVjZWNfY3B0YWNfMjAyMA,QzNMLTAxNzQ0OnVjZWNfY3B0YWNfMjAyMA,9074,ucec_cptac_2020_mrna,C3L-01744,C3L-01744,ucec_cptac_2020,3.27
QzNMLTAxNzQ0OnVjZWNfY3B0YWNfMjAyMA,QzNMLTAxNzQ0OnVjZWNfY3B0YWNfMjAyMA,283420,ucec_cptac_2020_mrna,C3L-01744,C3L-01744,ucec_cptac_2020,3.27
QzNMLTAxNzQ0OnVjZWNfY3B0YWNfMjAyMA,QzNMLTAxNzQ0OnVjZWNfY3B0YWNfMjAyMA,1493,ucec_cptac_2020_mrna,C3L-01744,C3L-01744,ucec_cptac_2020,7.82
QzNMLTAxNzQ0OnVjZWNfY3B0YWNfMjAyMA,QzNMLTAxNzQ0OnVjZWNfY3B0YWNfMjAyMA,1515,ucec_cptac_2020_mrna,C3L-01744,C3L-01744,ucec_cptac_2020,11.91
QzNMLTAxNzQ0OnVjZWNfY3B0YWNfMjAyMA,QzNMLTAxNzQ0OnVjZWNfY3B0YWNfMjAyMA,4283,ucec_cptac_2020_mrna,C3L-01744,C3L-01744,ucec_cptac_2020,11.52
QzNOLTAwMTUxOnVjZWNfY3B0YWNfMjAyMA,QzNOLTAwMTUxOnVjZWNfY3B0YWNfMjAyMA,50943,ucec_cptac_2020_mrna,C3N-00151,C3N-00151,ucec_cptac_2020,4.83
QzNOLTAwMTUxOnVjZWNfY3B0YWNfMjAyMA,QzNOLTAwMTUxOnVjZWNfY3B0YWNfMjAyMA,3002,ucec_cptac_2020_mrna,C3N-00151,C3N-00151,ucec_cptac_2020,7.58
QzNOLTAwMTUxOnVjZWNfY3B0YWNfMjAyMA,QzNOLTAwMTUxOnVjZWNfY3B0YWNfMjAyMA,84868,ucec_cptac_2020_mrna,C3N-00151,C3N-00151,ucec_cptac_2020,8.4
QzNOLTAwMTUxOnVjZWNfY3B0YWNfMjAyMA,QzNOLTAwMTUxOnVjZWNfY3B0YWNfMjAyMA,3458,ucec_cptac_2020_mrna,C3N-00151,C3N-00151,ucec_cptac_2020,4.78
QzNOLTAwMTUxOnVjZWNfY3B0YWNfMjAyMA,QzNOLTAwMTUxOnVjZWNfY3B0YWNfMjAyMA,3394,ucec_cptac_2020_mrna,C3N-00151,C3N-00151,ucec_cptac_2020,9.05
QzNOLTAwMTUxOnVjZWNfY3B0YWNfMjAyMA,QzNOLTAwMTUxOnVjZWNfY3B0YWNfMjAyMA,3902,ucec_cptac_2020_mrna,C3N-00151,C3N-00151,ucec_cptac_2020,5.83
QzNOLTAwMTUxOnVjZWNfY3B0YWNfMjAyMA,QzNOLTAwMTUxOnVjZWNfY3B0YWNfMjAyMA,4118,ucec_cptac_2020_mrna,C3N-00151,C3N-00151,ucec_cptac_2020,8.67
QzNOLTAwMTUxOnVjZWNfY3B0YWNfMjAyMA,QzNOLTAwMTUxOnVjZWNfY3B0YWNfMjAyMA,94025,ucec_cptac_2020_mrna,C3N-00151,C3N-00151,ucec_cptac_2020,14.05
QzNOLTAwMTUxOnVjZWNfY3B0YWNfMjAyMA,QzNOLTAwMTUxOnVjZWNfY3B0YWNfMjAyMA,5133,ucec_cptac_2020_mrna,C3N-00151,C3N-00151,ucec_cptac_2020,6.51
QzNOLTAwMTUxOnVjZWNfY3B0YWNfMjAyMA,QzNOLTAwMTUxOnVjZWNfY3B0YWNfMjAyMA,55509,ucec_cptac_2020_mrna,C3N-00151,C3N-00151,ucec_cptac_2020,6.87
QzNOLTAwMTUxOnVjZWNfY3B0YWNfMjAyMA,QzNOLTAwMTUxOnVjZWNfY3B0YWNfMjAyMA,6772,ucec_cptac_2020_mrna,C3N-00151,C3N-00151,ucec_cptac_2020,13.07
QzNOLTAwMTUxOnVjZWNfY3B0YWNfMjAyMA,QzNOLTAwMTUxOnVjZWNfY3B0YWNfMjAyMA,7040,ucec_cptac_2020_mrna,C3N-00151,C3N-00151,ucec_cptac_2020,9.04
QzNOLTAwMTUxOnVjZWNfY3B0YWNfMjAyMA,QzNOLTAwMTUxOnVjZWNfY3B0YWNfMjAyMA,201633,ucec_cptac_2020_mrna,C3N-00151,C3N-00151,ucec_cptac_2020,8.37
QzNOLTAwMTUxOnVjZWNfY3B0YWNfMjAyMA,QzNOLTAwMTUxOnVjZWNfY3B0YWNfMjAyMA,79679,ucec_cptac_2020_mrna,C3N-00151,C3N-00151,ucec_cptac_2020,10.12
QzNOLTAwMTUxOnVjZWNfY3B0YWNfMjAyMA,QzNOLTAwMTUxOnVjZWNfY3B0YWNfMjAyMA,2829,ucec_cptac_2020_mrna,C3N-00151,C3N-00151,ucec_cptac_2020,2.01
QzNOLTAwMTUxOnVjZWNfY3B0YWNfMjAyMA,QzNOLTAwMTUxOnVjZWNfY3B0YWNfMjAyMA,898,ucec_cptac_2020_mrna,C3N-00151,C3N-00151,ucec_cptac_2020,10.54
QzNOLTAwMTUxOnVjZWNfY3B0YWNfMjAyMA,QzNOLTAwMTUxOnVjZWNfY3B0YWNfMjAyMA,925,ucec_cptac_2020_mrna,C3N-00151,C3N-00151,ucec_cptac_2020,8.18
QzNOLTAwMTUxOnVjZWNfY3B0YWNfMjAyMA,QzNOLTAwMTUxOnVjZWNfY3B0YWNfMjAyMA,968,ucec_cptac_2020_mrna,C3N-00151,C3N-00151,ucec_cptac_2020,10.14
QzNOLTAwMTUxOnVjZWNfY3B0YWNfMjAyMA,QzNOLTAwMTUxOnVjZWNfY3B0YWNfMjAyMA,29126,ucec_cptac_2020_mrna,C3N-00151,C3N-00151,ucec_cptac_2020,8.24
QzNOLTAwMTUxOnVjZWNfY3B0YWNfMjAyMA,QzNOLTAwMTUxOnVjZWNfY3B0YWNfMjAyMA,80381,ucec_cptac_2020_mrna,C3N-00151,C3N-00151,ucec_cptac_2020,11.55
QzNOLTAwMTUxOnVjZWNfY3B0YWNfMjAyMA,QzNOLTAwMTUxOnVjZWNfY3B0YWNfMjAyMA,9074,ucec_cptac_2020_mrna,C3N-00151,C3N-00151,ucec_cptac_2020,4.78
QzNOLTAwMTUxOnVjZWNfY3B0YWNfMjAyMA,QzNOLTAwMTUxOnVjZWNfY3B0YWNfMjAyMA,283420,ucec_cptac_2020_mrna,C3N-00151,C3N-00151,ucec_cptac_2020,2.6
QzNOLTAwMTUxOnVjZWNfY3B0YWNfMjAyMA,QzNOLTAwMTUxOnVjZWNfY3B0YWNfMjAyMA,1493,ucec_cptac_2020_mrna,C3N-00151,C3N-00151,ucec_cptac_2020,6.97
QzNOLTAwMTUxOnVjZWNfY3B0YWNfMjAyMA,QzNOLTAwMTUxOnVjZWNfY3B0YWNfMjAyMA,1515,ucec_cptac_2020_mrna,C3N-00151,C3N-00151,ucec_cptac_2020,10.49
QzNOLTAwMTUxOnVjZWNfY3B0YWNfMjAyMA,QzNOLTAwMTUxOnVjZWNfY3B0YWNfMjAyMA,4283,ucec_cptac_2020_mrna,C3N-00151,C3N-00151,ucec_cptac_2020,10.81
QzNOLTAwMjAwOnVjZWNfY3B0YWNfMjAyMA,QzNOLTAwMjAwOnVjZWNfY3B0YWNfMjAyMA,50943,ucec_cptac_2020_mrna,C3N-00200,C3N-00200,ucec_cptac_2020,4.96
QzNOLTAwMjAwOnVjZWNfY3B0YWNfMjAyMA,QzNOLTAwMjAwOnVjZWNfY3B0YWNfMjAyMA,3002,ucec_cptac_2020_mrna,C3N-00200,C3N-00200,ucec_cptac_2020,5.93
QzNOLTAwMjAwOnVjZWNfY3B0YWNfMjAyMA,QzNOLTAwMjAwOnVjZWNfY3B0YWNfMjAyMA,84868,ucec_cptac_2020_mrna,C3N-00200,C3N-00200,ucec_cptac_2020,8.79
QzNOLTAwMjAwOnVjZWNfY3B0YWNfMjAyMA,QzNOLTAwMjAwOnVjZWNfY3B0YWNfMjAyMA,3458,ucec_cptac_2020_mrna,C3N-00200,C3N-00200,ucec_cptac_2020,2.88
QzNOLTAwMjAwOnVjZWNfY3B0YWNfMjAyMA,QzNOLTAwMjAwOnVjZWNfY3B0YWNfMjAyMA,3394,ucec_cptac_2020_mrna,C3N-00200,C3N-00200,ucec_cptac_2020,8.7
QzNOLTAwMjAwOnVjZWNfY3B0YWNfMjAyMA,QzNOLTAwMjAwOnVjZWNfY3B0YWNfMjAyMA,3902,ucec_cptac_2020_mrna,C3N-00200,C3N-00200,ucec_cptac_2020,4.54
QzNOLTAwMjAwOnVjZWNfY3B0YWNfMjAyMA,QzNOLTAwMjAwOnVjZWNfY3B0YWNfMjAyMA,4118,ucec_cptac_2020_mrna,C3N-00200,C3N-00200,ucec_cptac_2020,4.54
QzNOLTAwMjAwOnVjZWNfY3B0YWNfMjAyMA,QzNOLTAwMjAwOnVjZWNfY3B0YWNfMjAyMA,94025,ucec_cptac_2020_mrna,C3N-00200,C3N-00200,ucec_cptac_2020,13.74
QzNOLTAwMjAwOnVjZWNfY3B0YWNfMjAyMA,QzNOLTAwMjAwOnVjZWNfY3B0YWNfMjAyMA,5133,ucec_cptac_2020_mrna,C3N-00200,C3N-00200,ucec_cptac_2020,3.39
QzNOLTAwMjAwOnVjZWNfY3B0YWNfMjAyMA,QzNOLTAwMjAwOnVjZWNfY3B0YWNfMjAyMA,55509,ucec_cptac_2020_mrna,C3N-00200,C3N-00200,ucec_cptac_2020,4.96
QzNOLTAwMjAwOnVjZWNfY3B0YWNfMjAyMA,QzNOLTAwMjAwOnVjZWNfY3B0YWNfMjAyMA,6772,ucec_cptac_2020_mrna,C3N-00200,C3N-00200,ucec_cptac_2020,12.58
QzNOLTAwMjAwOnVjZWNfY3B0YWNfMjAyMA,QzNOLTAwMjAwOnVjZWNfY3B0YWNfMjAyMA,7040,ucec_cptac_2020_mrna,C3N-00200,C3N-00200,ucec_cptac_2020,9.2
QzNOLTAwMjAwOnVjZWNfY3B0YWNfMjAyMA,QzNOLTAwMjAwOnVjZWNfY3B0YWNfMjAyMA,201633,ucec_cptac_2020_mrna,C3N-00200,C3N-00200,ucec_cptac_2020,5.78
QzNOLTAwMjAwOnVjZWNfY3B0YWNfMjAyMA,QzNOLTAwMjAwOnVjZWNfY3B0YWNfMjAyMA,79679,ucec_cptac_2020_mrna,C3N-00200,C3N-00200,ucec_cptac_2020,11.92
QzNOLTAwMjAwOnVjZWNfY3B0YWNfMjAyMA,QzNOLTAwMjAwOnVjZWNfY3B0YWNfMjAyMA,2829,ucec_cptac_2020_mrna,C3N-00200,C3N-00200,ucec_cptac_2020,3.39
QzNOLTAwMjAwOnVjZWNfY3B0YWNfMjAyMA,QzNOLTAwMjAwOnVjZWNfY3B0YWNfMjAyMA,898,ucec_cptac_2020_mrna,C3N-00200,C3N-00200,ucec_cptac_2020,7.4
QzNOLTAwMjAwOnVjZWNfY3B0YWNfMjAyMA,QzNOLTAwMjAwOnVjZWNfY3B0YWNfMjAyMA,925,ucec_cptac_2020_mrna,C3N-00200,C3N-00200,ucec_cptac_2020,7.85
QzNOLTAwMjAwOnVjZWNfY3B0YWNfMjAyMA,QzNOLTAwMjAwOnVjZWNfY3B0YWNfMjAyMA,968,ucec_cptac_2020_mrna,C3N-00200,C3N-00200,ucec_cptac_2020,9.79
QzNOLTAwMjAwOnVjZWNfY3B0YWNfMjAyMA,QzNOLTAwMjAwOnVjZWNfY3B0YWNfMjAyMA,29126,ucec_cptac_2020_mrna,C3N-00200,C3N-00200,ucec_cptac_2020,6.35
QzNOLTAwMjAwOnVjZWNfY3B0YWNfMjAyMA,QzNOLTAwMjAwOnVjZWNfY3B0YWNfMjAyMA,80381,ucec_cptac_2020_mrna,C3N-00200,C3N-00200,ucec_cptac_2020,11.71
QzNOLTAwMjAwOnVjZWNfY3B0YWNfMjAyMA,QzNOLTAwMjAwOnVjZWNfY3B0YWNfMjAyMA,9074,ucec_cptac_2020_mrna,C3N-00200,C3N-00200,ucec_cptac_2020,3.39
QzNOLTAwMjAwOnVjZWNfY3B0YWNfMjAyMA,QzNOLTAwMjAwOnVjZWNfY3B0YWNfMjAyMA,283420,ucec_cptac_2020_mrna,C3N-00200,C3N-00200,ucec_cptac_2020,2.52
QzNOLTAwMjAwOnVjZWNfY3B0YWNfMjAyMA,QzNOLTAwMjAwOnVjZWNfY3B0YWNfMjAyMA,1493,ucec_cptac_2020_mrna,C3N-00200,C3N-00200,ucec_cptac_2020,3.77
QzNOLTAwMjAwOnVjZWNfY3B0YWNfMjAyMA,QzNOLTAwMjAwOnVjZWNfY3B0YWNfMjAyMA,1515,ucec_cptac_2020_mrna,C3N-00200,C3N-00200,ucec_cptac_2020,9.36
QzNOLTAwMjAwOnVjZWNfY3B0YWNfMjAyMA,QzNOLTAwMjAwOnVjZWNfY3B0YWNfMjAyMA,4283,ucec_cptac_2020_mrna,C3N-00200,C3N-00200,ucec_cptac_2020,5.97
QzNOLTAwMzIxOnVjZWNfY3B0YWNfMjAyMA,QzNOLTAwMzIxOnVjZWNfY3B0YWNfMjAyMA,50943,ucec_cptac_2020_mrna,C3N-00321,C3N-00321,ucec_cptac_2020,5.91
QzNOLTAwMzIxOnVjZWNfY3B0YWNfMjAyMA,QzNOLTAwMzIxOnVjZWNfY3B0YWNfMjAyMA,3002,ucec_cptac_2020_mrna,C3N-00321,C3N-00321,ucec_cptac_2020,7.05
QzNOLTAwMzIxOnVjZWNfY3B0YWNfMjAyMA,QzNOLTAwMzIxOnVjZWNfY3B0YWNfMjAyMA,84868,ucec_cptac_2020_mrna,C3N-00321,C3N-00321,ucec_cptac_2020,9.15
QzNOLTAwMzIxOnVjZWNfY3B0YWNfMjAyMA,QzNOLTAwMzIxOnVjZWNfY3B0YWNfMjAyMA,3458,ucec_cptac_2020_mrna,C3N-00321,C3N-00321,ucec_cptac_2020,5.37
QzNOLTAwMzIxOnVjZWNfY3B0YWNfMjAyMA,QzNOLTAwMzIxOnVjZWNfY3B0YWNfMjAyMA,3394,ucec_cptac_2020_mrna,C3N-00321,C3N-00321,ucec_cptac_2020,8.76
QzNOLTAwMzIxOnVjZWNfY3B0YWNfMjAyMA,QzNOLTAwMzIxOnVjZWNfY3B0YWNfMjAyMA,3902,ucec_cptac_2020_mrna,C3N-00321,C3N-00321,ucec_cptac_2020,5.93
QzNOLTAwMzIxOnVjZWNfY3B0YWNfMjAyMA,QzNOLTAwMzIxOnVjZWNfY3B0YWNfMjAyMA,4118,ucec_cptac_2020_mrna,C3N-00321,C3N-00321,ucec_cptac_2020,6.55
QzNOLTAwMzIxOnVjZWNfY3B0YWNfMjAyMA,QzNOLTAwMzIxOnVjZWNfY3B0YWNfMjAyMA,94025,ucec_cptac_2020_mrna,C3N-00321,C3N-00321,ucec_cptac_2020,13.7
QzNOLTAwMzIxOnVjZWNfY3B0YWNfMjAyMA,QzNOLTAwMzIxOnVjZWNfY3B0YWNfMjAyMA,5133,ucec_cptac_2020_mrna,C3N-00321,C3N-00321,ucec_cptac_2020,6.4
QzNOLTAwMzIxOnVjZWNfY3B0YWNfMjAyMA,QzNOLTAwMzIxOnVjZWNfY3B0YWNfMjAyMA,55509,ucec_cptac_2020_mrna,C3N-00321,C3N-00321,ucec_cptac_2020,4.15
QzNOLTAwMzIxOnVjZWNfY3B0YWNfMjAyMA,QzNOLTAwMzIxOnVjZWNfY3B0YWNfMjAyMA,6772,ucec_cptac_2020_mrna,C3N-00321,C3N-00321,ucec_cptac_2020,14.06
QzNOLTAwMzIxOnVjZWNfY3B0YWNfMjAyMA,QzNOLTAwMzIxOnVjZWNfY3B0YWNfMjAyMA,7040,ucec_cptac_2020_mrna,C3N-00321,C3N-00321,ucec_cptac_2020,8.63
QzNOLTAwMzIxOnVjZWNfY3B0YWNfMjAyMA,QzNOLTAwMzIxOnVjZWNfY3B0YWNfMjAyMA,201633,ucec_cptac_2020_mrna,C3N-00321,C3N-00321,ucec_cptac_2020,8.66
QzNOLTAwMzIxOnVjZWNfY3B0YWNfMjAyMA,QzNOLTAwMzIxOnVjZWNfY3B0YWNfMjAyMA,79679,ucec_cptac_2020_mrna,C3N-00321,C3N-00321,ucec_cptac_2020,9.5
QzNOLTAwMzIxOnVjZWNfY3B0YWNfMjAyMA,QzNOLTAwMzIxOnVjZWNfY3B0YWNfMjAyMA,2829,ucec_cptac_2020_mrna,C3N-00321,C3N-00321,ucec_cptac_2020,1.98
QzNOLTAwMzIxOnVjZWNfY3B0YWNfMjAyMA,QzNOLTAwMzIxOnVjZWNfY3B0YWNfMjAyMA,898,ucec_cptac_2020_mrna,C3N-00321,C3N-00321,ucec_cptac_2020,9.16
QzNOLTAwMzIxOnVjZWNfY3B0YWNfMjAyMA,QzNOLTAwMzIxOnVjZWNfY3B0YWNfMjAyMA,925,ucec_cptac_2020_mrna,C3N-00321,C3N-00321,ucec_cptac_2020,9.18
QzNOLTAwMzIxOnVjZWNfY3B0YWNfMjAyMA,QzNOLTAwMzIxOnVjZWNfY3B0YWNfMjAyMA,968,ucec_cptac_2020_mrna,C3N-00321,C3N-00321,ucec_cptac_2020,10.9
QzNOLTAwMzIxOnVjZWNfY3B0YWNfMjAyMA,QzNOLTAwMzIxOnVjZWNfY3B0YWNfMjAyMA,29126,ucec_cptac_2020_mrna,C3N-00321,C3N-00321,ucec_cptac_2020,8.29
QzNOLTAwMzIxOnVjZWNfY3B0YWNfMjAyMA,QzNOLTAwMzIxOnVjZWNfY3B0YWNfMjAyMA,80381,ucec_cptac_2020_mrna,C3N-00321,C3N-00321,ucec_cptac_2020,11.27
QzNOLTAwMzIxOnVjZWNfY3B0YWNfMjAyMA,QzNOLTAwMzIxOnVjZWNfY3B0YWNfMjAyMA,9074,ucec_cptac_2020_mrna,C3N-00321,C3N-00321,ucec_cptac_2020,3.98
QzNOLTAwMzIxOnVjZWNfY3B0YWNfMjAyMA,QzNOLTAwMzIxOnVjZWNfY3B0YWNfMjAyMA,283420,ucec_cptac_2020_mrna,C3N-00321,C3N-00321,ucec_cptac_2020,3.15
QzNOLTAwMzIxOnVjZWNfY3B0YWNfMjAyMA,QzNOLTAwMzIxOnVjZWNfY3B0YWNfMjAyMA,1493,ucec_cptac_2020_mrna,C3N-00321,C3N-00321,ucec_cptac_2020,7.71
QzNOLTAwMzIxOnVjZWNfY3B0YWNfMjAyMA,QzNOLTAwMzIxOnVjZWNfY3B0YWNfMjAyMA,1515,ucec_cptac_2020_mrna,C3N-00321,C3N-00321,ucec_cptac_2020,9.4
QzNOLTAwMzIxOnVjZWNfY3B0YWNfMjAyMA,QzNOLTAwMzIxOnVjZWNfY3B0YWNfMjAyMA,4283,ucec_cptac_2020_mrna,C3N-00321,C3N-00321,ucec_cptac_2020,11.34
QzNOLTAwMzIyOnVjZWNfY3B0YWNfMjAyMA,QzNOLTAwMzIyOnVjZWNfY3B0YWNfMjAyMA,50943,ucec_cptac_2020_mrna,C3N-00322,C3N-00322,ucec_cptac_2020,3.08
QzNOLTAwMzIyOnVjZWNfY3B0YWNfMjAyMA,QzNOLTAwMzIyOnVjZWNfY3B0YWNfMjAyMA,3002,ucec_cptac_2020_mrna,C3N-00322,C3N-00322,ucec_cptac_2020,5.15
QzNOLTAwMzIyOnVjZWNfY3B0YWNfMjAyMA,QzNOLTAwMzIyOnVjZWNfY3B0YWNfMjAyMA,84868,ucec_cptac_2020_mrna,C3N-00322,C3N-00322,ucec_cptac_2020,7.28
QzNOLTAwMzIyOnVjZWNfY3B0YWNfMjAyMA,QzNOLTAwMzIyOnVjZWNfY3B0YWNfMjAyMA,3458,ucec_cptac_2020_mrna,C3N-00322,C3N-00322,ucec_cptac_2020,1.04
QzNOLTAwMzIyOnVjZWNfY3B0YWNfMjAyMA,QzNOLTAwMzIyOnVjZWNfY3B0YWNfMjAyMA,3394,ucec_cptac_2020_mrna,C3N-00322,C3N-00322,ucec_cptac_2020,7.63
QzNOLTAwMzIyOnVjZWNfY3B0YWNfMjAyMA,QzNOLTAwMzIyOnVjZWNfY3B0YWNfMjAyMA,3902,ucec_cptac_2020_mrna,C3N-00322,C3N-00322,ucec_cptac_2020,4.17
QzNOLTAwMzIyOnVjZWNfY3B0YWNfMjAyMA,QzNOLTAwMzIyOnVjZWNfY3B0YWNfMjAyMA,4118,ucec_cptac_2020_mrna,C3N-00322,C3N-00322,ucec_cptac_2020,2.07
QzNOLTAwMzIyOnVjZWNfY3B0YWNfMjAyMA,QzNOLTAwMzIyOnVjZWNfY3B0YWNfMjAyMA,94025,ucec_cptac_2020_mrna,C3N-00322,C3N-00322,ucec_cptac_2020,12.51
QzNOLTAwMzIyOnVjZWNfY3B0YWNfMjAyMA,QzNOLTAwMzIyOnVjZWNfY3B0YWNfMjAyMA,5133,ucec_cptac_2020_mrna,C3N-00322,C3N-00322,ucec_cptac_2020,3.89
QzNOLTAwMzIyOnVjZWNfY3B0YWNfMjAyMA,QzNOLTAwMzIyOnVjZWNfY3B0YWNfMjAyMA,55509,ucec_cptac_2020_mrna,C3N-00322,C3N-00322,ucec_cptac_2020,4.67
QzNOLTAwMzIyOnVjZWNfY3B0YWNfMjAyMA,QzNOLTAwMzIyOnVjZWNfY3B0YWNfMjAyMA,6772,ucec_cptac_2020_mrna,C3N-00322,C3N-00322,ucec_cptac_2020,12.1
QzNOLTAwMzIyOnVjZWNfY3B0YWNfMjAyMA,QzNOLTAwMzIyOnVjZWNfY3B0YWNfMjAyMA,7040,ucec_cptac_2020_mrna,C3N-00322,C3N-00322,ucec_cptac_2020,6.67
QzNOLTAwMzIyOnVjZWNfY3B0YWNfMjAyMA,QzNOLTAwMzIyOnVjZWNfY3B0YWNfMjAyMA,201633,ucec_cptac_2020_mrna,C3N-00322,C3N-00322,ucec_cptac_2020,5.37
QzNOLTAwMzIyOnVjZWNfY3B0YWNfMjAyMA,QzNOLTAwMzIyOnVjZWNfY3B0YWNfMjAyMA,79679,ucec_cptac_2020_mrna,C3N-00322,C3N-00322,ucec_cptac_2020,13.37
QzNOLTAwMzIyOnVjZWNfY3B0YWNfMjAyMA,QzNOLTAwMzIyOnVjZWNfY3B0YWNfMjAyMA,2829,ucec_cptac_2020_mrna,C3N-00322,C3N-00322,ucec_cptac_2020,2.66
QzNOLTAwMzIyOnVjZWNfY3B0YWNfMjAyMA,QzNOLTAwMzIyOnVjZWNfY3B0YWNfMjAyMA,898,ucec_cptac_2020_mrna,C3N-00322,C3N-00322,ucec_cptac_2020,6.97
QzNOLTAwMzIyOnVjZWNfY3B0YWNfMjAyMA,QzNOLTAwMzIyOnVjZWNfY3B0YWNfMjAyMA,925,ucec_cptac_2020_mrna,C3N-00322,C3N-00322,ucec_cptac_2020,7.67
QzNOLTAwMzIyOnVjZWNfY3B0YWNfMjAyMA,QzNOLTAwMzIyOnVjZWNfY3B0YWNfMjAyMA,968,ucec_cptac_2020_mrna,C3N-00322,C3N-00322,ucec_cptac_2020,9.3
QzNOLTAwMzIyOnVjZWNfY3B0YWNfMjAyMA,QzNOLTAwMzIyOnVjZWNfY3B0YWNfMjAyMA,29126,ucec_cptac_2020_mrna,C3N-00322,C3N-00322,ucec_cptac_2020,6.46
QzNOLTAwMzIyOnVjZWNfY3B0YWNfMjAyMA,QzNOLTAwMzIyOnVjZWNfY3B0YWNfMjAyMA,80381,ucec_cptac_2020_mrna,C3N-00322,C3N-00322,ucec_cptac_2020,11.27
QzNOLTAwMzIyOnVjZWNfY3B0YWNfMjAyMA,QzNOLTAwMzIyOnVjZWNfY3B0YWNfMjAyMA,9074,ucec_cptac_2020_mrna,C3N-00322,C3N-00322,ucec_cptac_2020,3.89
QzNOLTAwMzIyOnVjZWNfY3B0YWNfMjAyMA,QzNOLTAwMzIyOnVjZWNfY3B0YWNfMjAyMA,283420,ucec_cptac_2020_mrna,C3N-00322,C3N-00322,ucec_cptac_2020,4.33
QzNOLTAwMzIyOnVjZWNfY3B0YWNfMjAyMA,QzNOLTAwMzIyOnVjZWNfY3B0YWNfMjAyMA,1493,ucec_cptac_2020_mrna,C3N-00322,C3N-00322,ucec_cptac_2020,3.99
QzNOLTAwMzIyOnVjZWNfY3B0YWNfMjAyMA,QzNOLTAwMzIyOnVjZWNfY3B0YWNfMjAyMA,1515,ucec_cptac_2020_mrna,C3N-00322,C3N-00322,ucec_cptac_2020,13.09
QzNOLTAwMzIyOnVjZWNfY3B0YWNfMjAyMA,QzNOLTAwMzIyOnVjZWNfY3B0YWNfMjAyMA,4283,ucec_cptac_2020_mrna,C3N-00322,C3N-00322,ucec_cptac_2020,5.73
QzNOLTAwMzI0OnVjZWNfY3B0YWNfMjAyMA,QzNOLTAwMzI0OnVjZWNfY3B0YWNfMjAyMA,50943,ucec_cptac_2020_mrna,C3N-00324,C3N-00324,ucec_cptac_2020,4.76
QzNOLTAwMzI0OnVjZWNfY3B0YWNfMjAyMA,QzNOLTAwMzI0OnVjZWNfY3B0YWNfMjAyMA,3002,ucec_cptac_2020_mrna,C3N-00324,C3N-00324,ucec_cptac_2020,5.71
QzNOLTAwMzI0OnVjZWNfY3B0YWNfMjAyMA,QzNOLTAwMzI0OnVjZWNfY3B0YWNfMjAyMA,84868,ucec_cptac_2020_mrna,C3N-00324,C3N-00324,ucec_cptac_2020,9.36
QzNOLTAwMzI0OnVjZWNfY3B0YWNfMjAyMA,QzNOLTAwMzI0OnVjZWNfY3B0YWNfMjAyMA,3458,ucec_cptac_2020_mrna,C3N-00324,C3N-00324,ucec_cptac_2020,1.67
QzNOLTAwMzI0OnVjZWNfY3B0YWNfMjAyMA,QzNOLTAwMzI0OnVjZWNfY3B0YWNfMjAyMA,3394,ucec_cptac_2020_mrna,C3N-00324,C3N-00324,ucec_cptac_2020,8.93
QzNOLTAwMzI0OnVjZWNfY3B0YWNfMjAyMA,QzNOLTAwMzI0OnVjZWNfY3B0YWNfMjAyMA,3902,ucec_cptac_2020_mrna,C3N-00324,C3N-00324,ucec_cptac_2020,3.7
QzNOLTAwMzI0OnVjZWNfY3B0YWNfMjAyMA,QzNOLTAwMzI0OnVjZWNfY3B0YWNfMjAyMA,4118,ucec_cptac_2020_mrna,C3N-00324,C3N-00324,ucec_cptac_2020,6.23
QzNOLTAwMzI0OnVjZWNfY3B0YWNfMjAyMA,QzNOLTAwMzI0OnVjZWNfY3B0YWNfMjAyMA,94025,ucec_cptac_2020_mrna,C3N-00324,C3N-00324,ucec_cptac_2020,17.98
QzNOLTAwMzI0OnVjZWNfY3B0YWNfMjAyMA,QzNOLTAwMzI0OnVjZWNfY3B0YWNfMjAyMA,5133,ucec_cptac_2020_mrna,C3N-00324,C3N-00324,ucec_cptac_2020,4.7
QzNOLTAwMzI0OnVjZWNfY3B0YWNfMjAyMA,QzNOLTAwMzI0OnVjZWNfY3B0YWNfMjAyMA,55509,ucec_cptac_2020_mrna,C3N-00324,C3N-00324,ucec_cptac_2020,4.21
QzNOLTAwMzI0OnVjZWNfY3B0YWNfMjAyMA,QzNOLTAwMzI0OnVjZWNfY3B0YWNfMjAyMA,6772,ucec_cptac_2020_mrna,C3N-00324,C3N-00324,ucec_cptac_2020,13.56
QzNOLTAwMzI0OnVjZWNfY3B0YWNfMjAyMA,QzNOLTAwMzI0OnVjZWNfY3B0YWNfMjAyMA,7040,ucec_cptac_2020_mrna,C3N-00324,C3N-00324,ucec_cptac_2020,8.24
QzNOLTAwMzI0OnVjZWNfY3B0YWNfMjAyMA,QzNOLTAwMzI0OnVjZWNfY3B0YWNfMjAyMA,201633,ucec_cptac_2020_mrna,C3N-00324,C3N-00324,ucec_cptac_2020,7.23
QzNOLTAwMzI0OnVjZWNfY3B0YWNfMjAyMA,QzNOLTAwMzI0OnVjZWNfY3B0YWNfMjAyMA,79679,ucec_cptac_2020_mrna,C3N-00324,C3N-00324,ucec_cptac_2020,12.61
QzNOLTAwMzI0OnVjZWNfY3B0YWNfMjAyMA,QzNOLTAwMzI0OnVjZWNfY3B0YWNfMjAyMA,2829,ucec_cptac_2020_mrna,C3N-00324,C3N-00324,ucec_cptac_2020,3.28
QzNOLTAwMzI0OnVjZWNfY3B0YWNfMjAyMA,QzNOLTAwMzI0OnVjZWNfY3B0YWNfMjAyMA,898,ucec_cptac_2020_mrna,C3N-00324,C3N-00324,ucec_cptac_2020,8.14
QzNOLTAwMzI0OnVjZWNfY3B0YWNfMjAyMA,QzNOLTAwMzI0OnVjZWNfY3B0YWNfMjAyMA,925,ucec_cptac_2020_mrna,C3N-00324,C3N-00324,ucec_cptac_2020,7.69
QzNOLTAwMzI0OnVjZWNfY3B0YWNfMjAyMA,QzNOLTAwMzI0OnVjZWNfY3B0YWNfMjAyMA,968,ucec_cptac_2020_mrna,C3N-00324,C3N-00324,ucec_cptac_2020,11.1
QzNOLTAwMzI0OnVjZWNfY3B0YWNfMjAyMA,QzNOLTAwMzI0OnVjZWNfY3B0YWNfMjAyMA,29126,ucec_cptac_2020_mrna,C3N-00324,C3N-00324,ucec_cptac_2020,7.47
QzNOLTAwMzI0OnVjZWNfY3B0YWNfMjAyMA,QzNOLTAwMzI0OnVjZWNfY3B0YWNfMjAyMA,80381,ucec_cptac_2020_mrna,C3N-00324,C3N-00324,ucec_cptac_2020,11.5
QzNOLTAwMzI0OnVjZWNfY3B0YWNfMjAyMA,QzNOLTAwMzI0OnVjZWNfY3B0YWNfMjAyMA,9074,ucec_cptac_2020_mrna,C3N-00324,C3N-00324,ucec_cptac_2020,5.08
QzNOLTAwMzI0OnVjZWNfY3B0YWNfMjAyMA,QzNOLTAwMzI0OnVjZWNfY3B0YWNfMjAyMA,283420,ucec_cptac_2020_mrna,C3N-00324,C3N-00324,ucec_cptac_2020,2.69
QzNOLTAwMzI0OnVjZWNfY3B0YWNfMjAyMA,QzNOLTAwMzI0OnVjZWNfY3B0YWNfMjAyMA,1493,ucec_cptac_2020_mrna,C3N-00324,C3N-00324,ucec_cptac_2020,6.41
QzNOLTAwMzI0OnVjZWNfY3B0YWNfMjAyMA,QzNOLTAwMzI0OnVjZWNfY3B0YWNfMjAyMA,1515,ucec_cptac_2020_mrna,C3N-00324,C3N-00324,ucec_cptac_2020,14.1
QzNOLTAwMzI0OnVjZWNfY3B0YWNfMjAyMA,QzNOLTAwMzI0OnVjZWNfY3B0YWNfMjAyMA,4283,ucec_cptac_2020_mrna,C3N-00324,C3N-00324,ucec_cptac_2020,7.88
QzNOLTAwMzI2OnVjZWNfY3B0YWNfMjAyMA,QzNOLTAwMzI2OnVjZWNfY3B0YWNfMjAyMA,50943,ucec_cptac_2020_mrna,C3N-00326,C3N-00326,ucec_cptac_2020,4.1
QzNOLTAwMzI2OnVjZWNfY3B0YWNfMjAyMA,QzNOLTAwMzI2OnVjZWNfY3B0YWNfMjAyMA,3002,ucec_cptac_2020_mrna,C3N-00326,C3N-00326,ucec_cptac_2020,4.1
QzNOLTAwMzI2OnVjZWNfY3B0YWNfMjAyMA,QzNOLTAwMzI2OnVjZWNfY3B0YWNfMjAyMA,84868,ucec_cptac_2020_mrna,C3N-00326,C3N-00326,ucec_cptac_2020,7.64
QzNOLTAwMzI2OnVjZWNfY3B0YWNfMjAyMA,QzNOLTAwMzI2OnVjZWNfY3B0YWNfMjAyMA,3458,ucec_cptac_2020_mrna,C3N-00326,C3N-00326,ucec_cptac_2020,1.1
QzNOLTAwMzI2OnVjZWNfY3B0YWNfMjAyMA,QzNOLTAwMzI2OnVjZWNfY3B0YWNfMjAyMA,3394,ucec_cptac_2020_mrna,C3N-00326,C3N-00326,ucec_cptac_2020,7.77
QzNOLTAwMzI2OnVjZWNfY3B0YWNfMjAyMA,QzNOLTAwMzI2OnVjZWNfY3B0YWNfMjAyMA,3902,ucec_cptac_2020_mrna,C3N-00326,C3N-00326,ucec_cptac_2020,3.64
QzNOLTAwMzI2OnVjZWNfY3B0YWNfMjAyMA,QzNOLTAwMzI2OnVjZWNfY3B0YWNfMjAyMA,4118,ucec_cptac_2020_mrna,C3N-00326,C3N-00326,ucec_cptac_2020,2.75
QzNOLTAwMzI2OnVjZWNfY3B0YWNfMjAyMA,QzNOLTAwMzI2OnVjZWNfY3B0YWNfMjAyMA,94025,ucec_cptac_2020_mrna,C3N-00326,C3N-00326,ucec_cptac_2020,16.99
QzNOLTAwMzI2OnVjZWNfY3B0YWNfMjAyMA,QzNOLTAwMzI2OnVjZWNfY3B0YWNfMjAyMA,5133,ucec_cptac_2020_mrna,C3N-00326,C3N-00326,ucec_cptac_2020,4.1
QzNOLTAwMzI2OnVjZWNfY3B0YWNfMjAyMA,QzNOLTAwMzI2OnVjZWNfY3B0YWNfMjAyMA,55509,ucec_cptac_2020_mrna,C3N-00326,C3N-00326,ucec_cptac_2020,3.35
QzNOLTAwMzI2OnVjZWNfY3B0YWNfMjAyMA,QzNOLTAwMzI2OnVjZWNfY3B0YWNfMjAyMA,6772,ucec_cptac_2020_mrna,C3N-00326,C3N-00326,ucec_cptac_2020,12.49
QzNOLTAwMzI2OnVjZWNfY3B0YWNfMjAyMA,QzNOLTAwMzI2OnVjZWNfY3B0YWNfMjAyMA,7040,ucec_cptac_2020_mrna,C3N-00326,C3N-00326,ucec_cptac_2020,7.41
QzNOLTAwMzI2OnVjZWNfY3B0YWNfMjAyMA,QzNOLTAwMzI2OnVjZWNfY3B0YWNfMjAyMA,201633,ucec_cptac_2020_mrna,C3N-00326,C3N-00326,ucec_cptac_2020,5.48
QzNOLTAwMzI2OnVjZWNfY3B0YWNfMjAyMA,QzNOLTAwMzI2OnVjZWNfY3B0YWNfMjAyMA,79679,ucec_cptac_2020_mrna,C3N-00326,C3N-00326,ucec_cptac_2020,11.71
QzNOLTAwMzI2OnVjZWNfY3B0YWNfMjAyMA,QzNOLTAwMzI2OnVjZWNfY3B0YWNfMjAyMA,2829,ucec_cptac_2020_mrna,C3N-00326,C3N-00326,ucec_cptac_2020,1.1
QzNOLTAwMzI2OnVjZWNfY3B0YWNfMjAyMA,QzNOLTAwMzI2OnVjZWNfY3B0YWNfMjAyMA,898,ucec_cptac_2020_mrna,C3N-00326,C3N-00326,ucec_cptac_2020,9.1
QzNOLTAwMzI2OnVjZWNfY3B0YWNfMjAyMA,QzNOLTAwMzI2OnVjZWNfY3B0YWNfMjAyMA,925,ucec_cptac_2020_mrna,C3N-00326,C3N-00326,ucec_cptac_2020,6.22
QzNOLTAwMzI2OnVjZWNfY3B0YWNfMjAyMA,QzNOLTAwMzI2OnVjZWNfY3B0YWNfMjAyMA,968,ucec_cptac_2020_mrna,C3N-00326,C3N-00326,ucec_cptac_2020,9.78
QzNOLTAwMzI2OnVjZWNfY3B0YWNfMjAyMA,QzNOLTAwMzI2OnVjZWNfY3B0YWNfMjAyMA,29126,ucec_cptac_2020_mrna,C3N-00326,C3N-00326,ucec_cptac_2020,6.35
QzNOLTAwMzI2OnVjZWNfY3B0YWNfMjAyMA,QzNOLTAwMzI2OnVjZWNfY3B0YWNfMjAyMA,80381,ucec_cptac_2020_mrna,C3N-00326,C3N-00326,ucec_cptac_2020,11.56
QzNOLTAwMzI2OnVjZWNfY3B0YWNfMjAyMA,QzNOLTAwMzI2OnVjZWNfY3B0YWNfMjAyMA,9074,ucec_cptac_2020_mrna,C3N-00326,C3N-00326,ucec_cptac_2020,4.28
QzNOLTAwMzI2OnVjZWNfY3B0YWNfMjAyMA,QzNOLTAwMzI2OnVjZWNfY3B0YWNfMjAyMA,283420,ucec_cptac_2020_mrna,C3N-00326,C3N-00326,ucec_cptac_2020,1.1
QzNOLTAwMzI2OnVjZWNfY3B0YWNfMjAyMA,QzNOLTAwMzI2OnVjZWNfY3B0YWNfMjAyMA,1493,ucec_cptac_2020_mrna,C3N-00326,C3N-00326,ucec_cptac_2020,5.05
QzNOLTAwMzI2OnVjZWNfY3B0YWNfMjAyMA,QzNOLTAwMzI2OnVjZWNfY3B0YWNfMjAyMA,1515,ucec_cptac_2020_mrna,C3N-00326,C3N-00326,ucec_cptac_2020,12.72
QzNOLTAwMzI2OnVjZWNfY3B0YWNfMjAyMA,QzNOLTAwMzI2OnVjZWNfY3B0YWNfMjAyMA,4283,ucec_cptac_2020_mrna,C3N-00326,C3N-00326,ucec_cptac_2020,6.26
QzNOLTAwMzI4OnVjZWNfY3B0YWNfMjAyMA,QzNOLTAwMzI4OnVjZWNfY3B0YWNfMjAyMA,50943,ucec_cptac_2020_mrna,C3N-00328,C3N-00328,ucec_cptac_2020,6.53
QzNOLTAwMzI4OnVjZWNfY3B0YWNfMjAyMA,QzNOLTAwMzI4OnVjZWNfY3B0YWNfMjAyMA,3002,ucec_cptac_2020_mrna,C3N-00328,C3N-00328,ucec_cptac_2020,10.49
QzNOLTAwMzI4OnVjZWNfY3B0YWNfMjAyMA,QzNOLTAwMzI4OnVjZWNfY3B0YWNfMjAyMA,84868,ucec_cptac_2020_mrna,C3N-00328,C3N-00328,ucec_cptac_2020,11.16
QzNOLTAwMzI4OnVjZWNfY3B0YWNfMjAyMA,QzNOLTAwMzI4OnVjZWNfY3B0YWNfMjAyMA,3458,ucec_cptac_2020_mrna,C3N-00328,C3N-00328,ucec_cptac_2020,9.12
QzNOLTAwMzI4OnVjZWNfY3B0YWNfMjAyMA,QzNOLTAwMzI4OnVjZWNfY3B0YWNfMjAyMA,3394,ucec_cptac_2020_mrna,C3N-00328,C3N-00328,ucec_cptac_2020,10.78
QzNOLTAwMzI4OnVjZWNfY3B0YWNfMjAyMA,QzNOLTAwMzI4OnVjZWNfY3B0YWNfMjAyMA,3902,ucec_cptac_2020_mrna,C3N-00328,C3N-00328,ucec_cptac_2020,8.15
QzNOLTAwMzI4OnVjZWNfY3B0YWNfMjAyMA,QzNOLTAwMzI4OnVjZWNfY3B0YWNfMjAyMA,4118,ucec_cptac_2020_mrna,C3N-00328,C3N-00328,ucec_cptac_2020,5.37
QzNOLTAwMzI4OnVjZWNfY3B0YWNfMjAyMA,QzNOLTAwMzI4OnVjZWNfY3B0YWNfMjAyMA,94025,ucec_cptac_2020_mrna,C3N-00328,C3N-00328,ucec_cptac_2020,13.1
QzNOLTAwMzI4OnVjZWNfY3B0YWNfMjAyMA,QzNOLTAwMzI4OnVjZWNfY3B0YWNfMjAyMA,5133,ucec_cptac_2020_mrna,C3N-00328,C3N-00328,ucec_cptac_2020,8.78
QzNOLTAwMzI4OnVjZWNfY3B0YWNfMjAyMA,QzNOLTAwMzI4OnVjZWNfY3B0YWNfMjAyMA,55509,ucec_cptac_2020_mrna,C3N-00328,C3N-00328,ucec_cptac_2020,6.28
QzNOLTAwMzI4OnVjZWNfY3B0YWNfMjAyMA,QzNOLTAwMzI4OnVjZWNfY3B0YWNfMjAyMA,6772,ucec_cptac_2020_mrna,C3N-00328,C3N-00328,ucec_cptac_2020,16.25
QzNOLTAwMzI4OnVjZWNfY3B0YWNfMjAyMA,QzNOLTAwMzI4OnVjZWNfY3B0YWNfMjAyMA,7040,ucec_cptac_2020_mrna,C3N-00328,C3N-00328,ucec_cptac_2020,8.5
QzNOLTAwMzI4OnVjZWNfY3B0YWNfMjAyMA,QzNOLTAwMzI4OnVjZWNfY3B0YWNfMjAyMA,201633,ucec_cptac_2020_mrna,C3N-00328,C3N-00328,ucec_cptac_2020,10.08
QzNOLTAwMzI4OnVjZWNfY3B0YWNfMjAyMA,QzNOLTAwMzI4OnVjZWNfY3B0YWNfMjAyMA,79679,ucec_cptac_2020_mrna,C3N-00328,C3N-00328,ucec_cptac_2020,11.02
QzNOLTAwMzI4OnVjZWNfY3B0YWNfMjAyMA,QzNOLTAwMzI4OnVjZWNfY3B0YWNfMjAyMA,2829,ucec_cptac_2020_mrna,C3N-00328,C3N-00328,ucec_cptac_2020,4.61
QzNOLTAwMzI4OnVjZWNfY3B0YWNfMjAyMA,QzNOLTAwMzI4OnVjZWNfY3B0YWNfMjAyMA,898,ucec_cptac_2020_mrna,C3N-00328,C3N-00328,ucec_cptac_2020,8.95
QzNOLTAwMzI4OnVjZWNfY3B0YWNfMjAyMA,QzNOLTAwMzI4OnVjZWNfY3B0YWNfMjAyMA,925,ucec_cptac_2020_mrna,C3N-00328,C3N-00328,ucec_cptac_2020,9.57
QzNOLTAwMzI4OnVjZWNfY3B0YWNfMjAyMA,QzNOLTAwMzI4OnVjZWNfY3B0YWNfMjAyMA,968,ucec_cptac_2020_mrna,C3N-00328,C3N-00328,ucec_cptac_2020,12.78
QzNOLTAwMzI4OnVjZWNfY3B0YWNfMjAyMA,QzNOLTAwMzI4OnVjZWNfY3B0YWNfMjAyMA,29126,ucec_cptac_2020_mrna,C3N-00328,C3N-00328,ucec_cptac_2020,10.31
QzNOLTAwMzI4OnVjZWNfY3B0YWNfMjAyMA,QzNOLTAwMzI4OnVjZWNfY3B0YWNfMjAyMA,80381,ucec_cptac_2020_mrna,C3N-00328,C3N-00328,ucec_cptac_2020,10.99
QzNOLTAwMzI4OnVjZWNfY3B0YWNfMjAyMA,QzNOLTAwMzI4OnVjZWNfY3B0YWNfMjAyMA,9074,ucec_cptac_2020_mrna,C3N-00328,C3N-00328,ucec_cptac_2020,3.25
QzNOLTAwMzI4OnVjZWNfY3B0YWNfMjAyMA,QzNOLTAwMzI4OnVjZWNfY3B0YWNfMjAyMA,283420,ucec_cptac_2020_mrna,C3N-00328,C3N-00328,ucec_cptac_2020,4.48
QzNOLTAwMzI4OnVjZWNfY3B0YWNfMjAyMA,QzNOLTAwMzI4OnVjZWNfY3B0YWNfMjAyMA,1493,ucec_cptac_2020_mrna,C3N-00328,C3N-00328,ucec_cptac_2020,9.51
QzNOLTAwMzI4OnVjZWNfY3B0YWNfMjAyMA,QzNOLTAwMzI4OnVjZWNfY3B0YWNfMjAyMA,1515,ucec_cptac_2020_mrna,C3N-00328,C3N-00328,ucec_cptac_2020,8.13
QzNOLTAwMzI4OnVjZWNfY3B0YWNfMjAyMA,QzNOLTAwMzI4OnVjZWNfY3B0YWNfMjAyMA,4283,ucec_cptac_2020_mrna,C3N-00328,C3N-00328,ucec_cptac_2020,14.9
QzNOLTAwMzMzOnVjZWNfY3B0YWNfMjAyMA,QzNOLTAwMzMzOnVjZWNfY3B0YWNfMjAyMA,50943,ucec_cptac_2020_mrna,C3N-00333,C3N-00333,ucec_cptac_2020,5.5
QzNOLTAwMzMzOnVjZWNfY3B0YWNfMjAyMA,QzNOLTAwMzMzOnVjZWNfY3B0YWNfMjAyMA,3002,ucec_cptac_2020_mrna,C3N-00333,C3N-00333,ucec_cptac_2020,5.3
QzNOLTAwMzMzOnVjZWNfY3B0YWNfMjAyMA,QzNOLTAwMzMzOnVjZWNfY3B0YWNfMjAyMA,84868,ucec_cptac_2020_mrna,C3N-00333,C3N-00333,ucec_cptac_2020,9.23
QzNOLTAwMzMzOnVjZWNfY3B0YWNfMjAyMA,QzNOLTAwMzMzOnVjZWNfY3B0YWNfMjAyMA,3458,ucec_cptac_2020_mrna,C3N-00333,C3N-00333,ucec_cptac_2020,3.27
QzNOLTAwMzMzOnVjZWNfY3B0YWNfMjAyMA,QzNOLTAwMzMzOnVjZWNfY3B0YWNfMjAyMA,3394,ucec_cptac_2020_mrna,C3N-00333,C3N-00333,ucec_cptac_2020,8.76
QzNOLTAwMzMzOnVjZWNfY3B0YWNfMjAyMA,QzNOLTAwMzMzOnVjZWNfY3B0YWNfMjAyMA,3902,ucec_cptac_2020_mrna,C3N-00333,C3N-00333,ucec_cptac_2020,4.41
QzNOLTAwMzMzOnVjZWNfY3B0YWNfMjAyMA,QzNOLTAwMzMzOnVjZWNfY3B0YWNfMjAyMA,4118,ucec_cptac_2020_mrna,C3N-00333,C3N-00333,ucec_cptac_2020,7.45
QzNOLTAwMzMzOnVjZWNfY3B0YWNfMjAyMA,QzNOLTAwMzMzOnVjZWNfY3B0YWNfMjAyMA,94025,ucec_cptac_2020_mrna,C3N-00333,C3N-00333,ucec_cptac_2020,13.76
QzNOLTAwMzMzOnVjZWNfY3B0YWNfMjAyMA,QzNOLTAwMzMzOnVjZWNfY3B0YWNfMjAyMA,5133,ucec_cptac_2020_mrna,C3N-00333,C3N-00333,ucec_cptac_2020,5.7
QzNOLTAwMzMzOnVjZWNfY3B0YWNfMjAyMA,QzNOLTAwMzMzOnVjZWNfY3B0YWNfMjAyMA,55509,ucec_cptac_2020_mrna,C3N-00333,C3N-00333,ucec_cptac_2020,6.23
QzNOLTAwMzMzOnVjZWNfY3B0YWNfMjAyMA,QzNOLTAwMzMzOnVjZWNfY3B0YWNfMjAyMA,6772,ucec_cptac_2020_mrna,C3N-00333,C3N-00333,ucec_cptac_2020,12.43
QzNOLTAwMzMzOnVjZWNfY3B0YWNfMjAyMA,QzNOLTAwMzMzOnVjZWNfY3B0YWNfMjAyMA,7040,ucec_cptac_2020_mrna,C3N-00333,C3N-00333,ucec_cptac_2020,9.18
QzNOLTAwMzMzOnVjZWNfY3B0YWNfMjAyMA,QzNOLTAwMzMzOnVjZWNfY3B0YWNfMjAyMA,201633,ucec_cptac_2020_mrna,C3N-00333,C3N-00333,ucec_cptac_2020,6.56
QzNOLTAwMzMzOnVjZWNfY3B0YWNfMjAyMA,QzNOLTAwMzMzOnVjZWNfY3B0YWNfMjAyMA,79679,ucec_cptac_2020_mrna,C3N-00333,C3N-00333,ucec_cptac_2020,11.91
QzNOLTAwMzMzOnVjZWNfY3B0YWNfMjAyMA,QzNOLTAwMzMzOnVjZWNfY3B0YWNfMjAyMA,2829,ucec_cptac_2020_mrna,C3N-00333,C3N-00333,ucec_cptac_2020,2.95
QzNOLTAwMzMzOnVjZWNfY3B0YWNfMjAyMA,QzNOLTAwMzMzOnVjZWNfY3B0YWNfMjAyMA,898,ucec_cptac_2020_mrna,C3N-00333,C3N-00333,ucec_cptac_2020,7.12
QzNOLTAwMzMzOnVjZWNfY3B0YWNfMjAyMA,QzNOLTAwMzMzOnVjZWNfY3B0YWNfMjAyMA,925,ucec_cptac_2020_mrna,C3N-00333,C3N-00333,ucec_cptac_2020,7.16
QzNOLTAwMzMzOnVjZWNfY3B0YWNfMjAyMA,QzNOLTAwMzMzOnVjZWNfY3B0YWNfMjAyMA,968,ucec_cptac_2020_mrna,C3N-00333,C3N-00333,ucec_cptac_2020,10.99
QzNOLTAwMzMzOnVjZWNfY3B0YWNfMjAyMA,QzNOLTAwMzMzOnVjZWNfY3B0YWNfMjAyMA,29126,ucec_cptac_2020_mrna,C3N-00333,C3N-00333,ucec_cptac_2020,8.1
QzNOLTAwMzMzOnVjZWNfY3B0YWNfMjAyMA,QzNOLTAwMzMzOnVjZWNfY3B0YWNfMjAyMA,80381,ucec_cptac_2020_mrna,C3N-00333,C3N-00333,ucec_cptac_2020,11.05
QzNOLTAwMzMzOnVjZWNfY3B0YWNfMjAyMA,QzNOLTAwMzMzOnVjZWNfY3B0YWNfMjAyMA,9074,ucec_cptac_2020_mrna,C3N-00333,C3N-00333,ucec_cptac_2020,4.27
QzNOLTAwMzMzOnVjZWNfY3B0YWNfMjAyMA,QzNOLTAwMzMzOnVjZWNfY3B0YWNfMjAyMA,283420,ucec_cptac_2020_mrna,C3N-00333,C3N-00333,ucec_cptac_2020,3.12
QzNOLTAwMzMzOnVjZWNfY3B0YWNfMjAyMA,QzNOLTAwMzMzOnVjZWNfY3B0YWNfMjAyMA,1493,ucec_cptac_2020_mrna,C3N-00333,C3N-00333,ucec_cptac_2020,7.93
QzNOLTAwMzMzOnVjZWNfY3B0YWNfMjAyMA,QzNOLTAwMzMzOnVjZWNfY3B0YWNfMjAyMA,1515,ucec_cptac_2020_mrna,C3N-00333,C3N-00333,ucec_cptac_2020,8.83
QzNOLTAwMzMzOnVjZWNfY3B0YWNfMjAyMA,QzNOLTAwMzMzOnVjZWNfY3B0YWNfMjAyMA,4283,ucec_cptac_2020_mrna,C3N-00333,C3N-00333,ucec_cptac_2020,7.3
QzNOLTAwMzM0OnVjZWNfY3B0YWNfMjAyMA,QzNOLTAwMzM0OnVjZWNfY3B0YWNfMjAyMA,50943,ucec_cptac_2020_mrna,C3N-00334,C3N-00334,ucec_cptac_2020,4.93
QzNOLTAwMzM0OnVjZWNfY3B0YWNfMjAyMA,QzNOLTAwMzM0OnVjZWNfY3B0YWNfMjAyMA,3002,ucec_cptac_2020_mrna,C3N-00334,C3N-00334,ucec_cptac_2020,4.88
QzNOLTAwMzM0OnVjZWNfY3B0YWNfMjAyMA,QzNOLTAwMzM0OnVjZWNfY3B0YWNfMjAyMA,84868,ucec_cptac_2020_mrna,C3N-00334,C3N-00334,ucec_cptac_2020,8.86
QzNOLTAwMzM0OnVjZWNfY3B0YWNfMjAyMA,QzNOLTAwMzM0OnVjZWNfY3B0YWNfMjAyMA,3458,ucec_cptac_2020_mrna,C3N-00334,C3N-00334,ucec_cptac_2020,2.43
QzNOLTAwMzM0OnVjZWNfY3B0YWNfMjAyMA,QzNOLTAwMzM0OnVjZWNfY3B0YWNfMjAyMA,3394,ucec_cptac_2020_mrna,C3N-00334,C3N-00334,ucec_cptac_2020,8.49
QzNOLTAwMzM0OnVjZWNfY3B0YWNfMjAyMA,QzNOLTAwMzM0OnVjZWNfY3B0YWNfMjAyMA,3902,ucec_cptac_2020_mrna,C3N-00334,C3N-00334,ucec_cptac_2020,4.37
QzNOLTAwMzM0OnVjZWNfY3B0YWNfMjAyMA,QzNOLTAwMzM0OnVjZWNfY3B0YWNfMjAyMA,4118,ucec_cptac_2020_mrna,C3N-00334,C3N-00334,ucec_cptac_2020,3.93
QzNOLTAwMzM0OnVjZWNfY3B0YWNfMjAyMA,QzNOLTAwMzM0OnVjZWNfY3B0YWNfMjAyMA,94025,ucec_cptac_2020_mrna,C3N-00334,C3N-00334,ucec_cptac_2020,16.51
QzNOLTAwMzM0OnVjZWNfY3B0YWNfMjAyMA,QzNOLTAwMzM0OnVjZWNfY3B0YWNfMjAyMA,5133,ucec_cptac_2020_mrna,C3N-00334,C3N-00334,ucec_cptac_2020,5.41
QzNOLTAwMzM0OnVjZWNfY3B0YWNfMjAyMA,QzNOLTAwMzM0OnVjZWNfY3B0YWNfMjAyMA,55509,ucec_cptac_2020_mrna,C3N-00334,C3N-00334,ucec_cptac_2020,4.99
QzNOLTAwMzM0OnVjZWNfY3B0YWNfMjAyMA,QzNOLTAwMzM0OnVjZWNfY3B0YWNfMjAyMA,6772,ucec_cptac_2020_mrna,C3N-00334,C3N-00334,ucec_cptac_2020,12.58
QzNOLTAwMzM0OnVjZWNfY3B0YWNfMjAyMA,QzNOLTAwMzM0OnVjZWNfY3B0YWNfMjAyMA,7040,ucec_cptac_2020_mrna,C3N-00334,C3N-00334,ucec_cptac_2020,7.9
QzNOLTAwMzM0OnVjZWNfY3B0YWNfMjAyMA,QzNOLTAwMzM0OnVjZWNfY3B0YWNfMjAyMA,201633,ucec_cptac_2020_mrna,C3N-00334,C3N-00334,ucec_cptac_2020,6.76
QzNOLTAwMzM0OnVjZWNfY3B0YWNfMjAyMA,QzNOLTAwMzM0OnVjZWNfY3B0YWNfMjAyMA,79679,ucec_cptac_2020_mrna,C3N-00334,C3N-00334,ucec_cptac_2020,12.66
QzNOLTAwMzM0OnVjZWNfY3B0YWNfMjAyMA,QzNOLTAwMzM0OnVjZWNfY3B0YWNfMjAyMA,2829,ucec_cptac_2020_mrna,C3N-00334,C3N-00334,ucec_cptac_2020,2.1
QzNOLTAwMzM0OnVjZWNfY3B0YWNfMjAyMA,QzNOLTAwMzM0OnVjZWNfY3B0YWNfMjAyMA,898,ucec_cptac_2020_mrna,C3N-00334,C3N-00334,ucec_cptac_2020,9.11
QzNOLTAwMzM0OnVjZWNfY3B0YWNfMjAyMA,QzNOLTAwMzM0OnVjZWNfY3B0YWNfMjAyMA,925,ucec_cptac_2020_mrna,C3N-00334,C3N-00334,ucec_cptac_2020,6.8
QzNOLTAwMzM0OnVjZWNfY3B0YWNfMjAyMA,QzNOLTAwMzM0OnVjZWNfY3B0YWNfMjAyMA,968,ucec_cptac_2020_mrna,C3N-00334,C3N-00334,ucec_cptac_2020,10.08
QzNOLTAwMzM0OnVjZWNfY3B0YWNfMjAyMA,QzNOLTAwMzM0OnVjZWNfY3B0YWNfMjAyMA,29126,ucec_cptac_2020_mrna,C3N-00334,C3N-00334,ucec_cptac_2020,6.95
QzNOLTAwMzM0OnVjZWNfY3B0YWNfMjAyMA,QzNOLTAwMzM0OnVjZWNfY3B0YWNfMjAyMA,80381,ucec_cptac_2020_mrna,C3N-00334,C3N-00334,ucec_cptac_2020,11.44
QzNOLTAwMzM0OnVjZWNfY3B0YWNfMjAyMA,QzNOLTAwMzM0OnVjZWNfY3B0YWNfMjAyMA,9074,ucec_cptac_2020_mrna,C3N-00334,C3N-00334,ucec_cptac_2020,4.52
QzNOLTAwMzM0OnVjZWNfY3B0YWNfMjAyMA,QzNOLTAwMzM0OnVjZWNfY3B0YWNfMjAyMA,283420,ucec_cptac_2020_mrna,C3N-00334,C3N-00334,ucec_cptac_2020,3.58
QzNOLTAwMzM0OnVjZWNfY3B0YWNfMjAyMA,QzNOLTAwMzM0OnVjZWNfY3B0YWNfMjAyMA,1493,ucec_cptac_2020_mrna,C3N-00334,C3N-00334,ucec_cptac_2020,5.99
QzNOLTAwMzM0OnVjZWNfY3B0YWNfMjAyMA,QzNOLTAwMzM0OnVjZWNfY3B0YWNfMjAyMA,1515,ucec_cptac_2020_mrna,C3N-00334,C3N-00334,ucec_cptac_2020,13.5
QzNOLTAwMzM0OnVjZWNfY3B0YWNfMjAyMA,QzNOLTAwMzM0OnVjZWNfY3B0YWNfMjAyMA,4283,ucec_cptac_2020_mrna,C3N-00334,C3N-00334,ucec_cptac_2020,8.31
QzNOLTAwMzM1OnVjZWNfY3B0YWNfMjAyMA,QzNOLTAwMzM1OnVjZWNfY3B0YWNfMjAyMA,50943,ucec_cptac_2020_mrna,C3N-00335,C3N-00335,ucec_cptac_2020,5.99
QzNOLTAwMzM1OnVjZWNfY3B0YWNfMjAyMA,QzNOLTAwMzM1OnVjZWNfY3B0YWNfMjAyMA,3002,ucec_cptac_2020_mrna,C3N-00335,C3N-00335,ucec_cptac_2020,10.32
QzNOLTAwMzM1OnVjZWNfY3B0YWNfMjAyMA,QzNOLTAwMzM1OnVjZWNfY3B0YWNfMjAyMA,84868,ucec_cptac_2020_mrna,C3N-00335,C3N-00335,ucec_cptac_2020,10.37
QzNOLTAwMzM1OnVjZWNfY3B0YWNfMjAyMA,QzNOLTAwMzM1OnVjZWNfY3B0YWNfMjAyMA,3458,ucec_cptac_2020_mrna,C3N-00335,C3N-00335,ucec_cptac_2020,8.26
QzNOLTAwMzM1OnVjZWNfY3B0YWNfMjAyMA,QzNOLTAwMzM1OnVjZWNfY3B0YWNfMjAyMA,3394,ucec_cptac_2020_mrna,C3N-00335,C3N-00335,ucec_cptac_2020,9.61
QzNOLTAwMzM1OnVjZWNfY3B0YWNfMjAyMA,QzNOLTAwMzM1OnVjZWNfY3B0YWNfMjAyMA,3902,ucec_cptac_2020_mrna,C3N-00335,C3N-00335,ucec_cptac_2020,7.93
QzNOLTAwMzM1OnVjZWNfY3B0YWNfMjAyMA,QzNOLTAwMzM1OnVjZWNfY3B0YWNfMjAyMA,4118,ucec_cptac_2020_mrna,C3N-00335,C3N-00335,ucec_cptac_2020,8.09
QzNOLTAwMzM1OnVjZWNfY3B0YWNfMjAyMA,QzNOLTAwMzM1OnVjZWNfY3B0YWNfMjAyMA,94025,ucec_cptac_2020_mrna,C3N-00335,C3N-00335,ucec_cptac_2020,14.3
QzNOLTAwMzM1OnVjZWNfY3B0YWNfMjAyMA,QzNOLTAwMzM1OnVjZWNfY3B0YWNfMjAyMA,5133,ucec_cptac_2020_mrna,C3N-00335,C3N-00335,ucec_cptac_2020,7.97
QzNOLTAwMzM1OnVjZWNfY3B0YWNfMjAyMA,QzNOLTAwMzM1OnVjZWNfY3B0YWNfMjAyMA,55509,ucec_cptac_2020_mrna,C3N-00335,C3N-00335,ucec_cptac_2020,6.85
QzNOLTAwMzM1OnVjZWNfY3B0YWNfMjAyMA,QzNOLTAwMzM1OnVjZWNfY3B0YWNfMjAyMA,6772,ucec_cptac_2020_mrna,C3N-00335,C3N-00335,ucec_cptac_2020,14.06
QzNOLTAwMzM1OnVjZWNfY3B0YWNfMjAyMA,QzNOLTAwMzM1OnVjZWNfY3B0YWNfMjAyMA,7040,ucec_cptac_2020_mrna,C3N-00335,C3N-00335,ucec_cptac_2020,9.88
QzNOLTAwMzM1OnVjZWNfY3B0YWNfMjAyMA,QzNOLTAwMzM1OnVjZWNfY3B0YWNfMjAyMA,201633,ucec_cptac_2020_mrna,C3N-00335,C3N-00335,ucec_cptac_2020,9.08
QzNOLTAwMzM1OnVjZWNfY3B0YWNfMjAyMA,QzNOLTAwMzM1OnVjZWNfY3B0YWNfMjAyMA,79679,ucec_cptac_2020_mrna,C3N-00335,C3N-00335,ucec_cptac_2020,10.05
QzNOLTAwMzM1OnVjZWNfY3B0YWNfMjAyMA,QzNOLTAwMzM1OnVjZWNfY3B0YWNfMjAyMA,2829,ucec_cptac_2020_mrna,C3N-00335,C3N-00335,ucec_cptac_2020,3.26
QzNOLTAwMzM1OnVjZWNfY3B0YWNfMjAyMA,QzNOLTAwMzM1OnVjZWNfY3B0YWNfMjAyMA,898,ucec_cptac_2020_mrna,C3N-00335,C3N-00335,ucec_cptac_2020,11.98
QzNOLTAwMzM1OnVjZWNfY3B0YWNfMjAyMA,QzNOLTAwMzM1OnVjZWNfY3B0YWNfMjAyMA,925,ucec_cptac_2020_mrna,C3N-00335,C3N-00335,ucec_cptac_2020,10.1
QzNOLTAwMzM1OnVjZWNfY3B0YWNfMjAyMA,QzNOLTAwMzM1OnVjZWNfY3B0YWNfMjAyMA,968,ucec_cptac_2020_mrna,C3N-00335,C3N-00335,ucec_cptac_2020,12.35
QzNOLTAwMzM1OnVjZWNfY3B0YWNfMjAyMA,QzNOLTAwMzM1OnVjZWNfY3B0YWNfMjAyMA,29126,ucec_cptac_2020_mrna,C3N-00335,C3N-00335,ucec_cptac_2020,9.54
QzNOLTAwMzM1OnVjZWNfY3B0YWNfMjAyMA,QzNOLTAwMzM1OnVjZWNfY3B0YWNfMjAyMA,80381,ucec_cptac_2020_mrna,C3N-00335,C3N-00335,ucec_cptac_2020,11.77
QzNOLTAwMzM1OnVjZWNfY3B0YWNfMjAyMA,QzNOLTAwMzM1OnVjZWNfY3B0YWNfMjAyMA,9074,ucec_cptac_2020_mrna,C3N-00335,C3N-00335,ucec_cptac_2020,1.94
QzNOLTAwMzM1OnVjZWNfY3B0YWNfMjAyMA,QzNOLTAwMzM1OnVjZWNfY3B0YWNfMjAyMA,283420,ucec_cptac_2020_mrna,C3N-00335,C3N-00335,ucec_cptac_2020,3.63
QzNOLTAwMzM1OnVjZWNfY3B0YWNfMjAyMA,QzNOLTAwMzM1OnVjZWNfY3B0YWNfMjAyMA,1493,ucec_cptac_2020_mrna,C3N-00335,C3N-00335,ucec_cptac_2020,8.1
QzNOLTAwMzM1OnVjZWNfY3B0YWNfMjAyMA,QzNOLTAwMzM1OnVjZWNfY3B0YWNfMjAyMA,1515,ucec_cptac_2020_mrna,C3N-00335,C3N-00335,ucec_cptac_2020,7.46
QzNOLTAwMzM1OnVjZWNfY3B0YWNfMjAyMA,QzNOLTAwMzM1OnVjZWNfY3B0YWNfMjAyMA,4283,ucec_cptac_2020_mrna,C3N-00335,C3N-00335,ucec_cptac_2020,13.86
QzNOLTAwMzM3OnVjZWNfY3B0YWNfMjAyMA,QzNOLTAwMzM3OnVjZWNfY3B0YWNfMjAyMA,50943,ucec_cptac_2020_mrna,C3N-00337,C3N-00337,ucec_cptac_2020,3.48
QzNOLTAwMzM3OnVjZWNfY3B0YWNfMjAyMA,QzNOLTAwMzM3OnVjZWNfY3B0YWNfMjAyMA,3002,ucec_cptac_2020_mrna,C3N-00337,C3N-00337,ucec_cptac_2020,4.65
QzNOLTAwMzM3OnVjZWNfY3B0YWNfMjAyMA,QzNOLTAwMzM3OnVjZWNfY3B0YWNfMjAyMA,84868,ucec_cptac_2020_mrna,C3N-00337,C3N-00337,ucec_cptac_2020,8.18
QzNOLTAwMzM3OnVjZWNfY3B0YWNfMjAyMA,QzNOLTAwMzM3OnVjZWNfY3B0YWNfMjAyMA,3458,ucec_cptac_2020_mrna,C3N-00337,C3N-00337,ucec_cptac_2020,1.18
QzNOLTAwMzM3OnVjZWNfY3B0YWNfMjAyMA,QzNOLTAwMzM3OnVjZWNfY3B0YWNfMjAyMA,3394,ucec_cptac_2020_mrna,C3N-00337,C3N-00337,ucec_cptac_2020,7.07
QzNOLTAwMzM3OnVjZWNfY3B0YWNfMjAyMA,QzNOLTAwMzM3OnVjZWNfY3B0YWNfMjAyMA,3902,ucec_cptac_2020_mrna,C3N-00337,C3N-00337,ucec_cptac_2020,4.79
QzNOLTAwMzM3OnVjZWNfY3B0YWNfMjAyMA,QzNOLTAwMzM3OnVjZWNfY3B0YWNfMjAyMA,4118,ucec_cptac_2020_mrna,C3N-00337,C3N-00337,ucec_cptac_2020,7.63
QzNOLTAwMzM3OnVjZWNfY3B0YWNfMjAyMA,QzNOLTAwMzM3OnVjZWNfY3B0YWNfMjAyMA,94025,ucec_cptac_2020_mrna,C3N-00337,C3N-00337,ucec_cptac_2020,15.14
QzNOLTAwMzM3OnVjZWNfY3B0YWNfMjAyMA,QzNOLTAwMzM3OnVjZWNfY3B0YWNfMjAyMA,5133,ucec_cptac_2020_mrna,C3N-00337,C3N-00337,ucec_cptac_2020,2.88
QzNOLTAwMzM3OnVjZWNfY3B0YWNfMjAyMA,QzNOLTAwMzM3OnVjZWNfY3B0YWNfMjAyMA,55509,ucec_cptac_2020_mrna,C3N-00337,C3N-00337,ucec_cptac_2020,4.72
QzNOLTAwMzM3OnVjZWNfY3B0YWNfMjAyMA,QzNOLTAwMzM3OnVjZWNfY3B0YWNfMjAyMA,6772,ucec_cptac_2020_mrna,C3N-00337,C3N-00337,ucec_cptac_2020,12.75
QzNOLTAwMzM3OnVjZWNfY3B0YWNfMjAyMA,QzNOLTAwMzM3OnVjZWNfY3B0YWNfMjAyMA,7040,ucec_cptac_2020_mrna,C3N-00337,C3N-00337,ucec_cptac_2020,8.9
QzNOLTAwMzM3OnVjZWNfY3B0YWNfMjAyMA,QzNOLTAwMzM3OnVjZWNfY3B0YWNfMjAyMA,201633,ucec_cptac_2020_mrna,C3N-00337,C3N-00337,ucec_cptac_2020,5.19
QzNOLTAwMzM3OnVjZWNfY3B0YWNfMjAyMA,QzNOLTAwMzM3OnVjZWNfY3B0YWNfMjAyMA,79679,ucec_cptac_2020_mrna,C3N-00337,C3N-00337,ucec_cptac_2020,11.84
QzNOLTAwMzM3OnVjZWNfY3B0YWNfMjAyMA,QzNOLTAwMzM3OnVjZWNfY3B0YWNfMjAyMA,2829,ucec_cptac_2020_mrna,C3N-00337,C3N-00337,ucec_cptac_2020,1.82
QzNOLTAwMzM3OnVjZWNfY3B0YWNfMjAyMA,QzNOLTAwMzM3OnVjZWNfY3B0YWNfMjAyMA,898,ucec_cptac_2020_mrna,C3N-00337,C3N-00337,ucec_cptac_2020,7.12
QzNOLTAwMzM3OnVjZWNfY3B0YWNfMjAyMA,QzNOLTAwMzM3OnVjZWNfY3B0YWNfMjAyMA,925,ucec_cptac_2020_mrna,C3N-00337,C3N-00337,ucec_cptac_2020,5.89
QzNOLTAwMzM3OnVjZWNfY3B0YWNfMjAyMA,QzNOLTAwMzM3OnVjZWNfY3B0YWNfMjAyMA,968,ucec_cptac_2020_mrna,C3N-00337,C3N-00337,ucec_cptac_2020,9.22
QzNOLTAwMzM3OnVjZWNfY3B0YWNfMjAyMA,QzNOLTAwMzM3OnVjZWNfY3B0YWNfMjAyMA,29126,ucec_cptac_2020_mrna,C3N-00337,C3N-00337,ucec_cptac_2020,6.62
QzNOLTAwMzM3OnVjZWNfY3B0YWNfMjAyMA,QzNOLTAwMzM3OnVjZWNfY3B0YWNfMjAyMA,80381,ucec_cptac_2020_mrna,C3N-00337,C3N-00337,ucec_cptac_2020,11.69
QzNOLTAwMzM3OnVjZWNfY3B0YWNfMjAyMA,QzNOLTAwMzM3OnVjZWNfY3B0YWNfMjAyMA,9074,ucec_cptac_2020_mrna,C3N-00337,C3N-00337,ucec_cptac_2020,5.89
QzNOLTAwMzM3OnVjZWNfY3B0YWNfMjAyMA,QzNOLTAwMzM3OnVjZWNfY3B0YWNfMjAyMA,283420,ucec_cptac_2020_mrna,C3N-00337,C3N-00337,ucec_cptac_2020,1.18
QzNOLTAwMzM3OnVjZWNfY3B0YWNfMjAyMA,QzNOLTAwMzM3OnVjZWNfY3B0YWNfMjAyMA,1493,ucec_cptac_2020_mrna,C3N-00337,C3N-00337,ucec_cptac_2020,4.5
QzNOLTAwMzM3OnVjZWNfY3B0YWNfMjAyMA,QzNOLTAwMzM3OnVjZWNfY3B0YWNfMjAyMA,1515,ucec_cptac_2020_mrna,C3N-00337,C3N-00337,ucec_cptac_2020,9.69
QzNOLTAwMzM3OnVjZWNfY3B0YWNfMjAyMA,QzNOLTAwMzM3OnVjZWNfY3B0YWNfMjAyMA,4283,ucec_cptac_2020_mrna,C3N-00337,C3N-00337,ucec_cptac_2020,6.36
QzNOLTAwMzM5OnVjZWNfY3B0YWNfMjAyMA,QzNOLTAwMzM5OnVjZWNfY3B0YWNfMjAyMA,50943,ucec_cptac_2020_mrna,C3N-00339,C3N-00339,ucec_cptac_2020,5.39
QzNOLTAwMzM5OnVjZWNfY3B0YWNfMjAyMA,QzNOLTAwMzM5OnVjZWNfY3B0YWNfMjAyMA,3002,ucec_cptac_2020_mrna,C3N-00339,C3N-00339,ucec_cptac_2020,6.77
QzNOLTAwMzM5OnVjZWNfY3B0YWNfMjAyMA,QzNOLTAwMzM5OnVjZWNfY3B0YWNfMjAyMA,84868,ucec_cptac_2020_mrna,C3N-00339,C3N-00339,ucec_cptac_2020,8.64
QzNOLTAwMzM5OnVjZWNfY3B0YWNfMjAyMA,QzNOLTAwMzM5OnVjZWNfY3B0YWNfMjAyMA,3458,ucec_cptac_2020_mrna,C3N-00339,C3N-00339,ucec_cptac_2020,0.0
QzNOLTAwMzM5OnVjZWNfY3B0YWNfMjAyMA,QzNOLTAwMzM5OnVjZWNfY3B0YWNfMjAyMA,3394,ucec_cptac_2020_mrna,C3N-00339,C3N-00339,ucec_cptac_2020,9.36
QzNOLTAwMzM5OnVjZWNfY3B0YWNfMjAyMA,QzNOLTAwMzM5OnVjZWNfY3B0YWNfMjAyMA,3902,ucec_cptac_2020_mrna,C3N-00339,C3N-00339,ucec_cptac_2020,4.08
QzNOLTAwMzM5OnVjZWNfY3B0YWNfMjAyMA,QzNOLTAwMzM5OnVjZWNfY3B0YWNfMjAyMA,4118,ucec_cptac_2020_mrna,C3N-00339,C3N-00339,ucec_cptac_2020,9.69
QzNOLTAwMzM5OnVjZWNfY3B0YWNfMjAyMA,QzNOLTAwMzM5OnVjZWNfY3B0YWNfMjAyMA,94025,ucec_cptac_2020_mrna,C3N-00339,C3N-00339,ucec_cptac_2020,15.26
QzNOLTAwMzM5OnVjZWNfY3B0YWNfMjAyMA,QzNOLTAwMzM5OnVjZWNfY3B0YWNfMjAyMA,5133,ucec_cptac_2020_mrna,C3N-00339,C3N-00339,ucec_cptac_2020,5.58
QzNOLTAwMzM5OnVjZWNfY3B0YWNfMjAyMA,QzNOLTAwMzM5OnVjZWNfY3B0YWNfMjAyMA,55509,ucec_cptac_2020_mrna,C3N-00339,C3N-00339,ucec_cptac_2020,3.49
QzNOLTAwMzM5OnVjZWNfY3B0YWNfMjAyMA,QzNOLTAwMzM5OnVjZWNfY3B0YWNfMjAyMA,6772,ucec_cptac_2020_mrna,C3N-00339,C3N-00339,ucec_cptac_2020,13.42
QzNOLTAwMzM5OnVjZWNfY3B0YWNfMjAyMA,QzNOLTAwMzM5OnVjZWNfY3B0YWNfMjAyMA,7040,ucec_cptac_2020_mrna,C3N-00339,C3N-00339,ucec_cptac_2020,8.27
QzNOLTAwMzM5OnVjZWNfY3B0YWNfMjAyMA,QzNOLTAwMzM5OnVjZWNfY3B0YWNfMjAyMA,201633,ucec_cptac_2020_mrna,C3N-00339,C3N-00339,ucec_cptac_2020,7.12
QzNOLTAwMzM5OnVjZWNfY3B0YWNfMjAyMA,QzNOLTAwMzM5OnVjZWNfY3B0YWNfMjAyMA,79679,ucec_cptac_2020_mrna,C3N-00339,C3N-00339,ucec_cptac_2020,10.36
QzNOLTAwMzM5OnVjZWNfY3B0YWNfMjAyMA,QzNOLTAwMzM5OnVjZWNfY3B0YWNfMjAyMA,2829,ucec_cptac_2020_mrna,C3N-00339,C3N-00339,ucec_cptac_2020,3.63
QzNOLTAwMzM5OnVjZWNfY3B0YWNfMjAyMA,QzNOLTAwMzM5OnVjZWNfY3B0YWNfMjAyMA,898,ucec_cptac_2020_mrna,C3N-00339,C3N-00339,ucec_cptac_2020,10.11
QzNOLTAwMzM5OnVjZWNfY3B0YWNfMjAyMA,QzNOLTAwMzM5OnVjZWNfY3B0YWNfMjAyMA,925,ucec_cptac_2020_mrna,C3N-00339,C3N-00339,ucec_cptac_2020,6.6
QzNOLTAwMzM5OnVjZWNfY3B0YWNfMjAyMA,QzNOLTAwMzM5OnVjZWNfY3B0YWNfMjAyMA,968,ucec_cptac_2020_mrna,C3N-00339,C3N-00339,ucec_cptac_2020,10.64
QzNOLTAwMzM5OnVjZWNfY3B0YWNfMjAyMA,QzNOLTAwMzM5OnVjZWNfY3B0YWNfMjAyMA,29126,ucec_cptac_2020_mrna,C3N-00339,C3N-00339,ucec_cptac_2020,7.33
QzNOLTAwMzM5OnVjZWNfY3B0YWNfMjAyMA,QzNOLTAwMzM5OnVjZWNfY3B0YWNfMjAyMA,80381,ucec_cptac_2020_mrna,C3N-00339,C3N-00339,ucec_cptac_2020,10.88
QzNOLTAwMzM5OnVjZWNfY3B0YWNfMjAyMA,QzNOLTAwMzM5OnVjZWNfY3B0YWNfMjAyMA,9074,ucec_cptac_2020_mrna,C3N-00339,C3N-00339,ucec_cptac_2020,4.64
QzNOLTAwMzM5OnVjZWNfY3B0YWNfMjAyMA,QzNOLTAwMzM5OnVjZWNfY3B0YWNfMjAyMA,283420,ucec_cptac_2020_mrna,C3N-00339,C3N-00339,ucec_cptac_2020,4.35
QzNOLTAwMzM5OnVjZWNfY3B0YWNfMjAyMA,QzNOLTAwMzM5OnVjZWNfY3B0YWNfMjAyMA,1493,ucec_cptac_2020_mrna,C3N-00339,C3N-00339,ucec_cptac_2020,6.86
QzNOLTAwMzM5OnVjZWNfY3B0YWNfMjAyMA,QzNOLTAwMzM5OnVjZWNfY3B0YWNfMjAyMA,1515,ucec_cptac_2020_mrna,C3N-00339,C3N-00339,ucec_cptac_2020,11.98
QzNOLTAwMzM5OnVjZWNfY3B0YWNfMjAyMA,QzNOLTAwMzM5OnVjZWNfY3B0YWNfMjAyMA,4283,ucec_cptac_2020_mrna,C3N-00339,C3N-00339,ucec_cptac_2020,8.97
QzNOLTAwMzQwOnVjZWNfY3B0YWNfMjAyMA,QzNOLTAwMzQwOnVjZWNfY3B0YWNfMjAyMA,50943,ucec_cptac_2020_mrna,C3N-00340,C3N-00340,ucec_cptac_2020,5.64
QzNOLTAwMzQwOnVjZWNfY3B0YWNfMjAyMA,QzNOLTAwMzQwOnVjZWNfY3B0YWNfMjAyMA,3002,ucec_cptac_2020_mrna,C3N-00340,C3N-00340,ucec_cptac_2020,9.07
QzNOLTAwMzQwOnVjZWNfY3B0YWNfMjAyMA,QzNOLTAwMzQwOnVjZWNfY3B0YWNfMjAyMA,84868,ucec_cptac_2020_mrna,C3N-00340,C3N-00340,ucec_cptac_2020,9.73
QzNOLTAwMzQwOnVjZWNfY3B0YWNfMjAyMA,QzNOLTAwMzQwOnVjZWNfY3B0YWNfMjAyMA,3458,ucec_cptac_2020_mrna,C3N-00340,C3N-00340,ucec_cptac_2020,7.03
QzNOLTAwMzQwOnVjZWNfY3B0YWNfMjAyMA,QzNOLTAwMzQwOnVjZWNfY3B0YWNfMjAyMA,3394,ucec_cptac_2020_mrna,C3N-00340,C3N-00340,ucec_cptac_2020,10.52
QzNOLTAwMzQwOnVjZWNfY3B0YWNfMjAyMA,QzNOLTAwMzQwOnVjZWNfY3B0YWNfMjAyMA,3902,ucec_cptac_2020_mrna,C3N-00340,C3N-00340,ucec_cptac_2020,6.83
QzNOLTAwMzQwOnVjZWNfY3B0YWNfMjAyMA,QzNOLTAwMzQwOnVjZWNfY3B0YWNfMjAyMA,4118,ucec_cptac_2020_mrna,C3N-00340,C3N-00340,ucec_cptac_2020,11.54
QzNOLTAwMzQwOnVjZWNfY3B0YWNfMjAyMA,QzNOLTAwMzQwOnVjZWNfY3B0YWNfMjAyMA,94025,ucec_cptac_2020_mrna,C3N-00340,C3N-00340,ucec_cptac_2020,13.07
QzNOLTAwMzQwOnVjZWNfY3B0YWNfMjAyMA,QzNOLTAwMzQwOnVjZWNfY3B0YWNfMjAyMA,5133,ucec_cptac_2020_mrna,C3N-00340,C3N-00340,ucec_cptac_2020,7.61
QzNOLTAwMzQwOnVjZWNfY3B0YWNfMjAyMA,QzNOLTAwMzQwOnVjZWNfY3B0YWNfMjAyMA,55509,ucec_cptac_2020_mrna,C3N-00340,C3N-00340,ucec_cptac_2020,6.35
QzNOLTAwMzQwOnVjZWNfY3B0YWNfMjAyMA,QzNOLTAwMzQwOnVjZWNfY3B0YWNfMjAyMA,6772,ucec_cptac_2020_mrna,C3N-00340,C3N-00340,ucec_cptac_2020,15.89
QzNOLTAwMzQwOnVjZWNfY3B0YWNfMjAyMA,QzNOLTAwMzQwOnVjZWNfY3B0YWNfMjAyMA,7040,ucec_cptac_2020_mrna,C3N-00340,C3N-00340,ucec_cptac_2020,9.65
QzNOLTAwMzQwOnVjZWNfY3B0YWNfMjAyMA,QzNOLTAwMzQwOnVjZWNfY3B0YWNfMjAyMA,201633,ucec_cptac_2020_mrna,C3N-00340,C3N-00340,ucec_cptac_2020,8.54
QzNOLTAwMzQwOnVjZWNfY3B0YWNfMjAyMA,QzNOLTAwMzQwOnVjZWNfY3B0YWNfMjAyMA,79679,ucec_cptac_2020_mrna,C3N-00340,C3N-00340,ucec_cptac_2020,9.7
QzNOLTAwMzQwOnVjZWNfY3B0YWNfMjAyMA,QzNOLTAwMzQwOnVjZWNfY3B0YWNfMjAyMA,2829,ucec_cptac_2020_mrna,C3N-00340,C3N-00340,ucec_cptac_2020,3.91
QzNOLTAwMzQwOnVjZWNfY3B0YWNfMjAyMA,QzNOLTAwMzQwOnVjZWNfY3B0YWNfMjAyMA,898,ucec_cptac_2020_mrna,C3N-00340,C3N-00340,ucec_cptac_2020,8.53
QzNOLTAwMzQwOnVjZWNfY3B0YWNfMjAyMA,QzNOLTAwMzQwOnVjZWNfY3B0YWNfMjAyMA,925,ucec_cptac_2020_mrna,C3N-00340,C3N-00340,ucec_cptac_2020,9.04
QzNOLTAwMzQwOnVjZWNfY3B0YWNfMjAyMA,QzNOLTAwMzQwOnVjZWNfY3B0YWNfMjAyMA,968,ucec_cptac_2020_mrna,C3N-00340,C3N-00340,ucec_cptac_2020,11.59
QzNOLTAwMzQwOnVjZWNfY3B0YWNfMjAyMA,QzNOLTAwMzQwOnVjZWNfY3B0YWNfMjAyMA,29126,ucec_cptac_2020_mrna,C3N-00340,C3N-00340,ucec_cptac_2020,9.15
QzNOLTAwMzQwOnVjZWNfY3B0YWNfMjAyMA,QzNOLTAwMzQwOnVjZWNfY3B0YWNfMjAyMA,80381,ucec_cptac_2020_mrna,C3N-00340,C3N-00340,ucec_cptac_2020,11.07
QzNOLTAwMzQwOnVjZWNfY3B0YWNfMjAyMA,QzNOLTAwMzQwOnVjZWNfY3B0YWNfMjAyMA,9074,ucec_cptac_2020_mrna,C3N-00340,C3N-00340,ucec_cptac_2020,6.13
QzNOLTAwMzQwOnVjZWNfY3B0YWNfMjAyMA,QzNOLTAwMzQwOnVjZWNfY3B0YWNfMjAyMA,283420,ucec_cptac_2020_mrna,C3N-00340,C3N-00340,ucec_cptac_2020,4.26
QzNOLTAwMzQwOnVjZWNfY3B0YWNfMjAyMA,QzNOLTAwMzQwOnVjZWNfY3B0YWNfMjAyMA,1493,ucec_cptac_2020_mrna,C3N-00340,C3N-00340,ucec_cptac_2020,7.75
QzNOLTAwMzQwOnVjZWNfY3B0YWNfMjAyMA,QzNOLTAwMzQwOnVjZWNfY3B0YWNfMjAyMA,1515,ucec_cptac_2020_mrna,C3N-00340,C3N-00340,ucec_cptac_2020,8.36
QzNOLTAwMzQwOnVjZWNfY3B0YWNfMjAyMA,QzNOLTAwMzQwOnVjZWNfY3B0YWNfMjAyMA,4283,ucec_cptac_2020_mrna,C3N-00340,C3N-00340,ucec_cptac_2020,11.11
QzNOLTAwMzc3OnVjZWNfY3B0YWNfMjAyMA,QzNOLTAwMzc3OnVjZWNfY3B0YWNfMjAyMA,50943,ucec_cptac_2020_mrna,C3N-00377,C3N-00377,ucec_cptac_2020,3.58
QzNOLTAwMzc3OnVjZWNfY3B0YWNfMjAyMA,QzNOLTAwMzc3OnVjZWNfY3B0YWNfMjAyMA,3002,ucec_cptac_2020_mrna,C3N-00377,C3N-00377,ucec_cptac_2020,4.95
QzNOLTAwMzc3OnVjZWNfY3B0YWNfMjAyMA,QzNOLTAwMzc3OnVjZWNfY3B0YWNfMjAyMA,84868,ucec_cptac_2020_mrna,C3N-00377,C3N-00377,ucec_cptac_2020,7.6
QzNOLTAwMzc3OnVjZWNfY3B0YWNfMjAyMA,QzNOLTAwMzc3OnVjZWNfY3B0YWNfMjAyMA,3458,ucec_cptac_2020_mrna,C3N-00377,C3N-00377,ucec_cptac_2020,3.0
QzNOLTAwMzc3OnVjZWNfY3B0YWNfMjAyMA,QzNOLTAwMzc3OnVjZWNfY3B0YWNfMjAyMA,3394,ucec_cptac_2020_mrna,C3N-00377,C3N-00377,ucec_cptac_2020,7.21
QzNOLTAwMzc3OnVjZWNfY3B0YWNfMjAyMA,QzNOLTAwMzc3OnVjZWNfY3B0YWNfMjAyMA,3902,ucec_cptac_2020_mrna,C3N-00377,C3N-00377,ucec_cptac_2020,1.58
QzNOLTAwMzc3OnVjZWNfY3B0YWNfMjAyMA,QzNOLTAwMzc3OnVjZWNfY3B0YWNfMjAyMA,4118,ucec_cptac_2020_mrna,C3N-00377,C3N-00377,ucec_cptac_2020,6.51
QzNOLTAwMzc3OnVjZWNfY3B0YWNfMjAyMA,QzNOLTAwMzc3OnVjZWNfY3B0YWNfMjAyMA,94025,ucec_cptac_2020_mrna,C3N-00377,C3N-00377,ucec_cptac_2020,12.46
QzNOLTAwMzc3OnVjZWNfY3B0YWNfMjAyMA,QzNOLTAwMzc3OnVjZWNfY3B0YWNfMjAyMA,5133,ucec_cptac_2020_mrna,C3N-00377,C3N-00377,ucec_cptac_2020,0.0
QzNOLTAwMzc3OnVjZWNfY3B0YWNfMjAyMA,QzNOLTAwMzc3OnVjZWNfY3B0YWNfMjAyMA,55509,ucec_cptac_2020_mrna,C3N-00377,C3N-00377,ucec_cptac_2020,5.42
QzNOLTAwMzc3OnVjZWNfY3B0YWNfMjAyMA,QzNOLTAwMzc3OnVjZWNfY3B0YWNfMjAyMA,6772,ucec_cptac_2020_mrna,C3N-00377,C3N-00377,ucec_cptac_2020,12.73
QzNOLTAwMzc3OnVjZWNfY3B0YWNfMjAyMA,QzNOLTAwMzc3OnVjZWNfY3B0YWNfMjAyMA,7040,ucec_cptac_2020_mrna,C3N-00377,C3N-00377,ucec_cptac_2020,6.63
QzNOLTAwMzc3OnVjZWNfY3B0YWNfMjAyMA,QzNOLTAwMzc3OnVjZWNfY3B0YWNfMjAyMA,201633,ucec_cptac_2020_mrna,C3N-00377,C3N-00377,ucec_cptac_2020,4.91
QzNOLTAwMzc3OnVjZWNfY3B0YWNfMjAyMA,QzNOLTAwMzc3OnVjZWNfY3B0YWNfMjAyMA,79679,ucec_cptac_2020_mrna,C3N-00377,C3N-00377,ucec_cptac_2020,12.43
QzNOLTAwMzc3OnVjZWNfY3B0YWNfMjAyMA,QzNOLTAwMzc3OnVjZWNfY3B0YWNfMjAyMA,2829,ucec_cptac_2020_mrna,C3N-00377,C3N-00377,ucec_cptac_2020,0.0
QzNOLTAwMzc3OnVjZWNfY3B0YWNfMjAyMA,QzNOLTAwMzc3OnVjZWNfY3B0YWNfMjAyMA,898,ucec_cptac_2020_mrna,C3N-00377,C3N-00377,ucec_cptac_2020,8.98
QzNOLTAwMzc3OnVjZWNfY3B0YWNfMjAyMA,QzNOLTAwMzc3OnVjZWNfY3B0YWNfMjAyMA,925,ucec_cptac_2020_mrna,C3N-00377,C3N-00377,ucec_cptac_2020,3.9
QzNOLTAwMzc3OnVjZWNfY3B0YWNfMjAyMA,QzNOLTAwMzc3OnVjZWNfY3B0YWNfMjAyMA,968,ucec_cptac_2020_mrna,C3N-00377,C3N-00377,ucec_cptac_2020,9.88
QzNOLTAwMzc3OnVjZWNfY3B0YWNfMjAyMA,QzNOLTAwMzc3OnVjZWNfY3B0YWNfMjAyMA,29126,ucec_cptac_2020_mrna,C3N-00377,C3N-00377,ucec_cptac_2020,6.57
QzNOLTAwMzc3OnVjZWNfY3B0YWNfMjAyMA,QzNOLTAwMzc3OnVjZWNfY3B0YWNfMjAyMA,80381,ucec_cptac_2020_mrna,C3N-00377,C3N-00377,ucec_cptac_2020,10.65
QzNOLTAwMzc3OnVjZWNfY3B0YWNfMjAyMA,QzNOLTAwMzc3OnVjZWNfY3B0YWNfMjAyMA,9074,ucec_cptac_2020_mrna,C3N-00377,C3N-00377,ucec_cptac_2020,3.81
QzNOLTAwMzc3OnVjZWNfY3B0YWNfMjAyMA,QzNOLTAwMzc3OnVjZWNfY3B0YWNfMjAyMA,283420,ucec_cptac_2020_mrna,C3N-00377,C3N-00377,ucec_cptac_2020,1.0
QzNOLTAwMzc3OnVjZWNfY3B0YWNfMjAyMA,QzNOLTAwMzc3OnVjZWNfY3B0YWNfMjAyMA,1493,ucec_cptac_2020_mrna,C3N-00377,C3N-00377,ucec_cptac_2020,4.39
QzNOLTAwMzc3OnVjZWNfY3B0YWNfMjAyMA,QzNOLTAwMzc3OnVjZWNfY3B0YWNfMjAyMA,1515,ucec_cptac_2020_mrna,C3N-00377,C3N-00377,ucec_cptac_2020,11.52
QzNOLTAwMzc3OnVjZWNfY3B0YWNfMjAyMA,QzNOLTAwMzc3OnVjZWNfY3B0YWNfMjAyMA,4283,ucec_cptac_2020_mrna,C3N-00377,C3N-00377,ucec_cptac_2020,6.44
QzNOLTAwMzc5OnVjZWNfY3B0YWNfMjAyMA,QzNOLTAwMzc5OnVjZWNfY3B0YWNfMjAyMA,50943,ucec_cptac_2020_mrna,C3N-00379,C3N-00379,ucec_cptac_2020,6.15
QzNOLTAwMzc5OnVjZWNfY3B0YWNfMjAyMA,QzNOLTAwMzc5OnVjZWNfY3B0YWNfMjAyMA,3002,ucec_cptac_2020_mrna,C3N-00379,C3N-00379,ucec_cptac_2020,7.31
QzNOLTAwMzc5OnVjZWNfY3B0YWNfMjAyMA,QzNOLTAwMzc5OnVjZWNfY3B0YWNfMjAyMA,84868,ucec_cptac_2020_mrna,C3N-00379,C3N-00379,ucec_cptac_2020,8.58
QzNOLTAwMzc5OnVjZWNfY3B0YWNfMjAyMA,QzNOLTAwMzc5OnVjZWNfY3B0YWNfMjAyMA,3458,ucec_cptac_2020_mrna,C3N-00379,C3N-00379,ucec_cptac_2020,2.92
QzNOLTAwMzc5OnVjZWNfY3B0YWNfMjAyMA,QzNOLTAwMzc5OnVjZWNfY3B0YWNfMjAyMA,3394,ucec_cptac_2020_mrna,C3N-00379,C3N-00379,ucec_cptac_2020,9.22
QzNOLTAwMzc5OnVjZWNfY3B0YWNfMjAyMA,QzNOLTAwMzc5OnVjZWNfY3B0YWNfMjAyMA,3902,ucec_cptac_2020_mrna,C3N-00379,C3N-00379,ucec_cptac_2020,5.44
QzNOLTAwMzc5OnVjZWNfY3B0YWNfMjAyMA,QzNOLTAwMzc5OnVjZWNfY3B0YWNfMjAyMA,4118,ucec_cptac_2020_mrna,C3N-00379,C3N-00379,ucec_cptac_2020,5.58
QzNOLTAwMzc5OnVjZWNfY3B0YWNfMjAyMA,QzNOLTAwMzc5OnVjZWNfY3B0YWNfMjAyMA,94025,ucec_cptac_2020_mrna,C3N-00379,C3N-00379,ucec_cptac_2020,15.35
QzNOLTAwMzc5OnVjZWNfY3B0YWNfMjAyMA,QzNOLTAwMzc5OnVjZWNfY3B0YWNfMjAyMA,5133,ucec_cptac_2020_mrna,C3N-00379,C3N-00379,ucec_cptac_2020,5.13
QzNOLTAwMzc5OnVjZWNfY3B0YWNfMjAyMA,QzNOLTAwMzc5OnVjZWNfY3B0YWNfMjAyMA,55509,ucec_cptac_2020_mrna,C3N-00379,C3N-00379,ucec_cptac_2020,4.89
QzNOLTAwMzc5OnVjZWNfY3B0YWNfMjAyMA,QzNOLTAwMzc5OnVjZWNfY3B0YWNfMjAyMA,6772,ucec_cptac_2020_mrna,C3N-00379,C3N-00379,ucec_cptac_2020,12.8
QzNOLTAwMzc5OnVjZWNfY3B0YWNfMjAyMA,QzNOLTAwMzc5OnVjZWNfY3B0YWNfMjAyMA,7040,ucec_cptac_2020_mrna,C3N-00379,C3N-00379,ucec_cptac_2020,9.08
QzNOLTAwMzc5OnVjZWNfY3B0YWNfMjAyMA,QzNOLTAwMzc5OnVjZWNfY3B0YWNfMjAyMA,201633,ucec_cptac_2020_mrna,C3N-00379,C3N-00379,ucec_cptac_2020,6.86
QzNOLTAwMzc5OnVjZWNfY3B0YWNfMjAyMA,QzNOLTAwMzc5OnVjZWNfY3B0YWNfMjAyMA,79679,ucec_cptac_2020_mrna,C3N-00379,C3N-00379,ucec_cptac_2020,10.76
QzNOLTAwMzc5OnVjZWNfY3B0YWNfMjAyMA,QzNOLTAwMzc5OnVjZWNfY3B0YWNfMjAyMA,2829,ucec_cptac_2020_mrna,C3N-00379,C3N-00379,ucec_cptac_2020,2.38
QzNOLTAwMzc5OnVjZWNfY3B0YWNfMjAyMA,QzNOLTAwMzc5OnVjZWNfY3B0YWNfMjAyMA,898,ucec_cptac_2020_mrna,C3N-00379,C3N-00379,ucec_cptac_2020,8.25
QzNOLTAwMzc5OnVjZWNfY3B0YWNfMjAyMA,QzNOLTAwMzc5OnVjZWNfY3B0YWNfMjAyMA,925,ucec_cptac_2020_mrna,C3N-00379,C3N-00379,ucec_cptac_2020,7.24
QzNOLTAwMzc5OnVjZWNfY3B0YWNfMjAyMA,QzNOLTAwMzc5OnVjZWNfY3B0YWNfMjAyMA,968,ucec_cptac_2020_mrna,C3N-00379,C3N-00379,ucec_cptac_2020,10.62
QzNOLTAwMzc5OnVjZWNfY3B0YWNfMjAyMA,QzNOLTAwMzc5OnVjZWNfY3B0YWNfMjAyMA,29126,ucec_cptac_2020_mrna,C3N-00379,C3N-00379,ucec_cptac_2020,7.44
QzNOLTAwMzc5OnVjZWNfY3B0YWNfMjAyMA,QzNOLTAwMzc5OnVjZWNfY3B0YWNfMjAyMA,80381,ucec_cptac_2020_mrna,C3N-00379,C3N-00379,ucec_cptac_2020,11.74
QzNOLTAwMzc5OnVjZWNfY3B0YWNfMjAyMA,QzNOLTAwMzc5OnVjZWNfY3B0YWNfMjAyMA,9074,ucec_cptac_2020_mrna,C3N-00379,C3N-00379,ucec_cptac_2020,4.46
QzNOLTAwMzc5OnVjZWNfY3B0YWNfMjAyMA,QzNOLTAwMzc5OnVjZWNfY3B0YWNfMjAyMA,283420,ucec_cptac_2020_mrna,C3N-00379,C3N-00379,ucec_cptac_2020,3.88
QzNOLTAwMzc5OnVjZWNfY3B0YWNfMjAyMA,QzNOLTAwMzc5OnVjZWNfY3B0YWNfMjAyMA,1493,ucec_cptac_2020_mrna,C3N-00379,C3N-00379,ucec_cptac_2020,6.98
QzNOLTAwMzc5OnVjZWNfY3B0YWNfMjAyMA,QzNOLTAwMzc5OnVjZWNfY3B0YWNfMjAyMA,1515,ucec_cptac_2020_mrna,C3N-00379,C3N-00379,ucec_cptac_2020,8.81
QzNOLTAwMzc5OnVjZWNfY3B0YWNfMjAyMA,QzNOLTAwMzc5OnVjZWNfY3B0YWNfMjAyMA,4283,ucec_cptac_2020_mrna,C3N-00379,C3N-00379,ucec_cptac_2020,8.22
QzNOLTAwMzgzOnVjZWNfY3B0YWNfMjAyMA,QzNOLTAwMzgzOnVjZWNfY3B0YWNfMjAyMA,50943,ucec_cptac_2020_mrna,C3N-00383,C3N-00383,ucec_cptac_2020,4.42
QzNOLTAwMzgzOnVjZWNfY3B0YWNfMjAyMA,QzNOLTAwMzgzOnVjZWNfY3B0YWNfMjAyMA,3002,ucec_cptac_2020_mrna,C3N-00383,C3N-00383,ucec_cptac_2020,2.77
QzNOLTAwMzgzOnVjZWNfY3B0YWNfMjAyMA,QzNOLTAwMzgzOnVjZWNfY3B0YWNfMjAyMA,84868,ucec_cptac_2020_mrna,C3N-00383,C3N-00383,ucec_cptac_2020,7.91
QzNOLTAwMzgzOnVjZWNfY3B0YWNfMjAyMA,QzNOLTAwMzgzOnVjZWNfY3B0YWNfMjAyMA,3458,ucec_cptac_2020_mrna,C3N-00383,C3N-00383,ucec_cptac_2020,2.43
QzNOLTAwMzgzOnVjZWNfY3B0YWNfMjAyMA,QzNOLTAwMzgzOnVjZWNfY3B0YWNfMjAyMA,3394,ucec_cptac_2020_mrna,C3N-00383,C3N-00383,ucec_cptac_2020,8.28
QzNOLTAwMzgzOnVjZWNfY3B0YWNfMjAyMA,QzNOLTAwMzgzOnVjZWNfY3B0YWNfMjAyMA,3902,ucec_cptac_2020_mrna,C3N-00383,C3N-00383,ucec_cptac_2020,3.29
QzNOLTAwMzgzOnVjZWNfY3B0YWNfMjAyMA,QzNOLTAwMzgzOnVjZWNfY3B0YWNfMjAyMA,4118,ucec_cptac_2020_mrna,C3N-00383,C3N-00383,ucec_cptac_2020,6.58
QzNOLTAwMzgzOnVjZWNfY3B0YWNfMjAyMA,QzNOLTAwMzgzOnVjZWNfY3B0YWNfMjAyMA,94025,ucec_cptac_2020_mrna,C3N-00383,C3N-00383,ucec_cptac_2020,17.54
QzNOLTAwMzgzOnVjZWNfY3B0YWNfMjAyMA,QzNOLTAwMzgzOnVjZWNfY3B0YWNfMjAyMA,5133,ucec_cptac_2020_mrna,C3N-00383,C3N-00383,ucec_cptac_2020,0.0
QzNOLTAwMzgzOnVjZWNfY3B0YWNfMjAyMA,QzNOLTAwMzgzOnVjZWNfY3B0YWNfMjAyMA,55509,ucec_cptac_2020_mrna,C3N-00383,C3N-00383,ucec_cptac_2020,4.32
QzNOLTAwMzgzOnVjZWNfY3B0YWNfMjAyMA,QzNOLTAwMzgzOnVjZWNfY3B0YWNfMjAyMA,6772,ucec_cptac_2020_mrna,C3N-00383,C3N-00383,ucec_cptac_2020,12.19
QzNOLTAwMzgzOnVjZWNfY3B0YWNfMjAyMA,QzNOLTAwMzgzOnVjZWNfY3B0YWNfMjAyMA,7040,ucec_cptac_2020_mrna,C3N-00383,C3N-00383,ucec_cptac_2020,7.95
QzNOLTAwMzgzOnVjZWNfY3B0YWNfMjAyMA,QzNOLTAwMzgzOnVjZWNfY3B0YWNfMjAyMA,201633,ucec_cptac_2020_mrna,C3N-00383,C3N-00383,ucec_cptac_2020,4.98
QzNOLTAwMzgzOnVjZWNfY3B0YWNfMjAyMA,QzNOLTAwMzgzOnVjZWNfY3B0YWNfMjAyMA,79679,ucec_cptac_2020_mrna,C3N-00383,C3N-00383,ucec_cptac_2020,13.26
QzNOLTAwMzgzOnVjZWNfY3B0YWNfMjAyMA,QzNOLTAwMzgzOnVjZWNfY3B0YWNfMjAyMA,2829,ucec_cptac_2020_mrna,C3N-00383,C3N-00383,ucec_cptac_2020,1.97
QzNOLTAwMzgzOnVjZWNfY3B0YWNfMjAyMA,QzNOLTAwMzgzOnVjZWNfY3B0YWNfMjAyMA,898,ucec_cptac_2020_mrna,C3N-00383,C3N-00383,ucec_cptac_2020,7.32
QzNOLTAwMzgzOnVjZWNfY3B0YWNfMjAyMA,QzNOLTAwMzgzOnVjZWNfY3B0YWNfMjAyMA,925,ucec_cptac_2020_mrna,C3N-00383,C3N-00383,ucec_cptac_2020,6.06
QzNOLTAwMzgzOnVjZWNfY3B0YWNfMjAyMA,QzNOLTAwMzgzOnVjZWNfY3B0YWNfMjAyMA,968,ucec_cptac_2020_mrna,C3N-00383,C3N-00383,ucec_cptac_2020,9.69
QzNOLTAwMzgzOnVjZWNfY3B0YWNfMjAyMA,QzNOLTAwMzgzOnVjZWNfY3B0YWNfMjAyMA,29126,ucec_cptac_2020_mrna,C3N-00383,C3N-00383,ucec_cptac_2020,6.69
QzNOLTAwMzgzOnVjZWNfY3B0YWNfMjAyMA,QzNOLTAwMzgzOnVjZWNfY3B0YWNfMjAyMA,80381,ucec_cptac_2020_mrna,C3N-00383,C3N-00383,ucec_cptac_2020,11.57
QzNOLTAwMzgzOnVjZWNfY3B0YWNfMjAyMA,QzNOLTAwMzgzOnVjZWNfY3B0YWNfMjAyMA,9074,ucec_cptac_2020_mrna,C3N-00383,C3N-00383,ucec_cptac_2020,4.42
QzNOLTAwMzgzOnVjZWNfY3B0YWNfMjAyMA,QzNOLTAwMzgzOnVjZWNfY3B0YWNfMjAyMA,283420,ucec_cptac_2020_mrna,C3N-00383,C3N-00383,ucec_cptac_2020,1.3
QzNOLTAwMzgzOnVjZWNfY3B0YWNfMjAyMA,QzNOLTAwMzgzOnVjZWNfY3B0YWNfMjAyMA,1493,ucec_cptac_2020_mrna,C3N-00383,C3N-00383,ucec_cptac_2020,1.3
QzNOLTAwMzgzOnVjZWNfY3B0YWNfMjAyMA,QzNOLTAwMzgzOnVjZWNfY3B0YWNfMjAyMA,1515,ucec_cptac_2020_mrna,C3N-00383,C3N-00383,ucec_cptac_2020,12.38
QzNOLTAwMzgzOnVjZWNfY3B0YWNfMjAyMA,QzNOLTAwMzgzOnVjZWNfY3B0YWNfMjAyMA,4283,ucec_cptac_2020_mrna,C3N-00383,C3N-00383,ucec_cptac_2020,4.52
QzNOLTAwMzg2OnVjZWNfY3B0YWNfMjAyMA,QzNOLTAwMzg2OnVjZWNfY3B0YWNfMjAyMA,50943,ucec_cptac_2020_mrna,C3N-00386,C3N-00386,ucec_cptac_2020,5.13
QzNOLTAwMzg2OnVjZWNfY3B0YWNfMjAyMA,QzNOLTAwMzg2OnVjZWNfY3B0YWNfMjAyMA,3002,ucec_cptac_2020_mrna,C3N-00386,C3N-00386,ucec_cptac_2020,6.47
QzNOLTAwMzg2OnVjZWNfY3B0YWNfMjAyMA,QzNOLTAwMzg2OnVjZWNfY3B0YWNfMjAyMA,84868,ucec_cptac_2020_mrna,C3N-00386,C3N-00386,ucec_cptac_2020,8.32
QzNOLTAwMzg2OnVjZWNfY3B0YWNfMjAyMA,QzNOLTAwMzg2OnVjZWNfY3B0YWNfMjAyMA,3458,ucec_cptac_2020_mrna,C3N-00386,C3N-00386,ucec_cptac_2020,3.69
QzNOLTAwMzg2OnVjZWNfY3B0YWNfMjAyMA,QzNOLTAwMzg2OnVjZWNfY3B0YWNfMjAyMA,3394,ucec_cptac_2020_mrna,C3N-00386,C3N-00386,ucec_cptac_2020,7.99
QzNOLTAwMzg2OnVjZWNfY3B0YWNfMjAyMA,QzNOLTAwMzg2OnVjZWNfY3B0YWNfMjAyMA,3902,ucec_cptac_2020_mrna,C3N-00386,C3N-00386,ucec_cptac_2020,5.65
QzNOLTAwMzg2OnVjZWNfY3B0YWNfMjAyMA,QzNOLTAwMzg2OnVjZWNfY3B0YWNfMjAyMA,4118,ucec_cptac_2020_mrna,C3N-00386,C3N-00386,ucec_cptac_2020,6.07
QzNOLTAwMzg2OnVjZWNfY3B0YWNfMjAyMA,QzNOLTAwMzg2OnVjZWNfY3B0YWNfMjAyMA,94025,ucec_cptac_2020_mrna,C3N-00386,C3N-00386,ucec_cptac_2020,14.32
QzNOLTAwMzg2OnVjZWNfY3B0YWNfMjAyMA,QzNOLTAwMzg2OnVjZWNfY3B0YWNfMjAyMA,5133,ucec_cptac_2020_mrna,C3N-00386,C3N-00386,ucec_cptac_2020,8.13
QzNOLTAwMzg2OnVjZWNfY3B0YWNfMjAyMA,QzNOLTAwMzg2OnVjZWNfY3B0YWNfMjAyMA,55509,ucec_cptac_2020_mrna,C3N-00386,C3N-00386,ucec_cptac_2020,4.03
QzNOLTAwMzg2OnVjZWNfY3B0YWNfMjAyMA,QzNOLTAwMzg2OnVjZWNfY3B0YWNfMjAyMA,6772,ucec_cptac_2020_mrna,C3N-00386,C3N-00386,ucec_cptac_2020,13.5
QzNOLTAwMzg2OnVjZWNfY3B0YWNfMjAyMA,QzNOLTAwMzg2OnVjZWNfY3B0YWNfMjAyMA,7040,ucec_cptac_2020_mrna,C3N-00386,C3N-00386,ucec_cptac_2020,9.09
QzNOLTAwMzg2OnVjZWNfY3B0YWNfMjAyMA,QzNOLTAwMzg2OnVjZWNfY3B0YWNfMjAyMA,201633,ucec_cptac_2020_mrna,C3N-00386,C3N-00386,ucec_cptac_2020,7.33
QzNOLTAwMzg2OnVjZWNfY3B0YWNfMjAyMA,QzNOLTAwMzg2OnVjZWNfY3B0YWNfMjAyMA,79679,ucec_cptac_2020_mrna,C3N-00386,C3N-00386,ucec_cptac_2020,7.25
QzNOLTAwMzg2OnVjZWNfY3B0YWNfMjAyMA,QzNOLTAwMzg2OnVjZWNfY3B0YWNfMjAyMA,2829,ucec_cptac_2020_mrna,C3N-00386,C3N-00386,ucec_cptac_2020,3.25
QzNOLTAwMzg2OnVjZWNfY3B0YWNfMjAyMA,QzNOLTAwMzg2OnVjZWNfY3B0YWNfMjAyMA,898,ucec_cptac_2020_mrna,C3N-00386,C3N-00386,ucec_cptac_2020,6.03
QzNOLTAwMzg2OnVjZWNfY3B0YWNfMjAyMA,QzNOLTAwMzg2OnVjZWNfY3B0YWNfMjAyMA,925,ucec_cptac_2020_mrna,C3N-00386,C3N-00386,ucec_cptac_2020,7.93
QzNOLTAwMzg2OnVjZWNfY3B0YWNfMjAyMA,QzNOLTAwMzg2OnVjZWNfY3B0YWNfMjAyMA,968,ucec_cptac_2020_mrna,C3N-00386,C3N-00386,ucec_cptac_2020,9.79
QzNOLTAwMzg2OnVjZWNfY3B0YWNfMjAyMA,QzNOLTAwMzg2OnVjZWNfY3B0YWNfMjAyMA,29126,ucec_cptac_2020_mrna,C3N-00386,C3N-00386,ucec_cptac_2020,7.13
QzNOLTAwMzg2OnVjZWNfY3B0YWNfMjAyMA,QzNOLTAwMzg2OnVjZWNfY3B0YWNfMjAyMA,80381,ucec_cptac_2020_mrna,C3N-00386,C3N-00386,ucec_cptac_2020,11.39
QzNOLTAwMzg2OnVjZWNfY3B0YWNfMjAyMA,QzNOLTAwMzg2OnVjZWNfY3B0YWNfMjAyMA,9074,ucec_cptac_2020_mrna,C3N-00386,C3N-00386,ucec_cptac_2020,6.14
QzNOLTAwMzg2OnVjZWNfY3B0YWNfMjAyMA,QzNOLTAwMzg2OnVjZWNfY3B0YWNfMjAyMA,283420,ucec_cptac_2020_mrna,C3N-00386,C3N-00386,ucec_cptac_2020,2.14
QzNOLTAwMzg2OnVjZWNfY3B0YWNfMjAyMA,QzNOLTAwMzg2OnVjZWNfY3B0YWNfMjAyMA,1493,ucec_cptac_2020_mrna,C3N-00386,C3N-00386,ucec_cptac_2020,8.78
QzNOLTAwMzg2OnVjZWNfY3B0YWNfMjAyMA,QzNOLTAwMzg2OnVjZWNfY3B0YWNfMjAyMA,1515,ucec_cptac_2020_mrna,C3N-00386,C3N-00386,ucec_cptac_2020,7.09
QzNOLTAwMzg2OnVjZWNfY3B0YWNfMjAyMA,QzNOLTAwMzg2OnVjZWNfY3B0YWNfMjAyMA,4283,ucec_cptac_2020_mrna,C3N-00386,C3N-00386,ucec_cptac_2020,8.15
QzNOLTAwMzg5OnVjZWNfY3B0YWNfMjAyMA,QzNOLTAwMzg5OnVjZWNfY3B0YWNfMjAyMA,50943,ucec_cptac_2020_mrna,C3N-00389,C3N-00389,ucec_cptac_2020,6.56
QzNOLTAwMzg5OnVjZWNfY3B0YWNfMjAyMA,QzNOLTAwMzg5OnVjZWNfY3B0YWNfMjAyMA,3002,ucec_cptac_2020_mrna,C3N-00389,C3N-00389,ucec_cptac_2020,8.06
QzNOLTAwMzg5OnVjZWNfY3B0YWNfMjAyMA,QzNOLTAwMzg5OnVjZWNfY3B0YWNfMjAyMA,84868,ucec_cptac_2020_mrna,C3N-00389,C3N-00389,ucec_cptac_2020,9.74
QzNOLTAwMzg5OnVjZWNfY3B0YWNfMjAyMA,QzNOLTAwMzg5OnVjZWNfY3B0YWNfMjAyMA,3458,ucec_cptac_2020_mrna,C3N-00389,C3N-00389,ucec_cptac_2020,6.36
QzNOLTAwMzg5OnVjZWNfY3B0YWNfMjAyMA,QzNOLTAwMzg5OnVjZWNfY3B0YWNfMjAyMA,3394,ucec_cptac_2020_mrna,C3N-00389,C3N-00389,ucec_cptac_2020,9.31
QzNOLTAwMzg5OnVjZWNfY3B0YWNfMjAyMA,QzNOLTAwMzg5OnVjZWNfY3B0YWNfMjAyMA,3902,ucec_cptac_2020_mrna,C3N-00389,C3N-00389,ucec_cptac_2020,6.59
QzNOLTAwMzg5OnVjZWNfY3B0YWNfMjAyMA,QzNOLTAwMzg5OnVjZWNfY3B0YWNfMjAyMA,4118,ucec_cptac_2020_mrna,C3N-00389,C3N-00389,ucec_cptac_2020,6.15
QzNOLTAwMzg5OnVjZWNfY3B0YWNfMjAyMA,QzNOLTAwMzg5OnVjZWNfY3B0YWNfMjAyMA,94025,ucec_cptac_2020_mrna,C3N-00389,C3N-00389,ucec_cptac_2020,15.74
QzNOLTAwMzg5OnVjZWNfY3B0YWNfMjAyMA,QzNOLTAwMzg5OnVjZWNfY3B0YWNfMjAyMA,5133,ucec_cptac_2020_mrna,C3N-00389,C3N-00389,ucec_cptac_2020,7.78
QzNOLTAwMzg5OnVjZWNfY3B0YWNfMjAyMA,QzNOLTAwMzg5OnVjZWNfY3B0YWNfMjAyMA,55509,ucec_cptac_2020_mrna,C3N-00389,C3N-00389,ucec_cptac_2020,4.83
QzNOLTAwMzg5OnVjZWNfY3B0YWNfMjAyMA,QzNOLTAwMzg5OnVjZWNfY3B0YWNfMjAyMA,6772,ucec_cptac_2020_mrna,C3N-00389,C3N-00389,ucec_cptac_2020,13.36
QzNOLTAwMzg5OnVjZWNfY3B0YWNfMjAyMA,QzNOLTAwMzg5OnVjZWNfY3B0YWNfMjAyMA,7040,ucec_cptac_2020_mrna,C3N-00389,C3N-00389,ucec_cptac_2020,8.61
QzNOLTAwMzg5OnVjZWNfY3B0YWNfMjAyMA,QzNOLTAwMzg5OnVjZWNfY3B0YWNfMjAyMA,201633,ucec_cptac_2020_mrna,C3N-00389,C3N-00389,ucec_cptac_2020,9.23
QzNOLTAwMzg5OnVjZWNfY3B0YWNfMjAyMA,QzNOLTAwMzg5OnVjZWNfY3B0YWNfMjAyMA,79679,ucec_cptac_2020_mrna,C3N-00389,C3N-00389,ucec_cptac_2020,11.26
QzNOLTAwMzg5OnVjZWNfY3B0YWNfMjAyMA,QzNOLTAwMzg5OnVjZWNfY3B0YWNfMjAyMA,2829,ucec_cptac_2020_mrna,C3N-00389,C3N-00389,ucec_cptac_2020,3.02
QzNOLTAwMzg5OnVjZWNfY3B0YWNfMjAyMA,QzNOLTAwMzg5OnVjZWNfY3B0YWNfMjAyMA,898,ucec_cptac_2020_mrna,C3N-00389,C3N-00389,ucec_cptac_2020,7.37
QzNOLTAwMzg5OnVjZWNfY3B0YWNfMjAyMA,QzNOLTAwMzg5OnVjZWNfY3B0YWNfMjAyMA,925,ucec_cptac_2020_mrna,C3N-00389,C3N-00389,ucec_cptac_2020,8.98
QzNOLTAwMzg5OnVjZWNfY3B0YWNfMjAyMA,QzNOLTAwMzg5OnVjZWNfY3B0YWNfMjAyMA,968,ucec_cptac_2020_mrna,C3N-00389,C3N-00389,ucec_cptac_2020,11.51
QzNOLTAwMzg5OnVjZWNfY3B0YWNfMjAyMA,QzNOLTAwMzg5OnVjZWNfY3B0YWNfMjAyMA,29126,ucec_cptac_2020_mrna,C3N-00389,C3N-00389,ucec_cptac_2020,8.35
QzNOLTAwMzg5OnVjZWNfY3B0YWNfMjAyMA,QzNOLTAwMzg5OnVjZWNfY3B0YWNfMjAyMA,80381,ucec_cptac_2020_mrna,C3N-00389,C3N-00389,ucec_cptac_2020,11.36
QzNOLTAwMzg5OnVjZWNfY3B0YWNfMjAyMA,QzNOLTAwMzg5OnVjZWNfY3B0YWNfMjAyMA,9074,ucec_cptac_2020_mrna,C3N-00389,C3N-00389,ucec_cptac_2020,5.93
QzNOLTAwMzg5OnVjZWNfY3B0YWNfMjAyMA,QzNOLTAwMzg5OnVjZWNfY3B0YWNfMjAyMA,283420,ucec_cptac_2020_mrna,C3N-00389,C3N-00389,ucec_cptac_2020,3.48
QzNOLTAwMzg5OnVjZWNfY3B0YWNfMjAyMA,QzNOLTAwMzg5OnVjZWNfY3B0YWNfMjAyMA,1493,ucec_cptac_2020_mrna,C3N-00389,C3N-00389,ucec_cptac_2020,8.18
QzNOLTAwMzg5OnVjZWNfY3B0YWNfMjAyMA,QzNOLTAwMzg5OnVjZWNfY3B0YWNfMjAyMA,1515,ucec_cptac_2020_mrna,C3N-00389,C3N-00389,ucec_cptac_2020,7.78
QzNOLTAwMzg5OnVjZWNfY3B0YWNfMjAyMA,QzNOLTAwMzg5OnVjZWNfY3B0YWNfMjAyMA,4283,ucec_cptac_2020_mrna,C3N-00389,C3N-00389,ucec_cptac_2020,11.83
QzNOLTAwNzI5OnVjZWNfY3B0YWNfMjAyMA,QzNOLTAwNzI5OnVjZWNfY3B0YWNfMjAyMA,50943,ucec_cptac_2020_mrna,C3N-00729,C3N-00729,ucec_cptac_2020,4.95
QzNOLTAwNzI5OnVjZWNfY3B0YWNfMjAyMA,QzNOLTAwNzI5OnVjZWNfY3B0YWNfMjAyMA,3002,ucec_cptac_2020_mrna,C3N-00729,C3N-00729,ucec_cptac_2020,6.01
QzNOLTAwNzI5OnVjZWNfY3B0YWNfMjAyMA,QzNOLTAwNzI5OnVjZWNfY3B0YWNfMjAyMA,84868,ucec_cptac_2020_mrna,C3N-00729,C3N-00729,ucec_cptac_2020,9.44
QzNOLTAwNzI5OnVjZWNfY3B0YWNfMjAyMA,QzNOLTAwNzI5OnVjZWNfY3B0YWNfMjAyMA,3458,ucec_cptac_2020_mrna,C3N-00729,C3N-00729,ucec_cptac_2020,0.98
QzNOLTAwNzI5OnVjZWNfY3B0YWNfMjAyMA,QzNOLTAwNzI5OnVjZWNfY3B0YWNfMjAyMA,3394,ucec_cptac_2020_mrna,C3N-00729,C3N-00729,ucec_cptac_2020,9.43
QzNOLTAwNzI5OnVjZWNfY3B0YWNfMjAyMA,QzNOLTAwNzI5OnVjZWNfY3B0YWNfMjAyMA,3902,ucec_cptac_2020_mrna,C3N-00729,C3N-00729,ucec_cptac_2020,3.95
QzNOLTAwNzI5OnVjZWNfY3B0YWNfMjAyMA,QzNOLTAwNzI5OnVjZWNfY3B0YWNfMjAyMA,4118,ucec_cptac_2020_mrna,C3N-00729,C3N-00729,ucec_cptac_2020,10.22
QzNOLTAwNzI5OnVjZWNfY3B0YWNfMjAyMA,QzNOLTAwNzI5OnVjZWNfY3B0YWNfMjAyMA,94025,ucec_cptac_2020_mrna,C3N-00729,C3N-00729,ucec_cptac_2020,15.99
QzNOLTAwNzI5OnVjZWNfY3B0YWNfMjAyMA,QzNOLTAwNzI5OnVjZWNfY3B0YWNfMjAyMA,5133,ucec_cptac_2020_mrna,C3N-00729,C3N-00729,ucec_cptac_2020,4.9
QzNOLTAwNzI5OnVjZWNfY3B0YWNfMjAyMA,QzNOLTAwNzI5OnVjZWNfY3B0YWNfMjAyMA,55509,ucec_cptac_2020_mrna,C3N-00729,C3N-00729,ucec_cptac_2020,4.54
QzNOLTAwNzI5OnVjZWNfY3B0YWNfMjAyMA,QzNOLTAwNzI5OnVjZWNfY3B0YWNfMjAyMA,6772,ucec_cptac_2020_mrna,C3N-00729,C3N-00729,ucec_cptac_2020,12.55
QzNOLTAwNzI5OnVjZWNfY3B0YWNfMjAyMA,QzNOLTAwNzI5OnVjZWNfY3B0YWNfMjAyMA,7040,ucec_cptac_2020_mrna,C3N-00729,C3N-00729,ucec_cptac_2020,8.78
QzNOLTAwNzI5OnVjZWNfY3B0YWNfMjAyMA,QzNOLTAwNzI5OnVjZWNfY3B0YWNfMjAyMA,201633,ucec_cptac_2020_mrna,C3N-00729,C3N-00729,ucec_cptac_2020,6.9
QzNOLTAwNzI5OnVjZWNfY3B0YWNfMjAyMA,QzNOLTAwNzI5OnVjZWNfY3B0YWNfMjAyMA,79679,ucec_cptac_2020_mrna,C3N-00729,C3N-00729,ucec_cptac_2020,12.62
QzNOLTAwNzI5OnVjZWNfY3B0YWNfMjAyMA,QzNOLTAwNzI5OnVjZWNfY3B0YWNfMjAyMA,2829,ucec_cptac_2020_mrna,C3N-00729,C3N-00729,ucec_cptac_2020,1.96
QzNOLTAwNzI5OnVjZWNfY3B0YWNfMjAyMA,QzNOLTAwNzI5OnVjZWNfY3B0YWNfMjAyMA,898,ucec_cptac_2020_mrna,C3N-00729,C3N-00729,ucec_cptac_2020,11.04
QzNOLTAwNzI5OnVjZWNfY3B0YWNfMjAyMA,QzNOLTAwNzI5OnVjZWNfY3B0YWNfMjAyMA,925,ucec_cptac_2020_mrna,C3N-00729,C3N-00729,ucec_cptac_2020,7.23
QzNOLTAwNzI5OnVjZWNfY3B0YWNfMjAyMA,QzNOLTAwNzI5OnVjZWNfY3B0YWNfMjAyMA,968,ucec_cptac_2020_mrna,C3N-00729,C3N-00729,ucec_cptac_2020,11.19
QzNOLTAwNzI5OnVjZWNfY3B0YWNfMjAyMA,QzNOLTAwNzI5OnVjZWNfY3B0YWNfMjAyMA,29126,ucec_cptac_2020_mrna,C3N-00729,C3N-00729,ucec_cptac_2020,7.33
QzNOLTAwNzI5OnVjZWNfY3B0YWNfMjAyMA,QzNOLTAwNzI5OnVjZWNfY3B0YWNfMjAyMA,80381,ucec_cptac_2020_mrna,C3N-00729,C3N-00729,ucec_cptac_2020,12.06
QzNOLTAwNzI5OnVjZWNfY3B0YWNfMjAyMA,QzNOLTAwNzI5OnVjZWNfY3B0YWNfMjAyMA,9074,ucec_cptac_2020_mrna,C3N-00729,C3N-00729,ucec_cptac_2020,4.34
QzNOLTAwNzI5OnVjZWNfY3B0YWNfMjAyMA,QzNOLTAwNzI5OnVjZWNfY3B0YWNfMjAyMA,283420,ucec_cptac_2020_mrna,C3N-00729,C3N-00729,ucec_cptac_2020,2.54
QzNOLTAwNzI5OnVjZWNfY3B0YWNfMjAyMA,QzNOLTAwNzI5OnVjZWNfY3B0YWNfMjAyMA,1493,ucec_cptac_2020_mrna,C3N-00729,C3N-00729,ucec_cptac_2020,5.04
QzNOLTAwNzI5OnVjZWNfY3B0YWNfMjAyMA,QzNOLTAwNzI5OnVjZWNfY3B0YWNfMjAyMA,1515,ucec_cptac_2020_mrna,C3N-00729,C3N-00729,ucec_cptac_2020,10.44
QzNOLTAwNzI5OnVjZWNfY3B0YWNfMjAyMA,QzNOLTAwNzI5OnVjZWNfY3B0YWNfMjAyMA,4283,ucec_cptac_2020_mrna,C3N-00729,C3N-00729,ucec_cptac_2020,7.61
QzNOLTAwNzM0OnVjZWNfY3B0YWNfMjAyMA,QzNOLTAwNzM0OnVjZWNfY3B0YWNfMjAyMA,50943,ucec_cptac_2020_mrna,C3N-00734,C3N-00734,ucec_cptac_2020,4.04
QzNOLTAwNzM0OnVjZWNfY3B0YWNfMjAyMA,QzNOLTAwNzM0OnVjZWNfY3B0YWNfMjAyMA,3002,ucec_cptac_2020_mrna,C3N-00734,C3N-00734,ucec_cptac_2020,6.29
QzNOLTAwNzM0OnVjZWNfY3B0YWNfMjAyMA,QzNOLTAwNzM0OnVjZWNfY3B0YWNfMjAyMA,84868,ucec_cptac_2020_mrna,C3N-00734,C3N-00734,ucec_cptac_2020,8.67
QzNOLTAwNzM0OnVjZWNfY3B0YWNfMjAyMA,QzNOLTAwNzM0OnVjZWNfY3B0YWNfMjAyMA,3458,ucec_cptac_2020_mrna,C3N-00734,C3N-00734,ucec_cptac_2020,1.5
QzNOLTAwNzM0OnVjZWNfY3B0YWNfMjAyMA,QzNOLTAwNzM0OnVjZWNfY3B0YWNfMjAyMA,3394,ucec_cptac_2020_mrna,C3N-00734,C3N-00734,ucec_cptac_2020,8.48
QzNOLTAwNzM0OnVjZWNfY3B0YWNfMjAyMA,QzNOLTAwNzM0OnVjZWNfY3B0YWNfMjAyMA,3902,ucec_cptac_2020_mrna,C3N-00734,C3N-00734,ucec_cptac_2020,3.05
QzNOLTAwNzM0OnVjZWNfY3B0YWNfMjAyMA,QzNOLTAwNzM0OnVjZWNfY3B0YWNfMjAyMA,4118,ucec_cptac_2020_mrna,C3N-00734,C3N-00734,ucec_cptac_2020,7.99
QzNOLTAwNzM0OnVjZWNfY3B0YWNfMjAyMA,QzNOLTAwNzM0OnVjZWNfY3B0YWNfMjAyMA,94025,ucec_cptac_2020_mrna,C3N-00734,C3N-00734,ucec_cptac_2020,16.43
QzNOLTAwNzM0OnVjZWNfY3B0YWNfMjAyMA,QzNOLTAwNzM0OnVjZWNfY3B0YWNfMjAyMA,5133,ucec_cptac_2020_mrna,C3N-00734,C3N-00734,ucec_cptac_2020,3.05
QzNOLTAwNzM0OnVjZWNfY3B0YWNfMjAyMA,QzNOLTAwNzM0OnVjZWNfY3B0YWNfMjAyMA,55509,ucec_cptac_2020_mrna,C3N-00734,C3N-00734,ucec_cptac_2020,4.67
QzNOLTAwNzM0OnVjZWNfY3B0YWNfMjAyMA,QzNOLTAwNzM0OnVjZWNfY3B0YWNfMjAyMA,6772,ucec_cptac_2020_mrna,C3N-00734,C3N-00734,ucec_cptac_2020,12.37
QzNOLTAwNzM0OnVjZWNfY3B0YWNfMjAyMA,QzNOLTAwNzM0OnVjZWNfY3B0YWNfMjAyMA,7040,ucec_cptac_2020_mrna,C3N-00734,C3N-00734,ucec_cptac_2020,8.04
QzNOLTAwNzM0OnVjZWNfY3B0YWNfMjAyMA,QzNOLTAwNzM0OnVjZWNfY3B0YWNfMjAyMA,201633,ucec_cptac_2020_mrna,C3N-00734,C3N-00734,ucec_cptac_2020,6.37
QzNOLTAwNzM0OnVjZWNfY3B0YWNfMjAyMA,QzNOLTAwNzM0OnVjZWNfY3B0YWNfMjAyMA,79679,ucec_cptac_2020_mrna,C3N-00734,C3N-00734,ucec_cptac_2020,12.87
QzNOLTAwNzM0OnVjZWNfY3B0YWNfMjAyMA,QzNOLTAwNzM0OnVjZWNfY3B0YWNfMjAyMA,2829,ucec_cptac_2020_mrna,C3N-00734,C3N-00734,ucec_cptac_2020,3.96
QzNOLTAwNzM0OnVjZWNfY3B0YWNfMjAyMA,QzNOLTAwNzM0OnVjZWNfY3B0YWNfMjAyMA,898,ucec_cptac_2020_mrna,C3N-00734,C3N-00734,ucec_cptac_2020,9.05
QzNOLTAwNzM0OnVjZWNfY3B0YWNfMjAyMA,QzNOLTAwNzM0OnVjZWNfY3B0YWNfMjAyMA,925,ucec_cptac_2020_mrna,C3N-00734,C3N-00734,ucec_cptac_2020,6.56
QzNOLTAwNzM0OnVjZWNfY3B0YWNfMjAyMA,QzNOLTAwNzM0OnVjZWNfY3B0YWNfMjAyMA,968,ucec_cptac_2020_mrna,C3N-00734,C3N-00734,ucec_cptac_2020,11.16
QzNOLTAwNzM0OnVjZWNfY3B0YWNfMjAyMA,QzNOLTAwNzM0OnVjZWNfY3B0YWNfMjAyMA,29126,ucec_cptac_2020_mrna,C3N-00734,C3N-00734,ucec_cptac_2020,6.89
QzNOLTAwNzM0OnVjZWNfY3B0YWNfMjAyMA,QzNOLTAwNzM0OnVjZWNfY3B0YWNfMjAyMA,80381,ucec_cptac_2020_mrna,C3N-00734,C3N-00734,ucec_cptac_2020,11.77
QzNOLTAwNzM0OnVjZWNfY3B0YWNfMjAyMA,QzNOLTAwNzM0OnVjZWNfY3B0YWNfMjAyMA,9074,ucec_cptac_2020_mrna,C3N-00734,C3N-00734,ucec_cptac_2020,3.68
QzNOLTAwNzM0OnVjZWNfY3B0YWNfMjAyMA,QzNOLTAwNzM0OnVjZWNfY3B0YWNfMjAyMA,283420,ucec_cptac_2020_mrna,C3N-00734,C3N-00734,ucec_cptac_2020,3.46
QzNOLTAwNzM0OnVjZWNfY3B0YWNfMjAyMA,QzNOLTAwNzM0OnVjZWNfY3B0YWNfMjAyMA,1493,ucec_cptac_2020_mrna,C3N-00734,C3N-00734,ucec_cptac_2020,5.77
QzNOLTAwNzM0OnVjZWNfY3B0YWNfMjAyMA,QzNOLTAwNzM0OnVjZWNfY3B0YWNfMjAyMA,1515,ucec_cptac_2020_mrna,C3N-00734,C3N-00734,ucec_cptac_2020,11.73
QzNOLTAwNzM0OnVjZWNfY3B0YWNfMjAyMA,QzNOLTAwNzM0OnVjZWNfY3B0YWNfMjAyMA,4283,ucec_cptac_2020_mrna,C3N-00734,C3N-00734,ucec_cptac_2020,4.26
QzNOLTAwNzQzOnVjZWNfY3B0YWNfMjAyMA,QzNOLTAwNzQzOnVjZWNfY3B0YWNfMjAyMA,50943,ucec_cptac_2020_mrna,C3N-00743,C3N-00743,ucec_cptac_2020,5.28
QzNOLTAwNzQzOnVjZWNfY3B0YWNfMjAyMA,QzNOLTAwNzQzOnVjZWNfY3B0YWNfMjAyMA,3002,ucec_cptac_2020_mrna,C3N-00743,C3N-00743,ucec_cptac_2020,3.86
QzNOLTAwNzQzOnVjZWNfY3B0YWNfMjAyMA,QzNOLTAwNzQzOnVjZWNfY3B0YWNfMjAyMA,84868,ucec_cptac_2020_mrna,C3N-00743,C3N-00743,ucec_cptac_2020,7.61
QzNOLTAwNzQzOnVjZWNfY3B0YWNfMjAyMA,QzNOLTAwNzQzOnVjZWNfY3B0YWNfMjAyMA,3458,ucec_cptac_2020_mrna,C3N-00743,C3N-00743,ucec_cptac_2020,0.71
QzNOLTAwNzQzOnVjZWNfY3B0YWNfMjAyMA,QzNOLTAwNzQzOnVjZWNfY3B0YWNfMjAyMA,3394,ucec_cptac_2020_mrna,C3N-00743,C3N-00743,ucec_cptac_2020,6.18
QzNOLTAwNzQzOnVjZWNfY3B0YWNfMjAyMA,QzNOLTAwNzQzOnVjZWNfY3B0YWNfMjAyMA,3902,ucec_cptac_2020_mrna,C3N-00743,C3N-00743,ucec_cptac_2020,5.44
QzNOLTAwNzQzOnVjZWNfY3B0YWNfMjAyMA,QzNOLTAwNzQzOnVjZWNfY3B0YWNfMjAyMA,4118,ucec_cptac_2020_mrna,C3N-00743,C3N-00743,ucec_cptac_2020,4.04
QzNOLTAwNzQzOnVjZWNfY3B0YWNfMjAyMA,QzNOLTAwNzQzOnVjZWNfY3B0YWNfMjAyMA,94025,ucec_cptac_2020_mrna,C3N-00743,C3N-00743,ucec_cptac_2020,14.75
QzNOLTAwNzQzOnVjZWNfY3B0YWNfMjAyMA,QzNOLTAwNzQzOnVjZWNfY3B0YWNfMjAyMA,5133,ucec_cptac_2020_mrna,C3N-00743,C3N-00743,ucec_cptac_2020,6.31
QzNOLTAwNzQzOnVjZWNfY3B0YWNfMjAyMA,QzNOLTAwNzQzOnVjZWNfY3B0YWNfMjAyMA,55509,ucec_cptac_2020_mrna,C3N-00743,C3N-00743,ucec_cptac_2020,5.8
QzNOLTAwNzQzOnVjZWNfY3B0YWNfMjAyMA,QzNOLTAwNzQzOnVjZWNfY3B0YWNfMjAyMA,6772,ucec_cptac_2020_mrna,C3N-00743,C3N-00743,ucec_cptac_2020,11.61
QzNOLTAwNzQzOnVjZWNfY3B0YWNfMjAyMA,QzNOLTAwNzQzOnVjZWNfY3B0YWNfMjAyMA,7040,ucec_cptac_2020_mrna,C3N-00743,C3N-00743,ucec_cptac_2020,9.55
QzNOLTAwNzQzOnVjZWNfY3B0YWNfMjAyMA,QzNOLTAwNzQzOnVjZWNfY3B0YWNfMjAyMA,201633,ucec_cptac_2020_mrna,C3N-00743,C3N-00743,ucec_cptac_2020,5.05
QzNOLTAwNzQzOnVjZWNfY3B0YWNfMjAyMA,QzNOLTAwNzQzOnVjZWNfY3B0YWNfMjAyMA,79679,ucec_cptac_2020_mrna,C3N-00743,C3N-00743,ucec_cptac_2020,9.29
QzNOLTAwNzQzOnVjZWNfY3B0YWNfMjAyMA,QzNOLTAwNzQzOnVjZWNfY3B0YWNfMjAyMA,2829,ucec_cptac_2020_mrna,C3N-00743,C3N-00743,ucec_cptac_2020,2.76
QzNOLTAwNzQzOnVjZWNfY3B0YWNfMjAyMA,QzNOLTAwNzQzOnVjZWNfY3B0YWNfMjAyMA,898,ucec_cptac_2020_mrna,C3N-00743,C3N-00743,ucec_cptac_2020,11.83
QzNOLTAwNzQzOnVjZWNfY3B0YWNfMjAyMA,QzNOLTAwNzQzOnVjZWNfY3B0YWNfMjAyMA,925,ucec_cptac_2020_mrna,C3N-00743,C3N-00743,ucec_cptac_2020,6.28
QzNOLTAwNzQzOnVjZWNfY3B0YWNfMjAyMA,QzNOLTAwNzQzOnVjZWNfY3B0YWNfMjAyMA,968,ucec_cptac_2020_mrna,C3N-00743,C3N-00743,ucec_cptac_2020,9.36
QzNOLTAwNzQzOnVjZWNfY3B0YWNfMjAyMA,QzNOLTAwNzQzOnVjZWNfY3B0YWNfMjAyMA,29126,ucec_cptac_2020_mrna,C3N-00743,C3N-00743,ucec_cptac_2020,5.13
QzNOLTAwNzQzOnVjZWNfY3B0YWNfMjAyMA,QzNOLTAwNzQzOnVjZWNfY3B0YWNfMjAyMA,80381,ucec_cptac_2020_mrna,C3N-00743,C3N-00743,ucec_cptac_2020,11.82
QzNOLTAwNzQzOnVjZWNfY3B0YWNfMjAyMA,QzNOLTAwNzQzOnVjZWNfY3B0YWNfMjAyMA,9074,ucec_cptac_2020_mrna,C3N-00743,C3N-00743,ucec_cptac_2020,4.87
QzNOLTAwNzQzOnVjZWNfY3B0YWNfMjAyMA,QzNOLTAwNzQzOnVjZWNfY3B0YWNfMjAyMA,283420,ucec_cptac_2020_mrna,C3N-00743,C3N-00743,ucec_cptac_2020,2.07
QzNOLTAwNzQzOnVjZWNfY3B0YWNfMjAyMA,QzNOLTAwNzQzOnVjZWNfY3B0YWNfMjAyMA,1493,ucec_cptac_2020_mrna,C3N-00743,C3N-00743,ucec_cptac_2020,6.06
QzNOLTAwNzQzOnVjZWNfY3B0YWNfMjAyMA,QzNOLTAwNzQzOnVjZWNfY3B0YWNfMjAyMA,1515,ucec_cptac_2020_mrna,C3N-00743,C3N-00743,ucec_cptac_2020,8.36
QzNOLTAwNzQzOnVjZWNfY3B0YWNfMjAyMA,QzNOLTAwNzQzOnVjZWNfY3B0YWNfMjAyMA,4283,ucec_cptac_2020_mrna,C3N-00743,C3N-00743,ucec_cptac_2020,5.94
QzNOLTAwODM2OnVjZWNfY3B0YWNfMjAyMA,QzNOLTAwODM2OnVjZWNfY3B0YWNfMjAyMA,50943,ucec_cptac_2020_mrna,C3N-00836,C3N-00836,ucec_cptac_2020,6.74
QzNOLTAwODM2OnVjZWNfY3B0YWNfMjAyMA,QzNOLTAwODM2OnVjZWNfY3B0YWNfMjAyMA,3002,ucec_cptac_2020_mrna,C3N-00836,C3N-00836,ucec_cptac_2020,10.62
QzNOLTAwODM2OnVjZWNfY3B0YWNfMjAyMA,QzNOLTAwODM2OnVjZWNfY3B0YWNfMjAyMA,84868,ucec_cptac_2020_mrna,C3N-00836,C3N-00836,ucec_cptac_2020,10.62
QzNOLTAwODM2OnVjZWNfY3B0YWNfMjAyMA,QzNOLTAwODM2OnVjZWNfY3B0YWNfMjAyMA,3458,ucec_cptac_2020_mrna,C3N-00836,C3N-00836,ucec_cptac_2020,8.34
QzNOLTAwODM2OnVjZWNfY3B0YWNfMjAyMA,QzNOLTAwODM2OnVjZWNfY3B0YWNfMjAyMA,3394,ucec_cptac_2020_mrna,C3N-00836,C3N-00836,ucec_cptac_2020,10.23
QzNOLTAwODM2OnVjZWNfY3B0YWNfMjAyMA,QzNOLTAwODM2OnVjZWNfY3B0YWNfMjAyMA,3902,ucec_cptac_2020_mrna,C3N-00836,C3N-00836,ucec_cptac_2020,8.69
QzNOLTAwODM2OnVjZWNfY3B0YWNfMjAyMA,QzNOLTAwODM2OnVjZWNfY3B0YWNfMjAyMA,4118,ucec_cptac_2020_mrna,C3N-00836,C3N-00836,ucec_cptac_2020,9.85
QzNOLTAwODM2OnVjZWNfY3B0YWNfMjAyMA,QzNOLTAwODM2OnVjZWNfY3B0YWNfMjAyMA,94025,ucec_cptac_2020_mrna,C3N-00836,C3N-00836,ucec_cptac_2020,14.27
QzNOLTAwODM2OnVjZWNfY3B0YWNfMjAyMA,QzNOLTAwODM2OnVjZWNfY3B0YWNfMjAyMA,5133,ucec_cptac_2020_mrna,C3N-00836,C3N-00836,ucec_cptac_2020,8.85
QzNOLTAwODM2OnVjZWNfY3B0YWNfMjAyMA,QzNOLTAwODM2OnVjZWNfY3B0YWNfMjAyMA,55509,ucec_cptac_2020_mrna,C3N-00836,C3N-00836,ucec_cptac_2020,5.47
QzNOLTAwODM2OnVjZWNfY3B0YWNfMjAyMA,QzNOLTAwODM2OnVjZWNfY3B0YWNfMjAyMA,6772,ucec_cptac_2020_mrna,C3N-00836,C3N-00836,ucec_cptac_2020,15.83
QzNOLTAwODM2OnVjZWNfY3B0YWNfMjAyMA,QzNOLTAwODM2OnVjZWNfY3B0YWNfMjAyMA,7040,ucec_cptac_2020_mrna,C3N-00836,C3N-00836,ucec_cptac_2020,10.01
QzNOLTAwODM2OnVjZWNfY3B0YWNfMjAyMA,QzNOLTAwODM2OnVjZWNfY3B0YWNfMjAyMA,201633,ucec_cptac_2020_mrna,C3N-00836,C3N-00836,ucec_cptac_2020,10.12
QzNOLTAwODM2OnVjZWNfY3B0YWNfMjAyMA,QzNOLTAwODM2OnVjZWNfY3B0YWNfMjAyMA,79679,ucec_cptac_2020_mrna,C3N-00836,C3N-00836,ucec_cptac_2020,11.57
QzNOLTAwODM2OnVjZWNfY3B0YWNfMjAyMA,QzNOLTAwODM2OnVjZWNfY3B0YWNfMjAyMA,2829,ucec_cptac_2020_mrna,C3N-00836,C3N-00836,ucec_cptac_2020,5.12
QzNOLTAwODM2OnVjZWNfY3B0YWNfMjAyMA,QzNOLTAwODM2OnVjZWNfY3B0YWNfMjAyMA,898,ucec_cptac_2020_mrna,C3N-00836,C3N-00836,ucec_cptac_2020,10.41
QzNOLTAwODM2OnVjZWNfY3B0YWNfMjAyMA,QzNOLTAwODM2OnVjZWNfY3B0YWNfMjAyMA,925,ucec_cptac_2020_mrna,C3N-00836,C3N-00836,ucec_cptac_2020,11.04
QzNOLTAwODM2OnVjZWNfY3B0YWNfMjAyMA,QzNOLTAwODM2OnVjZWNfY3B0YWNfMjAyMA,968,ucec_cptac_2020_mrna,C3N-00836,C3N-00836,ucec_cptac_2020,12.51
QzNOLTAwODM2OnVjZWNfY3B0YWNfMjAyMA,QzNOLTAwODM2OnVjZWNfY3B0YWNfMjAyMA,29126,ucec_cptac_2020_mrna,C3N-00836,C3N-00836,ucec_cptac_2020,10.07
QzNOLTAwODM2OnVjZWNfY3B0YWNfMjAyMA,QzNOLTAwODM2OnVjZWNfY3B0YWNfMjAyMA,80381,ucec_cptac_2020_mrna,C3N-00836,C3N-00836,ucec_cptac_2020,10.45
QzNOLTAwODM2OnVjZWNfY3B0YWNfMjAyMA,QzNOLTAwODM2OnVjZWNfY3B0YWNfMjAyMA,9074,ucec_cptac_2020_mrna,C3N-00836,C3N-00836,ucec_cptac_2020,6.94
QzNOLTAwODM2OnVjZWNfY3B0YWNfMjAyMA,QzNOLTAwODM2OnVjZWNfY3B0YWNfMjAyMA,283420,ucec_cptac_2020_mrna,C3N-00836,C3N-00836,ucec_cptac_2020,5.4
QzNOLTAwODM2OnVjZWNfY3B0YWNfMjAyMA,QzNOLTAwODM2OnVjZWNfY3B0YWNfMjAyMA,1493,ucec_cptac_2020_mrna,C3N-00836,C3N-00836,ucec_cptac_2020,8.64
QzNOLTAwODM2OnVjZWNfY3B0YWNfMjAyMA,QzNOLTAwODM2OnVjZWNfY3B0YWNfMjAyMA,1515,ucec_cptac_2020_mrna,C3N-00836,C3N-00836,ucec_cptac_2020,9.13
QzNOLTAwODM2OnVjZWNfY3B0YWNfMjAyMA,QzNOLTAwODM2OnVjZWNfY3B0YWNfMjAyMA,4283,ucec_cptac_2020_mrna,C3N-00836,C3N-00836,ucec_cptac_2020,13.18
QzNOLTAwODQ3OnVjZWNfY3B0YWNfMjAyMA,QzNOLTAwODQ3OnVjZWNfY3B0YWNfMjAyMA,50943,ucec_cptac_2020_mrna,C3N-00847,C3N-00847,ucec_cptac_2020,3.29
QzNOLTAwODQ3OnVjZWNfY3B0YWNfMjAyMA,QzNOLTAwODQ3OnVjZWNfY3B0YWNfMjAyMA,3002,ucec_cptac_2020_mrna,C3N-00847,C3N-00847,ucec_cptac_2020,3.73
QzNOLTAwODQ3OnVjZWNfY3B0YWNfMjAyMA,QzNOLTAwODQ3OnVjZWNfY3B0YWNfMjAyMA,84868,ucec_cptac_2020_mrna,C3N-00847,C3N-00847,ucec_cptac_2020,7.54
QzNOLTAwODQ3OnVjZWNfY3B0YWNfMjAyMA,QzNOLTAwODQ3OnVjZWNfY3B0YWNfMjAyMA,3458,ucec_cptac_2020_mrna,C3N-00847,C3N-00847,ucec_cptac_2020,1.86
QzNOLTAwODQ3OnVjZWNfY3B0YWNfMjAyMA,QzNOLTAwODQ3OnVjZWNfY3B0YWNfMjAyMA,3394,ucec_cptac_2020_mrna,C3N-00847,C3N-00847,ucec_cptac_2020,6.26
QzNOLTAwODQ3OnVjZWNfY3B0YWNfMjAyMA,QzNOLTAwODQ3OnVjZWNfY3B0YWNfMjAyMA,3902,ucec_cptac_2020_mrna,C3N-00847,C3N-00847,ucec_cptac_2020,3.0
QzNOLTAwODQ3OnVjZWNfY3B0YWNfMjAyMA,QzNOLTAwODQ3OnVjZWNfY3B0YWNfMjAyMA,4118,ucec_cptac_2020_mrna,C3N-00847,C3N-00847,ucec_cptac_2020,3.63
QzNOLTAwODQ3OnVjZWNfY3B0YWNfMjAyMA,QzNOLTAwODQ3OnVjZWNfY3B0YWNfMjAyMA,94025,ucec_cptac_2020_mrna,C3N-00847,C3N-00847,ucec_cptac_2020,14.83
QzNOLTAwODQ3OnVjZWNfY3B0YWNfMjAyMA,QzNOLTAwODQ3OnVjZWNfY3B0YWNfMjAyMA,5133,ucec_cptac_2020_mrna,C3N-00847,C3N-00847,ucec_cptac_2020,2.84
QzNOLTAwODQ3OnVjZWNfY3B0YWNfMjAyMA,QzNOLTAwODQ3OnVjZWNfY3B0YWNfMjAyMA,55509,ucec_cptac_2020_mrna,C3N-00847,C3N-00847,ucec_cptac_2020,2.84
QzNOLTAwODQ3OnVjZWNfY3B0YWNfMjAyMA,QzNOLTAwODQ3OnVjZWNfY3B0YWNfMjAyMA,6772,ucec_cptac_2020_mrna,C3N-00847,C3N-00847,ucec_cptac_2020,11.9
QzNOLTAwODQ3OnVjZWNfY3B0YWNfMjAyMA,QzNOLTAwODQ3OnVjZWNfY3B0YWNfMjAyMA,7040,ucec_cptac_2020_mrna,C3N-00847,C3N-00847,ucec_cptac_2020,7.04
QzNOLTAwODQ3OnVjZWNfY3B0YWNfMjAyMA,QzNOLTAwODQ3OnVjZWNfY3B0YWNfMjAyMA,201633,ucec_cptac_2020_mrna,C3N-00847,C3N-00847,ucec_cptac_2020,4.46
QzNOLTAwODQ3OnVjZWNfY3B0YWNfMjAyMA,QzNOLTAwODQ3OnVjZWNfY3B0YWNfMjAyMA,79679,ucec_cptac_2020_mrna,C3N-00847,C3N-00847,ucec_cptac_2020,11.54
QzNOLTAwODQ3OnVjZWNfY3B0YWNfMjAyMA,QzNOLTAwODQ3OnVjZWNfY3B0YWNfMjAyMA,2829,ucec_cptac_2020_mrna,C3N-00847,C3N-00847,ucec_cptac_2020,0.91
QzNOLTAwODQ3OnVjZWNfY3B0YWNfMjAyMA,QzNOLTAwODQ3OnVjZWNfY3B0YWNfMjAyMA,898,ucec_cptac_2020_mrna,C3N-00847,C3N-00847,ucec_cptac_2020,9.54
QzNOLTAwODQ3OnVjZWNfY3B0YWNfMjAyMA,QzNOLTAwODQ3OnVjZWNfY3B0YWNfMjAyMA,925,ucec_cptac_2020_mrna,C3N-00847,C3N-00847,ucec_cptac_2020,5.62
QzNOLTAwODQ3OnVjZWNfY3B0YWNfMjAyMA,QzNOLTAwODQ3OnVjZWNfY3B0YWNfMjAyMA,968,ucec_cptac_2020_mrna,C3N-00847,C3N-00847,ucec_cptac_2020,9.53
QzNOLTAwODQ3OnVjZWNfY3B0YWNfMjAyMA,QzNOLTAwODQ3OnVjZWNfY3B0YWNfMjAyMA,29126,ucec_cptac_2020_mrna,C3N-00847,C3N-00847,ucec_cptac_2020,5.96
QzNOLTAwODQ3OnVjZWNfY3B0YWNfMjAyMA,QzNOLTAwODQ3OnVjZWNfY3B0YWNfMjAyMA,80381,ucec_cptac_2020_mrna,C3N-00847,C3N-00847,ucec_cptac_2020,12.0
QzNOLTAwODQ3OnVjZWNfY3B0YWNfMjAyMA,QzNOLTAwODQ3OnVjZWNfY3B0YWNfMjAyMA,9074,ucec_cptac_2020_mrna,C3N-00847,C3N-00847,ucec_cptac_2020,3.82
QzNOLTAwODQ3OnVjZWNfY3B0YWNfMjAyMA,QzNOLTAwODQ3OnVjZWNfY3B0YWNfMjAyMA,283420,ucec_cptac_2020_mrna,C3N-00847,C3N-00847,ucec_cptac_2020,0.91
QzNOLTAwODQ3OnVjZWNfY3B0YWNfMjAyMA,QzNOLTAwODQ3OnVjZWNfY3B0YWNfMjAyMA,1493,ucec_cptac_2020_mrna,C3N-00847,C3N-00847,ucec_cptac_2020,2.84
QzNOLTAwODQ3OnVjZWNfY3B0YWNfMjAyMA,QzNOLTAwODQ3OnVjZWNfY3B0YWNfMjAyMA,1515,ucec_cptac_2020_mrna,C3N-00847,C3N-00847,ucec_cptac_2020,12.76
QzNOLTAwODQ3OnVjZWNfY3B0YWNfMjAyMA,QzNOLTAwODQ3OnVjZWNfY3B0YWNfMjAyMA,4283,ucec_cptac_2020_mrna,C3N-00847,C3N-00847,ucec_cptac_2020,4.68
QzNOLTAwODQ4OnVjZWNfY3B0YWNfMjAyMA,QzNOLTAwODQ4OnVjZWNfY3B0YWNfMjAyMA,50943,ucec_cptac_2020_mrna,C3N-00848,C3N-00848,ucec_cptac_2020,5.51
QzNOLTAwODQ4OnVjZWNfY3B0YWNfMjAyMA,QzNOLTAwODQ4OnVjZWNfY3B0YWNfMjAyMA,3002,ucec_cptac_2020_mrna,C3N-00848,C3N-00848,ucec_cptac_2020,5.01
QzNOLTAwODQ4OnVjZWNfY3B0YWNfMjAyMA,QzNOLTAwODQ4OnVjZWNfY3B0YWNfMjAyMA,84868,ucec_cptac_2020_mrna,C3N-00848,C3N-00848,ucec_cptac_2020,8.45
QzNOLTAwODQ4OnVjZWNfY3B0YWNfMjAyMA,QzNOLTAwODQ4OnVjZWNfY3B0YWNfMjAyMA,3458,ucec_cptac_2020_mrna,C3N-00848,C3N-00848,ucec_cptac_2020,2.85
QzNOLTAwODQ4OnVjZWNfY3B0YWNfMjAyMA,QzNOLTAwODQ4OnVjZWNfY3B0YWNfMjAyMA,3394,ucec_cptac_2020_mrna,C3N-00848,C3N-00848,ucec_cptac_2020,7.91
QzNOLTAwODQ4OnVjZWNfY3B0YWNfMjAyMA,QzNOLTAwODQ4OnVjZWNfY3B0YWNfMjAyMA,3902,ucec_cptac_2020_mrna,C3N-00848,C3N-00848,ucec_cptac_2020,5.16
QzNOLTAwODQ4OnVjZWNfY3B0YWNfMjAyMA,QzNOLTAwODQ4OnVjZWNfY3B0YWNfMjAyMA,4118,ucec_cptac_2020_mrna,C3N-00848,C3N-00848,ucec_cptac_2020,5.39
QzNOLTAwODQ4OnVjZWNfY3B0YWNfMjAyMA,QzNOLTAwODQ4OnVjZWNfY3B0YWNfMjAyMA,94025,ucec_cptac_2020_mrna,C3N-00848,C3N-00848,ucec_cptac_2020,16.56
QzNOLTAwODQ4OnVjZWNfY3B0YWNfMjAyMA,QzNOLTAwODQ4OnVjZWNfY3B0YWNfMjAyMA,5133,ucec_cptac_2020_mrna,C3N-00848,C3N-00848,ucec_cptac_2020,5.12
QzNOLTAwODQ4OnVjZWNfY3B0YWNfMjAyMA,QzNOLTAwODQ4OnVjZWNfY3B0YWNfMjAyMA,55509,ucec_cptac_2020_mrna,C3N-00848,C3N-00848,ucec_cptac_2020,4.01
QzNOLTAwODQ4OnVjZWNfY3B0YWNfMjAyMA,QzNOLTAwODQ4OnVjZWNfY3B0YWNfMjAyMA,6772,ucec_cptac_2020_mrna,C3N-00848,C3N-00848,ucec_cptac_2020,12.8
QzNOLTAwODQ4OnVjZWNfY3B0YWNfMjAyMA,QzNOLTAwODQ4OnVjZWNfY3B0YWNfMjAyMA,7040,ucec_cptac_2020_mrna,C3N-00848,C3N-00848,ucec_cptac_2020,8.19
QzNOLTAwODQ4OnVjZWNfY3B0YWNfMjAyMA,QzNOLTAwODQ4OnVjZWNfY3B0YWNfMjAyMA,201633,ucec_cptac_2020_mrna,C3N-00848,C3N-00848,ucec_cptac_2020,7.48
QzNOLTAwODQ4OnVjZWNfY3B0YWNfMjAyMA,QzNOLTAwODQ4OnVjZWNfY3B0YWNfMjAyMA,79679,ucec_cptac_2020_mrna,C3N-00848,C3N-00848,ucec_cptac_2020,12.72
QzNOLTAwODQ4OnVjZWNfY3B0YWNfMjAyMA,QzNOLTAwODQ4OnVjZWNfY3B0YWNfMjAyMA,2829,ucec_cptac_2020_mrna,C3N-00848,C3N-00848,ucec_cptac_2020,2.66
QzNOLTAwODQ4OnVjZWNfY3B0YWNfMjAyMA,QzNOLTAwODQ4OnVjZWNfY3B0YWNfMjAyMA,898,ucec_cptac_2020_mrna,C3N-00848,C3N-00848,ucec_cptac_2020,7.18
QzNOLTAwODQ4OnVjZWNfY3B0YWNfMjAyMA,QzNOLTAwODQ4OnVjZWNfY3B0YWNfMjAyMA,925,ucec_cptac_2020_mrna,C3N-00848,C3N-00848,ucec_cptac_2020,7.66
QzNOLTAwODQ4OnVjZWNfY3B0YWNfMjAyMA,QzNOLTAwODQ4OnVjZWNfY3B0YWNfMjAyMA,968,ucec_cptac_2020_mrna,C3N-00848,C3N-00848,ucec_cptac_2020,10.5
QzNOLTAwODQ4OnVjZWNfY3B0YWNfMjAyMA,QzNOLTAwODQ4OnVjZWNfY3B0YWNfMjAyMA,29126,ucec_cptac_2020_mrna,C3N-00848,C3N-00848,ucec_cptac_2020,6.84
QzNOLTAwODQ4OnVjZWNfY3B0YWNfMjAyMA,QzNOLTAwODQ4OnVjZWNfY3B0YWNfMjAyMA,80381,ucec_cptac_2020_mrna,C3N-00848,C3N-00848,ucec_cptac_2020,11.73
QzNOLTAwODQ4OnVjZWNfY3B0YWNfMjAyMA,QzNOLTAwODQ4OnVjZWNfY3B0YWNfMjAyMA,9074,ucec_cptac_2020_mrna,C3N-00848,C3N-00848,ucec_cptac_2020,4.79
QzNOLTAwODQ4OnVjZWNfY3B0YWNfMjAyMA,QzNOLTAwODQ4OnVjZWNfY3B0YWNfMjAyMA,283420,ucec_cptac_2020_mrna,C3N-00848,C3N-00848,ucec_cptac_2020,2.19
QzNOLTAwODQ4OnVjZWNfY3B0YWNfMjAyMA,QzNOLTAwODQ4OnVjZWNfY3B0YWNfMjAyMA,1493,ucec_cptac_2020_mrna,C3N-00848,C3N-00848,ucec_cptac_2020,6.4
QzNOLTAwODQ4OnVjZWNfY3B0YWNfMjAyMA,QzNOLTAwODQ4OnVjZWNfY3B0YWNfMjAyMA,1515,ucec_cptac_2020_mrna,C3N-00848,C3N-00848,ucec_cptac_2020,12.09
QzNOLTAwODQ4OnVjZWNfY3B0YWNfMjAyMA,QzNOLTAwODQ4OnVjZWNfY3B0YWNfMjAyMA,4283,ucec_cptac_2020_mrna,C3N-00848,C3N-00848,ucec_cptac_2020,7.61
QzNOLTAwODUwOnVjZWNfY3B0YWNfMjAyMA,QzNOLTAwODUwOnVjZWNfY3B0YWNfMjAyMA,50943,ucec_cptac_2020_mrna,C3N-00850,C3N-00850,ucec_cptac_2020,6.17
QzNOLTAwODUwOnVjZWNfY3B0YWNfMjAyMA,QzNOLTAwODUwOnVjZWNfY3B0YWNfMjAyMA,3002,ucec_cptac_2020_mrna,C3N-00850,C3N-00850,ucec_cptac_2020,7.0
QzNOLTAwODUwOnVjZWNfY3B0YWNfMjAyMA,QzNOLTAwODUwOnVjZWNfY3B0YWNfMjAyMA,84868,ucec_cptac_2020_mrna,C3N-00850,C3N-00850,ucec_cptac_2020,9.14
QzNOLTAwODUwOnVjZWNfY3B0YWNfMjAyMA,QzNOLTAwODUwOnVjZWNfY3B0YWNfMjAyMA,3458,ucec_cptac_2020_mrna,C3N-00850,C3N-00850,ucec_cptac_2020,5.45
QzNOLTAwODUwOnVjZWNfY3B0YWNfMjAyMA,QzNOLTAwODUwOnVjZWNfY3B0YWNfMjAyMA,3394,ucec_cptac_2020_mrna,C3N-00850,C3N-00850,ucec_cptac_2020,9.06
QzNOLTAwODUwOnVjZWNfY3B0YWNfMjAyMA,QzNOLTAwODUwOnVjZWNfY3B0YWNfMjAyMA,3902,ucec_cptac_2020_mrna,C3N-00850,C3N-00850,ucec_cptac_2020,6.38
QzNOLTAwODUwOnVjZWNfY3B0YWNfMjAyMA,QzNOLTAwODUwOnVjZWNfY3B0YWNfMjAyMA,4118,ucec_cptac_2020_mrna,C3N-00850,C3N-00850,ucec_cptac_2020,3.98
QzNOLTAwODUwOnVjZWNfY3B0YWNfMjAyMA,QzNOLTAwODUwOnVjZWNfY3B0YWNfMjAyMA,94025,ucec_cptac_2020_mrna,C3N-00850,C3N-00850,ucec_cptac_2020,14.66
QzNOLTAwODUwOnVjZWNfY3B0YWNfMjAyMA,QzNOLTAwODUwOnVjZWNfY3B0YWNfMjAyMA,5133,ucec_cptac_2020_mrna,C3N-00850,C3N-00850,ucec_cptac_2020,6.29
QzNOLTAwODUwOnVjZWNfY3B0YWNfMjAyMA,QzNOLTAwODUwOnVjZWNfY3B0YWNfMjAyMA,55509,ucec_cptac_2020_mrna,C3N-00850,C3N-00850,ucec_cptac_2020,4.26
QzNOLTAwODUwOnVjZWNfY3B0YWNfMjAyMA,QzNOLTAwODUwOnVjZWNfY3B0YWNfMjAyMA,6772,ucec_cptac_2020_mrna,C3N-00850,C3N-00850,ucec_cptac_2020,13.53
QzNOLTAwODUwOnVjZWNfY3B0YWNfMjAyMA,QzNOLTAwODUwOnVjZWNfY3B0YWNfMjAyMA,7040,ucec_cptac_2020_mrna,C3N-00850,C3N-00850,ucec_cptac_2020,8.53
QzNOLTAwODUwOnVjZWNfY3B0YWNfMjAyMA,QzNOLTAwODUwOnVjZWNfY3B0YWNfMjAyMA,201633,ucec_cptac_2020_mrna,C3N-00850,C3N-00850,ucec_cptac_2020,8.56
QzNOLTAwODUwOnVjZWNfY3B0YWNfMjAyMA,QzNOLTAwODUwOnVjZWNfY3B0YWNfMjAyMA,79679,ucec_cptac_2020_mrna,C3N-00850,C3N-00850,ucec_cptac_2020,11.02
QzNOLTAwODUwOnVjZWNfY3B0YWNfMjAyMA,QzNOLTAwODUwOnVjZWNfY3B0YWNfMjAyMA,2829,ucec_cptac_2020_mrna,C3N-00850,C3N-00850,ucec_cptac_2020,3.83
QzNOLTAwODUwOnVjZWNfY3B0YWNfMjAyMA,QzNOLTAwODUwOnVjZWNfY3B0YWNfMjAyMA,898,ucec_cptac_2020_mrna,C3N-00850,C3N-00850,ucec_cptac_2020,7.52
QzNOLTAwODUwOnVjZWNfY3B0YWNfMjAyMA,QzNOLTAwODUwOnVjZWNfY3B0YWNfMjAyMA,925,ucec_cptac_2020_mrna,C3N-00850,C3N-00850,ucec_cptac_2020,9.17
QzNOLTAwODUwOnVjZWNfY3B0YWNfMjAyMA,QzNOLTAwODUwOnVjZWNfY3B0YWNfMjAyMA,968,ucec_cptac_2020_mrna,C3N-00850,C3N-00850,ucec_cptac_2020,10.87
QzNOLTAwODUwOnVjZWNfY3B0YWNfMjAyMA,QzNOLTAwODUwOnVjZWNfY3B0YWNfMjAyMA,29126,ucec_cptac_2020_mrna,C3N-00850,C3N-00850,ucec_cptac_2020,7.9
QzNOLTAwODUwOnVjZWNfY3B0YWNfMjAyMA,QzNOLTAwODUwOnVjZWNfY3B0YWNfMjAyMA,80381,ucec_cptac_2020_mrna,C3N-00850,C3N-00850,ucec_cptac_2020,11.89
QzNOLTAwODUwOnVjZWNfY3B0YWNfMjAyMA,QzNOLTAwODUwOnVjZWNfY3B0YWNfMjAyMA,9074,ucec_cptac_2020_mrna,C3N-00850,C3N-00850,ucec_cptac_2020,6.03
QzNOLTAwODUwOnVjZWNfY3B0YWNfMjAyMA,QzNOLTAwODUwOnVjZWNfY3B0YWNfMjAyMA,283420,ucec_cptac_2020_mrna,C3N-00850,C3N-00850,ucec_cptac_2020,3.65
QzNOLTAwODUwOnVjZWNfY3B0YWNfMjAyMA,QzNOLTAwODUwOnVjZWNfY3B0YWNfMjAyMA,1493,ucec_cptac_2020_mrna,C3N-00850,C3N-00850,ucec_cptac_2020,7.05
QzNOLTAwODUwOnVjZWNfY3B0YWNfMjAyMA,QzNOLTAwODUwOnVjZWNfY3B0YWNfMjAyMA,1515,ucec_cptac_2020_mrna,C3N-00850,C3N-00850,ucec_cptac_2020,10.33
QzNOLTAwODUwOnVjZWNfY3B0YWNfMjAyMA,QzNOLTAwODUwOnVjZWNfY3B0YWNfMjAyMA,4283,ucec_cptac_2020_mrna,C3N-00850,C3N-00850,ucec_cptac_2020,10.98
QzNOLTAwODU4OnVjZWNfY3B0YWNfMjAyMA,QzNOLTAwODU4OnVjZWNfY3B0YWNfMjAyMA,50943,ucec_cptac_2020_mrna,C3N-00858,C3N-00858,ucec_cptac_2020,5.76
QzNOLTAwODU4OnVjZWNfY3B0YWNfMjAyMA,QzNOLTAwODU4OnVjZWNfY3B0YWNfMjAyMA,3002,ucec_cptac_2020_mrna,C3N-00858,C3N-00858,ucec_cptac_2020,5.3
QzNOLTAwODU4OnVjZWNfY3B0YWNfMjAyMA,QzNOLTAwODU4OnVjZWNfY3B0YWNfMjAyMA,84868,ucec_cptac_2020_mrna,C3N-00858,C3N-00858,ucec_cptac_2020,8.79
QzNOLTAwODU4OnVjZWNfY3B0YWNfMjAyMA,QzNOLTAwODU4OnVjZWNfY3B0YWNfMjAyMA,3458,ucec_cptac_2020_mrna,C3N-00858,C3N-00858,ucec_cptac_2020,4.2
QzNOLTAwODU4OnVjZWNfY3B0YWNfMjAyMA,QzNOLTAwODU4OnVjZWNfY3B0YWNfMjAyMA,3394,ucec_cptac_2020_mrna,C3N-00858,C3N-00858,ucec_cptac_2020,8.53
QzNOLTAwODU4OnVjZWNfY3B0YWNfMjAyMA,QzNOLTAwODU4OnVjZWNfY3B0YWNfMjAyMA,3902,ucec_cptac_2020_mrna,C3N-00858,C3N-00858,ucec_cptac_2020,5.3
QzNOLTAwODU4OnVjZWNfY3B0YWNfMjAyMA,QzNOLTAwODU4OnVjZWNfY3B0YWNfMjAyMA,4118,ucec_cptac_2020_mrna,C3N-00858,C3N-00858,ucec_cptac_2020,4.73
QzNOLTAwODU4OnVjZWNfY3B0YWNfMjAyMA,QzNOLTAwODU4OnVjZWNfY3B0YWNfMjAyMA,94025,ucec_cptac_2020_mrna,C3N-00858,C3N-00858,ucec_cptac_2020,15.26
QzNOLTAwODU4OnVjZWNfY3B0YWNfMjAyMA,QzNOLTAwODU4OnVjZWNfY3B0YWNfMjAyMA,5133,ucec_cptac_2020_mrna,C3N-00858,C3N-00858,ucec_cptac_2020,5.34
QzNOLTAwODU4OnVjZWNfY3B0YWNfMjAyMA,QzNOLTAwODU4OnVjZWNfY3B0YWNfMjAyMA,55509,ucec_cptac_2020_mrna,C3N-00858,C3N-00858,ucec_cptac_2020,3.9
QzNOLTAwODU4OnVjZWNfY3B0YWNfMjAyMA,QzNOLTAwODU4OnVjZWNfY3B0YWNfMjAyMA,6772,ucec_cptac_2020_mrna,C3N-00858,C3N-00858,ucec_cptac_2020,12.36
QzNOLTAwODU4OnVjZWNfY3B0YWNfMjAyMA,QzNOLTAwODU4OnVjZWNfY3B0YWNfMjAyMA,7040,ucec_cptac_2020_mrna,C3N-00858,C3N-00858,ucec_cptac_2020,7.68
QzNOLTAwODU4OnVjZWNfY3B0YWNfMjAyMA,QzNOLTAwODU4OnVjZWNfY3B0YWNfMjAyMA,201633,ucec_cptac_2020_mrna,C3N-00858,C3N-00858,ucec_cptac_2020,7.53
QzNOLTAwODU4OnVjZWNfY3B0YWNfMjAyMA,QzNOLTAwODU4OnVjZWNfY3B0YWNfMjAyMA,79679,ucec_cptac_2020_mrna,C3N-00858,C3N-00858,ucec_cptac_2020,10.95
QzNOLTAwODU4OnVjZWNfY3B0YWNfMjAyMA,QzNOLTAwODU4OnVjZWNfY3B0YWNfMjAyMA,2829,ucec_cptac_2020_mrna,C3N-00858,C3N-00858,ucec_cptac_2020,3.9
QzNOLTAwODU4OnVjZWNfY3B0YWNfMjAyMA,QzNOLTAwODU4OnVjZWNfY3B0YWNfMjAyMA,898,ucec_cptac_2020_mrna,C3N-00858,C3N-00858,ucec_cptac_2020,8.42
QzNOLTAwODU4OnVjZWNfY3B0YWNfMjAyMA,QzNOLTAwODU4OnVjZWNfY3B0YWNfMjAyMA,925,ucec_cptac_2020_mrna,C3N-00858,C3N-00858,ucec_cptac_2020,7.76
QzNOLTAwODU4OnVjZWNfY3B0YWNfMjAyMA,QzNOLTAwODU4OnVjZWNfY3B0YWNfMjAyMA,968,ucec_cptac_2020_mrna,C3N-00858,C3N-00858,ucec_cptac_2020,10.81
QzNOLTAwODU4OnVjZWNfY3B0YWNfMjAyMA,QzNOLTAwODU4OnVjZWNfY3B0YWNfMjAyMA,29126,ucec_cptac_2020_mrna,C3N-00858,C3N-00858,ucec_cptac_2020,5.79
QzNOLTAwODU4OnVjZWNfY3B0YWNfMjAyMA,QzNOLTAwODU4OnVjZWNfY3B0YWNfMjAyMA,80381,ucec_cptac_2020_mrna,C3N-00858,C3N-00858,ucec_cptac_2020,11.89
QzNOLTAwODU4OnVjZWNfY3B0YWNfMjAyMA,QzNOLTAwODU4OnVjZWNfY3B0YWNfMjAyMA,9074,ucec_cptac_2020_mrna,C3N-00858,C3N-00858,ucec_cptac_2020,3.66
QzNOLTAwODU4OnVjZWNfY3B0YWNfMjAyMA,QzNOLTAwODU4OnVjZWNfY3B0YWNfMjAyMA,283420,ucec_cptac_2020_mrna,C3N-00858,C3N-00858,ucec_cptac_2020,3.78
QzNOLTAwODU4OnVjZWNfY3B0YWNfMjAyMA,QzNOLTAwODU4OnVjZWNfY3B0YWNfMjAyMA,1493,ucec_cptac_2020_mrna,C3N-00858,C3N-00858,ucec_cptac_2020,6.14
QzNOLTAwODU4OnVjZWNfY3B0YWNfMjAyMA,QzNOLTAwODU4OnVjZWNfY3B0YWNfMjAyMA,1515,ucec_cptac_2020_mrna,C3N-00858,C3N-00858,ucec_cptac_2020,15.37
QzNOLTAwODU4OnVjZWNfY3B0YWNfMjAyMA,QzNOLTAwODU4OnVjZWNfY3B0YWNfMjAyMA,4283,ucec_cptac_2020_mrna,C3N-00858,C3N-00858,ucec_cptac_2020,8.85
QzNOLTAwODY2OnVjZWNfY3B0YWNfMjAyMA,QzNOLTAwODY2OnVjZWNfY3B0YWNfMjAyMA,50943,ucec_cptac_2020_mrna,C3N-00866,C3N-00866,ucec_cptac_2020,4.55
QzNOLTAwODY2OnVjZWNfY3B0YWNfMjAyMA,QzNOLTAwODY2OnVjZWNfY3B0YWNfMjAyMA,3002,ucec_cptac_2020_mrna,C3N-00866,C3N-00866,ucec_cptac_2020,4.23
QzNOLTAwODY2OnVjZWNfY3B0YWNfMjAyMA,QzNOLTAwODY2OnVjZWNfY3B0YWNfMjAyMA,84868,ucec_cptac_2020_mrna,C3N-00866,C3N-00866,ucec_cptac_2020,8.99
QzNOLTAwODY2OnVjZWNfY3B0YWNfMjAyMA,QzNOLTAwODY2OnVjZWNfY3B0YWNfMjAyMA,3458,ucec_cptac_2020_mrna,C3N-00866,C3N-00866,ucec_cptac_2020,2.18
QzNOLTAwODY2OnVjZWNfY3B0YWNfMjAyMA,QzNOLTAwODY2OnVjZWNfY3B0YWNfMjAyMA,3394,ucec_cptac_2020_mrna,C3N-00866,C3N-00866,ucec_cptac_2020,8.59
QzNOLTAwODY2OnVjZWNfY3B0YWNfMjAyMA,QzNOLTAwODY2OnVjZWNfY3B0YWNfMjAyMA,3902,ucec_cptac_2020_mrna,C3N-00866,C3N-00866,ucec_cptac_2020,4.48
QzNOLTAwODY2OnVjZWNfY3B0YWNfMjAyMA,QzNOLTAwODY2OnVjZWNfY3B0YWNfMjAyMA,4118,ucec_cptac_2020_mrna,C3N-00866,C3N-00866,ucec_cptac_2020,7.53
QzNOLTAwODY2OnVjZWNfY3B0YWNfMjAyMA,QzNOLTAwODY2OnVjZWNfY3B0YWNfMjAyMA,94025,ucec_cptac_2020_mrna,C3N-00866,C3N-00866,ucec_cptac_2020,17.51
QzNOLTAwODY2OnVjZWNfY3B0YWNfMjAyMA,QzNOLTAwODY2OnVjZWNfY3B0YWNfMjAyMA,5133,ucec_cptac_2020_mrna,C3N-00866,C3N-00866,ucec_cptac_2020,4.4
QzNOLTAwODY2OnVjZWNfY3B0YWNfMjAyMA,QzNOLTAwODY2OnVjZWNfY3B0YWNfMjAyMA,55509,ucec_cptac_2020_mrna,C3N-00866,C3N-00866,ucec_cptac_2020,3.39
QzNOLTAwODY2OnVjZWNfY3B0YWNfMjAyMA,QzNOLTAwODY2OnVjZWNfY3B0YWNfMjAyMA,6772,ucec_cptac_2020_mrna,C3N-00866,C3N-00866,ucec_cptac_2020,12.37
QzNOLTAwODY2OnVjZWNfY3B0YWNfMjAyMA,QzNOLTAwODY2OnVjZWNfY3B0YWNfMjAyMA,7040,ucec_cptac_2020_mrna,C3N-00866,C3N-00866,ucec_cptac_2020,8.32
QzNOLTAwODY2OnVjZWNfY3B0YWNfMjAyMA,QzNOLTAwODY2OnVjZWNfY3B0YWNfMjAyMA,201633,ucec_cptac_2020_mrna,C3N-00866,C3N-00866,ucec_cptac_2020,6.12
QzNOLTAwODY2OnVjZWNfY3B0YWNfMjAyMA,QzNOLTAwODY2OnVjZWNfY3B0YWNfMjAyMA,79679,ucec_cptac_2020_mrna,C3N-00866,C3N-00866,ucec_cptac_2020,12.62
QzNOLTAwODY2OnVjZWNfY3B0YWNfMjAyMA,QzNOLTAwODY2OnVjZWNfY3B0YWNfMjAyMA,2829,ucec_cptac_2020_mrna,C3N-00866,C3N-00866,ucec_cptac_2020,1.12
QzNOLTAwODY2OnVjZWNfY3B0YWNfMjAyMA,QzNOLTAwODY2OnVjZWNfY3B0YWNfMjAyMA,898,ucec_cptac_2020_mrna,C3N-00866,C3N-00866,ucec_cptac_2020,8.56
QzNOLTAwODY2OnVjZWNfY3B0YWNfMjAyMA,QzNOLTAwODY2OnVjZWNfY3B0YWNfMjAyMA,925,ucec_cptac_2020_mrna,C3N-00866,C3N-00866,ucec_cptac_2020,7.67
QzNOLTAwODY2OnVjZWNfY3B0YWNfMjAyMA,QzNOLTAwODY2OnVjZWNfY3B0YWNfMjAyMA,968,ucec_cptac_2020_mrna,C3N-00866,C3N-00866,ucec_cptac_2020,10.0
QzNOLTAwODY2OnVjZWNfY3B0YWNfMjAyMA,QzNOLTAwODY2OnVjZWNfY3B0YWNfMjAyMA,29126,ucec_cptac_2020_mrna,C3N-00866,C3N-00866,ucec_cptac_2020,6.63
QzNOLTAwODY2OnVjZWNfY3B0YWNfMjAyMA,QzNOLTAwODY2OnVjZWNfY3B0YWNfMjAyMA,80381,ucec_cptac_2020_mrna,C3N-00866,C3N-00866,ucec_cptac_2020,11.59
QzNOLTAwODY2OnVjZWNfY3B0YWNfMjAyMA,QzNOLTAwODY2OnVjZWNfY3B0YWNfMjAyMA,9074,ucec_cptac_2020_mrna,C3N-00866,C3N-00866,ucec_cptac_2020,5.48
QzNOLTAwODY2OnVjZWNfY3B0YWNfMjAyMA,QzNOLTAwODY2OnVjZWNfY3B0YWNfMjAyMA,283420,ucec_cptac_2020_mrna,C3N-00866,C3N-00866,ucec_cptac_2020,2.52
QzNOLTAwODY2OnVjZWNfY3B0YWNfMjAyMA,QzNOLTAwODY2OnVjZWNfY3B0YWNfMjAyMA,1493,ucec_cptac_2020_mrna,C3N-00866,C3N-00866,ucec_cptac_2020,3.39
QzNOLTAwODY2OnVjZWNfY3B0YWNfMjAyMA,QzNOLTAwODY2OnVjZWNfY3B0YWNfMjAyMA,1515,ucec_cptac_2020_mrna,C3N-00866,C3N-00866,ucec_cptac_2020,11.61
QzNOLTAwODY2OnVjZWNfY3B0YWNfMjAyMA,QzNOLTAwODY2OnVjZWNfY3B0YWNfMjAyMA,4283,ucec_cptac_2020_mrna,C3N-00866,C3N-00866,ucec_cptac_2020,4.32
QzNOLTAwODgwOnVjZWNfY3B0YWNfMjAyMA,QzNOLTAwODgwOnVjZWNfY3B0YWNfMjAyMA,50943,ucec_cptac_2020_mrna,C3N-00880,C3N-00880,ucec_cptac_2020,5.57
QzNOLTAwODgwOnVjZWNfY3B0YWNfMjAyMA,QzNOLTAwODgwOnVjZWNfY3B0YWNfMjAyMA,3002,ucec_cptac_2020_mrna,C3N-00880,C3N-00880,ucec_cptac_2020,6.96
QzNOLTAwODgwOnVjZWNfY3B0YWNfMjAyMA,QzNOLTAwODgwOnVjZWNfY3B0YWNfMjAyMA,84868,ucec_cptac_2020_mrna,C3N-00880,C3N-00880,ucec_cptac_2020,8.98
QzNOLTAwODgwOnVjZWNfY3B0YWNfMjAyMA,QzNOLTAwODgwOnVjZWNfY3B0YWNfMjAyMA,3458,ucec_cptac_2020_mrna,C3N-00880,C3N-00880,ucec_cptac_2020,4.17
QzNOLTAwODgwOnVjZWNfY3B0YWNfMjAyMA,QzNOLTAwODgwOnVjZWNfY3B0YWNfMjAyMA,3394,ucec_cptac_2020_mrna,C3N-00880,C3N-00880,ucec_cptac_2020,8.69
QzNOLTAwODgwOnVjZWNfY3B0YWNfMjAyMA,QzNOLTAwODgwOnVjZWNfY3B0YWNfMjAyMA,3902,ucec_cptac_2020_mrna,C3N-00880,C3N-00880,ucec_cptac_2020,4.54
QzNOLTAwODgwOnVjZWNfY3B0YWNfMjAyMA,QzNOLTAwODgwOnVjZWNfY3B0YWNfMjAyMA,4118,ucec_cptac_2020_mrna,C3N-00880,C3N-00880,ucec_cptac_2020,2.86
QzNOLTAwODgwOnVjZWNfY3B0YWNfMjAyMA,QzNOLTAwODgwOnVjZWNfY3B0YWNfMjAyMA,94025,ucec_cptac_2020_mrna,C3N-00880,C3N-00880,ucec_cptac_2020,15.43
QzNOLTAwODgwOnVjZWNfY3B0YWNfMjAyMA,QzNOLTAwODgwOnVjZWNfY3B0YWNfMjAyMA,5133,ucec_cptac_2020_mrna,C3N-00880,C3N-00880,ucec_cptac_2020,5.36
QzNOLTAwODgwOnVjZWNfY3B0YWNfMjAyMA,QzNOLTAwODgwOnVjZWNfY3B0YWNfMjAyMA,55509,ucec_cptac_2020_mrna,C3N-00880,C3N-00880,ucec_cptac_2020,5.23
QzNOLTAwODgwOnVjZWNfY3B0YWNfMjAyMA,QzNOLTAwODgwOnVjZWNfY3B0YWNfMjAyMA,6772,ucec_cptac_2020_mrna,C3N-00880,C3N-00880,ucec_cptac_2020,13.94
QzNOLTAwODgwOnVjZWNfY3B0YWNfMjAyMA,QzNOLTAwODgwOnVjZWNfY3B0YWNfMjAyMA,7040,ucec_cptac_2020_mrna,C3N-00880,C3N-00880,ucec_cptac_2020,8.05
QzNOLTAwODgwOnVjZWNfY3B0YWNfMjAyMA,QzNOLTAwODgwOnVjZWNfY3B0YWNfMjAyMA,201633,ucec_cptac_2020_mrna,C3N-00880,C3N-00880,ucec_cptac_2020,7.26
QzNOLTAwODgwOnVjZWNfY3B0YWNfMjAyMA,QzNOLTAwODgwOnVjZWNfY3B0YWNfMjAyMA,79679,ucec_cptac_2020_mrna,C3N-00880,C3N-00880,ucec_cptac_2020,12.25
QzNOLTAwODgwOnVjZWNfY3B0YWNfMjAyMA,QzNOLTAwODgwOnVjZWNfY3B0YWNfMjAyMA,2829,ucec_cptac_2020_mrna,C3N-00880,C3N-00880,ucec_cptac_2020,2.86
QzNOLTAwODgwOnVjZWNfY3B0YWNfMjAyMA,QzNOLTAwODgwOnVjZWNfY3B0YWNfMjAyMA,898,ucec_cptac_2020_mrna,C3N-00880,C3N-00880,ucec_cptac_2020,8.27
QzNOLTAwODgwOnVjZWNfY3B0YWNfMjAyMA,QzNOLTAwODgwOnVjZWNfY3B0YWNfMjAyMA,925,ucec_cptac_2020_mrna,C3N-00880,C3N-00880,ucec_cptac_2020,7.08
QzNOLTAwODgwOnVjZWNfY3B0YWNfMjAyMA,QzNOLTAwODgwOnVjZWNfY3B0YWNfMjAyMA,968,ucec_cptac_2020_mrna,C3N-00880,C3N-00880,ucec_cptac_2020,11.15
QzNOLTAwODgwOnVjZWNfY3B0YWNfMjAyMA,QzNOLTAwODgwOnVjZWNfY3B0YWNfMjAyMA,29126,ucec_cptac_2020_mrna,C3N-00880,C3N-00880,ucec_cptac_2020,7.63
QzNOLTAwODgwOnVjZWNfY3B0YWNfMjAyMA,QzNOLTAwODgwOnVjZWNfY3B0YWNfMjAyMA,80381,ucec_cptac_2020_mrna,C3N-00880,C3N-00880,ucec_cptac_2020,11.11
QzNOLTAwODgwOnVjZWNfY3B0YWNfMjAyMA,QzNOLTAwODgwOnVjZWNfY3B0YWNfMjAyMA,9074,ucec_cptac_2020_mrna,C3N-00880,C3N-00880,ucec_cptac_2020,4.97
QzNOLTAwODgwOnVjZWNfY3B0YWNfMjAyMA,QzNOLTAwODgwOnVjZWNfY3B0YWNfMjAyMA,283420,ucec_cptac_2020_mrna,C3N-00880,C3N-00880,ucec_cptac_2020,3.43
QzNOLTAwODgwOnVjZWNfY3B0YWNfMjAyMA,QzNOLTAwODgwOnVjZWNfY3B0YWNfMjAyMA,1493,ucec_cptac_2020_mrna,C3N-00880,C3N-00880,ucec_cptac_2020,6.44
QzNOLTAwODgwOnVjZWNfY3B0YWNfMjAyMA,QzNOLTAwODgwOnVjZWNfY3B0YWNfMjAyMA,1515,ucec_cptac_2020_mrna,C3N-00880,C3N-00880,ucec_cptac_2020,9.67
QzNOLTAwODgwOnVjZWNfY3B0YWNfMjAyMA,QzNOLTAwODgwOnVjZWNfY3B0YWNfMjAyMA,4283,ucec_cptac_2020_mrna,C3N-00880,C3N-00880,ucec_cptac_2020,10.35
QzNOLTAxMDAzOnVjZWNfY3B0YWNfMjAyMA,QzNOLTAxMDAzOnVjZWNfY3B0YWNfMjAyMA,50943,ucec_cptac_2020_mrna,C3N-01003,C3N-01003,ucec_cptac_2020,2.94
QzNOLTAxMDAzOnVjZWNfY3B0YWNfMjAyMA,QzNOLTAxMDAzOnVjZWNfY3B0YWNfMjAyMA,3002,ucec_cptac_2020_mrna,C3N-01003,C3N-01003,ucec_cptac_2020,5.82
QzNOLTAxMDAzOnVjZWNfY3B0YWNfMjAyMA,QzNOLTAxMDAzOnVjZWNfY3B0YWNfMjAyMA,84868,ucec_cptac_2020_mrna,C3N-01003,C3N-01003,ucec_cptac_2020,8.64
QzNOLTAxMDAzOnVjZWNfY3B0YWNfMjAyMA,QzNOLTAxMDAzOnVjZWNfY3B0YWNfMjAyMA,3458,ucec_cptac_2020_mrna,C3N-01003,C3N-01003,ucec_cptac_2020,2.44
QzNOLTAxMDAzOnVjZWNfY3B0YWNfMjAyMA,QzNOLTAxMDAzOnVjZWNfY3B0YWNfMjAyMA,3394,ucec_cptac_2020_mrna,C3N-01003,C3N-01003,ucec_cptac_2020,10.2
QzNOLTAxMDAzOnVjZWNfY3B0YWNfMjAyMA,QzNOLTAxMDAzOnVjZWNfY3B0YWNfMjAyMA,3902,ucec_cptac_2020_mrna,C3N-01003,C3N-01003,ucec_cptac_2020,3.6
QzNOLTAxMDAzOnVjZWNfY3B0YWNfMjAyMA,QzNOLTAxMDAzOnVjZWNfY3B0YWNfMjAyMA,4118,ucec_cptac_2020_mrna,C3N-01003,C3N-01003,ucec_cptac_2020,5.82
QzNOLTAxMDAzOnVjZWNfY3B0YWNfMjAyMA,QzNOLTAxMDAzOnVjZWNfY3B0YWNfMjAyMA,94025,ucec_cptac_2020_mrna,C3N-01003,C3N-01003,ucec_cptac_2020,12.27
QzNOLTAxMDAzOnVjZWNfY3B0YWNfMjAyMA,QzNOLTAxMDAzOnVjZWNfY3B0YWNfMjAyMA,5133,ucec_cptac_2020_mrna,C3N-01003,C3N-01003,ucec_cptac_2020,4.6
QzNOLTAxMDAzOnVjZWNfY3B0YWNfMjAyMA,QzNOLTAxMDAzOnVjZWNfY3B0YWNfMjAyMA,55509,ucec_cptac_2020_mrna,C3N-01003,C3N-01003,ucec_cptac_2020,4.46
QzNOLTAxMDAzOnVjZWNfY3B0YWNfMjAyMA,QzNOLTAxMDAzOnVjZWNfY3B0YWNfMjAyMA,6772,ucec_cptac_2020_mrna,C3N-01003,C3N-01003,ucec_cptac_2020,12.88
QzNOLTAxMDAzOnVjZWNfY3B0YWNfMjAyMA,QzNOLTAxMDAzOnVjZWNfY3B0YWNfMjAyMA,7040,ucec_cptac_2020_mrna,C3N-01003,C3N-01003,ucec_cptac_2020,8.07
QzNOLTAxMDAzOnVjZWNfY3B0YWNfMjAyMA,QzNOLTAxMDAzOnVjZWNfY3B0YWNfMjAyMA,201633,ucec_cptac_2020_mrna,C3N-01003,C3N-01003,ucec_cptac_2020,6.56
QzNOLTAxMDAzOnVjZWNfY3B0YWNfMjAyMA,QzNOLTAxMDAzOnVjZWNfY3B0YWNfMjAyMA,79679,ucec_cptac_2020_mrna,C3N-01003,C3N-01003,ucec_cptac_2020,11.54
QzNOLTAxMDAzOnVjZWNfY3B0YWNfMjAyMA,QzNOLTAxMDAzOnVjZWNfY3B0YWNfMjAyMA,2829,ucec_cptac_2020_mrna,C3N-01003,C3N-01003,ucec_cptac_2020,1.69
QzNOLTAxMDAzOnVjZWNfY3B0YWNfMjAyMA,QzNOLTAxMDAzOnVjZWNfY3B0YWNfMjAyMA,898,ucec_cptac_2020_mrna,C3N-01003,C3N-01003,ucec_cptac_2020,8.41
QzNOLTAxMDAzOnVjZWNfY3B0YWNfMjAyMA,QzNOLTAxMDAzOnVjZWNfY3B0YWNfMjAyMA,925,ucec_cptac_2020_mrna,C3N-01003,C3N-01003,ucec_cptac_2020,6.94
QzNOLTAxMDAzOnVjZWNfY3B0YWNfMjAyMA,QzNOLTAxMDAzOnVjZWNfY3B0YWNfMjAyMA,968,ucec_cptac_2020_mrna,C3N-01003,C3N-01003,ucec_cptac_2020,10.44
QzNOLTAxMDAzOnVjZWNfY3B0YWNfMjAyMA,QzNOLTAxMDAzOnVjZWNfY3B0YWNfMjAyMA,29126,ucec_cptac_2020_mrna,C3N-01003,C3N-01003,ucec_cptac_2020,7.34
QzNOLTAxMDAzOnVjZWNfY3B0YWNfMjAyMA,QzNOLTAxMDAzOnVjZWNfY3B0YWNfMjAyMA,80381,ucec_cptac_2020_mrna,C3N-01003,C3N-01003,ucec_cptac_2020,11.21
QzNOLTAxMDAzOnVjZWNfY3B0YWNfMjAyMA,QzNOLTAxMDAzOnVjZWNfY3B0YWNfMjAyMA,9074,ucec_cptac_2020_mrna,C3N-01003,C3N-01003,ucec_cptac_2020,8.28
QzNOLTAxMDAzOnVjZWNfY3B0YWNfMjAyMA,QzNOLTAxMDAzOnVjZWNfY3B0YWNfMjAyMA,283420,ucec_cptac_2020_mrna,C3N-01003,C3N-01003,ucec_cptac_2020,2.44
QzNOLTAxMDAzOnVjZWNfY3B0YWNfMjAyMA,QzNOLTAxMDAzOnVjZWNfY3B0YWNfMjAyMA,1493,ucec_cptac_2020_mrna,C3N-01003,C3N-01003,ucec_cptac_2020,5.0
QzNOLTAxMDAzOnVjZWNfY3B0YWNfMjAyMA,QzNOLTAxMDAzOnVjZWNfY3B0YWNfMjAyMA,1515,ucec_cptac_2020_mrna,C3N-01003,C3N-01003,ucec_cptac_2020,8.11
QzNOLTAxMDAzOnVjZWNfY3B0YWNfMjAyMA,QzNOLTAxMDAzOnVjZWNfY3B0YWNfMjAyMA,4283,ucec_cptac_2020_mrna,C3N-01003,C3N-01003,ucec_cptac_2020,7.03
QzNOLTAxMjExOnVjZWNfY3B0YWNfMjAyMA,QzNOLTAxMjExOnVjZWNfY3B0YWNfMjAyMA,50943,ucec_cptac_2020_mrna,C3N-01211,C3N-01211,ucec_cptac_2020,3.71
QzNOLTAxMjExOnVjZWNfY3B0YWNfMjAyMA,QzNOLTAxMjExOnVjZWNfY3B0YWNfMjAyMA,3002,ucec_cptac_2020_mrna,C3N-01211,C3N-01211,ucec_cptac_2020,6.78
QzNOLTAxMjExOnVjZWNfY3B0YWNfMjAyMA,QzNOLTAxMjExOnVjZWNfY3B0YWNfMjAyMA,84868,ucec_cptac_2020_mrna,C3N-01211,C3N-01211,ucec_cptac_2020,8.56
QzNOLTAxMjExOnVjZWNfY3B0YWNfMjAyMA,QzNOLTAxMjExOnVjZWNfY3B0YWNfMjAyMA,3458,ucec_cptac_2020_mrna,C3N-01211,C3N-01211,ucec_cptac_2020,4.03
QzNOLTAxMjExOnVjZWNfY3B0YWNfMjAyMA,QzNOLTAxMjExOnVjZWNfY3B0YWNfMjAyMA,3394,ucec_cptac_2020_mrna,C3N-01211,C3N-01211,ucec_cptac_2020,7.23
QzNOLTAxMjExOnVjZWNfY3B0YWNfMjAyMA,QzNOLTAxMjExOnVjZWNfY3B0YWNfMjAyMA,3902,ucec_cptac_2020_mrna,C3N-01211,C3N-01211,ucec_cptac_2020,5.68
QzNOLTAxMjExOnVjZWNfY3B0YWNfMjAyMA,QzNOLTAxMjExOnVjZWNfY3B0YWNfMjAyMA,4118,ucec_cptac_2020_mrna,C3N-01211,C3N-01211,ucec_cptac_2020,5.16
QzNOLTAxMjExOnVjZWNfY3B0YWNfMjAyMA,QzNOLTAxMjExOnVjZWNfY3B0YWNfMjAyMA,94025,ucec_cptac_2020_mrna,C3N-01211,C3N-01211,ucec_cptac_2020,11.15
QzNOLTAxMjExOnVjZWNfY3B0YWNfMjAyMA,QzNOLTAxMjExOnVjZWNfY3B0YWNfMjAyMA,5133,ucec_cptac_2020_mrna,C3N-01211,C3N-01211,ucec_cptac_2020,4.66
QzNOLTAxMjExOnVjZWNfY3B0YWNfMjAyMA,QzNOLTAxMjExOnVjZWNfY3B0YWNfMjAyMA,55509,ucec_cptac_2020_mrna,C3N-01211,C3N-01211,ucec_cptac_2020,7.98
QzNOLTAxMjExOnVjZWNfY3B0YWNfMjAyMA,QzNOLTAxMjExOnVjZWNfY3B0YWNfMjAyMA,6772,ucec_cptac_2020_mrna,C3N-01211,C3N-01211,ucec_cptac_2020,13.11
QzNOLTAxMjExOnVjZWNfY3B0YWNfMjAyMA,QzNOLTAxMjExOnVjZWNfY3B0YWNfMjAyMA,7040,ucec_cptac_2020_mrna,C3N-01211,C3N-01211,ucec_cptac_2020,8.6
QzNOLTAxMjExOnVjZWNfY3B0YWNfMjAyMA,QzNOLTAxMjExOnVjZWNfY3B0YWNfMjAyMA,201633,ucec_cptac_2020_mrna,C3N-01211,C3N-01211,ucec_cptac_2020,6.49
QzNOLTAxMjExOnVjZWNfY3B0YWNfMjAyMA,QzNOLTAxMjExOnVjZWNfY3B0YWNfMjAyMA,79679,ucec_cptac_2020_mrna,C3N-01211,C3N-01211,ucec_cptac_2020,10.03
QzNOLTAxMjExOnVjZWNfY3B0YWNfMjAyMA,QzNOLTAxMjExOnVjZWNfY3B0YWNfMjAyMA,2829,ucec_cptac_2020_mrna,C3N-01211,C3N-01211,ucec_cptac_2020,2.33
QzNOLTAxMjExOnVjZWNfY3B0YWNfMjAyMA,QzNOLTAxMjExOnVjZWNfY3B0YWNfMjAyMA,898,ucec_cptac_2020_mrna,C3N-01211,C3N-01211,ucec_cptac_2020,8.46
QzNOLTAxMjExOnVjZWNfY3B0YWNfMjAyMA,QzNOLTAxMjExOnVjZWNfY3B0YWNfMjAyMA,925,ucec_cptac_2020_mrna,C3N-01211,C3N-01211,ucec_cptac_2020,6.48
QzNOLTAxMjExOnVjZWNfY3B0YWNfMjAyMA,QzNOLTAxMjExOnVjZWNfY3B0YWNfMjAyMA,968,ucec_cptac_2020_mrna,C3N-01211,C3N-01211,ucec_cptac_2020,10.24
QzNOLTAxMjExOnVjZWNfY3B0YWNfMjAyMA,QzNOLTAxMjExOnVjZWNfY3B0YWNfMjAyMA,29126,ucec_cptac_2020_mrna,C3N-01211,C3N-01211,ucec_cptac_2020,6.75
QzNOLTAxMjExOnVjZWNfY3B0YWNfMjAyMA,QzNOLTAxMjExOnVjZWNfY3B0YWNfMjAyMA,80381,ucec_cptac_2020_mrna,C3N-01211,C3N-01211,ucec_cptac_2020,11.25
QzNOLTAxMjExOnVjZWNfY3B0YWNfMjAyMA,QzNOLTAxMjExOnVjZWNfY3B0YWNfMjAyMA,9074,ucec_cptac_2020_mrna,C3N-01211,C3N-01211,ucec_cptac_2020,3.62
QzNOLTAxMjExOnVjZWNfY3B0YWNfMjAyMA,QzNOLTAxMjExOnVjZWNfY3B0YWNfMjAyMA,283420,ucec_cptac_2020_mrna,C3N-01211,C3N-01211,ucec_cptac_2020,1.78
QzNOLTAxMjExOnVjZWNfY3B0YWNfMjAyMA,QzNOLTAxMjExOnVjZWNfY3B0YWNfMjAyMA,1493,ucec_cptac_2020_mrna,C3N-01211,C3N-01211,ucec_cptac_2020,5.45
QzNOLTAxMjExOnVjZWNfY3B0YWNfMjAyMA,QzNOLTAxMjExOnVjZWNfY3B0YWNfMjAyMA,1515,ucec_cptac_2020_mrna,C3N-01211,C3N-01211,ucec_cptac_2020,8.6
QzNOLTAxMjExOnVjZWNfY3B0YWNfMjAyMA,QzNOLTAxMjExOnVjZWNfY3B0YWNfMjAyMA,4283,ucec_cptac_2020_mrna,C3N-01211,C3N-01211,ucec_cptac_2020,8.71
QzNOLTAxMjEyOnVjZWNfY3B0YWNfMjAyMA,QzNOLTAxMjEyOnVjZWNfY3B0YWNfMjAyMA,50943,ucec_cptac_2020_mrna,C3N-01212,C3N-01212,ucec_cptac_2020,5.45
QzNOLTAxMjEyOnVjZWNfY3B0YWNfMjAyMA,QzNOLTAxMjEyOnVjZWNfY3B0YWNfMjAyMA,3002,ucec_cptac_2020_mrna,C3N-01212,C3N-01212,ucec_cptac_2020,8.77
QzNOLTAxMjEyOnVjZWNfY3B0YWNfMjAyMA,QzNOLTAxMjEyOnVjZWNfY3B0YWNfMjAyMA,84868,ucec_cptac_2020_mrna,C3N-01212,C3N-01212,ucec_cptac_2020,9.01
QzNOLTAxMjEyOnVjZWNfY3B0YWNfMjAyMA,QzNOLTAxMjEyOnVjZWNfY3B0YWNfMjAyMA,3458,ucec_cptac_2020_mrna,C3N-01212,C3N-01212,ucec_cptac_2020,5.76
QzNOLTAxMjEyOnVjZWNfY3B0YWNfMjAyMA,QzNOLTAxMjEyOnVjZWNfY3B0YWNfMjAyMA,3394,ucec_cptac_2020_mrna,C3N-01212,C3N-01212,ucec_cptac_2020,8.4
QzNOLTAxMjEyOnVjZWNfY3B0YWNfMjAyMA,QzNOLTAxMjEyOnVjZWNfY3B0YWNfMjAyMA,3902,ucec_cptac_2020_mrna,C3N-01212,C3N-01212,ucec_cptac_2020,5.47
QzNOLTAxMjEyOnVjZWNfY3B0YWNfMjAyMA,QzNOLTAxMjEyOnVjZWNfY3B0YWNfMjAyMA,4118,ucec_cptac_2020_mrna,C3N-01212,C3N-01212,ucec_cptac_2020,8.45
QzNOLTAxMjEyOnVjZWNfY3B0YWNfMjAyMA,QzNOLTAxMjEyOnVjZWNfY3B0YWNfMjAyMA,94025,ucec_cptac_2020_mrna,C3N-01212,C3N-01212,ucec_cptac_2020,13.66
QzNOLTAxMjEyOnVjZWNfY3B0YWNfMjAyMA,QzNOLTAxMjEyOnVjZWNfY3B0YWNfMjAyMA,5133,ucec_cptac_2020_mrna,C3N-01212,C3N-01212,ucec_cptac_2020,6.94
QzNOLTAxMjEyOnVjZWNfY3B0YWNfMjAyMA,QzNOLTAxMjEyOnVjZWNfY3B0YWNfMjAyMA,55509,ucec_cptac_2020_mrna,C3N-01212,C3N-01212,ucec_cptac_2020,5.28
QzNOLTAxMjEyOnVjZWNfY3B0YWNfMjAyMA,QzNOLTAxMjEyOnVjZWNfY3B0YWNfMjAyMA,6772,ucec_cptac_2020_mrna,C3N-01212,C3N-01212,ucec_cptac_2020,12.58
QzNOLTAxMjEyOnVjZWNfY3B0YWNfMjAyMA,QzNOLTAxMjEyOnVjZWNfY3B0YWNfMjAyMA,7040,ucec_cptac_2020_mrna,C3N-01212,C3N-01212,ucec_cptac_2020,9.73
QzNOLTAxMjEyOnVjZWNfY3B0YWNfMjAyMA,QzNOLTAxMjEyOnVjZWNfY3B0YWNfMjAyMA,201633,ucec_cptac_2020_mrna,C3N-01212,C3N-01212,ucec_cptac_2020,8.35
QzNOLTAxMjEyOnVjZWNfY3B0YWNfMjAyMA,QzNOLTAxMjEyOnVjZWNfY3B0YWNfMjAyMA,79679,ucec_cptac_2020_mrna,C3N-01212,C3N-01212,ucec_cptac_2020,9.92
QzNOLTAxMjEyOnVjZWNfY3B0YWNfMjAyMA,QzNOLTAxMjEyOnVjZWNfY3B0YWNfMjAyMA,2829,ucec_cptac_2020_mrna,C3N-01212,C3N-01212,ucec_cptac_2020,0.0
QzNOLTAxMjEyOnVjZWNfY3B0YWNfMjAyMA,QzNOLTAxMjEyOnVjZWNfY3B0YWNfMjAyMA,898,ucec_cptac_2020_mrna,C3N-01212,C3N-01212,ucec_cptac_2020,9.17
QzNOLTAxMjEyOnVjZWNfY3B0YWNfMjAyMA,QzNOLTAxMjEyOnVjZWNfY3B0YWNfMjAyMA,925,ucec_cptac_2020_mrna,C3N-01212,C3N-01212,ucec_cptac_2020,8.69
QzNOLTAxMjEyOnVjZWNfY3B0YWNfMjAyMA,QzNOLTAxMjEyOnVjZWNfY3B0YWNfMjAyMA,968,ucec_cptac_2020_mrna,C3N-01212,C3N-01212,ucec_cptac_2020,11.92
QzNOLTAxMjEyOnVjZWNfY3B0YWNfMjAyMA,QzNOLTAxMjEyOnVjZWNfY3B0YWNfMjAyMA,29126,ucec_cptac_2020_mrna,C3N-01212,C3N-01212,ucec_cptac_2020,8.1
QzNOLTAxMjEyOnVjZWNfY3B0YWNfMjAyMA,QzNOLTAxMjEyOnVjZWNfY3B0YWNfMjAyMA,80381,ucec_cptac_2020_mrna,C3N-01212,C3N-01212,ucec_cptac_2020,11.71
QzNOLTAxMjEyOnVjZWNfY3B0YWNfMjAyMA,QzNOLTAxMjEyOnVjZWNfY3B0YWNfMjAyMA,9074,ucec_cptac_2020_mrna,C3N-01212,C3N-01212,ucec_cptac_2020,3.52
QzNOLTAxMjEyOnVjZWNfY3B0YWNfMjAyMA,QzNOLTAxMjEyOnVjZWNfY3B0YWNfMjAyMA,283420,ucec_cptac_2020_mrna,C3N-01212,C3N-01212,ucec_cptac_2020,2.08
QzNOLTAxMjEyOnVjZWNfY3B0YWNfMjAyMA,QzNOLTAxMjEyOnVjZWNfY3B0YWNfMjAyMA,1493,ucec_cptac_2020_mrna,C3N-01212,C3N-01212,ucec_cptac_2020,6.67
QzNOLTAxMjEyOnVjZWNfY3B0YWNfMjAyMA,QzNOLTAxMjEyOnVjZWNfY3B0YWNfMjAyMA,1515,ucec_cptac_2020_mrna,C3N-01212,C3N-01212,ucec_cptac_2020,9.72
QzNOLTAxMjEyOnVjZWNfY3B0YWNfMjAyMA,QzNOLTAxMjEyOnVjZWNfY3B0YWNfMjAyMA,4283,ucec_cptac_2020_mrna,C3N-01212,C3N-01212,ucec_cptac_2020,9.02
QzNOLTAxMjE3OnVjZWNfY3B0YWNfMjAyMA,QzNOLTAxMjE3OnVjZWNfY3B0YWNfMjAyMA,50943,ucec_cptac_2020_mrna,C3N-01217,C3N-01217,ucec_cptac_2020,4.81
QzNOLTAxMjE3OnVjZWNfY3B0YWNfMjAyMA,QzNOLTAxMjE3OnVjZWNfY3B0YWNfMjAyMA,3002,ucec_cptac_2020_mrna,C3N-01217,C3N-01217,ucec_cptac_2020,3.95
QzNOLTAxMjE3OnVjZWNfY3B0YWNfMjAyMA,QzNOLTAxMjE3OnVjZWNfY3B0YWNfMjAyMA,84868,ucec_cptac_2020_mrna,C3N-01217,C3N-01217,ucec_cptac_2020,8.34
QzNOLTAxMjE3OnVjZWNfY3B0YWNfMjAyMA,QzNOLTAxMjE3OnVjZWNfY3B0YWNfMjAyMA,3458,ucec_cptac_2020_mrna,C3N-01217,C3N-01217,ucec_cptac_2020,0.0
QzNOLTAxMjE3OnVjZWNfY3B0YWNfMjAyMA,QzNOLTAxMjE3OnVjZWNfY3B0YWNfMjAyMA,3394,ucec_cptac_2020_mrna,C3N-01217,C3N-01217,ucec_cptac_2020,8.28
QzNOLTAxMjE3OnVjZWNfY3B0YWNfMjAyMA,QzNOLTAxMjE3OnVjZWNfY3B0YWNfMjAyMA,3902,ucec_cptac_2020_mrna,C3N-01217,C3N-01217,ucec_cptac_2020,3.28
QzNOLTAxMjE3OnVjZWNfY3B0YWNfMjAyMA,QzNOLTAxMjE3OnVjZWNfY3B0YWNfMjAyMA,4118,ucec_cptac_2020_mrna,C3N-01217,C3N-01217,ucec_cptac_2020,2.77
QzNOLTAxMjE3OnVjZWNfY3B0YWNfMjAyMA,QzNOLTAxMjE3OnVjZWNfY3B0YWNfMjAyMA,94025,ucec_cptac_2020_mrna,C3N-01217,C3N-01217,ucec_cptac_2020,15.59
QzNOLTAxMjE3OnVjZWNfY3B0YWNfMjAyMA,QzNOLTAxMjE3OnVjZWNfY3B0YWNfMjAyMA,5133,ucec_cptac_2020_mrna,C3N-01217,C3N-01217,ucec_cptac_2020,3.28
QzNOLTAxMjE3OnVjZWNfY3B0YWNfMjAyMA,QzNOLTAxMjE3OnVjZWNfY3B0YWNfMjAyMA,55509,ucec_cptac_2020_mrna,C3N-01217,C3N-01217,ucec_cptac_2020,3.76
QzNOLTAxMjE3OnVjZWNfY3B0YWNfMjAyMA,QzNOLTAxMjE3OnVjZWNfY3B0YWNfMjAyMA,6772,ucec_cptac_2020_mrna,C3N-01217,C3N-01217,ucec_cptac_2020,12.29
QzNOLTAxMjE3OnVjZWNfY3B0YWNfMjAyMA,QzNOLTAxMjE3OnVjZWNfY3B0YWNfMjAyMA,7040,ucec_cptac_2020_mrna,C3N-01217,C3N-01217,ucec_cptac_2020,8.18
QzNOLTAxMjE3OnVjZWNfY3B0YWNfMjAyMA,QzNOLTAxMjE3OnVjZWNfY3B0YWNfMjAyMA,201633,ucec_cptac_2020_mrna,C3N-01217,C3N-01217,ucec_cptac_2020,6.16
QzNOLTAxMjE3OnVjZWNfY3B0YWNfMjAyMA,QzNOLTAxMjE3OnVjZWNfY3B0YWNfMjAyMA,79679,ucec_cptac_2020_mrna,C3N-01217,C3N-01217,ucec_cptac_2020,13.05
QzNOLTAxMjE3OnVjZWNfY3B0YWNfMjAyMA,QzNOLTAxMjE3OnVjZWNfY3B0YWNfMjAyMA,2829,ucec_cptac_2020_mrna,C3N-01217,C3N-01217,ucec_cptac_2020,3.41
QzNOLTAxMjE3OnVjZWNfY3B0YWNfMjAyMA,QzNOLTAxMjE3OnVjZWNfY3B0YWNfMjAyMA,898,ucec_cptac_2020_mrna,C3N-01217,C3N-01217,ucec_cptac_2020,8.74
QzNOLTAxMjE3OnVjZWNfY3B0YWNfMjAyMA,QzNOLTAxMjE3OnVjZWNfY3B0YWNfMjAyMA,925,ucec_cptac_2020_mrna,C3N-01217,C3N-01217,ucec_cptac_2020,6.76
QzNOLTAxMjE3OnVjZWNfY3B0YWNfMjAyMA,QzNOLTAxMjE3OnVjZWNfY3B0YWNfMjAyMA,968,ucec_cptac_2020_mrna,C3N-01217,C3N-01217,ucec_cptac_2020,10.16
QzNOLTAxMjE3OnVjZWNfY3B0YWNfMjAyMA,QzNOLTAxMjE3OnVjZWNfY3B0YWNfMjAyMA,29126,ucec_cptac_2020_mrna,C3N-01217,C3N-01217,ucec_cptac_2020,6.24
QzNOLTAxMjE3OnVjZWNfY3B0YWNfMjAyMA,QzNOLTAxMjE3OnVjZWNfY3B0YWNfMjAyMA,80381,ucec_cptac_2020_mrna,C3N-01217,C3N-01217,ucec_cptac_2020,11.58
QzNOLTAxMjE3OnVjZWNfY3B0YWNfMjAyMA,QzNOLTAxMjE3OnVjZWNfY3B0YWNfMjAyMA,9074,ucec_cptac_2020_mrna,C3N-01217,C3N-01217,ucec_cptac_2020,3.86
QzNOLTAxMjE3OnVjZWNfY3B0YWNfMjAyMA,QzNOLTAxMjE3OnVjZWNfY3B0YWNfMjAyMA,283420,ucec_cptac_2020_mrna,C3N-01217,C3N-01217,ucec_cptac_2020,3.86
QzNOLTAxMjE3OnVjZWNfY3B0YWNfMjAyMA,QzNOLTAxMjE3OnVjZWNfY3B0YWNfMjAyMA,1493,ucec_cptac_2020_mrna,C3N-01217,C3N-01217,ucec_cptac_2020,4.65
QzNOLTAxMjE3OnVjZWNfY3B0YWNfMjAyMA,QzNOLTAxMjE3OnVjZWNfY3B0YWNfMjAyMA,1515,ucec_cptac_2020_mrna,C3N-01217,C3N-01217,ucec_cptac_2020,13.48
QzNOLTAxMjE3OnVjZWNfY3B0YWNfMjAyMA,QzNOLTAxMjE3OnVjZWNfY3B0YWNfMjAyMA,4283,ucec_cptac_2020_mrna,C3N-01217,C3N-01217,ucec_cptac_2020,5.48
QzNOLTAxMjE5OnVjZWNfY3B0YWNfMjAyMA,QzNOLTAxMjE5OnVjZWNfY3B0YWNfMjAyMA,50943,ucec_cptac_2020_mrna,C3N-01219,C3N-01219,ucec_cptac_2020,6.08
QzNOLTAxMjE5OnVjZWNfY3B0YWNfMjAyMA,QzNOLTAxMjE5OnVjZWNfY3B0YWNfMjAyMA,3002,ucec_cptac_2020_mrna,C3N-01219,C3N-01219,ucec_cptac_2020,8.64
QzNOLTAxMjE5OnVjZWNfY3B0YWNfMjAyMA,QzNOLTAxMjE5OnVjZWNfY3B0YWNfMjAyMA,84868,ucec_cptac_2020_mrna,C3N-01219,C3N-01219,ucec_cptac_2020,10.29
QzNOLTAxMjE5OnVjZWNfY3B0YWNfMjAyMA,QzNOLTAxMjE5OnVjZWNfY3B0YWNfMjAyMA,3458,ucec_cptac_2020_mrna,C3N-01219,C3N-01219,ucec_cptac_2020,7.38
QzNOLTAxMjE5OnVjZWNfY3B0YWNfMjAyMA,QzNOLTAxMjE5OnVjZWNfY3B0YWNfMjAyMA,3394,ucec_cptac_2020_mrna,C3N-01219,C3N-01219,ucec_cptac_2020,10.16
QzNOLTAxMjE5OnVjZWNfY3B0YWNfMjAyMA,QzNOLTAxMjE5OnVjZWNfY3B0YWNfMjAyMA,3902,ucec_cptac_2020_mrna,C3N-01219,C3N-01219,ucec_cptac_2020,7.69
QzNOLTAxMjE5OnVjZWNfY3B0YWNfMjAyMA,QzNOLTAxMjE5OnVjZWNfY3B0YWNfMjAyMA,4118,ucec_cptac_2020_mrna,C3N-01219,C3N-01219,ucec_cptac_2020,6.42
QzNOLTAxMjE5OnVjZWNfY3B0YWNfMjAyMA,QzNOLTAxMjE5OnVjZWNfY3B0YWNfMjAyMA,94025,ucec_cptac_2020_mrna,C3N-01219,C3N-01219,ucec_cptac_2020,13.79
QzNOLTAxMjE5OnVjZWNfY3B0YWNfMjAyMA,QzNOLTAxMjE5OnVjZWNfY3B0YWNfMjAyMA,5133,ucec_cptac_2020_mrna,C3N-01219,C3N-01219,ucec_cptac_2020,8.54
QzNOLTAxMjE5OnVjZWNfY3B0YWNfMjAyMA,QzNOLTAxMjE5OnVjZWNfY3B0YWNfMjAyMA,55509,ucec_cptac_2020_mrna,C3N-01219,C3N-01219,ucec_cptac_2020,4.87
QzNOLTAxMjE5OnVjZWNfY3B0YWNfMjAyMA,QzNOLTAxMjE5OnVjZWNfY3B0YWNfMjAyMA,6772,ucec_cptac_2020_mrna,C3N-01219,C3N-01219,ucec_cptac_2020,13.86
QzNOLTAxMjE5OnVjZWNfY3B0YWNfMjAyMA,QzNOLTAxMjE5OnVjZWNfY3B0YWNfMjAyMA,7040,ucec_cptac_2020_mrna,C3N-01219,C3N-01219,ucec_cptac_2020,9.01
QzNOLTAxMjE5OnVjZWNfY3B0YWNfMjAyMA,QzNOLTAxMjE5OnVjZWNfY3B0YWNfMjAyMA,201633,ucec_cptac_2020_mrna,C3N-01219,C3N-01219,ucec_cptac_2020,9.61
QzNOLTAxMjE5OnVjZWNfY3B0YWNfMjAyMA,QzNOLTAxMjE5OnVjZWNfY3B0YWNfMjAyMA,79679,ucec_cptac_2020_mrna,C3N-01219,C3N-01219,ucec_cptac_2020,12.97
QzNOLTAxMjE5OnVjZWNfY3B0YWNfMjAyMA,QzNOLTAxMjE5OnVjZWNfY3B0YWNfMjAyMA,2829,ucec_cptac_2020_mrna,C3N-01219,C3N-01219,ucec_cptac_2020,2.96
QzNOLTAxMjE5OnVjZWNfY3B0YWNfMjAyMA,QzNOLTAxMjE5OnVjZWNfY3B0YWNfMjAyMA,898,ucec_cptac_2020_mrna,C3N-01219,C3N-01219,ucec_cptac_2020,9.58
QzNOLTAxMjE5OnVjZWNfY3B0YWNfMjAyMA,QzNOLTAxMjE5OnVjZWNfY3B0YWNfMjAyMA,925,ucec_cptac_2020_mrna,C3N-01219,C3N-01219,ucec_cptac_2020,9.52
QzNOLTAxMjE5OnVjZWNfY3B0YWNfMjAyMA,QzNOLTAxMjE5OnVjZWNfY3B0YWNfMjAyMA,968,ucec_cptac_2020_mrna,C3N-01219,C3N-01219,ucec_cptac_2020,12.49
QzNOLTAxMjE5OnVjZWNfY3B0YWNfMjAyMA,QzNOLTAxMjE5OnVjZWNfY3B0YWNfMjAyMA,29126,ucec_cptac_2020_mrna,C3N-01219,C3N-01219,ucec_cptac_2020,9.06
QzNOLTAxMjE5OnVjZWNfY3B0YWNfMjAyMA,QzNOLTAxMjE5OnVjZWNfY3B0YWNfMjAyMA,80381,ucec_cptac_2020_mrna,C3N-01219,C3N-01219,ucec_cptac_2020,11.12
QzNOLTAxMjE5OnVjZWNfY3B0YWNfMjAyMA,QzNOLTAxMjE5OnVjZWNfY3B0YWNfMjAyMA,9074,ucec_cptac_2020_mrna,C3N-01219,C3N-01219,ucec_cptac_2020,4.75
QzNOLTAxMjE5OnVjZWNfY3B0YWNfMjAyMA,QzNOLTAxMjE5OnVjZWNfY3B0YWNfMjAyMA,283420,ucec_cptac_2020_mrna,C3N-01219,C3N-01219,ucec_cptac_2020,1.7
QzNOLTAxMjE5OnVjZWNfY3B0YWNfMjAyMA,QzNOLTAxMjE5OnVjZWNfY3B0YWNfMjAyMA,1493,ucec_cptac_2020_mrna,C3N-01219,C3N-01219,ucec_cptac_2020,7.77
QzNOLTAxMjE5OnVjZWNfY3B0YWNfMjAyMA,QzNOLTAxMjE5OnVjZWNfY3B0YWNfMjAyMA,1515,ucec_cptac_2020_mrna,C3N-01219,C3N-01219,ucec_cptac_2020,14.26
QzNOLTAxMjE5OnVjZWNfY3B0YWNfMjAyMA,QzNOLTAxMjE5OnVjZWNfY3B0YWNfMjAyMA,4283,ucec_cptac_2020_mrna,C3N-01219,C3N-01219,ucec_cptac_2020,13.02
QzNOLTAxMjY3OnVjZWNfY3B0YWNfMjAyMA,QzNOLTAxMjY3OnVjZWNfY3B0YWNfMjAyMA,50943,ucec_cptac_2020_mrna,C3N-01267,C3N-01267,ucec_cptac_2020,5.28
QzNOLTAxMjY3OnVjZWNfY3B0YWNfMjAyMA,QzNOLTAxMjY3OnVjZWNfY3B0YWNfMjAyMA,3002,ucec_cptac_2020_mrna,C3N-01267,C3N-01267,ucec_cptac_2020,5.13
QzNOLTAxMjY3OnVjZWNfY3B0YWNfMjAyMA,QzNOLTAxMjY3OnVjZWNfY3B0YWNfMjAyMA,84868,ucec_cptac_2020_mrna,C3N-01267,C3N-01267,ucec_cptac_2020,8.74
QzNOLTAxMjY3OnVjZWNfY3B0YWNfMjAyMA,QzNOLTAxMjY3OnVjZWNfY3B0YWNfMjAyMA,3458,ucec_cptac_2020_mrna,C3N-01267,C3N-01267,ucec_cptac_2020,1.87
QzNOLTAxMjY3OnVjZWNfY3B0YWNfMjAyMA,QzNOLTAxMjY3OnVjZWNfY3B0YWNfMjAyMA,3394,ucec_cptac_2020_mrna,C3N-01267,C3N-01267,ucec_cptac_2020,8.27
QzNOLTAxMjY3OnVjZWNfY3B0YWNfMjAyMA,QzNOLTAxMjY3OnVjZWNfY3B0YWNfMjAyMA,3902,ucec_cptac_2020_mrna,C3N-01267,C3N-01267,ucec_cptac_2020,5.42
QzNOLTAxMjY3OnVjZWNfY3B0YWNfMjAyMA,QzNOLTAxMjY3OnVjZWNfY3B0YWNfMjAyMA,4118,ucec_cptac_2020_mrna,C3N-01267,C3N-01267,ucec_cptac_2020,2.8
QzNOLTAxMjY3OnVjZWNfY3B0YWNfMjAyMA,QzNOLTAxMjY3OnVjZWNfY3B0YWNfMjAyMA,94025,ucec_cptac_2020_mrna,C3N-01267,C3N-01267,ucec_cptac_2020,12.12
QzNOLTAxMjY3OnVjZWNfY3B0YWNfMjAyMA,QzNOLTAxMjY3OnVjZWNfY3B0YWNfMjAyMA,5133,ucec_cptac_2020_mrna,C3N-01267,C3N-01267,ucec_cptac_2020,4.89
QzNOLTAxMjY3OnVjZWNfY3B0YWNfMjAyMA,QzNOLTAxMjY3OnVjZWNfY3B0YWNfMjAyMA,55509,ucec_cptac_2020_mrna,C3N-01267,C3N-01267,ucec_cptac_2020,5.63
QzNOLTAxMjY3OnVjZWNfY3B0YWNfMjAyMA,QzNOLTAxMjY3OnVjZWNfY3B0YWNfMjAyMA,6772,ucec_cptac_2020_mrna,C3N-01267,C3N-01267,ucec_cptac_2020,12.31
QzNOLTAxMjY3OnVjZWNfY3B0YWNfMjAyMA,QzNOLTAxMjY3OnVjZWNfY3B0YWNfMjAyMA,7040,ucec_cptac_2020_mrna,C3N-01267,C3N-01267,ucec_cptac_2020,9.19
QzNOLTAxMjY3OnVjZWNfY3B0YWNfMjAyMA,QzNOLTAxMjY3OnVjZWNfY3B0YWNfMjAyMA,201633,ucec_cptac_2020_mrna,C3N-01267,C3N-01267,ucec_cptac_2020,5.76
QzNOLTAxMjY3OnVjZWNfY3B0YWNfMjAyMA,QzNOLTAxMjY3OnVjZWNfY3B0YWNfMjAyMA,79679,ucec_cptac_2020_mrna,C3N-01267,C3N-01267,ucec_cptac_2020,10.55
QzNOLTAxMjY3OnVjZWNfY3B0YWNfMjAyMA,QzNOLTAxMjY3OnVjZWNfY3B0YWNfMjAyMA,2829,ucec_cptac_2020_mrna,C3N-01267,C3N-01267,ucec_cptac_2020,3.17
QzNOLTAxMjY3OnVjZWNfY3B0YWNfMjAyMA,QzNOLTAxMjY3OnVjZWNfY3B0YWNfMjAyMA,898,ucec_cptac_2020_mrna,C3N-01267,C3N-01267,ucec_cptac_2020,5.74
QzNOLTAxMjY3OnVjZWNfY3B0YWNfMjAyMA,QzNOLTAxMjY3OnVjZWNfY3B0YWNfMjAyMA,925,ucec_cptac_2020_mrna,C3N-01267,C3N-01267,ucec_cptac_2020,6.6
QzNOLTAxMjY3OnVjZWNfY3B0YWNfMjAyMA,QzNOLTAxMjY3OnVjZWNfY3B0YWNfMjAyMA,968,ucec_cptac_2020_mrna,C3N-01267,C3N-01267,ucec_cptac_2020,10.04
QzNOLTAxMjY3OnVjZWNfY3B0YWNfMjAyMA,QzNOLTAxMjY3OnVjZWNfY3B0YWNfMjAyMA,29126,ucec_cptac_2020_mrna,C3N-01267,C3N-01267,ucec_cptac_2020,8.24
QzNOLTAxMjY3OnVjZWNfY3B0YWNfMjAyMA,QzNOLTAxMjY3OnVjZWNfY3B0YWNfMjAyMA,80381,ucec_cptac_2020_mrna,C3N-01267,C3N-01267,ucec_cptac_2020,11.46
QzNOLTAxMjY3OnVjZWNfY3B0YWNfMjAyMA,QzNOLTAxMjY3OnVjZWNfY3B0YWNfMjAyMA,9074,ucec_cptac_2020_mrna,C3N-01267,C3N-01267,ucec_cptac_2020,5.18
QzNOLTAxMjY3OnVjZWNfY3B0YWNfMjAyMA,QzNOLTAxMjY3OnVjZWNfY3B0YWNfMjAyMA,283420,ucec_cptac_2020_mrna,C3N-01267,C3N-01267,ucec_cptac_2020,3.17
QzNOLTAxMjY3OnVjZWNfY3B0YWNfMjAyMA,QzNOLTAxMjY3OnVjZWNfY3B0YWNfMjAyMA,1493,ucec_cptac_2020_mrna,C3N-01267,C3N-01267,ucec_cptac_2020,6.19
QzNOLTAxMjY3OnVjZWNfY3B0YWNfMjAyMA,QzNOLTAxMjY3OnVjZWNfY3B0YWNfMjAyMA,1515,ucec_cptac_2020_mrna,C3N-01267,C3N-01267,ucec_cptac_2020,7.62
QzNOLTAxMjY3OnVjZWNfY3B0YWNfMjAyMA,QzNOLTAxMjY3OnVjZWNfY3B0YWNfMjAyMA,4283,ucec_cptac_2020_mrna,C3N-01267,C3N-01267,ucec_cptac_2020,8.09
QzNOLTAxNTEwOnVjZWNfY3B0YWNfMjAyMA,QzNOLTAxNTEwOnVjZWNfY3B0YWNfMjAyMA,50943,ucec_cptac_2020_mrna,C3N-01510,C3N-01510,ucec_cptac_2020,4.79
QzNOLTAxNTEwOnVjZWNfY3B0YWNfMjAyMA,QzNOLTAxNTEwOnVjZWNfY3B0YWNfMjAyMA,3002,ucec_cptac_2020_mrna,C3N-01510,C3N-01510,ucec_cptac_2020,5.12
QzNOLTAxNTEwOnVjZWNfY3B0YWNfMjAyMA,QzNOLTAxNTEwOnVjZWNfY3B0YWNfMjAyMA,84868,ucec_cptac_2020_mrna,C3N-01510,C3N-01510,ucec_cptac_2020,8.71
QzNOLTAxNTEwOnVjZWNfY3B0YWNfMjAyMA,QzNOLTAxNTEwOnVjZWNfY3B0YWNfMjAyMA,3458,ucec_cptac_2020_mrna,C3N-01510,C3N-01510,ucec_cptac_2020,1.93
QzNOLTAxNTEwOnVjZWNfY3B0YWNfMjAyMA,QzNOLTAxNTEwOnVjZWNfY3B0YWNfMjAyMA,3394,ucec_cptac_2020_mrna,C3N-01510,C3N-01510,ucec_cptac_2020,8.65
QzNOLTAxNTEwOnVjZWNfY3B0YWNfMjAyMA,QzNOLTAxNTEwOnVjZWNfY3B0YWNfMjAyMA,3902,ucec_cptac_2020_mrna,C3N-01510,C3N-01510,ucec_cptac_2020,4.86
QzNOLTAxNTEwOnVjZWNfY3B0YWNfMjAyMA,QzNOLTAxNTEwOnVjZWNfY3B0YWNfMjAyMA,4118,ucec_cptac_2020_mrna,C3N-01510,C3N-01510,ucec_cptac_2020,9.47
QzNOLTAxNTEwOnVjZWNfY3B0YWNfMjAyMA,QzNOLTAxNTEwOnVjZWNfY3B0YWNfMjAyMA,94025,ucec_cptac_2020_mrna,C3N-01510,C3N-01510,ucec_cptac_2020,17.34
QzNOLTAxNTEwOnVjZWNfY3B0YWNfMjAyMA,QzNOLTAxNTEwOnVjZWNfY3B0YWNfMjAyMA,5133,ucec_cptac_2020_mrna,C3N-01510,C3N-01510,ucec_cptac_2020,4.55
QzNOLTAxNTEwOnVjZWNfY3B0YWNfMjAyMA,QzNOLTAxNTEwOnVjZWNfY3B0YWNfMjAyMA,55509,ucec_cptac_2020_mrna,C3N-01510,C3N-01510,ucec_cptac_2020,3.61
QzNOLTAxNTEwOnVjZWNfY3B0YWNfMjAyMA,QzNOLTAxNTEwOnVjZWNfY3B0YWNfMjAyMA,6772,ucec_cptac_2020_mrna,C3N-01510,C3N-01510,ucec_cptac_2020,12.58
QzNOLTAxNTEwOnVjZWNfY3B0YWNfMjAyMA,QzNOLTAxNTEwOnVjZWNfY3B0YWNfMjAyMA,7040,ucec_cptac_2020_mrna,C3N-01510,C3N-01510,ucec_cptac_2020,8.42
QzNOLTAxNTEwOnVjZWNfY3B0YWNfMjAyMA,QzNOLTAxNTEwOnVjZWNfY3B0YWNfMjAyMA,201633,ucec_cptac_2020_mrna,C3N-01510,C3N-01510,ucec_cptac_2020,6.59
QzNOLTAxNTEwOnVjZWNfY3B0YWNfMjAyMA,QzNOLTAxNTEwOnVjZWNfY3B0YWNfMjAyMA,79679,ucec_cptac_2020_mrna,C3N-01510,C3N-01510,ucec_cptac_2020,11.87
QzNOLTAxNTEwOnVjZWNfY3B0YWNfMjAyMA,QzNOLTAxNTEwOnVjZWNfY3B0YWNfMjAyMA,2829,ucec_cptac_2020_mrna,C3N-01510,C3N-01510,ucec_cptac_2020,2.38
QzNOLTAxNTEwOnVjZWNfY3B0YWNfMjAyMA,QzNOLTAxNTEwOnVjZWNfY3B0YWNfMjAyMA,898,ucec_cptac_2020_mrna,C3N-01510,C3N-01510,ucec_cptac_2020,10.48
QzNOLTAxNTEwOnVjZWNfY3B0YWNfMjAyMA,QzNOLTAxNTEwOnVjZWNfY3B0YWNfMjAyMA,925,ucec_cptac_2020_mrna,C3N-01510,C3N-01510,ucec_cptac_2020,7.21
QzNOLTAxNTEwOnVjZWNfY3B0YWNfMjAyMA,QzNOLTAxNTEwOnVjZWNfY3B0YWNfMjAyMA,968,ucec_cptac_2020_mrna,C3N-01510,C3N-01510,ucec_cptac_2020,10.32
QzNOLTAxNTEwOnVjZWNfY3B0YWNfMjAyMA,QzNOLTAxNTEwOnVjZWNfY3B0YWNfMjAyMA,29126,ucec_cptac_2020_mrna,C3N-01510,C3N-01510,ucec_cptac_2020,7.19
QzNOLTAxNTEwOnVjZWNfY3B0YWNfMjAyMA,QzNOLTAxNTEwOnVjZWNfY3B0YWNfMjAyMA,80381,ucec_cptac_2020_mrna,C3N-01510,C3N-01510,ucec_cptac_2020,11.36
QzNOLTAxNTEwOnVjZWNfY3B0YWNfMjAyMA,QzNOLTAxNTEwOnVjZWNfY3B0YWNfMjAyMA,9074,ucec_cptac_2020_mrna,C3N-01510,C3N-01510,ucec_cptac_2020,4.46
QzNOLTAxNTEwOnVjZWNfY3B0YWNfMjAyMA,QzNOLTAxNTEwOnVjZWNfY3B0YWNfMjAyMA,283420,ucec_cptac_2020_mrna,C3N-01510,C3N-01510,ucec_cptac_2020,0.0
QzNOLTAxNTEwOnVjZWNfY3B0YWNfMjAyMA,QzNOLTAxNTEwOnVjZWNfY3B0YWNfMjAyMA,1493,ucec_cptac_2020_mrna,C3N-01510,C3N-01510,ucec_cptac_2020,5.61
QzNOLTAxNTEwOnVjZWNfY3B0YWNfMjAyMA,QzNOLTAxNTEwOnVjZWNfY3B0YWNfMjAyMA,1515,ucec_cptac_2020_mrna,C3N-01510,C3N-01510,ucec_cptac_2020,10.13
QzNOLTAxNTEwOnVjZWNfY3B0YWNfMjAyMA,QzNOLTAxNTEwOnVjZWNfY3B0YWNfMjAyMA,4283,ucec_cptac_2020_mrna,C3N-01510,C3N-01510,ucec_cptac_2020,7.57
QzNOLTAxNTIxOnVjZWNfY3B0YWNfMjAyMA,QzNOLTAxNTIxOnVjZWNfY3B0YWNfMjAyMA,50943,ucec_cptac_2020_mrna,C3N-01521,C3N-01521,ucec_cptac_2020,5.04
QzNOLTAxNTIxOnVjZWNfY3B0YWNfMjAyMA,QzNOLTAxNTIxOnVjZWNfY3B0YWNfMjAyMA,3002,ucec_cptac_2020_mrna,C3N-01521,C3N-01521,ucec_cptac_2020,5.36
QzNOLTAxNTIxOnVjZWNfY3B0YWNfMjAyMA,QzNOLTAxNTIxOnVjZWNfY3B0YWNfMjAyMA,84868,ucec_cptac_2020_mrna,C3N-01521,C3N-01521,ucec_cptac_2020,9.17
QzNOLTAxNTIxOnVjZWNfY3B0YWNfMjAyMA,QzNOLTAxNTIxOnVjZWNfY3B0YWNfMjAyMA,3458,ucec_cptac_2020_mrna,C3N-01521,C3N-01521,ucec_cptac_2020,2.22
QzNOLTAxNTIxOnVjZWNfY3B0YWNfMjAyMA,QzNOLTAxNTIxOnVjZWNfY3B0YWNfMjAyMA,3394,ucec_cptac_2020_mrna,C3N-01521,C3N-01521,ucec_cptac_2020,8.44
QzNOLTAxNTIxOnVjZWNfY3B0YWNfMjAyMA,QzNOLTAxNTIxOnVjZWNfY3B0YWNfMjAyMA,3902,ucec_cptac_2020_mrna,C3N-01521,C3N-01521,ucec_cptac_2020,6.38
QzNOLTAxNTIxOnVjZWNfY3B0YWNfMjAyMA,QzNOLTAxNTIxOnVjZWNfY3B0YWNfMjAyMA,4118,ucec_cptac_2020_mrna,C3N-01521,C3N-01521,ucec_cptac_2020,5.19
QzNOLTAxNTIxOnVjZWNfY3B0YWNfMjAyMA,QzNOLTAxNTIxOnVjZWNfY3B0YWNfMjAyMA,94025,ucec_cptac_2020_mrna,C3N-01521,C3N-01521,ucec_cptac_2020,15.67
QzNOLTAxNTIxOnVjZWNfY3B0YWNfMjAyMA,QzNOLTAxNTIxOnVjZWNfY3B0YWNfMjAyMA,5133,ucec_cptac_2020_mrna,C3N-01521,C3N-01521,ucec_cptac_2020,4.73
QzNOLTAxNTIxOnVjZWNfY3B0YWNfMjAyMA,QzNOLTAxNTIxOnVjZWNfY3B0YWNfMjAyMA,55509,ucec_cptac_2020_mrna,C3N-01521,C3N-01521,ucec_cptac_2020,4.12
QzNOLTAxNTIxOnVjZWNfY3B0YWNfMjAyMA,QzNOLTAxNTIxOnVjZWNfY3B0YWNfMjAyMA,6772,ucec_cptac_2020_mrna,C3N-01521,C3N-01521,ucec_cptac_2020,13.94
QzNOLTAxNTIxOnVjZWNfY3B0YWNfMjAyMA,QzNOLTAxNTIxOnVjZWNfY3B0YWNfMjAyMA,7040,ucec_cptac_2020_mrna,C3N-01521,C3N-01521,ucec_cptac_2020,8.55
QzNOLTAxNTIxOnVjZWNfY3B0YWNfMjAyMA,QzNOLTAxNTIxOnVjZWNfY3B0YWNfMjAyMA,201633,ucec_cptac_2020_mrna,C3N-01521,C3N-01521,ucec_cptac_2020,6.71
QzNOLTAxNTIxOnVjZWNfY3B0YWNfMjAyMA,QzNOLTAxNTIxOnVjZWNfY3B0YWNfMjAyMA,79679,ucec_cptac_2020_mrna,C3N-01521,C3N-01521,ucec_cptac_2020,12.89
QzNOLTAxNTIxOnVjZWNfY3B0YWNfMjAyMA,QzNOLTAxNTIxOnVjZWNfY3B0YWNfMjAyMA,2829,ucec_cptac_2020_mrna,C3N-01521,C3N-01521,ucec_cptac_2020,4.78
QzNOLTAxNTIxOnVjZWNfY3B0YWNfMjAyMA,QzNOLTAxNTIxOnVjZWNfY3B0YWNfMjAyMA,898,ucec_cptac_2020_mrna,C3N-01521,C3N-01521,ucec_cptac_2020,8.71
QzNOLTAxNTIxOnVjZWNfY3B0YWNfMjAyMA,QzNOLTAxNTIxOnVjZWNfY3B0YWNfMjAyMA,925,ucec_cptac_2020_mrna,C3N-01521,C3N-01521,ucec_cptac_2020,6.88
QzNOLTAxNTIxOnVjZWNfY3B0YWNfMjAyMA,QzNOLTAxNTIxOnVjZWNfY3B0YWNfMjAyMA,968,ucec_cptac_2020_mrna,C3N-01521,C3N-01521,ucec_cptac_2020,10.81
QzNOLTAxNTIxOnVjZWNfY3B0YWNfMjAyMA,QzNOLTAxNTIxOnVjZWNfY3B0YWNfMjAyMA,29126,ucec_cptac_2020_mrna,C3N-01521,C3N-01521,ucec_cptac_2020,7.27
QzNOLTAxNTIxOnVjZWNfY3B0YWNfMjAyMA,QzNOLTAxNTIxOnVjZWNfY3B0YWNfMjAyMA,80381,ucec_cptac_2020_mrna,C3N-01521,C3N-01521,ucec_cptac_2020,11.5
QzNOLTAxNTIxOnVjZWNfY3B0YWNfMjAyMA,QzNOLTAxNTIxOnVjZWNfY3B0YWNfMjAyMA,9074,ucec_cptac_2020_mrna,C3N-01521,C3N-01521,ucec_cptac_2020,7.93
QzNOLTAxNTIxOnVjZWNfY3B0YWNfMjAyMA,QzNOLTAxNTIxOnVjZWNfY3B0YWNfMjAyMA,283420,ucec_cptac_2020_mrna,C3N-01521,C3N-01521,ucec_cptac_2020,3.88
QzNOLTAxNTIxOnVjZWNfY3B0YWNfMjAyMA,QzNOLTAxNTIxOnVjZWNfY3B0YWNfMjAyMA,1493,ucec_cptac_2020_mrna,C3N-01521,C3N-01521,ucec_cptac_2020,5.57
QzNOLTAxNTIxOnVjZWNfY3B0YWNfMjAyMA,QzNOLTAxNTIxOnVjZWNfY3B0YWNfMjAyMA,1515,ucec_cptac_2020_mrna,C3N-01521,C3N-01521,ucec_cptac_2020,10.66
QzNOLTAxNTIxOnVjZWNfY3B0YWNfMjAyMA,QzNOLTAxNTIxOnVjZWNfY3B0YWNfMjAyMA,4283,ucec_cptac_2020_mrna,C3N-01521,C3N-01521,ucec_cptac_2020,7.64
QzNOLTAxNTM3OnVjZWNfY3B0YWNfMjAyMA,QzNOLTAxNTM3OnVjZWNfY3B0YWNfMjAyMA,50943,ucec_cptac_2020_mrna,C3N-01537,C3N-01537,ucec_cptac_2020,6.8
QzNOLTAxNTM3OnVjZWNfY3B0YWNfMjAyMA,QzNOLTAxNTM3OnVjZWNfY3B0YWNfMjAyMA,3002,ucec_cptac_2020_mrna,C3N-01537,C3N-01537,ucec_cptac_2020,8.91
QzNOLTAxNTM3OnVjZWNfY3B0YWNfMjAyMA,QzNOLTAxNTM3OnVjZWNfY3B0YWNfMjAyMA,84868,ucec_cptac_2020_mrna,C3N-01537,C3N-01537,ucec_cptac_2020,10.29
QzNOLTAxNTM3OnVjZWNfY3B0YWNfMjAyMA,QzNOLTAxNTM3OnVjZWNfY3B0YWNfMjAyMA,3458,ucec_cptac_2020_mrna,C3N-01537,C3N-01537,ucec_cptac_2020,7.12
QzNOLTAxNTM3OnVjZWNfY3B0YWNfMjAyMA,QzNOLTAxNTM3OnVjZWNfY3B0YWNfMjAyMA,3394,ucec_cptac_2020_mrna,C3N-01537,C3N-01537,ucec_cptac_2020,10.26
QzNOLTAxNTM3OnVjZWNfY3B0YWNfMjAyMA,QzNOLTAxNTM3OnVjZWNfY3B0YWNfMjAyMA,3902,ucec_cptac_2020_mrna,C3N-01537,C3N-01537,ucec_cptac_2020,7.6
QzNOLTAxNTM3OnVjZWNfY3B0YWNfMjAyMA,QzNOLTAxNTM3OnVjZWNfY3B0YWNfMjAyMA,4118,ucec_cptac_2020_mrna,C3N-01537,C3N-01537,ucec_cptac_2020,8.21
QzNOLTAxNTM3OnVjZWNfY3B0YWNfMjAyMA,QzNOLTAxNTM3OnVjZWNfY3B0YWNfMjAyMA,94025,ucec_cptac_2020_mrna,C3N-01537,C3N-01537,ucec_cptac_2020,16.18
QzNOLTAxNTM3OnVjZWNfY3B0YWNfMjAyMA,QzNOLTAxNTM3OnVjZWNfY3B0YWNfMjAyMA,5133,ucec_cptac_2020_mrna,C3N-01537,C3N-01537,ucec_cptac_2020,7.7
QzNOLTAxNTM3OnVjZWNfY3B0YWNfMjAyMA,QzNOLTAxNTM3OnVjZWNfY3B0YWNfMjAyMA,55509,ucec_cptac_2020_mrna,C3N-01537,C3N-01537,ucec_cptac_2020,4.37
QzNOLTAxNTM3OnVjZWNfY3B0YWNfMjAyMA,QzNOLTAxNTM3OnVjZWNfY3B0YWNfMjAyMA,6772,ucec_cptac_2020_mrna,C3N-01537,C3N-01537,ucec_cptac_2020,15.28
QzNOLTAxNTM3OnVjZWNfY3B0YWNfMjAyMA,QzNOLTAxNTM3OnVjZWNfY3B0YWNfMjAyMA,7040,ucec_cptac_2020_mrna,C3N-01537,C3N-01537,ucec_cptac_2020,8.86
QzNOLTAxNTM3OnVjZWNfY3B0YWNfMjAyMA,QzNOLTAxNTM3OnVjZWNfY3B0YWNfMjAyMA,201633,ucec_cptac_2020_mrna,C3N-01537,C3N-01537,ucec_cptac_2020,9.48
QzNOLTAxNTM3OnVjZWNfY3B0YWNfMjAyMA,QzNOLTAxNTM3OnVjZWNfY3B0YWNfMjAyMA,79679,ucec_cptac_2020_mrna,C3N-01537,C3N-01537,ucec_cptac_2020,12.09
QzNOLTAxNTM3OnVjZWNfY3B0YWNfMjAyMA,QzNOLTAxNTM3OnVjZWNfY3B0YWNfMjAyMA,2829,ucec_cptac_2020_mrna,C3N-01537,C3N-01537,ucec_cptac_2020,3.9
QzNOLTAxNTM3OnVjZWNfY3B0YWNfMjAyMA,QzNOLTAxNTM3OnVjZWNfY3B0YWNfMjAyMA,898,ucec_cptac_2020_mrna,C3N-01537,C3N-01537,ucec_cptac_2020,10.73
QzNOLTAxNTM3OnVjZWNfY3B0YWNfMjAyMA,QzNOLTAxNTM3OnVjZWNfY3B0YWNfMjAyMA,925,ucec_cptac_2020_mrna,C3N-01537,C3N-01537,ucec_cptac_2020,9.61
QzNOLTAxNTM3OnVjZWNfY3B0YWNfMjAyMA,QzNOLTAxNTM3OnVjZWNfY3B0YWNfMjAyMA,968,ucec_cptac_2020_mrna,C3N-01537,C3N-01537,ucec_cptac_2020,12.63
QzNOLTAxNTM3OnVjZWNfY3B0YWNfMjAyMA,QzNOLTAxNTM3OnVjZWNfY3B0YWNfMjAyMA,29126,ucec_cptac_2020_mrna,C3N-01537,C3N-01537,ucec_cptac_2020,10.19
QzNOLTAxNTM3OnVjZWNfY3B0YWNfMjAyMA,QzNOLTAxNTM3OnVjZWNfY3B0YWNfMjAyMA,80381,ucec_cptac_2020_mrna,C3N-01537,C3N-01537,ucec_cptac_2020,10.29
QzNOLTAxNTM3OnVjZWNfY3B0YWNfMjAyMA,QzNOLTAxNTM3OnVjZWNfY3B0YWNfMjAyMA,9074,ucec_cptac_2020_mrna,C3N-01537,C3N-01537,ucec_cptac_2020,8.93
QzNOLTAxNTM3OnVjZWNfY3B0YWNfMjAyMA,QzNOLTAxNTM3OnVjZWNfY3B0YWNfMjAyMA,283420,ucec_cptac_2020_mrna,C3N-01537,C3N-01537,ucec_cptac_2020,4.73
QzNOLTAxNTM3OnVjZWNfY3B0YWNfMjAyMA,QzNOLTAxNTM3OnVjZWNfY3B0YWNfMjAyMA,1493,ucec_cptac_2020_mrna,C3N-01537,C3N-01537,ucec_cptac_2020,8.65
QzNOLTAxNTM3OnVjZWNfY3B0YWNfMjAyMA,QzNOLTAxNTM3OnVjZWNfY3B0YWNfMjAyMA,1515,ucec_cptac_2020_mrna,C3N-01537,C3N-01537,ucec_cptac_2020,8.75
QzNOLTAxNTM3OnVjZWNfY3B0YWNfMjAyMA,QzNOLTAxNTM3OnVjZWNfY3B0YWNfMjAyMA,4283,ucec_cptac_2020_mrna,C3N-01537,C3N-01537,ucec_cptac_2020,13.69
QzNOLTAxODAyOnVjZWNfY3B0YWNfMjAyMA,QzNOLTAxODAyOnVjZWNfY3B0YWNfMjAyMA,50943,ucec_cptac_2020_mrna,C3N-01802,C3N-01802,ucec_cptac_2020,6.08
QzNOLTAxODAyOnVjZWNfY3B0YWNfMjAyMA,QzNOLTAxODAyOnVjZWNfY3B0YWNfMjAyMA,3002,ucec_cptac_2020_mrna,C3N-01802,C3N-01802,ucec_cptac_2020,10.55
QzNOLTAxODAyOnVjZWNfY3B0YWNfMjAyMA,QzNOLTAxODAyOnVjZWNfY3B0YWNfMjAyMA,84868,ucec_cptac_2020_mrna,C3N-01802,C3N-01802,ucec_cptac_2020,10.6
QzNOLTAxODAyOnVjZWNfY3B0YWNfMjAyMA,QzNOLTAxODAyOnVjZWNfY3B0YWNfMjAyMA,3458,ucec_cptac_2020_mrna,C3N-01802,C3N-01802,ucec_cptac_2020,6.82
QzNOLTAxODAyOnVjZWNfY3B0YWNfMjAyMA,QzNOLTAxODAyOnVjZWNfY3B0YWNfMjAyMA,3394,ucec_cptac_2020_mrna,C3N-01802,C3N-01802,ucec_cptac_2020,9.49
QzNOLTAxODAyOnVjZWNfY3B0YWNfMjAyMA,QzNOLTAxODAyOnVjZWNfY3B0YWNfMjAyMA,3902,ucec_cptac_2020_mrna,C3N-01802,C3N-01802,ucec_cptac_2020,7.13
QzNOLTAxODAyOnVjZWNfY3B0YWNfMjAyMA,QzNOLTAxODAyOnVjZWNfY3B0YWNfMjAyMA,4118,ucec_cptac_2020_mrna,C3N-01802,C3N-01802,ucec_cptac_2020,8.65
QzNOLTAxODAyOnVjZWNfY3B0YWNfMjAyMA,QzNOLTAxODAyOnVjZWNfY3B0YWNfMjAyMA,94025,ucec_cptac_2020_mrna,C3N-01802,C3N-01802,ucec_cptac_2020,12.56
QzNOLTAxODAyOnVjZWNfY3B0YWNfMjAyMA,QzNOLTAxODAyOnVjZWNfY3B0YWNfMjAyMA,5133,ucec_cptac_2020_mrna,C3N-01802,C3N-01802,ucec_cptac_2020,7.69
QzNOLTAxODAyOnVjZWNfY3B0YWNfMjAyMA,QzNOLTAxODAyOnVjZWNfY3B0YWNfMjAyMA,55509,ucec_cptac_2020_mrna,C3N-01802,C3N-01802,ucec_cptac_2020,6.65
QzNOLTAxODAyOnVjZWNfY3B0YWNfMjAyMA,QzNOLTAxODAyOnVjZWNfY3B0YWNfMjAyMA,6772,ucec_cptac_2020_mrna,C3N-01802,C3N-01802,ucec_cptac_2020,14.9
QzNOLTAxODAyOnVjZWNfY3B0YWNfMjAyMA,QzNOLTAxODAyOnVjZWNfY3B0YWNfMjAyMA,7040,ucec_cptac_2020_mrna,C3N-01802,C3N-01802,ucec_cptac_2020,8.64
QzNOLTAxODAyOnVjZWNfY3B0YWNfMjAyMA,QzNOLTAxODAyOnVjZWNfY3B0YWNfMjAyMA,201633,ucec_cptac_2020_mrna,C3N-01802,C3N-01802,ucec_cptac_2020,9.72
QzNOLTAxODAyOnVjZWNfY3B0YWNfMjAyMA,QzNOLTAxODAyOnVjZWNfY3B0YWNfMjAyMA,79679,ucec_cptac_2020_mrna,C3N-01802,C3N-01802,ucec_cptac_2020,11.6
QzNOLTAxODAyOnVjZWNfY3B0YWNfMjAyMA,QzNOLTAxODAyOnVjZWNfY3B0YWNfMjAyMA,2829,ucec_cptac_2020_mrna,C3N-01802,C3N-01802,ucec_cptac_2020,3.88
QzNOLTAxODAyOnVjZWNfY3B0YWNfMjAyMA,QzNOLTAxODAyOnVjZWNfY3B0YWNfMjAyMA,898,ucec_cptac_2020_mrna,C3N-01802,C3N-01802,ucec_cptac_2020,12.7
QzNOLTAxODAyOnVjZWNfY3B0YWNfMjAyMA,QzNOLTAxODAyOnVjZWNfY3B0YWNfMjAyMA,925,ucec_cptac_2020_mrna,C3N-01802,C3N-01802,ucec_cptac_2020,10.33
QzNOLTAxODAyOnVjZWNfY3B0YWNfMjAyMA,QzNOLTAxODAyOnVjZWNfY3B0YWNfMjAyMA,968,ucec_cptac_2020_mrna,C3N-01802,C3N-01802,ucec_cptac_2020,12.5
QzNOLTAxODAyOnVjZWNfY3B0YWNfMjAyMA,QzNOLTAxODAyOnVjZWNfY3B0YWNfMjAyMA,29126,ucec_cptac_2020_mrna,C3N-01802,C3N-01802,ucec_cptac_2020,10.42
QzNOLTAxODAyOnVjZWNfY3B0YWNfMjAyMA,QzNOLTAxODAyOnVjZWNfY3B0YWNfMjAyMA,80381,ucec_cptac_2020_mrna,C3N-01802,C3N-01802,ucec_cptac_2020,11.9
QzNOLTAxODAyOnVjZWNfY3B0YWNfMjAyMA,QzNOLTAxODAyOnVjZWNfY3B0YWNfMjAyMA,9074,ucec_cptac_2020_mrna,C3N-01802,C3N-01802,ucec_cptac_2020,2.39
QzNOLTAxODAyOnVjZWNfY3B0YWNfMjAyMA,QzNOLTAxODAyOnVjZWNfY3B0YWNfMjAyMA,283420,ucec_cptac_2020_mrna,C3N-01802,C3N-01802,ucec_cptac_2020,4.17
QzNOLTAxODAyOnVjZWNfY3B0YWNfMjAyMA,QzNOLTAxODAyOnVjZWNfY3B0YWNfMjAyMA,1493,ucec_cptac_2020_mrna,C3N-01802,C3N-01802,ucec_cptac_2020,9.12
QzNOLTAxODAyOnVjZWNfY3B0YWNfMjAyMA,QzNOLTAxODAyOnVjZWNfY3B0YWNfMjAyMA,1515,ucec_cptac_2020_mrna,C3N-01802,C3N-01802,ucec_cptac_2020,8.02
QzNOLTAxODAyOnVjZWNfY3B0YWNfMjAyMA,QzNOLTAxODAyOnVjZWNfY3B0YWNfMjAyMA,4283,ucec_cptac_2020_mrna,C3N-01802,C3N-01802,ucec_cptac_2020,12.6
QzNOLTAxODI1OnVjZWNfY3B0YWNfMjAyMA,QzNOLTAxODI1OnVjZWNfY3B0YWNfMjAyMA,50943,ucec_cptac_2020_mrna,C3N-01825,C3N-01825,ucec_cptac_2020,5.0
QzNOLTAxODI1OnVjZWNfY3B0YWNfMjAyMA,QzNOLTAxODI1OnVjZWNfY3B0YWNfMjAyMA,3002,ucec_cptac_2020_mrna,C3N-01825,C3N-01825,ucec_cptac_2020,4.53
QzNOLTAxODI1OnVjZWNfY3B0YWNfMjAyMA,QzNOLTAxODI1OnVjZWNfY3B0YWNfMjAyMA,84868,ucec_cptac_2020_mrna,C3N-01825,C3N-01825,ucec_cptac_2020,9.36
QzNOLTAxODI1OnVjZWNfY3B0YWNfMjAyMA,QzNOLTAxODI1OnVjZWNfY3B0YWNfMjAyMA,3458,ucec_cptac_2020_mrna,C3N-01825,C3N-01825,ucec_cptac_2020,4.6
QzNOLTAxODI1OnVjZWNfY3B0YWNfMjAyMA,QzNOLTAxODI1OnVjZWNfY3B0YWNfMjAyMA,3394,ucec_cptac_2020_mrna,C3N-01825,C3N-01825,ucec_cptac_2020,9.16
QzNOLTAxODI1OnVjZWNfY3B0YWNfMjAyMA,QzNOLTAxODI1OnVjZWNfY3B0YWNfMjAyMA,3902,ucec_cptac_2020_mrna,C3N-01825,C3N-01825,ucec_cptac_2020,4.38
QzNOLTAxODI1OnVjZWNfY3B0YWNfMjAyMA,QzNOLTAxODI1OnVjZWNfY3B0YWNfMjAyMA,4118,ucec_cptac_2020_mrna,C3N-01825,C3N-01825,ucec_cptac_2020,10.66
QzNOLTAxODI1OnVjZWNfY3B0YWNfMjAyMA,QzNOLTAxODI1OnVjZWNfY3B0YWNfMjAyMA,94025,ucec_cptac_2020_mrna,C3N-01825,C3N-01825,ucec_cptac_2020,12.73
QzNOLTAxODI1OnVjZWNfY3B0YWNfMjAyMA,QzNOLTAxODI1OnVjZWNfY3B0YWNfMjAyMA,5133,ucec_cptac_2020_mrna,C3N-01825,C3N-01825,ucec_cptac_2020,5.92
QzNOLTAxODI1OnVjZWNfY3B0YWNfMjAyMA,QzNOLTAxODI1OnVjZWNfY3B0YWNfMjAyMA,55509,ucec_cptac_2020_mrna,C3N-01825,C3N-01825,ucec_cptac_2020,4.94
QzNOLTAxODI1OnVjZWNfY3B0YWNfMjAyMA,QzNOLTAxODI1OnVjZWNfY3B0YWNfMjAyMA,6772,ucec_cptac_2020_mrna,C3N-01825,C3N-01825,ucec_cptac_2020,13.59
QzNOLTAxODI1OnVjZWNfY3B0YWNfMjAyMA,QzNOLTAxODI1OnVjZWNfY3B0YWNfMjAyMA,7040,ucec_cptac_2020_mrna,C3N-01825,C3N-01825,ucec_cptac_2020,9.43
QzNOLTAxODI1OnVjZWNfY3B0YWNfMjAyMA,QzNOLTAxODI1OnVjZWNfY3B0YWNfMjAyMA,201633,ucec_cptac_2020_mrna,C3N-01825,C3N-01825,ucec_cptac_2020,6.97
QzNOLTAxODI1OnVjZWNfY3B0YWNfMjAyMA,QzNOLTAxODI1OnVjZWNfY3B0YWNfMjAyMA,79679,ucec_cptac_2020_mrna,C3N-01825,C3N-01825,ucec_cptac_2020,9.72
QzNOLTAxODI1OnVjZWNfY3B0YWNfMjAyMA,QzNOLTAxODI1OnVjZWNfY3B0YWNfMjAyMA,2829,ucec_cptac_2020_mrna,C3N-01825,C3N-01825,ucec_cptac_2020,3.59
QzNOLTAxODI1OnVjZWNfY3B0YWNfMjAyMA,QzNOLTAxODI1OnVjZWNfY3B0YWNfMjAyMA,898,ucec_cptac_2020_mrna,C3N-01825,C3N-01825,ucec_cptac_2020,8.74
QzNOLTAxODI1OnVjZWNfY3B0YWNfMjAyMA,QzNOLTAxODI1OnVjZWNfY3B0YWNfMjAyMA,925,ucec_cptac_2020_mrna,C3N-01825,C3N-01825,ucec_cptac_2020,7.14
QzNOLTAxODI1OnVjZWNfY3B0YWNfMjAyMA,QzNOLTAxODI1OnVjZWNfY3B0YWNfMjAyMA,968,ucec_cptac_2020_mrna,C3N-01825,C3N-01825,ucec_cptac_2020,11.67
QzNOLTAxODI1OnVjZWNfY3B0YWNfMjAyMA,QzNOLTAxODI1OnVjZWNfY3B0YWNfMjAyMA,29126,ucec_cptac_2020_mrna,C3N-01825,C3N-01825,ucec_cptac_2020,7.43
QzNOLTAxODI1OnVjZWNfY3B0YWNfMjAyMA,QzNOLTAxODI1OnVjZWNfY3B0YWNfMjAyMA,80381,ucec_cptac_2020_mrna,C3N-01825,C3N-01825,ucec_cptac_2020,11.54
QzNOLTAxODI1OnVjZWNfY3B0YWNfMjAyMA,QzNOLTAxODI1OnVjZWNfY3B0YWNfMjAyMA,9074,ucec_cptac_2020_mrna,C3N-01825,C3N-01825,ucec_cptac_2020,4.22
QzNOLTAxODI1OnVjZWNfY3B0YWNfMjAyMA,QzNOLTAxODI1OnVjZWNfY3B0YWNfMjAyMA,283420,ucec_cptac_2020_mrna,C3N-01825,C3N-01825,ucec_cptac_2020,4.6
QzNOLTAxODI1OnVjZWNfY3B0YWNfMjAyMA,QzNOLTAxODI1OnVjZWNfY3B0YWNfMjAyMA,1493,ucec_cptac_2020_mrna,C3N-01825,C3N-01825,ucec_cptac_2020,5.66
QzNOLTAxODI1OnVjZWNfY3B0YWNfMjAyMA,QzNOLTAxODI1OnVjZWNfY3B0YWNfMjAyMA,1515,ucec_cptac_2020_mrna,C3N-01825,C3N-01825,ucec_cptac_2020,8.76
QzNOLTAxODI1OnVjZWNfY3B0YWNfMjAyMA,QzNOLTAxODI1OnVjZWNfY3B0YWNfMjAyMA,4283,ucec_cptac_2020_mrna,C3N-01825,C3N-01825,ucec_cptac_2020,8.8
