uniqueSampleKey,uniquePatientKey,entrezGeneId,molecularProfileId,sampleId,patientId,studyId,value
QzNMLTAwMDA2OnVjZWNfY3B0YWNfMjAyMA,QzNMLTAwMDA2OnVjZWNfY3B0YWNfMjAyMA,94025,ucec_cptac_2020_protein_quantification,C3L-00006,C3L-00006,ucec_cptac_2020,-0.235
QzNMLTAwMDA2OnVjZWNfY3B0YWNfMjAyMA,QzNMLTAwMDA2OnVjZWNfY3B0YWNfMjAyMA,6772,ucec_cptac_2020_protein_quantification,C3L-00006,C3L-00006,ucec_cptac_2020,0.853
QzNMLTAwMDA2OnVjZWNfY3B0YWNfMjAyMA,QzNMLTAwMDA2OnVjZWNfY3B0YWNfMjAyMA,7040,ucec_cptac_2020_protein_quantification,C3L-00006,C3L-00006,ucec_cptac_2020,-0.792
QzNMLTAwMDA2OnVjZWNfY3B0YWNfMjAyMA,QzNMLTAwMDA2OnVjZWNfY3B0YWNfMjAyMA,79679,ucec_cptac_2020_protein_quantification,C3L-00006,C3L-00006,ucec_cptac_2020,0.905
QzNMLTAwMDA2OnVjZWNfY3B0YWNfMjAyMA,QzNMLTAwMDA2OnVjZWNfY3B0YWNfMjAyMA,898,ucec_cptac_2020_protein_quantification,C3L-00006,C3L-00006,ucec_cptac_2020,0.0275
QzNMLTAwMDA2OnVjZWNfY3B0YWNfMjAyMA,QzNMLTAwMDA2OnVjZWNfY3B0YWNfMjAyMA,925,ucec_cptac_2020_protein_quantification,C3L-00006,C3L-00006,ucec_cptac_2020,0.282
QzNMLTAwMDA2OnVjZWNfY3B0YWNfMjAyMA,QzNMLTAwMDA2OnVjZWNfY3B0YWNfMjAyMA,80381,ucec_cptac_2020_protein_quantification,C3L-00006,C3L-00006,ucec_cptac_2020,0.273
QzNMLTAwMDA2OnVjZWNfY3B0YWNfMjAyMA,QzNMLTAwMDA2OnVjZWNfY3B0YWNfMjAyMA,1515,ucec_cptac_2020_protein_quantification,C3L-00006,C3L-00006,ucec_cptac_2020,0.0417
QzNMLTAwMDA4OnVjZWNfY3B0YWNfMjAyMA,QzNMLTAwMDA4OnVjZWNfY3B0YWNfMjAyMA,3002,ucec_cptac_2020_protein_quantification,C3L-00008,C3L-00008,ucec_cptac_2020,-1.18
QzNMLTAwMDA4OnVjZWNfY3B0YWNfMjAyMA,QzNMLTAwMDA4OnVjZWNfY3B0YWNfMjAyMA,3394,ucec_cptac_2020_protein_quantification,C3L-00008,C3L-00008,ucec_cptac_2020,-0.403
QzNMLTAwMDA4OnVjZWNfY3B0YWNfMjAyMA,QzNMLTAwMDA4OnVjZWNfY3B0YWNfMjAyMA,94025,ucec_cptac_2020_protein_quantification,C3L-00008,C3L-00008,ucec_cptac_2020,2.78
QzNMLTAwMDA4OnVjZWNfY3B0YWNfMjAyMA,QzNMLTAwMDA4OnVjZWNfY3B0YWNfMjAyMA,6772,ucec_cptac_2020_protein_quantification,C3L-00008,C3L-00008,ucec_cptac_2020,-0.298
QzNMLTAwMDA4OnVjZWNfY3B0YWNfMjAyMA,QzNMLTAwMDA4OnVjZWNfY3B0YWNfMjAyMA,7040,ucec_cptac_2020_protein_quantification,C3L-00008,C3L-00008,ucec_cptac_2020,-1.15
QzNMLTAwMDA4OnVjZWNfY3B0YWNfMjAyMA,QzNMLTAwMDA4OnVjZWNfY3B0YWNfMjAyMA,79679,ucec_cptac_2020_protein_quantification,C3L-00008,C3L-00008,ucec_cptac_2020,-0.625
QzNMLTAwMDA4OnVjZWNfY3B0YWNfMjAyMA,QzNMLTAwMDA4OnVjZWNfY3B0YWNfMjAyMA,898,ucec_cptac_2020_protein_quantification,C3L-00008,C3L-00008,ucec_cptac_2020,1.16
QzNMLTAwMDA4OnVjZWNfY3B0YWNfMjAyMA,QzNMLTAwMDA4OnVjZWNfY3B0YWNfMjAyMA,925,ucec_cptac_2020_protein_quantification,C3L-00008,C3L-00008,ucec_cptac_2020,-1.4
QzNMLTAwMDA4OnVjZWNfY3B0YWNfMjAyMA,QzNMLTAwMDA4OnVjZWNfY3B0YWNfMjAyMA,968,ucec_cptac_2020_protein_quantification,C3L-00008,C3L-00008,ucec_cptac_2020,-0.796
QzNMLTAwMDA4OnVjZWNfY3B0YWNfMjAyMA,QzNMLTAwMDA4OnVjZWNfY3B0YWNfMjAyMA,80381,ucec_cptac_2020_protein_quantification,C3L-00008,C3L-00008,ucec_cptac_2020,-0.03
QzNMLTAwMDA4OnVjZWNfY3B0YWNfMjAyMA,QzNMLTAwMDA4OnVjZWNfY3B0YWNfMjAyMA,1515,ucec_cptac_2020_protein_quantification,C3L-00008,C3L-00008,ucec_cptac_2020,0.987
QzNMLTAwMDMyOnVjZWNfY3B0YWNfMjAyMA,QzNMLTAwMDMyOnVjZWNfY3B0YWNfMjAyMA,94025,ucec_cptac_2020_protein_quantification,C3L-00032,C3L-00032,ucec_cptac_2020,1.53
QzNMLTAwMDMyOnVjZWNfY3B0YWNfMjAyMA,QzNMLTAwMDMyOnVjZWNfY3B0YWNfMjAyMA,6772,ucec_cptac_2020_protein_quantification,C3L-00032,C3L-00032,ucec_cptac_2020,-0.15
QzNMLTAwMDMyOnVjZWNfY3B0YWNfMjAyMA,QzNMLTAwMDMyOnVjZWNfY3B0YWNfMjAyMA,7040,ucec_cptac_2020_protein_quantification,C3L-00032,C3L-00032,ucec_cptac_2020,-0.523
QzNMLTAwMDMyOnVjZWNfY3B0YWNfMjAyMA,QzNMLTAwMDMyOnVjZWNfY3B0YWNfMjAyMA,79679,ucec_cptac_2020_protein_quantification,C3L-00032,C3L-00032,ucec_cptac_2020,0.632
QzNMLTAwMDMyOnVjZWNfY3B0YWNfMjAyMA,QzNMLTAwMDMyOnVjZWNfY3B0YWNfMjAyMA,968,ucec_cptac_2020_protein_quantification,C3L-00032,C3L-00032,ucec_cptac_2020,-0.694
QzNMLTAwMDMyOnVjZWNfY3B0YWNfMjAyMA,QzNMLTAwMDMyOnVjZWNfY3B0YWNfMjAyMA,80381,ucec_cptac_2020_protein_quantification,C3L-00032,C3L-00032,ucec_cptac_2020,-0.425
QzNMLTAwMDMyOnVjZWNfY3B0YWNfMjAyMA,QzNMLTAwMDMyOnVjZWNfY3B0YWNfMjAyMA,1515,ucec_cptac_2020_protein_quantification,C3L-00032,C3L-00032,ucec_cptac_2020,2.21
QzNMLTAwMDkwOnVjZWNfY3B0YWNfMjAyMA,QzNMLTAwMDkwOnVjZWNfY3B0YWNfMjAyMA,3002,ucec_cptac_2020_protein_quantification,C3L-00090,C3L-00090,ucec_cptac_2020,-0.214
QzNMLTAwMDkwOnVjZWNfY3B0YWNfMjAyMA,QzNMLTAwMDkwOnVjZWNfY3B0YWNfMjAyMA,84868,ucec_cptac_2020_protein_quantification,C3L-00090,C3L-00090,ucec_cptac_2020,-0.119
QzNMLTAwMDkwOnVjZWNfY3B0YWNfMjAyMA,QzNMLTAwMDkwOnVjZWNfY3B0YWNfMjAyMA,3394,ucec_cptac_2020_protein_quantification,C3L-00090,C3L-00090,ucec_cptac_2020,0.0733
QzNMLTAwMDkwOnVjZWNfY3B0YWNfMjAyMA,QzNMLTAwMDkwOnVjZWNfY3B0YWNfMjAyMA,94025,ucec_cptac_2020_protein_quantification,C3L-00090,C3L-00090,ucec_cptac_2020,-0.0901
QzNMLTAwMDkwOnVjZWNfY3B0YWNfMjAyMA,QzNMLTAwMDkwOnVjZWNfY3B0YWNfMjAyMA,6772,ucec_cptac_2020_protein_quantification,C3L-00090,C3L-00090,ucec_cptac_2020,-0.153
QzNMLTAwMDkwOnVjZWNfY3B0YWNfMjAyMA,QzNMLTAwMDkwOnVjZWNfY3B0YWNfMjAyMA,7040,ucec_cptac_2020_protein_quantification,C3L-00090,C3L-00090,ucec_cptac_2020,-1.02
QzNMLTAwMDkwOnVjZWNfY3B0YWNfMjAyMA,QzNMLTAwMDkwOnVjZWNfY3B0YWNfMjAyMA,79679,ucec_cptac_2020_protein_quantification,C3L-00090,C3L-00090,ucec_cptac_2020,2.23
QzNMLTAwMDkwOnVjZWNfY3B0YWNfMjAyMA,QzNMLTAwMDkwOnVjZWNfY3B0YWNfMjAyMA,898,ucec_cptac_2020_protein_quantification,C3L-00090,C3L-00090,ucec_cptac_2020,0.19
QzNMLTAwMDkwOnVjZWNfY3B0YWNfMjAyMA,QzNMLTAwMDkwOnVjZWNfY3B0YWNfMjAyMA,925,ucec_cptac_2020_protein_quantification,C3L-00090,C3L-00090,ucec_cptac_2020,-1.1
QzNMLTAwMDkwOnVjZWNfY3B0YWNfMjAyMA,QzNMLTAwMDkwOnVjZWNfY3B0YWNfMjAyMA,968,ucec_cptac_2020_protein_quantification,C3L-00090,C3L-00090,ucec_cptac_2020,-0.179
QzNMLTAwMDkwOnVjZWNfY3B0YWNfMjAyMA,QzNMLTAwMDkwOnVjZWNfY3B0YWNfMjAyMA,29126,ucec_cptac_2020_protein_quantification,C3L-00090,C3L-00090,ucec_cptac_2020,-0.743
QzNMLTAwMDkwOnVjZWNfY3B0YWNfMjAyMA,QzNMLTAwMDkwOnVjZWNfY3B0YWNfMjAyMA,80381,ucec_cptac_2020_protein_quantification,C3L-00090,C3L-00090,ucec_cptac_2020,0.535
QzNMLTAwMDkwOnVjZWNfY3B0YWNfMjAyMA,QzNMLTAwMDkwOnVjZWNfY3B0YWNfMjAyMA,1515,ucec_cptac_2020_protein_quantification,C3L-00090,C3L-00090,ucec_cptac_2020,1.9
QzNMLTAwMDkwOnVjZWNfY3B0YWNfMjAyMA,QzNMLTAwMDkwOnVjZWNfY3B0YWNfMjAyMA,4283,ucec_cptac_2020_protein_quantification,C3L-00090,C3L-00090,ucec_cptac_2020,-0.18
QzNMLTAwMTM5OnVjZWNfY3B0YWNfMjAyMA,QzNMLTAwMTM5OnVjZWNfY3B0YWNfMjAyMA,94025,ucec_cptac_2020_protein_quantification,C3L-00139,C3L-00139,ucec_cptac_2020,0.127
QzNMLTAwMTM5OnVjZWNfY3B0YWNfMjAyMA,QzNMLTAwMTM5OnVjZWNfY3B0YWNfMjAyMA,6772,ucec_cptac_2020_protein_quantification,C3L-00139,C3L-00139,ucec_cptac_2020,1.16
QzNMLTAwMTM5OnVjZWNfY3B0YWNfMjAyMA,QzNMLTAwMTM5OnVjZWNfY3B0YWNfMjAyMA,7040,ucec_cptac_2020_protein_quantification,C3L-00139,C3L-00139,ucec_cptac_2020,-0.469
QzNMLTAwMTM5OnVjZWNfY3B0YWNfMjAyMA,QzNMLTAwMTM5OnVjZWNfY3B0YWNfMjAyMA,79679,ucec_cptac_2020_protein_quantification,C3L-00139,C3L-00139,ucec_cptac_2020,2.35
QzNMLTAwMTM5OnVjZWNfY3B0YWNfMjAyMA,QzNMLTAwMTM5OnVjZWNfY3B0YWNfMjAyMA,898,ucec_cptac_2020_protein_quantification,C3L-00139,C3L-00139,ucec_cptac_2020,1.06
QzNMLTAwMTM5OnVjZWNfY3B0YWNfMjAyMA,QzNMLTAwMTM5OnVjZWNfY3B0YWNfMjAyMA,925,ucec_cptac_2020_protein_quantification,C3L-00139,C3L-00139,ucec_cptac_2020,-0.273
QzNMLTAwMTM5OnVjZWNfY3B0YWNfMjAyMA,QzNMLTAwMTM5OnVjZWNfY3B0YWNfMjAyMA,968,ucec_cptac_2020_protein_quantification,C3L-00139,C3L-00139,ucec_cptac_2020,-0.888
QzNMLTAwMTM5OnVjZWNfY3B0YWNfMjAyMA,QzNMLTAwMTM5OnVjZWNfY3B0YWNfMjAyMA,80381,ucec_cptac_2020_protein_quantification,C3L-00139,C3L-00139,ucec_cptac_2020,0.372
QzNMLTAwMTM5OnVjZWNfY3B0YWNfMjAyMA,QzNMLTAwMTM5OnVjZWNfY3B0YWNfMjAyMA,9074,ucec_cptac_2020_protein_quantification,C3L-00139,C3L-00139,ucec_cptac_2020,1.28
QzNMLTAwMTM5OnVjZWNfY3B0YWNfMjAyMA,QzNMLTAwMTM5OnVjZWNfY3B0YWNfMjAyMA,1515,ucec_cptac_2020_protein_quantification,C3L-00139,C3L-00139,ucec_cptac_2020,0.205
QzNMLTAwMTQzOnVjZWNfY3B0YWNfMjAyMA,QzNMLTAwMTQzOnVjZWNfY3B0YWNfMjAyMA,3002,ucec_cptac_2020_protein_quantification,C3L-00143,C3L-00143,ucec_cptac_2020,-0.84
QzNMLTAwMTQzOnVjZWNfY3B0YWNfMjAyMA,QzNMLTAwMTQzOnVjZWNfY3B0YWNfMjAyMA,84868,ucec_cptac_2020_protein_quantification,C3L-00143,C3L-00143,ucec_cptac_2020,1.25
QzNMLTAwMTQzOnVjZWNfY3B0YWNfMjAyMA,QzNMLTAwMTQzOnVjZWNfY3B0YWNfMjAyMA,3394,ucec_cptac_2020_protein_quantification,C3L-00143,C3L-00143,ucec_cptac_2020,0.308
QzNMLTAwMTQzOnVjZWNfY3B0YWNfMjAyMA,QzNMLTAwMTQzOnVjZWNfY3B0YWNfMjAyMA,94025,ucec_cptac_2020_protein_quantification,C3L-00143,C3L-00143,ucec_cptac_2020,-1.32
QzNMLTAwMTQzOnVjZWNfY3B0YWNfMjAyMA,QzNMLTAwMTQzOnVjZWNfY3B0YWNfMjAyMA,6772,ucec_cptac_2020_protein_quantification,C3L-00143,C3L-00143,ucec_cptac_2020,1.47
QzNMLTAwMTQzOnVjZWNfY3B0YWNfMjAyMA,QzNMLTAwMTQzOnVjZWNfY3B0YWNfMjAyMA,7040,ucec_cptac_2020_protein_quantification,C3L-00143,C3L-00143,ucec_cptac_2020,-0.205
QzNMLTAwMTQzOnVjZWNfY3B0YWNfMjAyMA,QzNMLTAwMTQzOnVjZWNfY3B0YWNfMjAyMA,79679,ucec_cptac_2020_protein_quantification,C3L-00143,C3L-00143,ucec_cptac_2020,3.56
QzNMLTAwMTQzOnVjZWNfY3B0YWNfMjAyMA,QzNMLTAwMTQzOnVjZWNfY3B0YWNfMjAyMA,898,ucec_cptac_2020_protein_quantification,C3L-00143,C3L-00143,ucec_cptac_2020,-0.788
QzNMLTAwMTQzOnVjZWNfY3B0YWNfMjAyMA,QzNMLTAwMTQzOnVjZWNfY3B0YWNfMjAyMA,925,ucec_cptac_2020_protein_quantification,C3L-00143,C3L-00143,ucec_cptac_2020,2.33
QzNMLTAwMTQzOnVjZWNfY3B0YWNfMjAyMA,QzNMLTAwMTQzOnVjZWNfY3B0YWNfMjAyMA,968,ucec_cptac_2020_protein_quantification,C3L-00143,C3L-00143,ucec_cptac_2020,0.836
QzNMLTAwMTQzOnVjZWNfY3B0YWNfMjAyMA,QzNMLTAwMTQzOnVjZWNfY3B0YWNfMjAyMA,29126,ucec_cptac_2020_protein_quantification,C3L-00143,C3L-00143,ucec_cptac_2020,0.287
QzNMLTAwMTQzOnVjZWNfY3B0YWNfMjAyMA,QzNMLTAwMTQzOnVjZWNfY3B0YWNfMjAyMA,80381,ucec_cptac_2020_protein_quantification,C3L-00143,C3L-00143,ucec_cptac_2020,-0.504
QzNMLTAwMTQzOnVjZWNfY3B0YWNfMjAyMA,QzNMLTAwMTQzOnVjZWNfY3B0YWNfMjAyMA,9074,ucec_cptac_2020_protein_quantification,C3L-00143,C3L-00143,ucec_cptac_2020,1.99
QzNMLTAwMTQzOnVjZWNfY3B0YWNfMjAyMA,QzNMLTAwMTQzOnVjZWNfY3B0YWNfMjAyMA,1515,ucec_cptac_2020_protein_quantification,C3L-00143,C3L-00143,ucec_cptac_2020,-0.833
QzNMLTAwMTQzOnVjZWNfY3B0YWNfMjAyMA,QzNMLTAwMTQzOnVjZWNfY3B0YWNfMjAyMA,4283,ucec_cptac_2020_protein_quantification,C3L-00143,C3L-00143,ucec_cptac_2020,-0.0191
QzNMLTAwMTQ1OnVjZWNfY3B0YWNfMjAyMA,QzNMLTAwMTQ1OnVjZWNfY3B0YWNfMjAyMA,84868,ucec_cptac_2020_protein_quantification,C3L-00145,C3L-00145,ucec_cptac_2020,0.033
QzNMLTAwMTQ1OnVjZWNfY3B0YWNfMjAyMA,QzNMLTAwMTQ1OnVjZWNfY3B0YWNfMjAyMA,3394,ucec_cptac_2020_protein_quantification,C3L-00145,C3L-00145,ucec_cptac_2020,0.0124
QzNMLTAwMTQ1OnVjZWNfY3B0YWNfMjAyMA,QzNMLTAwMTQ1OnVjZWNfY3B0YWNfMjAyMA,94025,ucec_cptac_2020_protein_quantification,C3L-00145,C3L-00145,ucec_cptac_2020,-0.442
QzNMLTAwMTQ1OnVjZWNfY3B0YWNfMjAyMA,QzNMLTAwMTQ1OnVjZWNfY3B0YWNfMjAyMA,6772,ucec_cptac_2020_protein_quantification,C3L-00145,C3L-00145,ucec_cptac_2020,-0.114
QzNMLTAwMTQ1OnVjZWNfY3B0YWNfMjAyMA,QzNMLTAwMTQ1OnVjZWNfY3B0YWNfMjAyMA,7040,ucec_cptac_2020_protein_quantification,C3L-00145,C3L-00145,ucec_cptac_2020,-0.0024
QzNMLTAwMTQ1OnVjZWNfY3B0YWNfMjAyMA,QzNMLTAwMTQ1OnVjZWNfY3B0YWNfMjAyMA,79679,ucec_cptac_2020_protein_quantification,C3L-00145,C3L-00145,ucec_cptac_2020,0.475
QzNMLTAwMTQ1OnVjZWNfY3B0YWNfMjAyMA,QzNMLTAwMTQ1OnVjZWNfY3B0YWNfMjAyMA,898,ucec_cptac_2020_protein_quantification,C3L-00145,C3L-00145,ucec_cptac_2020,-0.493
QzNMLTAwMTQ1OnVjZWNfY3B0YWNfMjAyMA,QzNMLTAwMTQ1OnVjZWNfY3B0YWNfMjAyMA,925,ucec_cptac_2020_protein_quantification,C3L-00145,C3L-00145,ucec_cptac_2020,-0.665
QzNMLTAwMTQ1OnVjZWNfY3B0YWNfMjAyMA,QzNMLTAwMTQ1OnVjZWNfY3B0YWNfMjAyMA,80381,ucec_cptac_2020_protein_quantification,C3L-00145,C3L-00145,ucec_cptac_2020,0.0551
QzNMLTAwMTQ1OnVjZWNfY3B0YWNfMjAyMA,QzNMLTAwMTQ1OnVjZWNfY3B0YWNfMjAyMA,1515,ucec_cptac_2020_protein_quantification,C3L-00145,C3L-00145,ucec_cptac_2020,0.165
QzNMLTAwMzYxOnVjZWNfY3B0YWNfMjAyMA,QzNMLTAwMzYxOnVjZWNfY3B0YWNfMjAyMA,94025,ucec_cptac_2020_protein_quantification,C3L-00361,C3L-00361,ucec_cptac_2020,0.072
QzNMLTAwMzYxOnVjZWNfY3B0YWNfMjAyMA,QzNMLTAwMzYxOnVjZWNfY3B0YWNfMjAyMA,6772,ucec_cptac_2020_protein_quantification,C3L-00361,C3L-00361,ucec_cptac_2020,0.207
QzNMLTAwMzYxOnVjZWNfY3B0YWNfMjAyMA,QzNMLTAwMzYxOnVjZWNfY3B0YWNfMjAyMA,7040,ucec_cptac_2020_protein_quantification,C3L-00361,C3L-00361,ucec_cptac_2020,-1.24
QzNMLTAwMzYxOnVjZWNfY3B0YWNfMjAyMA,QzNMLTAwMzYxOnVjZWNfY3B0YWNfMjAyMA,79679,ucec_cptac_2020_protein_quantification,C3L-00361,C3L-00361,ucec_cptac_2020,1.67
QzNMLTAwMzYxOnVjZWNfY3B0YWNfMjAyMA,QzNMLTAwMzYxOnVjZWNfY3B0YWNfMjAyMA,968,ucec_cptac_2020_protein_quantification,C3L-00361,C3L-00361,ucec_cptac_2020,-1.48
QzNMLTAwMzYxOnVjZWNfY3B0YWNfMjAyMA,QzNMLTAwMzYxOnVjZWNfY3B0YWNfMjAyMA,80381,ucec_cptac_2020_protein_quantification,C3L-00361,C3L-00361,ucec_cptac_2020,0.442
QzNMLTAwMzYxOnVjZWNfY3B0YWNfMjAyMA,QzNMLTAwMzYxOnVjZWNfY3B0YWNfMjAyMA,1515,ucec_cptac_2020_protein_quantification,C3L-00361,C3L-00361,ucec_cptac_2020,0.691
QzNMLTAwMzYyOnVjZWNfY3B0YWNfMjAyMA,QzNMLTAwMzYyOnVjZWNfY3B0YWNfMjAyMA,94025,ucec_cptac_2020_protein_quantification,C3L-00362,C3L-00362,ucec_cptac_2020,0.221
QzNMLTAwMzYyOnVjZWNfY3B0YWNfMjAyMA,QzNMLTAwMzYyOnVjZWNfY3B0YWNfMjAyMA,6772,ucec_cptac_2020_protein_quantification,C3L-00362,C3L-00362,ucec_cptac_2020,-0.251
QzNMLTAwMzYyOnVjZWNfY3B0YWNfMjAyMA,QzNMLTAwMzYyOnVjZWNfY3B0YWNfMjAyMA,7040,ucec_cptac_2020_protein_quantification,C3L-00362,C3L-00362,ucec_cptac_2020,-0.396
QzNMLTAwMzYyOnVjZWNfY3B0YWNfMjAyMA,QzNMLTAwMzYyOnVjZWNfY3B0YWNfMjAyMA,79679,ucec_cptac_2020_protein_quantification,C3L-00362,C3L-00362,ucec_cptac_2020,-1.75
QzNMLTAwMzYyOnVjZWNfY3B0YWNfMjAyMA,QzNMLTAwMzYyOnVjZWNfY3B0YWNfMjAyMA,898,ucec_cptac_2020_protein_quantification,C3L-00362,C3L-00362,ucec_cptac_2020,-0.132
QzNMLTAwMzYyOnVjZWNfY3B0YWNfMjAyMA,QzNMLTAwMzYyOnVjZWNfY3B0YWNfMjAyMA,925,ucec_cptac_2020_protein_quantification,C3L-00362,C3L-00362,ucec_cptac_2020,-0.23
QzNMLTAwMzYyOnVjZWNfY3B0YWNfMjAyMA,QzNMLTAwMzYyOnVjZWNfY3B0YWNfMjAyMA,80381,ucec_cptac_2020_protein_quantification,C3L-00362,C3L-00362,ucec_cptac_2020,0.416
QzNMLTAwMzYyOnVjZWNfY3B0YWNfMjAyMA,QzNMLTAwMzYyOnVjZWNfY3B0YWNfMjAyMA,1515,ucec_cptac_2020_protein_quantification,C3L-00362,C3L-00362,ucec_cptac_2020,-1.99
QzNMLTAwNDEzOnVjZWNfY3B0YWNfMjAyMA,QzNMLTAwNDEzOnVjZWNfY3B0YWNfMjAyMA,3002,ucec_cptac_2020_protein_quantification,C3L-00413,C3L-00413,ucec_cptac_2020,0.291
QzNMLTAwNDEzOnVjZWNfY3B0YWNfMjAyMA,QzNMLTAwNDEzOnVjZWNfY3B0YWNfMjAyMA,3394,ucec_cptac_2020_protein_quantification,C3L-00413,C3L-00413,ucec_cptac_2020,-0.556
QzNMLTAwNDEzOnVjZWNfY3B0YWNfMjAyMA,QzNMLTAwNDEzOnVjZWNfY3B0YWNfMjAyMA,94025,ucec_cptac_2020_protein_quantification,C3L-00413,C3L-00413,ucec_cptac_2020,-0.707
QzNMLTAwNDEzOnVjZWNfY3B0YWNfMjAyMA,QzNMLTAwNDEzOnVjZWNfY3B0YWNfMjAyMA,6772,ucec_cptac_2020_protein_quantification,C3L-00413,C3L-00413,ucec_cptac_2020,-0.196
QzNMLTAwNDEzOnVjZWNfY3B0YWNfMjAyMA,QzNMLTAwNDEzOnVjZWNfY3B0YWNfMjAyMA,7040,ucec_cptac_2020_protein_quantification,C3L-00413,C3L-00413,ucec_cptac_2020,0.354
QzNMLTAwNDEzOnVjZWNfY3B0YWNfMjAyMA,QzNMLTAwNDEzOnVjZWNfY3B0YWNfMjAyMA,79679,ucec_cptac_2020_protein_quantification,C3L-00413,C3L-00413,ucec_cptac_2020,1.25
QzNMLTAwNDEzOnVjZWNfY3B0YWNfMjAyMA,QzNMLTAwNDEzOnVjZWNfY3B0YWNfMjAyMA,898,ucec_cptac_2020_protein_quantification,C3L-00413,C3L-00413,ucec_cptac_2020,-0.435
QzNMLTAwNDEzOnVjZWNfY3B0YWNfMjAyMA,QzNMLTAwNDEzOnVjZWNfY3B0YWNfMjAyMA,925,ucec_cptac_2020_protein_quantification,C3L-00413,C3L-00413,ucec_cptac_2020,-0.955
QzNMLTAwNDEzOnVjZWNfY3B0YWNfMjAyMA,QzNMLTAwNDEzOnVjZWNfY3B0YWNfMjAyMA,968,ucec_cptac_2020_protein_quantification,C3L-00413,C3L-00413,ucec_cptac_2020,0.446
QzNMLTAwNDEzOnVjZWNfY3B0YWNfMjAyMA,QzNMLTAwNDEzOnVjZWNfY3B0YWNfMjAyMA,29126,ucec_cptac_2020_protein_quantification,C3L-00413,C3L-00413,ucec_cptac_2020,-0.089
QzNMLTAwNDEzOnVjZWNfY3B0YWNfMjAyMA,QzNMLTAwNDEzOnVjZWNfY3B0YWNfMjAyMA,80381,ucec_cptac_2020_protein_quantification,C3L-00413,C3L-00413,ucec_cptac_2020,1.01
QzNMLTAwNDEzOnVjZWNfY3B0YWNfMjAyMA,QzNMLTAwNDEzOnVjZWNfY3B0YWNfMjAyMA,1515,ucec_cptac_2020_protein_quantification,C3L-00413,C3L-00413,ucec_cptac_2020,-1.01
QzNMLTAwNDQ5OnVjZWNfY3B0YWNfMjAyMA,QzNMLTAwNDQ5OnVjZWNfY3B0YWNfMjAyMA,94025,ucec_cptac_2020_protein_quantification,C3L-00449,C3L-00449,ucec_cptac_2020,1.13
QzNMLTAwNDQ5OnVjZWNfY3B0YWNfMjAyMA,QzNMLTAwNDQ5OnVjZWNfY3B0YWNfMjAyMA,6772,ucec_cptac_2020_protein_quantification,C3L-00449,C3L-00449,ucec_cptac_2020,0.894
QzNMLTAwNDQ5OnVjZWNfY3B0YWNfMjAyMA,QzNMLTAwNDQ5OnVjZWNfY3B0YWNfMjAyMA,7040,ucec_cptac_2020_protein_quantification,C3L-00449,C3L-00449,ucec_cptac_2020,0.195
QzNMLTAwNDQ5OnVjZWNfY3B0YWNfMjAyMA,QzNMLTAwNDQ5OnVjZWNfY3B0YWNfMjAyMA,79679,ucec_cptac_2020_protein_quantification,C3L-00449,C3L-00449,ucec_cptac_2020,0.475
QzNMLTAwNDQ5OnVjZWNfY3B0YWNfMjAyMA,QzNMLTAwNDQ5OnVjZWNfY3B0YWNfMjAyMA,898,ucec_cptac_2020_protein_quantification,C3L-00449,C3L-00449,ucec_cptac_2020,-0.415
QzNMLTAwNDQ5OnVjZWNfY3B0YWNfMjAyMA,QzNMLTAwNDQ5OnVjZWNfY3B0YWNfMjAyMA,925,ucec_cptac_2020_protein_quantification,C3L-00449,C3L-00449,ucec_cptac_2020,0.308
QzNMLTAwNDQ5OnVjZWNfY3B0YWNfMjAyMA,QzNMLTAwNDQ5OnVjZWNfY3B0YWNfMjAyMA,80381,ucec_cptac_2020_protein_quantification,C3L-00449,C3L-00449,ucec_cptac_2020,0.212
QzNMLTAwNDQ5OnVjZWNfY3B0YWNfMjAyMA,QzNMLTAwNDQ5OnVjZWNfY3B0YWNfMjAyMA,1515,ucec_cptac_2020_protein_quantification,C3L-00449,C3L-00449,ucec_cptac_2020,-0.809
QzNMLTAwNTYzOnVjZWNfY3B0YWNfMjAyMA,QzNMLTAwNTYzOnVjZWNfY3B0YWNfMjAyMA,94025,ucec_cptac_2020_protein_quantification,C3L-00563,C3L-00563,ucec_cptac_2020,0.302
QzNMLTAwNTYzOnVjZWNfY3B0YWNfMjAyMA,QzNMLTAwNTYzOnVjZWNfY3B0YWNfMjAyMA,6772,ucec_cptac_2020_protein_quantification,C3L-00563,C3L-00563,ucec_cptac_2020,-0.116
QzNMLTAwNTYzOnVjZWNfY3B0YWNfMjAyMA,QzNMLTAwNTYzOnVjZWNfY3B0YWNfMjAyMA,7040,ucec_cptac_2020_protein_quantification,C3L-00563,C3L-00563,ucec_cptac_2020,-0.37
QzNMLTAwNTYzOnVjZWNfY3B0YWNfMjAyMA,QzNMLTAwNTYzOnVjZWNfY3B0YWNfMjAyMA,79679,ucec_cptac_2020_protein_quantification,C3L-00563,C3L-00563,ucec_cptac_2020,-0.616
QzNMLTAwNTYzOnVjZWNfY3B0YWNfMjAyMA,QzNMLTAwNTYzOnVjZWNfY3B0YWNfMjAyMA,898,ucec_cptac_2020_protein_quantification,C3L-00563,C3L-00563,ucec_cptac_2020,-0.49
QzNMLTAwNTYzOnVjZWNfY3B0YWNfMjAyMA,QzNMLTAwNTYzOnVjZWNfY3B0YWNfMjAyMA,925,ucec_cptac_2020_protein_quantification,C3L-00563,C3L-00563,ucec_cptac_2020,-0.597
QzNMLTAwNTYzOnVjZWNfY3B0YWNfMjAyMA,QzNMLTAwNTYzOnVjZWNfY3B0YWNfMjAyMA,968,ucec_cptac_2020_protein_quantification,C3L-00563,C3L-00563,ucec_cptac_2020,-0.846
QzNMLTAwNTYzOnVjZWNfY3B0YWNfMjAyMA,QzNMLTAwNTYzOnVjZWNfY3B0YWNfMjAyMA,80381,ucec_cptac_2020_protein_quantification,C3L-00563,C3L-00563,ucec_cptac_2020,0.379
QzNMLTAwNTYzOnVjZWNfY3B0YWNfMjAyMA,QzNMLTAwNTYzOnVjZWNfY3B0YWNfMjAyMA,9074,ucec_cptac_2020_protein_quantification,C3L-00563,C3L-00563,ucec_cptac_2020,-1.45
QzNMLTAwNTYzOnVjZWNfY3B0YWNfMjAyMA,QzNMLTAwNTYzOnVjZWNfY3B0YWNfMjAyMA,1515,ucec_cptac_2020_protein_quantification,C3L-00563,C3L-00563,ucec_cptac_2020,-0.184
QzNMLTAwNTg2OnVjZWNfY3B0YWNfMjAyMA,QzNMLTAwNTg2OnVjZWNfY3B0YWNfMjAyMA,3002,ucec_cptac_2020_protein_quantification,C3L-00586,C3L-00586,ucec_cptac_2020,-0.335
QzNMLTAwNTg2OnVjZWNfY3B0YWNfMjAyMA,QzNMLTAwNTg2OnVjZWNfY3B0YWNfMjAyMA,84868,ucec_cptac_2020_protein_quantification,C3L-00586,C3L-00586,ucec_cptac_2020,0.959
QzNMLTAwNTg2OnVjZWNfY3B0YWNfMjAyMA,QzNMLTAwNTg2OnVjZWNfY3B0YWNfMjAyMA,94025,ucec_cptac_2020_protein_quantification,C3L-00586,C3L-00586,ucec_cptac_2020,-0.878
QzNMLTAwNTg2OnVjZWNfY3B0YWNfMjAyMA,QzNMLTAwNTg2OnVjZWNfY3B0YWNfMjAyMA,6772,ucec_cptac_2020_protein_quantification,C3L-00586,C3L-00586,ucec_cptac_2020,1.4
QzNMLTAwNTg2OnVjZWNfY3B0YWNfMjAyMA,QzNMLTAwNTg2OnVjZWNfY3B0YWNfMjAyMA,7040,ucec_cptac_2020_protein_quantification,C3L-00586,C3L-00586,ucec_cptac_2020,-0.304
QzNMLTAwNTg2OnVjZWNfY3B0YWNfMjAyMA,QzNMLTAwNTg2OnVjZWNfY3B0YWNfMjAyMA,79679,ucec_cptac_2020_protein_quantification,C3L-00586,C3L-00586,ucec_cptac_2020,-1.78
QzNMLTAwNTg2OnVjZWNfY3B0YWNfMjAyMA,QzNMLTAwNTg2OnVjZWNfY3B0YWNfMjAyMA,898,ucec_cptac_2020_protein_quantification,C3L-00586,C3L-00586,ucec_cptac_2020,0.806
QzNMLTAwNTg2OnVjZWNfY3B0YWNfMjAyMA,QzNMLTAwNTg2OnVjZWNfY3B0YWNfMjAyMA,925,ucec_cptac_2020_protein_quantification,C3L-00586,C3L-00586,ucec_cptac_2020,-0.0226
QzNMLTAwNTg2OnVjZWNfY3B0YWNfMjAyMA,QzNMLTAwNTg2OnVjZWNfY3B0YWNfMjAyMA,968,ucec_cptac_2020_protein_quantification,C3L-00586,C3L-00586,ucec_cptac_2020,-0.268
QzNMLTAwNTg2OnVjZWNfY3B0YWNfMjAyMA,QzNMLTAwNTg2OnVjZWNfY3B0YWNfMjAyMA,80381,ucec_cptac_2020_protein_quantification,C3L-00586,C3L-00586,ucec_cptac_2020,-0.318
QzNMLTAwNTg2OnVjZWNfY3B0YWNfMjAyMA,QzNMLTAwNTg2OnVjZWNfY3B0YWNfMjAyMA,1515,ucec_cptac_2020_protein_quantification,C3L-00586,C3L-00586,ucec_cptac_2020,-0.78
QzNMLTAwNjAxOnVjZWNfY3B0YWNfMjAyMA,QzNMLTAwNjAxOnVjZWNfY3B0YWNfMjAyMA,3002,ucec_cptac_2020_protein_quantification,C3L-00601,C3L-00601,ucec_cptac_2020,2.02
QzNMLTAwNjAxOnVjZWNfY3B0YWNfMjAyMA,QzNMLTAwNjAxOnVjZWNfY3B0YWNfMjAyMA,84868,ucec_cptac_2020_protein_quantification,C3L-00601,C3L-00601,ucec_cptac_2020,0.0772
QzNMLTAwNjAxOnVjZWNfY3B0YWNfMjAyMA,QzNMLTAwNjAxOnVjZWNfY3B0YWNfMjAyMA,94025,ucec_cptac_2020_protein_quantification,C3L-00601,C3L-00601,ucec_cptac_2020,-2.31
QzNMLTAwNjAxOnVjZWNfY3B0YWNfMjAyMA,QzNMLTAwNjAxOnVjZWNfY3B0YWNfMjAyMA,6772,ucec_cptac_2020_protein_quantification,C3L-00601,C3L-00601,ucec_cptac_2020,0.264
QzNMLTAwNjAxOnVjZWNfY3B0YWNfMjAyMA,QzNMLTAwNjAxOnVjZWNfY3B0YWNfMjAyMA,7040,ucec_cptac_2020_protein_quantification,C3L-00601,C3L-00601,ucec_cptac_2020,-0.417
QzNMLTAwNjAxOnVjZWNfY3B0YWNfMjAyMA,QzNMLTAwNjAxOnVjZWNfY3B0YWNfMjAyMA,79679,ucec_cptac_2020_protein_quantification,C3L-00601,C3L-00601,ucec_cptac_2020,1.34
QzNMLTAwNjAxOnVjZWNfY3B0YWNfMjAyMA,QzNMLTAwNjAxOnVjZWNfY3B0YWNfMjAyMA,898,ucec_cptac_2020_protein_quantification,C3L-00601,C3L-00601,ucec_cptac_2020,-0.322
QzNMLTAwNjAxOnVjZWNfY3B0YWNfMjAyMA,QzNMLTAwNjAxOnVjZWNfY3B0YWNfMjAyMA,925,ucec_cptac_2020_protein_quantification,C3L-00601,C3L-00601,ucec_cptac_2020,0.431
QzNMLTAwNjAxOnVjZWNfY3B0YWNfMjAyMA,QzNMLTAwNjAxOnVjZWNfY3B0YWNfMjAyMA,968,ucec_cptac_2020_protein_quantification,C3L-00601,C3L-00601,ucec_cptac_2020,-0.481
QzNMLTAwNjAxOnVjZWNfY3B0YWNfMjAyMA,QzNMLTAwNjAxOnVjZWNfY3B0YWNfMjAyMA,80381,ucec_cptac_2020_protein_quantification,C3L-00601,C3L-00601,ucec_cptac_2020,0.309
QzNMLTAwNjAxOnVjZWNfY3B0YWNfMjAyMA,QzNMLTAwNjAxOnVjZWNfY3B0YWNfMjAyMA,1515,ucec_cptac_2020_protein_quantification,C3L-00601,C3L-00601,ucec_cptac_2020,-0.697
QzNMLTAwNjA1OnVjZWNfY3B0YWNfMjAyMA,QzNMLTAwNjA1OnVjZWNfY3B0YWNfMjAyMA,3002,ucec_cptac_2020_protein_quantification,C3L-00605,C3L-00605,ucec_cptac_2020,-0.29
QzNMLTAwNjA1OnVjZWNfY3B0YWNfMjAyMA,QzNMLTAwNjA1OnVjZWNfY3B0YWNfMjAyMA,84868,ucec_cptac_2020_protein_quantification,C3L-00605,C3L-00605,ucec_cptac_2020,0.103
QzNMLTAwNjA1OnVjZWNfY3B0YWNfMjAyMA,QzNMLTAwNjA1OnVjZWNfY3B0YWNfMjAyMA,3394,ucec_cptac_2020_protein_quantification,C3L-00605,C3L-00605,ucec_cptac_2020,0.257
QzNMLTAwNjA1OnVjZWNfY3B0YWNfMjAyMA,QzNMLTAwNjA1OnVjZWNfY3B0YWNfMjAyMA,94025,ucec_cptac_2020_protein_quantification,C3L-00605,C3L-00605,ucec_cptac_2020,1.25
QzNMLTAwNjA1OnVjZWNfY3B0YWNfMjAyMA,QzNMLTAwNjA1OnVjZWNfY3B0YWNfMjAyMA,6772,ucec_cptac_2020_protein_quantification,C3L-00605,C3L-00605,ucec_cptac_2020,0.031
QzNMLTAwNjA1OnVjZWNfY3B0YWNfMjAyMA,QzNMLTAwNjA1OnVjZWNfY3B0YWNfMjAyMA,7040,ucec_cptac_2020_protein_quantification,C3L-00605,C3L-00605,ucec_cptac_2020,-0.587
QzNMLTAwNjA1OnVjZWNfY3B0YWNfMjAyMA,QzNMLTAwNjA1OnVjZWNfY3B0YWNfMjAyMA,79679,ucec_cptac_2020_protein_quantification,C3L-00605,C3L-00605,ucec_cptac_2020,2.44
QzNMLTAwNjA1OnVjZWNfY3B0YWNfMjAyMA,QzNMLTAwNjA1OnVjZWNfY3B0YWNfMjAyMA,898,ucec_cptac_2020_protein_quantification,C3L-00605,C3L-00605,ucec_cptac_2020,0.201
QzNMLTAwNjA1OnVjZWNfY3B0YWNfMjAyMA,QzNMLTAwNjA1OnVjZWNfY3B0YWNfMjAyMA,925,ucec_cptac_2020_protein_quantification,C3L-00605,C3L-00605,ucec_cptac_2020,0.142
QzNMLTAwNjA1OnVjZWNfY3B0YWNfMjAyMA,QzNMLTAwNjA1OnVjZWNfY3B0YWNfMjAyMA,968,ucec_cptac_2020_protein_quantification,C3L-00605,C3L-00605,ucec_cptac_2020,0.254
QzNMLTAwNjA1OnVjZWNfY3B0YWNfMjAyMA,QzNMLTAwNjA1OnVjZWNfY3B0YWNfMjAyMA,29126,ucec_cptac_2020_protein_quantification,C3L-00605,C3L-00605,ucec_cptac_2020,-0.493
QzNMLTAwNjA1OnVjZWNfY3B0YWNfMjAyMA,QzNMLTAwNjA1OnVjZWNfY3B0YWNfMjAyMA,80381,ucec_cptac_2020_protein_quantification,C3L-00605,C3L-00605,ucec_cptac_2020,0.309
QzNMLTAwNjA1OnVjZWNfY3B0YWNfMjAyMA,QzNMLTAwNjA1OnVjZWNfY3B0YWNfMjAyMA,1515,ucec_cptac_2020_protein_quantification,C3L-00605,C3L-00605,ucec_cptac_2020,0.761
QzNMLTAwNjA1OnVjZWNfY3B0YWNfMjAyMA,QzNMLTAwNjA1OnVjZWNfY3B0YWNfMjAyMA,4283,ucec_cptac_2020_protein_quantification,C3L-00605,C3L-00605,ucec_cptac_2020,-0.309
QzNMLTAwNzY3OnVjZWNfY3B0YWNfMjAyMA,QzNMLTAwNzY3OnVjZWNfY3B0YWNfMjAyMA,3002,ucec_cptac_2020_protein_quantification,C3L-00767,C3L-00767,ucec_cptac_2020,-0.183
QzNMLTAwNzY3OnVjZWNfY3B0YWNfMjAyMA,QzNMLTAwNzY3OnVjZWNfY3B0YWNfMjAyMA,84868,ucec_cptac_2020_protein_quantification,C3L-00767,C3L-00767,ucec_cptac_2020,-0.162
QzNMLTAwNzY3OnVjZWNfY3B0YWNfMjAyMA,QzNMLTAwNzY3OnVjZWNfY3B0YWNfMjAyMA,3394,ucec_cptac_2020_protein_quantification,C3L-00767,C3L-00767,ucec_cptac_2020,0.0833
QzNMLTAwNzY3OnVjZWNfY3B0YWNfMjAyMA,QzNMLTAwNzY3OnVjZWNfY3B0YWNfMjAyMA,94025,ucec_cptac_2020_protein_quantification,C3L-00767,C3L-00767,ucec_cptac_2020,-1.1
QzNMLTAwNzY3OnVjZWNfY3B0YWNfMjAyMA,QzNMLTAwNzY3OnVjZWNfY3B0YWNfMjAyMA,6772,ucec_cptac_2020_protein_quantification,C3L-00767,C3L-00767,ucec_cptac_2020,-0.233
QzNMLTAwNzY3OnVjZWNfY3B0YWNfMjAyMA,QzNMLTAwNzY3OnVjZWNfY3B0YWNfMjAyMA,7040,ucec_cptac_2020_protein_quantification,C3L-00767,C3L-00767,ucec_cptac_2020,-0.708
QzNMLTAwNzY3OnVjZWNfY3B0YWNfMjAyMA,QzNMLTAwNzY3OnVjZWNfY3B0YWNfMjAyMA,79679,ucec_cptac_2020_protein_quantification,C3L-00767,C3L-00767,ucec_cptac_2020,0.269
QzNMLTAwNzY3OnVjZWNfY3B0YWNfMjAyMA,QzNMLTAwNzY3OnVjZWNfY3B0YWNfMjAyMA,898,ucec_cptac_2020_protein_quantification,C3L-00767,C3L-00767,ucec_cptac_2020,-0.0425
QzNMLTAwNzY3OnVjZWNfY3B0YWNfMjAyMA,QzNMLTAwNzY3OnVjZWNfY3B0YWNfMjAyMA,925,ucec_cptac_2020_protein_quantification,C3L-00767,C3L-00767,ucec_cptac_2020,-1.52
QzNMLTAwNzY3OnVjZWNfY3B0YWNfMjAyMA,QzNMLTAwNzY3OnVjZWNfY3B0YWNfMjAyMA,968,ucec_cptac_2020_protein_quantification,C3L-00767,C3L-00767,ucec_cptac_2020,-0.647
QzNMLTAwNzY3OnVjZWNfY3B0YWNfMjAyMA,QzNMLTAwNzY3OnVjZWNfY3B0YWNfMjAyMA,29126,ucec_cptac_2020_protein_quantification,C3L-00767,C3L-00767,ucec_cptac_2020,-0.317
QzNMLTAwNzY3OnVjZWNfY3B0YWNfMjAyMA,QzNMLTAwNzY3OnVjZWNfY3B0YWNfMjAyMA,80381,ucec_cptac_2020_protein_quantification,C3L-00767,C3L-00767,ucec_cptac_2020,0.834
QzNMLTAwNzY3OnVjZWNfY3B0YWNfMjAyMA,QzNMLTAwNzY3OnVjZWNfY3B0YWNfMjAyMA,1515,ucec_cptac_2020_protein_quantification,C3L-00767,C3L-00767,ucec_cptac_2020,0.0013
QzNMLTAwNzY3OnVjZWNfY3B0YWNfMjAyMA,QzNMLTAwNzY3OnVjZWNfY3B0YWNfMjAyMA,4283,ucec_cptac_2020_protein_quantification,C3L-00767,C3L-00767,ucec_cptac_2020,-0.368
QzNMLTAwNzY5OnVjZWNfY3B0YWNfMjAyMA,QzNMLTAwNzY5OnVjZWNfY3B0YWNfMjAyMA,94025,ucec_cptac_2020_protein_quantification,C3L-00769,C3L-00769,ucec_cptac_2020,0.876
QzNMLTAwNzY5OnVjZWNfY3B0YWNfMjAyMA,QzNMLTAwNzY5OnVjZWNfY3B0YWNfMjAyMA,6772,ucec_cptac_2020_protein_quantification,C3L-00769,C3L-00769,ucec_cptac_2020,0.518
QzNMLTAwNzY5OnVjZWNfY3B0YWNfMjAyMA,QzNMLTAwNzY5OnVjZWNfY3B0YWNfMjAyMA,7040,ucec_cptac_2020_protein_quantification,C3L-00769,C3L-00769,ucec_cptac_2020,-0.17
QzNMLTAwNzY5OnVjZWNfY3B0YWNfMjAyMA,QzNMLTAwNzY5OnVjZWNfY3B0YWNfMjAyMA,79679,ucec_cptac_2020_protein_quantification,C3L-00769,C3L-00769,ucec_cptac_2020,0.742
QzNMLTAwNzY5OnVjZWNfY3B0YWNfMjAyMA,QzNMLTAwNzY5OnVjZWNfY3B0YWNfMjAyMA,898,ucec_cptac_2020_protein_quantification,C3L-00769,C3L-00769,ucec_cptac_2020,-0.295
QzNMLTAwNzY5OnVjZWNfY3B0YWNfMjAyMA,QzNMLTAwNzY5OnVjZWNfY3B0YWNfMjAyMA,925,ucec_cptac_2020_protein_quantification,C3L-00769,C3L-00769,ucec_cptac_2020,-0.463
QzNMLTAwNzY5OnVjZWNfY3B0YWNfMjAyMA,QzNMLTAwNzY5OnVjZWNfY3B0YWNfMjAyMA,80381,ucec_cptac_2020_protein_quantification,C3L-00769,C3L-00769,ucec_cptac_2020,0.0607
QzNMLTAwNzY5OnVjZWNfY3B0YWNfMjAyMA,QzNMLTAwNzY5OnVjZWNfY3B0YWNfMjAyMA,1515,ucec_cptac_2020_protein_quantification,C3L-00769,C3L-00769,ucec_cptac_2020,0.294
QzNMLTAwNzcwOnVjZWNfY3B0YWNfMjAyMA,QzNMLTAwNzcwOnVjZWNfY3B0YWNfMjAyMA,84868,ucec_cptac_2020_protein_quantification,C3L-00770,C3L-00770,ucec_cptac_2020,0.404
QzNMLTAwNzcwOnVjZWNfY3B0YWNfMjAyMA,QzNMLTAwNzcwOnVjZWNfY3B0YWNfMjAyMA,3394,ucec_cptac_2020_protein_quantification,C3L-00770,C3L-00770,ucec_cptac_2020,-0.496
QzNMLTAwNzcwOnVjZWNfY3B0YWNfMjAyMA,QzNMLTAwNzcwOnVjZWNfY3B0YWNfMjAyMA,94025,ucec_cptac_2020_protein_quantification,C3L-00770,C3L-00770,ucec_cptac_2020,2.35
QzNMLTAwNzcwOnVjZWNfY3B0YWNfMjAyMA,QzNMLTAwNzcwOnVjZWNfY3B0YWNfMjAyMA,6772,ucec_cptac_2020_protein_quantification,C3L-00770,C3L-00770,ucec_cptac_2020,0.238
QzNMLTAwNzcwOnVjZWNfY3B0YWNfMjAyMA,QzNMLTAwNzcwOnVjZWNfY3B0YWNfMjAyMA,7040,ucec_cptac_2020_protein_quantification,C3L-00770,C3L-00770,ucec_cptac_2020,-0.27
QzNMLTAwNzcwOnVjZWNfY3B0YWNfMjAyMA,QzNMLTAwNzcwOnVjZWNfY3B0YWNfMjAyMA,79679,ucec_cptac_2020_protein_quantification,C3L-00770,C3L-00770,ucec_cptac_2020,1.54
QzNMLTAwNzcwOnVjZWNfY3B0YWNfMjAyMA,QzNMLTAwNzcwOnVjZWNfY3B0YWNfMjAyMA,898,ucec_cptac_2020_protein_quantification,C3L-00770,C3L-00770,ucec_cptac_2020,0.676
QzNMLTAwNzcwOnVjZWNfY3B0YWNfMjAyMA,QzNMLTAwNzcwOnVjZWNfY3B0YWNfMjAyMA,925,ucec_cptac_2020_protein_quantification,C3L-00770,C3L-00770,ucec_cptac_2020,-0.328
QzNMLTAwNzcwOnVjZWNfY3B0YWNfMjAyMA,QzNMLTAwNzcwOnVjZWNfY3B0YWNfMjAyMA,80381,ucec_cptac_2020_protein_quantification,C3L-00770,C3L-00770,ucec_cptac_2020,0.718
QzNMLTAwNzcwOnVjZWNfY3B0YWNfMjAyMA,QzNMLTAwNzcwOnVjZWNfY3B0YWNfMjAyMA,1515,ucec_cptac_2020_protein_quantification,C3L-00770,C3L-00770,ucec_cptac_2020,2.42
QzNMLTAwNzcxOnVjZWNfY3B0YWNfMjAyMA,QzNMLTAwNzcxOnVjZWNfY3B0YWNfMjAyMA,94025,ucec_cptac_2020_protein_quantification,C3L-00771,C3L-00771,ucec_cptac_2020,-0.694
QzNMLTAwNzcxOnVjZWNfY3B0YWNfMjAyMA,QzNMLTAwNzcxOnVjZWNfY3B0YWNfMjAyMA,6772,ucec_cptac_2020_protein_quantification,C3L-00771,C3L-00771,ucec_cptac_2020,-0.301
QzNMLTAwNzcxOnVjZWNfY3B0YWNfMjAyMA,QzNMLTAwNzcxOnVjZWNfY3B0YWNfMjAyMA,7040,ucec_cptac_2020_protein_quantification,C3L-00771,C3L-00771,ucec_cptac_2020,0.13
QzNMLTAwNzcxOnVjZWNfY3B0YWNfMjAyMA,QzNMLTAwNzcxOnVjZWNfY3B0YWNfMjAyMA,79679,ucec_cptac_2020_protein_quantification,C3L-00771,C3L-00771,ucec_cptac_2020,-0.296
QzNMLTAwNzcxOnVjZWNfY3B0YWNfMjAyMA,QzNMLTAwNzcxOnVjZWNfY3B0YWNfMjAyMA,898,ucec_cptac_2020_protein_quantification,C3L-00771,C3L-00771,ucec_cptac_2020,-0.0361
QzNMLTAwNzcxOnVjZWNfY3B0YWNfMjAyMA,QzNMLTAwNzcxOnVjZWNfY3B0YWNfMjAyMA,925,ucec_cptac_2020_protein_quantification,C3L-00771,C3L-00771,ucec_cptac_2020,0.166
QzNMLTAwNzcxOnVjZWNfY3B0YWNfMjAyMA,QzNMLTAwNzcxOnVjZWNfY3B0YWNfMjAyMA,968,ucec_cptac_2020_protein_quantification,C3L-00771,C3L-00771,ucec_cptac_2020,-0.278
QzNMLTAwNzcxOnVjZWNfY3B0YWNfMjAyMA,QzNMLTAwNzcxOnVjZWNfY3B0YWNfMjAyMA,80381,ucec_cptac_2020_protein_quantification,C3L-00771,C3L-00771,ucec_cptac_2020,-0.14
QzNMLTAwNzcxOnVjZWNfY3B0YWNfMjAyMA,QzNMLTAwNzcxOnVjZWNfY3B0YWNfMjAyMA,9074,ucec_cptac_2020_protein_quantification,C3L-00771,C3L-00771,ucec_cptac_2020,0.0185
QzNMLTAwNzcxOnVjZWNfY3B0YWNfMjAyMA,QzNMLTAwNzcxOnVjZWNfY3B0YWNfMjAyMA,1515,ucec_cptac_2020_protein_quantification,C3L-00771,C3L-00771,ucec_cptac_2020,-0.154
QzNMLTAwNzgwOnVjZWNfY3B0YWNfMjAyMA,QzNMLTAwNzgwOnVjZWNfY3B0YWNfMjAyMA,3002,ucec_cptac_2020_protein_quantification,C3L-00780,C3L-00780,ucec_cptac_2020,0.243
QzNMLTAwNzgwOnVjZWNfY3B0YWNfMjAyMA,QzNMLTAwNzgwOnVjZWNfY3B0YWNfMjAyMA,84868,ucec_cptac_2020_protein_quantification,C3L-00780,C3L-00780,ucec_cptac_2020,-0.244
QzNMLTAwNzgwOnVjZWNfY3B0YWNfMjAyMA,QzNMLTAwNzgwOnVjZWNfY3B0YWNfMjAyMA,3394,ucec_cptac_2020_protein_quantification,C3L-00780,C3L-00780,ucec_cptac_2020,0.399
QzNMLTAwNzgwOnVjZWNfY3B0YWNfMjAyMA,QzNMLTAwNzgwOnVjZWNfY3B0YWNfMjAyMA,94025,ucec_cptac_2020_protein_quantification,C3L-00780,C3L-00780,ucec_cptac_2020,2.76
QzNMLTAwNzgwOnVjZWNfY3B0YWNfMjAyMA,QzNMLTAwNzgwOnVjZWNfY3B0YWNfMjAyMA,6772,ucec_cptac_2020_protein_quantification,C3L-00780,C3L-00780,ucec_cptac_2020,-0.0072
QzNMLTAwNzgwOnVjZWNfY3B0YWNfMjAyMA,QzNMLTAwNzgwOnVjZWNfY3B0YWNfMjAyMA,7040,ucec_cptac_2020_protein_quantification,C3L-00780,C3L-00780,ucec_cptac_2020,0.353
QzNMLTAwNzgwOnVjZWNfY3B0YWNfMjAyMA,QzNMLTAwNzgwOnVjZWNfY3B0YWNfMjAyMA,79679,ucec_cptac_2020_protein_quantification,C3L-00780,C3L-00780,ucec_cptac_2020,0.387
QzNMLTAwNzgwOnVjZWNfY3B0YWNfMjAyMA,QzNMLTAwNzgwOnVjZWNfY3B0YWNfMjAyMA,898,ucec_cptac_2020_protein_quantification,C3L-00780,C3L-00780,ucec_cptac_2020,0.194
QzNMLTAwNzgwOnVjZWNfY3B0YWNfMjAyMA,QzNMLTAwNzgwOnVjZWNfY3B0YWNfMjAyMA,925,ucec_cptac_2020_protein_quantification,C3L-00780,C3L-00780,ucec_cptac_2020,-0.272
QzNMLTAwNzgwOnVjZWNfY3B0YWNfMjAyMA,QzNMLTAwNzgwOnVjZWNfY3B0YWNfMjAyMA,29126,ucec_cptac_2020_protein_quantification,C3L-00780,C3L-00780,ucec_cptac_2020,0.287
QzNMLTAwNzgwOnVjZWNfY3B0YWNfMjAyMA,QzNMLTAwNzgwOnVjZWNfY3B0YWNfMjAyMA,80381,ucec_cptac_2020_protein_quantification,C3L-00780,C3L-00780,ucec_cptac_2020,0.341
QzNMLTAwNzgwOnVjZWNfY3B0YWNfMjAyMA,QzNMLTAwNzgwOnVjZWNfY3B0YWNfMjAyMA,1515,ucec_cptac_2020_protein_quantification,C3L-00780,C3L-00780,ucec_cptac_2020,-0.0445
QzNMLTAwOTA1OnVjZWNfY3B0YWNfMjAyMA,QzNMLTAwOTA1OnVjZWNfY3B0YWNfMjAyMA,3002,ucec_cptac_2020_protein_quantification,C3L-00905,C3L-00905,ucec_cptac_2020,0.0266
QzNMLTAwOTA1OnVjZWNfY3B0YWNfMjAyMA,QzNMLTAwOTA1OnVjZWNfY3B0YWNfMjAyMA,84868,ucec_cptac_2020_protein_quantification,C3L-00905,C3L-00905,ucec_cptac_2020,-0.478
QzNMLTAwOTA1OnVjZWNfY3B0YWNfMjAyMA,QzNMLTAwOTA1OnVjZWNfY3B0YWNfMjAyMA,94025,ucec_cptac_2020_protein_quantification,C3L-00905,C3L-00905,ucec_cptac_2020,0.153
QzNMLTAwOTA1OnVjZWNfY3B0YWNfMjAyMA,QzNMLTAwOTA1OnVjZWNfY3B0YWNfMjAyMA,6772,ucec_cptac_2020_protein_quantification,C3L-00905,C3L-00905,ucec_cptac_2020,1.45
QzNMLTAwOTA1OnVjZWNfY3B0YWNfMjAyMA,QzNMLTAwOTA1OnVjZWNfY3B0YWNfMjAyMA,7040,ucec_cptac_2020_protein_quantification,C3L-00905,C3L-00905,ucec_cptac_2020,-0.844
QzNMLTAwOTA1OnVjZWNfY3B0YWNfMjAyMA,QzNMLTAwOTA1OnVjZWNfY3B0YWNfMjAyMA,79679,ucec_cptac_2020_protein_quantification,C3L-00905,C3L-00905,ucec_cptac_2020,2.07
QzNMLTAwOTA1OnVjZWNfY3B0YWNfMjAyMA,QzNMLTAwOTA1OnVjZWNfY3B0YWNfMjAyMA,898,ucec_cptac_2020_protein_quantification,C3L-00905,C3L-00905,ucec_cptac_2020,-0.108
QzNMLTAwOTA1OnVjZWNfY3B0YWNfMjAyMA,QzNMLTAwOTA1OnVjZWNfY3B0YWNfMjAyMA,925,ucec_cptac_2020_protein_quantification,C3L-00905,C3L-00905,ucec_cptac_2020,-0.288
QzNMLTAwOTA1OnVjZWNfY3B0YWNfMjAyMA,QzNMLTAwOTA1OnVjZWNfY3B0YWNfMjAyMA,80381,ucec_cptac_2020_protein_quantification,C3L-00905,C3L-00905,ucec_cptac_2020,0.114
QzNMLTAwOTA1OnVjZWNfY3B0YWNfMjAyMA,QzNMLTAwOTA1OnVjZWNfY3B0YWNfMjAyMA,9074,ucec_cptac_2020_protein_quantification,C3L-00905,C3L-00905,ucec_cptac_2020,4.15
QzNMLTAwOTA1OnVjZWNfY3B0YWNfMjAyMA,QzNMLTAwOTA1OnVjZWNfY3B0YWNfMjAyMA,1515,ucec_cptac_2020_protein_quantification,C3L-00905,C3L-00905,ucec_cptac_2020,1.55
QzNMLTAwOTE4OnVjZWNfY3B0YWNfMjAyMA,QzNMLTAwOTE4OnVjZWNfY3B0YWNfMjAyMA,3002,ucec_cptac_2020_protein_quantification,C3L-00918,C3L-00918,ucec_cptac_2020,-0.527
QzNMLTAwOTE4OnVjZWNfY3B0YWNfMjAyMA,QzNMLTAwOTE4OnVjZWNfY3B0YWNfMjAyMA,84868,ucec_cptac_2020_protein_quantification,C3L-00918,C3L-00918,ucec_cptac_2020,-0.557
QzNMLTAwOTE4OnVjZWNfY3B0YWNfMjAyMA,QzNMLTAwOTE4OnVjZWNfY3B0YWNfMjAyMA,3394,ucec_cptac_2020_protein_quantification,C3L-00918,C3L-00918,ucec_cptac_2020,-0.141
QzNMLTAwOTE4OnVjZWNfY3B0YWNfMjAyMA,QzNMLTAwOTE4OnVjZWNfY3B0YWNfMjAyMA,94025,ucec_cptac_2020_protein_quantification,C3L-00918,C3L-00918,ucec_cptac_2020,1.3
QzNMLTAwOTE4OnVjZWNfY3B0YWNfMjAyMA,QzNMLTAwOTE4OnVjZWNfY3B0YWNfMjAyMA,6772,ucec_cptac_2020_protein_quantification,C3L-00918,C3L-00918,ucec_cptac_2020,0.637
QzNMLTAwOTE4OnVjZWNfY3B0YWNfMjAyMA,QzNMLTAwOTE4OnVjZWNfY3B0YWNfMjAyMA,7040,ucec_cptac_2020_protein_quantification,C3L-00918,C3L-00918,ucec_cptac_2020,0.125
QzNMLTAwOTE4OnVjZWNfY3B0YWNfMjAyMA,QzNMLTAwOTE4OnVjZWNfY3B0YWNfMjAyMA,79679,ucec_cptac_2020_protein_quantification,C3L-00918,C3L-00918,ucec_cptac_2020,1.12
QzNMLTAwOTE4OnVjZWNfY3B0YWNfMjAyMA,QzNMLTAwOTE4OnVjZWNfY3B0YWNfMjAyMA,898,ucec_cptac_2020_protein_quantification,C3L-00918,C3L-00918,ucec_cptac_2020,-0.125
QzNMLTAwOTE4OnVjZWNfY3B0YWNfMjAyMA,QzNMLTAwOTE4OnVjZWNfY3B0YWNfMjAyMA,925,ucec_cptac_2020_protein_quantification,C3L-00918,C3L-00918,ucec_cptac_2020,-0.323
QzNMLTAwOTE4OnVjZWNfY3B0YWNfMjAyMA,QzNMLTAwOTE4OnVjZWNfY3B0YWNfMjAyMA,29126,ucec_cptac_2020_protein_quantification,C3L-00918,C3L-00918,ucec_cptac_2020,-0.0663
QzNMLTAwOTE4OnVjZWNfY3B0YWNfMjAyMA,QzNMLTAwOTE4OnVjZWNfY3B0YWNfMjAyMA,80381,ucec_cptac_2020_protein_quantification,C3L-00918,C3L-00918,ucec_cptac_2020,0.403
QzNMLTAwOTE4OnVjZWNfY3B0YWNfMjAyMA,QzNMLTAwOTE4OnVjZWNfY3B0YWNfMjAyMA,1515,ucec_cptac_2020_protein_quantification,C3L-00918,C3L-00918,ucec_cptac_2020,0.259
QzNMLTAwOTIxOnVjZWNfY3B0YWNfMjAyMA,QzNMLTAwOTIxOnVjZWNfY3B0YWNfMjAyMA,3002,ucec_cptac_2020_protein_quantification,C3L-00921,C3L-00921,ucec_cptac_2020,-0.621
QzNMLTAwOTIxOnVjZWNfY3B0YWNfMjAyMA,QzNMLTAwOTIxOnVjZWNfY3B0YWNfMjAyMA,84868,ucec_cptac_2020_protein_quantification,C3L-00921,C3L-00921,ucec_cptac_2020,-0.0406
QzNMLTAwOTIxOnVjZWNfY3B0YWNfMjAyMA,QzNMLTAwOTIxOnVjZWNfY3B0YWNfMjAyMA,3394,ucec_cptac_2020_protein_quantification,C3L-00921,C3L-00921,ucec_cptac_2020,0.127
QzNMLTAwOTIxOnVjZWNfY3B0YWNfMjAyMA,QzNMLTAwOTIxOnVjZWNfY3B0YWNfMjAyMA,94025,ucec_cptac_2020_protein_quantification,C3L-00921,C3L-00921,ucec_cptac_2020,2.73
QzNMLTAwOTIxOnVjZWNfY3B0YWNfMjAyMA,QzNMLTAwOTIxOnVjZWNfY3B0YWNfMjAyMA,6772,ucec_cptac_2020_protein_quantification,C3L-00921,C3L-00921,ucec_cptac_2020,-0.927
QzNMLTAwOTIxOnVjZWNfY3B0YWNfMjAyMA,QzNMLTAwOTIxOnVjZWNfY3B0YWNfMjAyMA,7040,ucec_cptac_2020_protein_quantification,C3L-00921,C3L-00921,ucec_cptac_2020,-0.318
QzNMLTAwOTIxOnVjZWNfY3B0YWNfMjAyMA,QzNMLTAwOTIxOnVjZWNfY3B0YWNfMjAyMA,79679,ucec_cptac_2020_protein_quantification,C3L-00921,C3L-00921,ucec_cptac_2020,2.99
QzNMLTAwOTIxOnVjZWNfY3B0YWNfMjAyMA,QzNMLTAwOTIxOnVjZWNfY3B0YWNfMjAyMA,898,ucec_cptac_2020_protein_quantification,C3L-00921,C3L-00921,ucec_cptac_2020,0.0546
QzNMLTAwOTIxOnVjZWNfY3B0YWNfMjAyMA,QzNMLTAwOTIxOnVjZWNfY3B0YWNfMjAyMA,925,ucec_cptac_2020_protein_quantification,C3L-00921,C3L-00921,ucec_cptac_2020,-0.249
QzNMLTAwOTIxOnVjZWNfY3B0YWNfMjAyMA,QzNMLTAwOTIxOnVjZWNfY3B0YWNfMjAyMA,80381,ucec_cptac_2020_protein_quantification,C3L-00921,C3L-00921,ucec_cptac_2020,0.535
QzNMLTAwOTIxOnVjZWNfY3B0YWNfMjAyMA,QzNMLTAwOTIxOnVjZWNfY3B0YWNfMjAyMA,9074,ucec_cptac_2020_protein_quantification,C3L-00921,C3L-00921,ucec_cptac_2020,-0.307
QzNMLTAwOTIxOnVjZWNfY3B0YWNfMjAyMA,QzNMLTAwOTIxOnVjZWNfY3B0YWNfMjAyMA,1515,ucec_cptac_2020_protein_quantification,C3L-00921,C3L-00921,ucec_cptac_2020,4.72
QzNMLTAwOTMyOnVjZWNfY3B0YWNfMjAyMA,QzNMLTAwOTMyOnVjZWNfY3B0YWNfMjAyMA,94025,ucec_cptac_2020_protein_quantification,C3L-00932,C3L-00932,ucec_cptac_2020,0.646
QzNMLTAwOTMyOnVjZWNfY3B0YWNfMjAyMA,QzNMLTAwOTMyOnVjZWNfY3B0YWNfMjAyMA,6772,ucec_cptac_2020_protein_quantification,C3L-00932,C3L-00932,ucec_cptac_2020,-0.45
QzNMLTAwOTMyOnVjZWNfY3B0YWNfMjAyMA,QzNMLTAwOTMyOnVjZWNfY3B0YWNfMjAyMA,7040,ucec_cptac_2020_protein_quantification,C3L-00932,C3L-00932,ucec_cptac_2020,-0.254
QzNMLTAwOTMyOnVjZWNfY3B0YWNfMjAyMA,QzNMLTAwOTMyOnVjZWNfY3B0YWNfMjAyMA,79679,ucec_cptac_2020_protein_quantification,C3L-00932,C3L-00932,ucec_cptac_2020,2.39
QzNMLTAwOTMyOnVjZWNfY3B0YWNfMjAyMA,QzNMLTAwOTMyOnVjZWNfY3B0YWNfMjAyMA,898,ucec_cptac_2020_protein_quantification,C3L-00932,C3L-00932,ucec_cptac_2020,-0.383
QzNMLTAwOTMyOnVjZWNfY3B0YWNfMjAyMA,QzNMLTAwOTMyOnVjZWNfY3B0YWNfMjAyMA,968,ucec_cptac_2020_protein_quantification,C3L-00932,C3L-00932,ucec_cptac_2020,-0.446
QzNMLTAwOTMyOnVjZWNfY3B0YWNfMjAyMA,QzNMLTAwOTMyOnVjZWNfY3B0YWNfMjAyMA,80381,ucec_cptac_2020_protein_quantification,C3L-00932,C3L-00932,ucec_cptac_2020,-0.323
QzNMLTAwOTMyOnVjZWNfY3B0YWNfMjAyMA,QzNMLTAwOTMyOnVjZWNfY3B0YWNfMjAyMA,1515,ucec_cptac_2020_protein_quantification,C3L-00932,C3L-00932,ucec_cptac_2020,2.13
QzNMLTAwOTQyOnVjZWNfY3B0YWNfMjAyMA,QzNMLTAwOTQyOnVjZWNfY3B0YWNfMjAyMA,3002,ucec_cptac_2020_protein_quantification,C3L-00942,C3L-00942,ucec_cptac_2020,-0.815
QzNMLTAwOTQyOnVjZWNfY3B0YWNfMjAyMA,QzNMLTAwOTQyOnVjZWNfY3B0YWNfMjAyMA,84868,ucec_cptac_2020_protein_quantification,C3L-00942,C3L-00942,ucec_cptac_2020,-0.28
QzNMLTAwOTQyOnVjZWNfY3B0YWNfMjAyMA,QzNMLTAwOTQyOnVjZWNfY3B0YWNfMjAyMA,3394,ucec_cptac_2020_protein_quantification,C3L-00942,C3L-00942,ucec_cptac_2020,0.277
QzNMLTAwOTQyOnVjZWNfY3B0YWNfMjAyMA,QzNMLTAwOTQyOnVjZWNfY3B0YWNfMjAyMA,94025,ucec_cptac_2020_protein_quantification,C3L-00942,C3L-00942,ucec_cptac_2020,1.79
QzNMLTAwOTQyOnVjZWNfY3B0YWNfMjAyMA,QzNMLTAwOTQyOnVjZWNfY3B0YWNfMjAyMA,6772,ucec_cptac_2020_protein_quantification,C3L-00942,C3L-00942,ucec_cptac_2020,0.165
QzNMLTAwOTQyOnVjZWNfY3B0YWNfMjAyMA,QzNMLTAwOTQyOnVjZWNfY3B0YWNfMjAyMA,7040,ucec_cptac_2020_protein_quantification,C3L-00942,C3L-00942,ucec_cptac_2020,-0.132
QzNMLTAwOTQyOnVjZWNfY3B0YWNfMjAyMA,QzNMLTAwOTQyOnVjZWNfY3B0YWNfMjAyMA,79679,ucec_cptac_2020_protein_quantification,C3L-00942,C3L-00942,ucec_cptac_2020,1.36
QzNMLTAwOTQyOnVjZWNfY3B0YWNfMjAyMA,QzNMLTAwOTQyOnVjZWNfY3B0YWNfMjAyMA,898,ucec_cptac_2020_protein_quantification,C3L-00942,C3L-00942,ucec_cptac_2020,-0.51
QzNMLTAwOTQyOnVjZWNfY3B0YWNfMjAyMA,QzNMLTAwOTQyOnVjZWNfY3B0YWNfMjAyMA,925,ucec_cptac_2020_protein_quantification,C3L-00942,C3L-00942,ucec_cptac_2020,0.544
QzNMLTAwOTQyOnVjZWNfY3B0YWNfMjAyMA,QzNMLTAwOTQyOnVjZWNfY3B0YWNfMjAyMA,968,ucec_cptac_2020_protein_quantification,C3L-00942,C3L-00942,ucec_cptac_2020,0.0387
QzNMLTAwOTQyOnVjZWNfY3B0YWNfMjAyMA,QzNMLTAwOTQyOnVjZWNfY3B0YWNfMjAyMA,29126,ucec_cptac_2020_protein_quantification,C3L-00942,C3L-00942,ucec_cptac_2020,0.0784
QzNMLTAwOTQyOnVjZWNfY3B0YWNfMjAyMA,QzNMLTAwOTQyOnVjZWNfY3B0YWNfMjAyMA,80381,ucec_cptac_2020_protein_quantification,C3L-00942,C3L-00942,ucec_cptac_2020,-0.369
QzNMLTAwOTQyOnVjZWNfY3B0YWNfMjAyMA,QzNMLTAwOTQyOnVjZWNfY3B0YWNfMjAyMA,1515,ucec_cptac_2020_protein_quantification,C3L-00942,C3L-00942,ucec_cptac_2020,1.42
QzNMLTAwOTQ2OnVjZWNfY3B0YWNfMjAyMA,QzNMLTAwOTQ2OnVjZWNfY3B0YWNfMjAyMA,3002,ucec_cptac_2020_protein_quantification,C3L-00946,C3L-00946,ucec_cptac_2020,-0.0138
QzNMLTAwOTQ2OnVjZWNfY3B0YWNfMjAyMA,QzNMLTAwOTQ2OnVjZWNfY3B0YWNfMjAyMA,84868,ucec_cptac_2020_protein_quantification,C3L-00946,C3L-00946,ucec_cptac_2020,-0.208
QzNMLTAwOTQ2OnVjZWNfY3B0YWNfMjAyMA,QzNMLTAwOTQ2OnVjZWNfY3B0YWNfMjAyMA,3394,ucec_cptac_2020_protein_quantification,C3L-00946,C3L-00946,ucec_cptac_2020,-0.555
QzNMLTAwOTQ2OnVjZWNfY3B0YWNfMjAyMA,QzNMLTAwOTQ2OnVjZWNfY3B0YWNfMjAyMA,94025,ucec_cptac_2020_protein_quantification,C3L-00946,C3L-00946,ucec_cptac_2020,0.703
QzNMLTAwOTQ2OnVjZWNfY3B0YWNfMjAyMA,QzNMLTAwOTQ2OnVjZWNfY3B0YWNfMjAyMA,6772,ucec_cptac_2020_protein_quantification,C3L-00946,C3L-00946,ucec_cptac_2020,0.886
QzNMLTAwOTQ2OnVjZWNfY3B0YWNfMjAyMA,QzNMLTAwOTQ2OnVjZWNfY3B0YWNfMjAyMA,7040,ucec_cptac_2020_protein_quantification,C3L-00946,C3L-00946,ucec_cptac_2020,0.0103
QzNMLTAwOTQ2OnVjZWNfY3B0YWNfMjAyMA,QzNMLTAwOTQ2OnVjZWNfY3B0YWNfMjAyMA,79679,ucec_cptac_2020_protein_quantification,C3L-00946,C3L-00946,ucec_cptac_2020,0.63
QzNMLTAwOTQ2OnVjZWNfY3B0YWNfMjAyMA,QzNMLTAwOTQ2OnVjZWNfY3B0YWNfMjAyMA,898,ucec_cptac_2020_protein_quantification,C3L-00946,C3L-00946,ucec_cptac_2020,0.0845
QzNMLTAwOTQ2OnVjZWNfY3B0YWNfMjAyMA,QzNMLTAwOTQ2OnVjZWNfY3B0YWNfMjAyMA,80381,ucec_cptac_2020_protein_quantification,C3L-00946,C3L-00946,ucec_cptac_2020,0.743
QzNMLTAwOTQ2OnVjZWNfY3B0YWNfMjAyMA,QzNMLTAwOTQ2OnVjZWNfY3B0YWNfMjAyMA,1515,ucec_cptac_2020_protein_quantification,C3L-00946,C3L-00946,ucec_cptac_2020,0.91
QzNMLTAwOTQ3OnVjZWNfY3B0YWNfMjAyMA,QzNMLTAwOTQ3OnVjZWNfY3B0YWNfMjAyMA,3394,ucec_cptac_2020_protein_quantification,C3L-00947,C3L-00947,ucec_cptac_2020,-0.311
QzNMLTAwOTQ3OnVjZWNfY3B0YWNfMjAyMA,QzNMLTAwOTQ3OnVjZWNfY3B0YWNfMjAyMA,94025,ucec_cptac_2020_protein_quantification,C3L-00947,C3L-00947,ucec_cptac_2020,-0.272
QzNMLTAwOTQ3OnVjZWNfY3B0YWNfMjAyMA,QzNMLTAwOTQ3OnVjZWNfY3B0YWNfMjAyMA,6772,ucec_cptac_2020_protein_quantification,C3L-00947,C3L-00947,ucec_cptac_2020,0.353
QzNMLTAwOTQ3OnVjZWNfY3B0YWNfMjAyMA,QzNMLTAwOTQ3OnVjZWNfY3B0YWNfMjAyMA,7040,ucec_cptac_2020_protein_quantification,C3L-00947,C3L-00947,ucec_cptac_2020,0.114
QzNMLTAwOTQ3OnVjZWNfY3B0YWNfMjAyMA,QzNMLTAwOTQ3OnVjZWNfY3B0YWNfMjAyMA,79679,ucec_cptac_2020_protein_quantification,C3L-00947,C3L-00947,ucec_cptac_2020,1.02
QzNMLTAwOTQ3OnVjZWNfY3B0YWNfMjAyMA,QzNMLTAwOTQ3OnVjZWNfY3B0YWNfMjAyMA,898,ucec_cptac_2020_protein_quantification,C3L-00947,C3L-00947,ucec_cptac_2020,-0.426
QzNMLTAwOTQ3OnVjZWNfY3B0YWNfMjAyMA,QzNMLTAwOTQ3OnVjZWNfY3B0YWNfMjAyMA,968,ucec_cptac_2020_protein_quantification,C3L-00947,C3L-00947,ucec_cptac_2020,0.27
QzNMLTAwOTQ3OnVjZWNfY3B0YWNfMjAyMA,QzNMLTAwOTQ3OnVjZWNfY3B0YWNfMjAyMA,80381,ucec_cptac_2020_protein_quantification,C3L-00947,C3L-00947,ucec_cptac_2020,0.226
QzNMLTAwOTQ3OnVjZWNfY3B0YWNfMjAyMA,QzNMLTAwOTQ3OnVjZWNfY3B0YWNfMjAyMA,1515,ucec_cptac_2020_protein_quantification,C3L-00947,C3L-00947,ucec_cptac_2020,0.145
QzNMLTAwOTQ5OnVjZWNfY3B0YWNfMjAyMA,QzNMLTAwOTQ5OnVjZWNfY3B0YWNfMjAyMA,94025,ucec_cptac_2020_protein_quantification,C3L-00949,C3L-00949,ucec_cptac_2020,0.875
QzNMLTAwOTQ5OnVjZWNfY3B0YWNfMjAyMA,QzNMLTAwOTQ5OnVjZWNfY3B0YWNfMjAyMA,6772,ucec_cptac_2020_protein_quantification,C3L-00949,C3L-00949,ucec_cptac_2020,-0.427
QzNMLTAwOTQ5OnVjZWNfY3B0YWNfMjAyMA,QzNMLTAwOTQ5OnVjZWNfY3B0YWNfMjAyMA,7040,ucec_cptac_2020_protein_quantification,C3L-00949,C3L-00949,ucec_cptac_2020,-0.0341
QzNMLTAwOTQ5OnVjZWNfY3B0YWNfMjAyMA,QzNMLTAwOTQ5OnVjZWNfY3B0YWNfMjAyMA,79679,ucec_cptac_2020_protein_quantification,C3L-00949,C3L-00949,ucec_cptac_2020,0.771
QzNMLTAwOTQ5OnVjZWNfY3B0YWNfMjAyMA,QzNMLTAwOTQ5OnVjZWNfY3B0YWNfMjAyMA,968,ucec_cptac_2020_protein_quantification,C3L-00949,C3L-00949,ucec_cptac_2020,-0.728
QzNMLTAwOTQ5OnVjZWNfY3B0YWNfMjAyMA,QzNMLTAwOTQ5OnVjZWNfY3B0YWNfMjAyMA,80381,ucec_cptac_2020_protein_quantification,C3L-00949,C3L-00949,ucec_cptac_2020,0.866
QzNMLTAwOTQ5OnVjZWNfY3B0YWNfMjAyMA,QzNMLTAwOTQ5OnVjZWNfY3B0YWNfMjAyMA,1515,ucec_cptac_2020_protein_quantification,C3L-00949,C3L-00949,ucec_cptac_2020,1.96
QzNMLTAwOTYxOnVjZWNfY3B0YWNfMjAyMA,QzNMLTAwOTYxOnVjZWNfY3B0YWNfMjAyMA,94025,ucec_cptac_2020_protein_quantification,C3L-00961,C3L-00961,ucec_cptac_2020,0.144
QzNMLTAwOTYxOnVjZWNfY3B0YWNfMjAyMA,QzNMLTAwOTYxOnVjZWNfY3B0YWNfMjAyMA,6772,ucec_cptac_2020_protein_quantification,C3L-00961,C3L-00961,ucec_cptac_2020,0.444
QzNMLTAwOTYxOnVjZWNfY3B0YWNfMjAyMA,QzNMLTAwOTYxOnVjZWNfY3B0YWNfMjAyMA,7040,ucec_cptac_2020_protein_quantification,C3L-00961,C3L-00961,ucec_cptac_2020,0.121
QzNMLTAwOTYxOnVjZWNfY3B0YWNfMjAyMA,QzNMLTAwOTYxOnVjZWNfY3B0YWNfMjAyMA,79679,ucec_cptac_2020_protein_quantification,C3L-00961,C3L-00961,ucec_cptac_2020,0.682
QzNMLTAwOTYxOnVjZWNfY3B0YWNfMjAyMA,QzNMLTAwOTYxOnVjZWNfY3B0YWNfMjAyMA,898,ucec_cptac_2020_protein_quantification,C3L-00961,C3L-00961,ucec_cptac_2020,-0.262
QzNMLTAwOTYxOnVjZWNfY3B0YWNfMjAyMA,QzNMLTAwOTYxOnVjZWNfY3B0YWNfMjAyMA,968,ucec_cptac_2020_protein_quantification,C3L-00961,C3L-00961,ucec_cptac_2020,-0.637
QzNMLTAwOTYxOnVjZWNfY3B0YWNfMjAyMA,QzNMLTAwOTYxOnVjZWNfY3B0YWNfMjAyMA,80381,ucec_cptac_2020_protein_quantification,C3L-00961,C3L-00961,ucec_cptac_2020,0.248
QzNMLTAwOTYxOnVjZWNfY3B0YWNfMjAyMA,QzNMLTAwOTYxOnVjZWNfY3B0YWNfMjAyMA,1515,ucec_cptac_2020_protein_quantification,C3L-00961,C3L-00961,ucec_cptac_2020,0.773
QzNMLTAwOTYzOnVjZWNfY3B0YWNfMjAyMA,QzNMLTAwOTYzOnVjZWNfY3B0YWNfMjAyMA,94025,ucec_cptac_2020_protein_quantification,C3L-00963,C3L-00963,ucec_cptac_2020,-0.159
QzNMLTAwOTYzOnVjZWNfY3B0YWNfMjAyMA,QzNMLTAwOTYzOnVjZWNfY3B0YWNfMjAyMA,6772,ucec_cptac_2020_protein_quantification,C3L-00963,C3L-00963,ucec_cptac_2020,0.964
QzNMLTAwOTYzOnVjZWNfY3B0YWNfMjAyMA,QzNMLTAwOTYzOnVjZWNfY3B0YWNfMjAyMA,7040,ucec_cptac_2020_protein_quantification,C3L-00963,C3L-00963,ucec_cptac_2020,0.19
QzNMLTAwOTYzOnVjZWNfY3B0YWNfMjAyMA,QzNMLTAwOTYzOnVjZWNfY3B0YWNfMjAyMA,79679,ucec_cptac_2020_protein_quantification,C3L-00963,C3L-00963,ucec_cptac_2020,1.08
QzNMLTAwOTYzOnVjZWNfY3B0YWNfMjAyMA,QzNMLTAwOTYzOnVjZWNfY3B0YWNfMjAyMA,898,ucec_cptac_2020_protein_quantification,C3L-00963,C3L-00963,ucec_cptac_2020,0.271
QzNMLTAwOTYzOnVjZWNfY3B0YWNfMjAyMA,QzNMLTAwOTYzOnVjZWNfY3B0YWNfMjAyMA,968,ucec_cptac_2020_protein_quantification,C3L-00963,C3L-00963,ucec_cptac_2020,0.47
QzNMLTAwOTYzOnVjZWNfY3B0YWNfMjAyMA,QzNMLTAwOTYzOnVjZWNfY3B0YWNfMjAyMA,80381,ucec_cptac_2020_protein_quantification,C3L-00963,C3L-00963,ucec_cptac_2020,-0.139
QzNMLTAwOTYzOnVjZWNfY3B0YWNfMjAyMA,QzNMLTAwOTYzOnVjZWNfY3B0YWNfMjAyMA,1515,ucec_cptac_2020_protein_quantification,C3L-00963,C3L-00963,ucec_cptac_2020,0.424
QzNMLTAxMjQ4OnVjZWNfY3B0YWNfMjAyMA,QzNMLTAxMjQ4OnVjZWNfY3B0YWNfMjAyMA,3394,ucec_cptac_2020_protein_quantification,C3L-01248,C3L-01248,ucec_cptac_2020,0.455
QzNMLTAxMjQ4OnVjZWNfY3B0YWNfMjAyMA,QzNMLTAxMjQ4OnVjZWNfY3B0YWNfMjAyMA,94025,ucec_cptac_2020_protein_quantification,C3L-01248,C3L-01248,ucec_cptac_2020,0.722
QzNMLTAxMjQ4OnVjZWNfY3B0YWNfMjAyMA,QzNMLTAxMjQ4OnVjZWNfY3B0YWNfMjAyMA,6772,ucec_cptac_2020_protein_quantification,C3L-01248,C3L-01248,ucec_cptac_2020,-0.292
QzNMLTAxMjQ4OnVjZWNfY3B0YWNfMjAyMA,QzNMLTAxMjQ4OnVjZWNfY3B0YWNfMjAyMA,7040,ucec_cptac_2020_protein_quantification,C3L-01248,C3L-01248,ucec_cptac_2020,0.323
QzNMLTAxMjQ4OnVjZWNfY3B0YWNfMjAyMA,QzNMLTAxMjQ4OnVjZWNfY3B0YWNfMjAyMA,79679,ucec_cptac_2020_protein_quantification,C3L-01248,C3L-01248,ucec_cptac_2020,-0.362
QzNMLTAxMjQ4OnVjZWNfY3B0YWNfMjAyMA,QzNMLTAxMjQ4OnVjZWNfY3B0YWNfMjAyMA,898,ucec_cptac_2020_protein_quantification,C3L-01248,C3L-01248,ucec_cptac_2020,-0.0295
QzNMLTAxMjQ4OnVjZWNfY3B0YWNfMjAyMA,QzNMLTAxMjQ4OnVjZWNfY3B0YWNfMjAyMA,968,ucec_cptac_2020_protein_quantification,C3L-01248,C3L-01248,ucec_cptac_2020,0.0721
QzNMLTAxMjQ4OnVjZWNfY3B0YWNfMjAyMA,QzNMLTAxMjQ4OnVjZWNfY3B0YWNfMjAyMA,80381,ucec_cptac_2020_protein_quantification,C3L-01248,C3L-01248,ucec_cptac_2020,-0.0009
QzNMLTAxMjQ4OnVjZWNfY3B0YWNfMjAyMA,QzNMLTAxMjQ4OnVjZWNfY3B0YWNfMjAyMA,1515,ucec_cptac_2020_protein_quantification,C3L-01248,C3L-01248,ucec_cptac_2020,0.988
QzNMLTAxMjQ5OnVjZWNfY3B0YWNfMjAyMA,QzNMLTAxMjQ5OnVjZWNfY3B0YWNfMjAyMA,94025,ucec_cptac_2020_protein_quantification,C3L-01249,C3L-01249,ucec_cptac_2020,1.98
QzNMLTAxMjQ5OnVjZWNfY3B0YWNfMjAyMA,QzNMLTAxMjQ5OnVjZWNfY3B0YWNfMjAyMA,6772,ucec_cptac_2020_protein_quantification,C3L-01249,C3L-01249,ucec_cptac_2020,0.664
QzNMLTAxMjQ5OnVjZWNfY3B0YWNfMjAyMA,QzNMLTAxMjQ5OnVjZWNfY3B0YWNfMjAyMA,7040,ucec_cptac_2020_protein_quantification,C3L-01249,C3L-01249,ucec_cptac_2020,-0.0744
QzNMLTAxMjQ5OnVjZWNfY3B0YWNfMjAyMA,QzNMLTAxMjQ5OnVjZWNfY3B0YWNfMjAyMA,79679,ucec_cptac_2020_protein_quantification,C3L-01249,C3L-01249,ucec_cptac_2020,0.14
QzNMLTAxMjQ5OnVjZWNfY3B0YWNfMjAyMA,QzNMLTAxMjQ5OnVjZWNfY3B0YWNfMjAyMA,968,ucec_cptac_2020_protein_quantification,C3L-01249,C3L-01249,ucec_cptac_2020,1.43
QzNMLTAxMjQ5OnVjZWNfY3B0YWNfMjAyMA,QzNMLTAxMjQ5OnVjZWNfY3B0YWNfMjAyMA,80381,ucec_cptac_2020_protein_quantification,C3L-01249,C3L-01249,ucec_cptac_2020,0.832
QzNMLTAxMjQ5OnVjZWNfY3B0YWNfMjAyMA,QzNMLTAxMjQ5OnVjZWNfY3B0YWNfMjAyMA,1515,ucec_cptac_2020_protein_quantification,C3L-01249,C3L-01249,ucec_cptac_2020,1.52
QzNMLTAxMjUyOnVjZWNfY3B0YWNfMjAyMA,QzNMLTAxMjUyOnVjZWNfY3B0YWNfMjAyMA,3394,ucec_cptac_2020_protein_quantification,C3L-01252,C3L-01252,ucec_cptac_2020,0.655
QzNMLTAxMjUyOnVjZWNfY3B0YWNfMjAyMA,QzNMLTAxMjUyOnVjZWNfY3B0YWNfMjAyMA,94025,ucec_cptac_2020_protein_quantification,C3L-01252,C3L-01252,ucec_cptac_2020,1.79
QzNMLTAxMjUyOnVjZWNfY3B0YWNfMjAyMA,QzNMLTAxMjUyOnVjZWNfY3B0YWNfMjAyMA,6772,ucec_cptac_2020_protein_quantification,C3L-01252,C3L-01252,ucec_cptac_2020,-0.0638
QzNMLTAxMjUyOnVjZWNfY3B0YWNfMjAyMA,QzNMLTAxMjUyOnVjZWNfY3B0YWNfMjAyMA,7040,ucec_cptac_2020_protein_quantification,C3L-01252,C3L-01252,ucec_cptac_2020,0.287
QzNMLTAxMjUyOnVjZWNfY3B0YWNfMjAyMA,QzNMLTAxMjUyOnVjZWNfY3B0YWNfMjAyMA,79679,ucec_cptac_2020_protein_quantification,C3L-01252,C3L-01252,ucec_cptac_2020,0.149
QzNMLTAxMjUyOnVjZWNfY3B0YWNfMjAyMA,QzNMLTAxMjUyOnVjZWNfY3B0YWNfMjAyMA,898,ucec_cptac_2020_protein_quantification,C3L-01252,C3L-01252,ucec_cptac_2020,-0.22
QzNMLTAxMjUyOnVjZWNfY3B0YWNfMjAyMA,QzNMLTAxMjUyOnVjZWNfY3B0YWNfMjAyMA,968,ucec_cptac_2020_protein_quantification,C3L-01252,C3L-01252,ucec_cptac_2020,0.382
QzNMLTAxMjUyOnVjZWNfY3B0YWNfMjAyMA,QzNMLTAxMjUyOnVjZWNfY3B0YWNfMjAyMA,80381,ucec_cptac_2020_protein_quantification,C3L-01252,C3L-01252,ucec_cptac_2020,-0.37
QzNMLTAxMjUyOnVjZWNfY3B0YWNfMjAyMA,QzNMLTAxMjUyOnVjZWNfY3B0YWNfMjAyMA,1515,ucec_cptac_2020_protein_quantification,C3L-01252,C3L-01252,ucec_cptac_2020,0.775
QzNMLTAxMjU2OnVjZWNfY3B0YWNfMjAyMA,QzNMLTAxMjU2OnVjZWNfY3B0YWNfMjAyMA,3002,ucec_cptac_2020_protein_quantification,C3L-01256,C3L-01256,ucec_cptac_2020,-1.25
QzNMLTAxMjU2OnVjZWNfY3B0YWNfMjAyMA,QzNMLTAxMjU2OnVjZWNfY3B0YWNfMjAyMA,84868,ucec_cptac_2020_protein_quantification,C3L-01256,C3L-01256,ucec_cptac_2020,-0.15
QzNMLTAxMjU2OnVjZWNfY3B0YWNfMjAyMA,QzNMLTAxMjU2OnVjZWNfY3B0YWNfMjAyMA,3394,ucec_cptac_2020_protein_quantification,C3L-01256,C3L-01256,ucec_cptac_2020,0.187
QzNMLTAxMjU2OnVjZWNfY3B0YWNfMjAyMA,QzNMLTAxMjU2OnVjZWNfY3B0YWNfMjAyMA,94025,ucec_cptac_2020_protein_quantification,C3L-01256,C3L-01256,ucec_cptac_2020,0.648
QzNMLTAxMjU2OnVjZWNfY3B0YWNfMjAyMA,QzNMLTAxMjU2OnVjZWNfY3B0YWNfMjAyMA,6772,ucec_cptac_2020_protein_quantification,C3L-01256,C3L-01256,ucec_cptac_2020,0.0451
QzNMLTAxMjU2OnVjZWNfY3B0YWNfMjAyMA,QzNMLTAxMjU2OnVjZWNfY3B0YWNfMjAyMA,7040,ucec_cptac_2020_protein_quantification,C3L-01256,C3L-01256,ucec_cptac_2020,0.126
QzNMLTAxMjU2OnVjZWNfY3B0YWNfMjAyMA,QzNMLTAxMjU2OnVjZWNfY3B0YWNfMjAyMA,79679,ucec_cptac_2020_protein_quantification,C3L-01256,C3L-01256,ucec_cptac_2020,0.0021
QzNMLTAxMjU2OnVjZWNfY3B0YWNfMjAyMA,QzNMLTAxMjU2OnVjZWNfY3B0YWNfMjAyMA,898,ucec_cptac_2020_protein_quantification,C3L-01256,C3L-01256,ucec_cptac_2020,0.194
QzNMLTAxMjU2OnVjZWNfY3B0YWNfMjAyMA,QzNMLTAxMjU2OnVjZWNfY3B0YWNfMjAyMA,925,ucec_cptac_2020_protein_quantification,C3L-01256,C3L-01256,ucec_cptac_2020,0.327
QzNMLTAxMjU2OnVjZWNfY3B0YWNfMjAyMA,QzNMLTAxMjU2OnVjZWNfY3B0YWNfMjAyMA,968,ucec_cptac_2020_protein_quantification,C3L-01256,C3L-01256,ucec_cptac_2020,-0.42
QzNMLTAxMjU2OnVjZWNfY3B0YWNfMjAyMA,QzNMLTAxMjU2OnVjZWNfY3B0YWNfMjAyMA,29126,ucec_cptac_2020_protein_quantification,C3L-01256,C3L-01256,ucec_cptac_2020,-0.236
QzNMLTAxMjU2OnVjZWNfY3B0YWNfMjAyMA,QzNMLTAxMjU2OnVjZWNfY3B0YWNfMjAyMA,80381,ucec_cptac_2020_protein_quantification,C3L-01256,C3L-01256,ucec_cptac_2020,0.204
QzNMLTAxMjU2OnVjZWNfY3B0YWNfMjAyMA,QzNMLTAxMjU2OnVjZWNfY3B0YWNfMjAyMA,1515,ucec_cptac_2020_protein_quantification,C3L-01256,C3L-01256,ucec_cptac_2020,0.2
QzNMLTAxMjU3OnVjZWNfY3B0YWNfMjAyMA,QzNMLTAxMjU3OnVjZWNfY3B0YWNfMjAyMA,3002,ucec_cptac_2020_protein_quantification,C3L-01257,C3L-01257,ucec_cptac_2020,-0.549
QzNMLTAxMjU3OnVjZWNfY3B0YWNfMjAyMA,QzNMLTAxMjU3OnVjZWNfY3B0YWNfMjAyMA,84868,ucec_cptac_2020_protein_quantification,C3L-01257,C3L-01257,ucec_cptac_2020,0.145
QzNMLTAxMjU3OnVjZWNfY3B0YWNfMjAyMA,QzNMLTAxMjU3OnVjZWNfY3B0YWNfMjAyMA,3394,ucec_cptac_2020_protein_quantification,C3L-01257,C3L-01257,ucec_cptac_2020,0.777
QzNMLTAxMjU3OnVjZWNfY3B0YWNfMjAyMA,QzNMLTAxMjU3OnVjZWNfY3B0YWNfMjAyMA,94025,ucec_cptac_2020_protein_quantification,C3L-01257,C3L-01257,ucec_cptac_2020,0.474
QzNMLTAxMjU3OnVjZWNfY3B0YWNfMjAyMA,QzNMLTAxMjU3OnVjZWNfY3B0YWNfMjAyMA,6772,ucec_cptac_2020_protein_quantification,C3L-01257,C3L-01257,ucec_cptac_2020,1.11
QzNMLTAxMjU3OnVjZWNfY3B0YWNfMjAyMA,QzNMLTAxMjU3OnVjZWNfY3B0YWNfMjAyMA,7040,ucec_cptac_2020_protein_quantification,C3L-01257,C3L-01257,ucec_cptac_2020,-0.428
QzNMLTAxMjU3OnVjZWNfY3B0YWNfMjAyMA,QzNMLTAxMjU3OnVjZWNfY3B0YWNfMjAyMA,79679,ucec_cptac_2020_protein_quantification,C3L-01257,C3L-01257,ucec_cptac_2020,0.89
QzNMLTAxMjU3OnVjZWNfY3B0YWNfMjAyMA,QzNMLTAxMjU3OnVjZWNfY3B0YWNfMjAyMA,898,ucec_cptac_2020_protein_quantification,C3L-01257,C3L-01257,ucec_cptac_2020,-0.464
QzNMLTAxMjU3OnVjZWNfY3B0YWNfMjAyMA,QzNMLTAxMjU3OnVjZWNfY3B0YWNfMjAyMA,925,ucec_cptac_2020_protein_quantification,C3L-01257,C3L-01257,ucec_cptac_2020,1.24
QzNMLTAxMjU3OnVjZWNfY3B0YWNfMjAyMA,QzNMLTAxMjU3OnVjZWNfY3B0YWNfMjAyMA,29126,ucec_cptac_2020_protein_quantification,C3L-01257,C3L-01257,ucec_cptac_2020,1.11
QzNMLTAxMjU3OnVjZWNfY3B0YWNfMjAyMA,QzNMLTAxMjU3OnVjZWNfY3B0YWNfMjAyMA,80381,ucec_cptac_2020_protein_quantification,C3L-01257,C3L-01257,ucec_cptac_2020,0.635
QzNMLTAxMjU3OnVjZWNfY3B0YWNfMjAyMA,QzNMLTAxMjU3OnVjZWNfY3B0YWNfMjAyMA,1515,ucec_cptac_2020_protein_quantification,C3L-01257,C3L-01257,ucec_cptac_2020,0.712
QzNMLTAxMjc1OnVjZWNfY3B0YWNfMjAyMA,QzNMLTAxMjc1OnVjZWNfY3B0YWNfMjAyMA,84868,ucec_cptac_2020_protein_quantification,C3L-01275,C3L-01275,ucec_cptac_2020,0.0557
QzNMLTAxMjc1OnVjZWNfY3B0YWNfMjAyMA,QzNMLTAxMjc1OnVjZWNfY3B0YWNfMjAyMA,3394,ucec_cptac_2020_protein_quantification,C3L-01275,C3L-01275,ucec_cptac_2020,0.0388
QzNMLTAxMjc1OnVjZWNfY3B0YWNfMjAyMA,QzNMLTAxMjc1OnVjZWNfY3B0YWNfMjAyMA,94025,ucec_cptac_2020_protein_quantification,C3L-01275,C3L-01275,ucec_cptac_2020,0.955
QzNMLTAxMjc1OnVjZWNfY3B0YWNfMjAyMA,QzNMLTAxMjc1OnVjZWNfY3B0YWNfMjAyMA,6772,ucec_cptac_2020_protein_quantification,C3L-01275,C3L-01275,ucec_cptac_2020,0.0
QzNMLTAxMjc1OnVjZWNfY3B0YWNfMjAyMA,QzNMLTAxMjc1OnVjZWNfY3B0YWNfMjAyMA,7040,ucec_cptac_2020_protein_quantification,C3L-01275,C3L-01275,ucec_cptac_2020,0.344
QzNMLTAxMjc1OnVjZWNfY3B0YWNfMjAyMA,QzNMLTAxMjc1OnVjZWNfY3B0YWNfMjAyMA,79679,ucec_cptac_2020_protein_quantification,C3L-01275,C3L-01275,ucec_cptac_2020,0.077
QzNMLTAxMjc1OnVjZWNfY3B0YWNfMjAyMA,QzNMLTAxMjc1OnVjZWNfY3B0YWNfMjAyMA,898,ucec_cptac_2020_protein_quantification,C3L-01275,C3L-01275,ucec_cptac_2020,0.23
QzNMLTAxMjc1OnVjZWNfY3B0YWNfMjAyMA,QzNMLTAxMjc1OnVjZWNfY3B0YWNfMjAyMA,925,ucec_cptac_2020_protein_quantification,C3L-01275,C3L-01275,ucec_cptac_2020,-0.166
QzNMLTAxMjc1OnVjZWNfY3B0YWNfMjAyMA,QzNMLTAxMjc1OnVjZWNfY3B0YWNfMjAyMA,80381,ucec_cptac_2020_protein_quantification,C3L-01275,C3L-01275,ucec_cptac_2020,0.136
QzNMLTAxMjc1OnVjZWNfY3B0YWNfMjAyMA,QzNMLTAxMjc1OnVjZWNfY3B0YWNfMjAyMA,1515,ucec_cptac_2020_protein_quantification,C3L-01275,C3L-01275,ucec_cptac_2020,0.121
QzNMLTAxMjgyOnVjZWNfY3B0YWNfMjAyMA,QzNMLTAxMjgyOnVjZWNfY3B0YWNfMjAyMA,3002,ucec_cptac_2020_protein_quantification,C3L-01282,C3L-01282,ucec_cptac_2020,-0.351
QzNMLTAxMjgyOnVjZWNfY3B0YWNfMjAyMA,QzNMLTAxMjgyOnVjZWNfY3B0YWNfMjAyMA,84868,ucec_cptac_2020_protein_quantification,C3L-01282,C3L-01282,ucec_cptac_2020,0.567
QzNMLTAxMjgyOnVjZWNfY3B0YWNfMjAyMA,QzNMLTAxMjgyOnVjZWNfY3B0YWNfMjAyMA,3394,ucec_cptac_2020_protein_quantification,C3L-01282,C3L-01282,ucec_cptac_2020,0.246
QzNMLTAxMjgyOnVjZWNfY3B0YWNfMjAyMA,QzNMLTAxMjgyOnVjZWNfY3B0YWNfMjAyMA,94025,ucec_cptac_2020_protein_quantification,C3L-01282,C3L-01282,ucec_cptac_2020,0.786
QzNMLTAxMjgyOnVjZWNfY3B0YWNfMjAyMA,QzNMLTAxMjgyOnVjZWNfY3B0YWNfMjAyMA,6772,ucec_cptac_2020_protein_quantification,C3L-01282,C3L-01282,ucec_cptac_2020,1.37
QzNMLTAxMjgyOnVjZWNfY3B0YWNfMjAyMA,QzNMLTAxMjgyOnVjZWNfY3B0YWNfMjAyMA,7040,ucec_cptac_2020_protein_quantification,C3L-01282,C3L-01282,ucec_cptac_2020,0.126
QzNMLTAxMjgyOnVjZWNfY3B0YWNfMjAyMA,QzNMLTAxMjgyOnVjZWNfY3B0YWNfMjAyMA,79679,ucec_cptac_2020_protein_quantification,C3L-01282,C3L-01282,ucec_cptac_2020,2.97
QzNMLTAxMjgyOnVjZWNfY3B0YWNfMjAyMA,QzNMLTAxMjgyOnVjZWNfY3B0YWNfMjAyMA,898,ucec_cptac_2020_protein_quantification,C3L-01282,C3L-01282,ucec_cptac_2020,0.915
QzNMLTAxMjgyOnVjZWNfY3B0YWNfMjAyMA,QzNMLTAxMjgyOnVjZWNfY3B0YWNfMjAyMA,80381,ucec_cptac_2020_protein_quantification,C3L-01282,C3L-01282,ucec_cptac_2020,0.256
QzNMLTAxMjgyOnVjZWNfY3B0YWNfMjAyMA,QzNMLTAxMjgyOnVjZWNfY3B0YWNfMjAyMA,1515,ucec_cptac_2020_protein_quantification,C3L-01282,C3L-01282,ucec_cptac_2020,-0.728
QzNMLTAxMzA0OnVjZWNfY3B0YWNfMjAyMA,QzNMLTAxMzA0OnVjZWNfY3B0YWNfMjAyMA,3002,ucec_cptac_2020_protein_quantification,C3L-01304,C3L-01304,ucec_cptac_2020,-0.585
QzNMLTAxMzA0OnVjZWNfY3B0YWNfMjAyMA,QzNMLTAxMzA0OnVjZWNfY3B0YWNfMjAyMA,84868,ucec_cptac_2020_protein_quantification,C3L-01304,C3L-01304,ucec_cptac_2020,0.295
QzNMLTAxMzA0OnVjZWNfY3B0YWNfMjAyMA,QzNMLTAxMzA0OnVjZWNfY3B0YWNfMjAyMA,3394,ucec_cptac_2020_protein_quantification,C3L-01304,C3L-01304,ucec_cptac_2020,-0.202
QzNMLTAxMzA0OnVjZWNfY3B0YWNfMjAyMA,QzNMLTAxMzA0OnVjZWNfY3B0YWNfMjAyMA,94025,ucec_cptac_2020_protein_quantification,C3L-01304,C3L-01304,ucec_cptac_2020,0.591
QzNMLTAxMzA0OnVjZWNfY3B0YWNfMjAyMA,QzNMLTAxMzA0OnVjZWNfY3B0YWNfMjAyMA,6772,ucec_cptac_2020_protein_quantification,C3L-01304,C3L-01304,ucec_cptac_2020,0.905
QzNMLTAxMzA0OnVjZWNfY3B0YWNfMjAyMA,QzNMLTAxMzA0OnVjZWNfY3B0YWNfMjAyMA,7040,ucec_cptac_2020_protein_quantification,C3L-01304,C3L-01304,ucec_cptac_2020,-0.324
QzNMLTAxMzA0OnVjZWNfY3B0YWNfMjAyMA,QzNMLTAxMzA0OnVjZWNfY3B0YWNfMjAyMA,79679,ucec_cptac_2020_protein_quantification,C3L-01304,C3L-01304,ucec_cptac_2020,1.14
QzNMLTAxMzA0OnVjZWNfY3B0YWNfMjAyMA,QzNMLTAxMzA0OnVjZWNfY3B0YWNfMjAyMA,898,ucec_cptac_2020_protein_quantification,C3L-01304,C3L-01304,ucec_cptac_2020,-0.204
QzNMLTAxMzA0OnVjZWNfY3B0YWNfMjAyMA,QzNMLTAxMzA0OnVjZWNfY3B0YWNfMjAyMA,80381,ucec_cptac_2020_protein_quantification,C3L-01304,C3L-01304,ucec_cptac_2020,0.0265
QzNMLTAxMzA0OnVjZWNfY3B0YWNfMjAyMA,QzNMLTAxMzA0OnVjZWNfY3B0YWNfMjAyMA,1515,ucec_cptac_2020_protein_quantification,C3L-01304,C3L-01304,ucec_cptac_2020,-0.515
QzNMLTAxMzA3OnVjZWNfY3B0YWNfMjAyMA,QzNMLTAxMzA3OnVjZWNfY3B0YWNfMjAyMA,3002,ucec_cptac_2020_protein_quantification,C3L-01307,C3L-01307,ucec_cptac_2020,-0.144
QzNMLTAxMzA3OnVjZWNfY3B0YWNfMjAyMA,QzNMLTAxMzA3OnVjZWNfY3B0YWNfMjAyMA,84868,ucec_cptac_2020_protein_quantification,C3L-01307,C3L-01307,ucec_cptac_2020,0.183
QzNMLTAxMzA3OnVjZWNfY3B0YWNfMjAyMA,QzNMLTAxMzA3OnVjZWNfY3B0YWNfMjAyMA,3394,ucec_cptac_2020_protein_quantification,C3L-01307,C3L-01307,ucec_cptac_2020,-0.142
QzNMLTAxMzA3OnVjZWNfY3B0YWNfMjAyMA,QzNMLTAxMzA3OnVjZWNfY3B0YWNfMjAyMA,94025,ucec_cptac_2020_protein_quantification,C3L-01307,C3L-01307,ucec_cptac_2020,0.165
QzNMLTAxMzA3OnVjZWNfY3B0YWNfMjAyMA,QzNMLTAxMzA3OnVjZWNfY3B0YWNfMjAyMA,6772,ucec_cptac_2020_protein_quantification,C3L-01307,C3L-01307,ucec_cptac_2020,0.753
QzNMLTAxMzA3OnVjZWNfY3B0YWNfMjAyMA,QzNMLTAxMzA3OnVjZWNfY3B0YWNfMjAyMA,7040,ucec_cptac_2020_protein_quantification,C3L-01307,C3L-01307,ucec_cptac_2020,-0.06
QzNMLTAxMzA3OnVjZWNfY3B0YWNfMjAyMA,QzNMLTAxMzA3OnVjZWNfY3B0YWNfMjAyMA,79679,ucec_cptac_2020_protein_quantification,C3L-01307,C3L-01307,ucec_cptac_2020,1.05
QzNMLTAxMzA3OnVjZWNfY3B0YWNfMjAyMA,QzNMLTAxMzA3OnVjZWNfY3B0YWNfMjAyMA,898,ucec_cptac_2020_protein_quantification,C3L-01307,C3L-01307,ucec_cptac_2020,0.327
QzNMLTAxMzA3OnVjZWNfY3B0YWNfMjAyMA,QzNMLTAxMzA3OnVjZWNfY3B0YWNfMjAyMA,80381,ucec_cptac_2020_protein_quantification,C3L-01307,C3L-01307,ucec_cptac_2020,-0.407
QzNMLTAxMzA3OnVjZWNfY3B0YWNfMjAyMA,QzNMLTAxMzA3OnVjZWNfY3B0YWNfMjAyMA,1515,ucec_cptac_2020_protein_quantification,C3L-01307,C3L-01307,ucec_cptac_2020,1.54
QzNMLTAxMzExOnVjZWNfY3B0YWNfMjAyMA,QzNMLTAxMzExOnVjZWNfY3B0YWNfMjAyMA,3002,ucec_cptac_2020_protein_quantification,C3L-01311,C3L-01311,ucec_cptac_2020,0.585
QzNMLTAxMzExOnVjZWNfY3B0YWNfMjAyMA,QzNMLTAxMzExOnVjZWNfY3B0YWNfMjAyMA,84868,ucec_cptac_2020_protein_quantification,C3L-01311,C3L-01311,ucec_cptac_2020,-0.0473
QzNMLTAxMzExOnVjZWNfY3B0YWNfMjAyMA,QzNMLTAxMzExOnVjZWNfY3B0YWNfMjAyMA,3394,ucec_cptac_2020_protein_quantification,C3L-01311,C3L-01311,ucec_cptac_2020,0.068
QzNMLTAxMzExOnVjZWNfY3B0YWNfMjAyMA,QzNMLTAxMzExOnVjZWNfY3B0YWNfMjAyMA,94025,ucec_cptac_2020_protein_quantification,C3L-01311,C3L-01311,ucec_cptac_2020,0.238
QzNMLTAxMzExOnVjZWNfY3B0YWNfMjAyMA,QzNMLTAxMzExOnVjZWNfY3B0YWNfMjAyMA,6772,ucec_cptac_2020_protein_quantification,C3L-01311,C3L-01311,ucec_cptac_2020,1.18
QzNMLTAxMzExOnVjZWNfY3B0YWNfMjAyMA,QzNMLTAxMzExOnVjZWNfY3B0YWNfMjAyMA,7040,ucec_cptac_2020_protein_quantification,C3L-01311,C3L-01311,ucec_cptac_2020,-0.167
QzNMLTAxMzExOnVjZWNfY3B0YWNfMjAyMA,QzNMLTAxMzExOnVjZWNfY3B0YWNfMjAyMA,79679,ucec_cptac_2020_protein_quantification,C3L-01311,C3L-01311,ucec_cptac_2020,-1.32
QzNMLTAxMzExOnVjZWNfY3B0YWNfMjAyMA,QzNMLTAxMzExOnVjZWNfY3B0YWNfMjAyMA,898,ucec_cptac_2020_protein_quantification,C3L-01311,C3L-01311,ucec_cptac_2020,-0.679
QzNMLTAxMzExOnVjZWNfY3B0YWNfMjAyMA,QzNMLTAxMzExOnVjZWNfY3B0YWNfMjAyMA,925,ucec_cptac_2020_protein_quantification,C3L-01311,C3L-01311,ucec_cptac_2020,0.671
QzNMLTAxMzExOnVjZWNfY3B0YWNfMjAyMA,QzNMLTAxMzExOnVjZWNfY3B0YWNfMjAyMA,968,ucec_cptac_2020_protein_quantification,C3L-01311,C3L-01311,ucec_cptac_2020,-0.167
QzNMLTAxMzExOnVjZWNfY3B0YWNfMjAyMA,QzNMLTAxMzExOnVjZWNfY3B0YWNfMjAyMA,29126,ucec_cptac_2020_protein_quantification,C3L-01311,C3L-01311,ucec_cptac_2020,-0.294
QzNMLTAxMzExOnVjZWNfY3B0YWNfMjAyMA,QzNMLTAxMzExOnVjZWNfY3B0YWNfMjAyMA,80381,ucec_cptac_2020_protein_quantification,C3L-01311,C3L-01311,ucec_cptac_2020,0.186
QzNMLTAxMzExOnVjZWNfY3B0YWNfMjAyMA,QzNMLTAxMzExOnVjZWNfY3B0YWNfMjAyMA,1515,ucec_cptac_2020_protein_quantification,C3L-01311,C3L-01311,ucec_cptac_2020,0.107
QzNMLTAxMzEyOnVjZWNfY3B0YWNfMjAyMA,QzNMLTAxMzEyOnVjZWNfY3B0YWNfMjAyMA,94025,ucec_cptac_2020_protein_quantification,C3L-01312,C3L-01312,ucec_cptac_2020,1.07
QzNMLTAxMzEyOnVjZWNfY3B0YWNfMjAyMA,QzNMLTAxMzEyOnVjZWNfY3B0YWNfMjAyMA,6772,ucec_cptac_2020_protein_quantification,C3L-01312,C3L-01312,ucec_cptac_2020,-0.183
QzNMLTAxMzEyOnVjZWNfY3B0YWNfMjAyMA,QzNMLTAxMzEyOnVjZWNfY3B0YWNfMjAyMA,7040,ucec_cptac_2020_protein_quantification,C3L-01312,C3L-01312,ucec_cptac_2020,-0.123
QzNMLTAxMzEyOnVjZWNfY3B0YWNfMjAyMA,QzNMLTAxMzEyOnVjZWNfY3B0YWNfMjAyMA,79679,ucec_cptac_2020_protein_quantification,C3L-01312,C3L-01312,ucec_cptac_2020,0.0639
QzNMLTAxMzEyOnVjZWNfY3B0YWNfMjAyMA,QzNMLTAxMzEyOnVjZWNfY3B0YWNfMjAyMA,898,ucec_cptac_2020_protein_quantification,C3L-01312,C3L-01312,ucec_cptac_2020,-0.36
QzNMLTAxMzEyOnVjZWNfY3B0YWNfMjAyMA,QzNMLTAxMzEyOnVjZWNfY3B0YWNfMjAyMA,925,ucec_cptac_2020_protein_quantification,C3L-01312,C3L-01312,ucec_cptac_2020,0.353
QzNMLTAxMzEyOnVjZWNfY3B0YWNfMjAyMA,QzNMLTAxMzEyOnVjZWNfY3B0YWNfMjAyMA,80381,ucec_cptac_2020_protein_quantification,C3L-01312,C3L-01312,ucec_cptac_2020,0.202
QzNMLTAxMzEyOnVjZWNfY3B0YWNfMjAyMA,QzNMLTAxMzEyOnVjZWNfY3B0YWNfMjAyMA,1515,ucec_cptac_2020_protein_quantification,C3L-01312,C3L-01312,ucec_cptac_2020,0.353
QzNMLTAxNzQ0OnVjZWNfY3B0YWNfMjAyMA,QzNMLTAxNzQ0OnVjZWNfY3B0YWNfMjAyMA,3002,ucec_cptac_2020_protein_quantification,C3L-01744,C3L-01744,ucec_cptac_2020,0.518
QzNMLTAxNzQ0OnVjZWNfY3B0YWNfMjAyMA,QzNMLTAxNzQ0OnVjZWNfY3B0YWNfMjAyMA,84868,ucec_cptac_2020_protein_quantification,C3L-01744,C3L-01744,ucec_cptac_2020,0.0049
QzNMLTAxNzQ0OnVjZWNfY3B0YWNfMjAyMA,QzNMLTAxNzQ0OnVjZWNfY3B0YWNfMjAyMA,3394,ucec_cptac_2020_protein_quantification,C3L-01744,C3L-01744,ucec_cptac_2020,-0.0111
QzNMLTAxNzQ0OnVjZWNfY3B0YWNfMjAyMA,QzNMLTAxNzQ0OnVjZWNfY3B0YWNfMjAyMA,94025,ucec_cptac_2020_protein_quantification,C3L-01744,C3L-01744,ucec_cptac_2020,0.185
QzNMLTAxNzQ0OnVjZWNfY3B0YWNfMjAyMA,QzNMLTAxNzQ0OnVjZWNfY3B0YWNfMjAyMA,6772,ucec_cptac_2020_protein_quantification,C3L-01744,C3L-01744,ucec_cptac_2020,0.728
QzNMLTAxNzQ0OnVjZWNfY3B0YWNfMjAyMA,QzNMLTAxNzQ0OnVjZWNfY3B0YWNfMjAyMA,7040,ucec_cptac_2020_protein_quantification,C3L-01744,C3L-01744,ucec_cptac_2020,-0.428
QzNMLTAxNzQ0OnVjZWNfY3B0YWNfMjAyMA,QzNMLTAxNzQ0OnVjZWNfY3B0YWNfMjAyMA,79679,ucec_cptac_2020_protein_quantification,C3L-01744,C3L-01744,ucec_cptac_2020,-1.24
QzNMLTAxNzQ0OnVjZWNfY3B0YWNfMjAyMA,QzNMLTAxNzQ0OnVjZWNfY3B0YWNfMjAyMA,898,ucec_cptac_2020_protein_quantification,C3L-01744,C3L-01744,ucec_cptac_2020,0.512
QzNMLTAxNzQ0OnVjZWNfY3B0YWNfMjAyMA,QzNMLTAxNzQ0OnVjZWNfY3B0YWNfMjAyMA,925,ucec_cptac_2020_protein_quantification,C3L-01744,C3L-01744,ucec_cptac_2020,1.03
QzNMLTAxNzQ0OnVjZWNfY3B0YWNfMjAyMA,QzNMLTAxNzQ0OnVjZWNfY3B0YWNfMjAyMA,968,ucec_cptac_2020_protein_quantification,C3L-01744,C3L-01744,ucec_cptac_2020,-0.687
QzNMLTAxNzQ0OnVjZWNfY3B0YWNfMjAyMA,QzNMLTAxNzQ0OnVjZWNfY3B0YWNfMjAyMA,29126,ucec_cptac_2020_protein_quantification,C3L-01744,C3L-01744,ucec_cptac_2020,-0.0851
QzNMLTAxNzQ0OnVjZWNfY3B0YWNfMjAyMA,QzNMLTAxNzQ0OnVjZWNfY3B0YWNfMjAyMA,80381,ucec_cptac_2020_protein_quantification,C3L-01744,C3L-01744,ucec_cptac_2020,-0.391
QzNMLTAxNzQ0OnVjZWNfY3B0YWNfMjAyMA,QzNMLTAxNzQ0OnVjZWNfY3B0YWNfMjAyMA,1515,ucec_cptac_2020_protein_quantification,C3L-01744,C3L-01744,ucec_cptac_2020,1.44
QzNOLTAwMTUxOnVjZWNfY3B0YWNfMjAyMA,QzNOLTAwMTUxOnVjZWNfY3B0YWNfMjAyMA,3002,ucec_cptac_2020_protein_quantification,C3N-00151,C3N-00151,ucec_cptac_2020,-0.18
QzNOLTAwMTUxOnVjZWNfY3B0YWNfMjAyMA,QzNOLTAwMTUxOnVjZWNfY3B0YWNfMjAyMA,3394,ucec_cptac_2020_protein_quantification,C3N-00151,C3N-00151,ucec_cptac_2020,-0.447
QzNOLTAwMTUxOnVjZWNfY3B0YWNfMjAyMA,QzNOLTAwMTUxOnVjZWNfY3B0YWNfMjAyMA,94025,ucec_cptac_2020_protein_quantification,C3N-00151,C3N-00151,ucec_cptac_2020,-0.362
QzNOLTAwMTUxOnVjZWNfY3B0YWNfMjAyMA,QzNOLTAwMTUxOnVjZWNfY3B0YWNfMjAyMA,6772,ucec_cptac_2020_protein_quantification,C3N-00151,C3N-00151,ucec_cptac_2020,0.606
QzNOLTAwMTUxOnVjZWNfY3B0YWNfMjAyMA,QzNOLTAwMTUxOnVjZWNfY3B0YWNfMjAyMA,7040,ucec_cptac_2020_protein_quantification,C3N-00151,C3N-00151,ucec_cptac_2020,-0.214
QzNOLTAwMTUxOnVjZWNfY3B0YWNfMjAyMA,QzNOLTAwMTUxOnVjZWNfY3B0YWNfMjAyMA,79679,ucec_cptac_2020_protein_quantification,C3N-00151,C3N-00151,ucec_cptac_2020,0.364
QzNOLTAwMTUxOnVjZWNfY3B0YWNfMjAyMA,QzNOLTAwMTUxOnVjZWNfY3B0YWNfMjAyMA,898,ucec_cptac_2020_protein_quantification,C3N-00151,C3N-00151,ucec_cptac_2020,1.12
QzNOLTAwMTUxOnVjZWNfY3B0YWNfMjAyMA,QzNOLTAwMTUxOnVjZWNfY3B0YWNfMjAyMA,925,ucec_cptac_2020_protein_quantification,C3N-00151,C3N-00151,ucec_cptac_2020,-0.0582
QzNOLTAwMTUxOnVjZWNfY3B0YWNfMjAyMA,QzNOLTAwMTUxOnVjZWNfY3B0YWNfMjAyMA,968,ucec_cptac_2020_protein_quantification,C3N-00151,C3N-00151,ucec_cptac_2020,0.275
QzNOLTAwMTUxOnVjZWNfY3B0YWNfMjAyMA,QzNOLTAwMTUxOnVjZWNfY3B0YWNfMjAyMA,80381,ucec_cptac_2020_protein_quantification,C3N-00151,C3N-00151,ucec_cptac_2020,0.896
QzNOLTAwMTUxOnVjZWNfY3B0YWNfMjAyMA,QzNOLTAwMTUxOnVjZWNfY3B0YWNfMjAyMA,1515,ucec_cptac_2020_protein_quantification,C3N-00151,C3N-00151,ucec_cptac_2020,0.227
QzNOLTAwMjAwOnVjZWNfY3B0YWNfMjAyMA,QzNOLTAwMjAwOnVjZWNfY3B0YWNfMjAyMA,84868,ucec_cptac_2020_protein_quantification,C3N-00200,C3N-00200,ucec_cptac_2020,0.0919
QzNOLTAwMjAwOnVjZWNfY3B0YWNfMjAyMA,QzNOLTAwMjAwOnVjZWNfY3B0YWNfMjAyMA,3394,ucec_cptac_2020_protein_quantification,C3N-00200,C3N-00200,ucec_cptac_2020,0.229
QzNOLTAwMjAwOnVjZWNfY3B0YWNfMjAyMA,QzNOLTAwMjAwOnVjZWNfY3B0YWNfMjAyMA,94025,ucec_cptac_2020_protein_quantification,C3N-00200,C3N-00200,ucec_cptac_2020,0.859
QzNOLTAwMjAwOnVjZWNfY3B0YWNfMjAyMA,QzNOLTAwMjAwOnVjZWNfY3B0YWNfMjAyMA,6772,ucec_cptac_2020_protein_quantification,C3N-00200,C3N-00200,ucec_cptac_2020,-0.0362
QzNOLTAwMjAwOnVjZWNfY3B0YWNfMjAyMA,QzNOLTAwMjAwOnVjZWNfY3B0YWNfMjAyMA,7040,ucec_cptac_2020_protein_quantification,C3N-00200,C3N-00200,ucec_cptac_2020,-0.411
QzNOLTAwMjAwOnVjZWNfY3B0YWNfMjAyMA,QzNOLTAwMjAwOnVjZWNfY3B0YWNfMjAyMA,79679,ucec_cptac_2020_protein_quantification,C3N-00200,C3N-00200,ucec_cptac_2020,0.524
QzNOLTAwMjAwOnVjZWNfY3B0YWNfMjAyMA,QzNOLTAwMjAwOnVjZWNfY3B0YWNfMjAyMA,898,ucec_cptac_2020_protein_quantification,C3N-00200,C3N-00200,ucec_cptac_2020,0.0716
QzNOLTAwMjAwOnVjZWNfY3B0YWNfMjAyMA,QzNOLTAwMjAwOnVjZWNfY3B0YWNfMjAyMA,925,ucec_cptac_2020_protein_quantification,C3N-00200,C3N-00200,ucec_cptac_2020,0.582
QzNOLTAwMjAwOnVjZWNfY3B0YWNfMjAyMA,QzNOLTAwMjAwOnVjZWNfY3B0YWNfMjAyMA,80381,ucec_cptac_2020_protein_quantification,C3N-00200,C3N-00200,ucec_cptac_2020,0.451
QzNOLTAwMjAwOnVjZWNfY3B0YWNfMjAyMA,QzNOLTAwMjAwOnVjZWNfY3B0YWNfMjAyMA,1515,ucec_cptac_2020_protein_quantification,C3N-00200,C3N-00200,ucec_cptac_2020,0.0209
QzNOLTAwMzIxOnVjZWNfY3B0YWNfMjAyMA,QzNOLTAwMzIxOnVjZWNfY3B0YWNfMjAyMA,3002,ucec_cptac_2020_protein_quantification,C3N-00321,C3N-00321,ucec_cptac_2020,-0.297
QzNOLTAwMzIxOnVjZWNfY3B0YWNfMjAyMA,QzNOLTAwMzIxOnVjZWNfY3B0YWNfMjAyMA,84868,ucec_cptac_2020_protein_quantification,C3N-00321,C3N-00321,ucec_cptac_2020,-0.833
QzNOLTAwMzIxOnVjZWNfY3B0YWNfMjAyMA,QzNOLTAwMzIxOnVjZWNfY3B0YWNfMjAyMA,94025,ucec_cptac_2020_protein_quantification,C3N-00321,C3N-00321,ucec_cptac_2020,-1.94
QzNOLTAwMzIxOnVjZWNfY3B0YWNfMjAyMA,QzNOLTAwMzIxOnVjZWNfY3B0YWNfMjAyMA,6772,ucec_cptac_2020_protein_quantification,C3N-00321,C3N-00321,ucec_cptac_2020,1.02
QzNOLTAwMzIxOnVjZWNfY3B0YWNfMjAyMA,QzNOLTAwMzIxOnVjZWNfY3B0YWNfMjAyMA,7040,ucec_cptac_2020_protein_quantification,C3N-00321,C3N-00321,ucec_cptac_2020,-0.267
QzNOLTAwMzIxOnVjZWNfY3B0YWNfMjAyMA,QzNOLTAwMzIxOnVjZWNfY3B0YWNfMjAyMA,79679,ucec_cptac_2020_protein_quantification,C3N-00321,C3N-00321,ucec_cptac_2020,-1.94
QzNOLTAwMzIxOnVjZWNfY3B0YWNfMjAyMA,QzNOLTAwMzIxOnVjZWNfY3B0YWNfMjAyMA,898,ucec_cptac_2020_protein_quantification,C3N-00321,C3N-00321,ucec_cptac_2020,0.116
QzNOLTAwMzIxOnVjZWNfY3B0YWNfMjAyMA,QzNOLTAwMzIxOnVjZWNfY3B0YWNfMjAyMA,925,ucec_cptac_2020_protein_quantification,C3N-00321,C3N-00321,ucec_cptac_2020,-0.122
QzNOLTAwMzIxOnVjZWNfY3B0YWNfMjAyMA,QzNOLTAwMzIxOnVjZWNfY3B0YWNfMjAyMA,80381,ucec_cptac_2020_protein_quantification,C3N-00321,C3N-00321,ucec_cptac_2020,-0.936
QzNOLTAwMzIxOnVjZWNfY3B0YWNfMjAyMA,QzNOLTAwMzIxOnVjZWNfY3B0YWNfMjAyMA,9074,ucec_cptac_2020_protein_quantification,C3N-00321,C3N-00321,ucec_cptac_2020,-0.74
QzNOLTAwMzIxOnVjZWNfY3B0YWNfMjAyMA,QzNOLTAwMzIxOnVjZWNfY3B0YWNfMjAyMA,1515,ucec_cptac_2020_protein_quantification,C3N-00321,C3N-00321,ucec_cptac_2020,-0.166
QzNOLTAwMzIyOnVjZWNfY3B0YWNfMjAyMA,QzNOLTAwMzIyOnVjZWNfY3B0YWNfMjAyMA,3002,ucec_cptac_2020_protein_quantification,C3N-00322,C3N-00322,ucec_cptac_2020,0.294
QzNOLTAwMzIyOnVjZWNfY3B0YWNfMjAyMA,QzNOLTAwMzIyOnVjZWNfY3B0YWNfMjAyMA,84868,ucec_cptac_2020_protein_quantification,C3N-00322,C3N-00322,ucec_cptac_2020,-1.83
QzNOLTAwMzIyOnVjZWNfY3B0YWNfMjAyMA,QzNOLTAwMzIyOnVjZWNfY3B0YWNfMjAyMA,3394,ucec_cptac_2020_protein_quantification,C3N-00322,C3N-00322,ucec_cptac_2020,-0.348
QzNOLTAwMzIyOnVjZWNfY3B0YWNfMjAyMA,QzNOLTAwMzIyOnVjZWNfY3B0YWNfMjAyMA,94025,ucec_cptac_2020_protein_quantification,C3N-00322,C3N-00322,ucec_cptac_2020,-0.377
QzNOLTAwMzIyOnVjZWNfY3B0YWNfMjAyMA,QzNOLTAwMzIyOnVjZWNfY3B0YWNfMjAyMA,6772,ucec_cptac_2020_protein_quantification,C3N-00322,C3N-00322,ucec_cptac_2020,-0.493
QzNOLTAwMzIyOnVjZWNfY3B0YWNfMjAyMA,QzNOLTAwMzIyOnVjZWNfY3B0YWNfMjAyMA,7040,ucec_cptac_2020_protein_quantification,C3N-00322,C3N-00322,ucec_cptac_2020,-0.432
QzNOLTAwMzIyOnVjZWNfY3B0YWNfMjAyMA,QzNOLTAwMzIyOnVjZWNfY3B0YWNfMjAyMA,79679,ucec_cptac_2020_protein_quantification,C3N-00322,C3N-00322,ucec_cptac_2020,1.16
QzNOLTAwMzIyOnVjZWNfY3B0YWNfMjAyMA,QzNOLTAwMzIyOnVjZWNfY3B0YWNfMjAyMA,898,ucec_cptac_2020_protein_quantification,C3N-00322,C3N-00322,ucec_cptac_2020,-0.408
QzNOLTAwMzIyOnVjZWNfY3B0YWNfMjAyMA,QzNOLTAwMzIyOnVjZWNfY3B0YWNfMjAyMA,80381,ucec_cptac_2020_protein_quantification,C3N-00322,C3N-00322,ucec_cptac_2020,-1.01
QzNOLTAwMzIyOnVjZWNfY3B0YWNfMjAyMA,QzNOLTAwMzIyOnVjZWNfY3B0YWNfMjAyMA,1515,ucec_cptac_2020_protein_quantification,C3N-00322,C3N-00322,ucec_cptac_2020,1.89
QzNOLTAwMzI0OnVjZWNfY3B0YWNfMjAyMA,QzNOLTAwMzI0OnVjZWNfY3B0YWNfMjAyMA,94025,ucec_cptac_2020_protein_quantification,C3N-00324,C3N-00324,ucec_cptac_2020,2.27
QzNOLTAwMzI0OnVjZWNfY3B0YWNfMjAyMA,QzNOLTAwMzI0OnVjZWNfY3B0YWNfMjAyMA,6772,ucec_cptac_2020_protein_quantification,C3N-00324,C3N-00324,ucec_cptac_2020,0.156
QzNOLTAwMzI0OnVjZWNfY3B0YWNfMjAyMA,QzNOLTAwMzI0OnVjZWNfY3B0YWNfMjAyMA,7040,ucec_cptac_2020_protein_quantification,C3N-00324,C3N-00324,ucec_cptac_2020,-0.0311
QzNOLTAwMzI0OnVjZWNfY3B0YWNfMjAyMA,QzNOLTAwMzI0OnVjZWNfY3B0YWNfMjAyMA,79679,ucec_cptac_2020_protein_quantification,C3N-00324,C3N-00324,ucec_cptac_2020,-0.761
QzNOLTAwMzI0OnVjZWNfY3B0YWNfMjAyMA,QzNOLTAwMzI0OnVjZWNfY3B0YWNfMjAyMA,898,ucec_cptac_2020_protein_quantification,C3N-00324,C3N-00324,ucec_cptac_2020,0.167
QzNOLTAwMzI0OnVjZWNfY3B0YWNfMjAyMA,QzNOLTAwMzI0OnVjZWNfY3B0YWNfMjAyMA,925,ucec_cptac_2020_protein_quantification,C3N-00324,C3N-00324,ucec_cptac_2020,-0.0814
QzNOLTAwMzI0OnVjZWNfY3B0YWNfMjAyMA,QzNOLTAwMzI0OnVjZWNfY3B0YWNfMjAyMA,968,ucec_cptac_2020_protein_quantification,C3N-00324,C3N-00324,ucec_cptac_2020,-0.139
QzNOLTAwMzI0OnVjZWNfY3B0YWNfMjAyMA,QzNOLTAwMzI0OnVjZWNfY3B0YWNfMjAyMA,80381,ucec_cptac_2020_protein_quantification,C3N-00324,C3N-00324,ucec_cptac_2020,-0.73
QzNOLTAwMzI0OnVjZWNfY3B0YWNfMjAyMA,QzNOLTAwMzI0OnVjZWNfY3B0YWNfMjAyMA,9074,ucec_cptac_2020_protein_quantification,C3N-00324,C3N-00324,ucec_cptac_2020,-0.905
QzNOLTAwMzI0OnVjZWNfY3B0YWNfMjAyMA,QzNOLTAwMzI0OnVjZWNfY3B0YWNfMjAyMA,1515,ucec_cptac_2020_protein_quantification,C3N-00324,C3N-00324,ucec_cptac_2020,2.69
QzNOLTAwMzI2OnVjZWNfY3B0YWNfMjAyMA,QzNOLTAwMzI2OnVjZWNfY3B0YWNfMjAyMA,94025,ucec_cptac_2020_protein_quantification,C3N-00326,C3N-00326,ucec_cptac_2020,2.04
QzNOLTAwMzI2OnVjZWNfY3B0YWNfMjAyMA,QzNOLTAwMzI2OnVjZWNfY3B0YWNfMjAyMA,6772,ucec_cptac_2020_protein_quantification,C3N-00326,C3N-00326,ucec_cptac_2020,-0.233
QzNOLTAwMzI2OnVjZWNfY3B0YWNfMjAyMA,QzNOLTAwMzI2OnVjZWNfY3B0YWNfMjAyMA,7040,ucec_cptac_2020_protein_quantification,C3N-00326,C3N-00326,ucec_cptac_2020,-0.924
QzNOLTAwMzI2OnVjZWNfY3B0YWNfMjAyMA,QzNOLTAwMzI2OnVjZWNfY3B0YWNfMjAyMA,79679,ucec_cptac_2020_protein_quantification,C3N-00326,C3N-00326,ucec_cptac_2020,-0.254
QzNOLTAwMzI2OnVjZWNfY3B0YWNfMjAyMA,QzNOLTAwMzI2OnVjZWNfY3B0YWNfMjAyMA,898,ucec_cptac_2020_protein_quantification,C3N-00326,C3N-00326,ucec_cptac_2020,0.399
QzNOLTAwMzI2OnVjZWNfY3B0YWNfMjAyMA,QzNOLTAwMzI2OnVjZWNfY3B0YWNfMjAyMA,968,ucec_cptac_2020_protein_quantification,C3N-00326,C3N-00326,ucec_cptac_2020,-0.111
QzNOLTAwMzI2OnVjZWNfY3B0YWNfMjAyMA,QzNOLTAwMzI2OnVjZWNfY3B0YWNfMjAyMA,80381,ucec_cptac_2020_protein_quantification,C3N-00326,C3N-00326,ucec_cptac_2020,0.124
QzNOLTAwMzI2OnVjZWNfY3B0YWNfMjAyMA,QzNOLTAwMzI2OnVjZWNfY3B0YWNfMjAyMA,1515,ucec_cptac_2020_protein_quantification,C3N-00326,C3N-00326,ucec_cptac_2020,1.33
QzNOLTAwMzI4OnVjZWNfY3B0YWNfMjAyMA,QzNOLTAwMzI4OnVjZWNfY3B0YWNfMjAyMA,3002,ucec_cptac_2020_protein_quantification,C3N-00328,C3N-00328,ucec_cptac_2020,0.82
QzNOLTAwMzI4OnVjZWNfY3B0YWNfMjAyMA,QzNOLTAwMzI4OnVjZWNfY3B0YWNfMjAyMA,84868,ucec_cptac_2020_protein_quantification,C3N-00328,C3N-00328,ucec_cptac_2020,0.954
QzNOLTAwMzI4OnVjZWNfY3B0YWNfMjAyMA,QzNOLTAwMzI4OnVjZWNfY3B0YWNfMjAyMA,3394,ucec_cptac_2020_protein_quantification,C3N-00328,C3N-00328,ucec_cptac_2020,0.534
QzNOLTAwMzI4OnVjZWNfY3B0YWNfMjAyMA,QzNOLTAwMzI4OnVjZWNfY3B0YWNfMjAyMA,94025,ucec_cptac_2020_protein_quantification,C3N-00328,C3N-00328,ucec_cptac_2020,-1.0
QzNOLTAwMzI4OnVjZWNfY3B0YWNfMjAyMA,QzNOLTAwMzI4OnVjZWNfY3B0YWNfMjAyMA,6772,ucec_cptac_2020_protein_quantification,C3N-00328,C3N-00328,ucec_cptac_2020,2.82
QzNOLTAwMzI4OnVjZWNfY3B0YWNfMjAyMA,QzNOLTAwMzI4OnVjZWNfY3B0YWNfMjAyMA,7040,ucec_cptac_2020_protein_quantification,C3N-00328,C3N-00328,ucec_cptac_2020,0.303
QzNOLTAwMzI4OnVjZWNfY3B0YWNfMjAyMA,QzNOLTAwMzI4OnVjZWNfY3B0YWNfMjAyMA,79679,ucec_cptac_2020_protein_quantification,C3N-00328,C3N-00328,ucec_cptac_2020,-0.621
QzNOLTAwMzI4OnVjZWNfY3B0YWNfMjAyMA,QzNOLTAwMzI4OnVjZWNfY3B0YWNfMjAyMA,898,ucec_cptac_2020_protein_quantification,C3N-00328,C3N-00328,ucec_cptac_2020,0.123
QzNOLTAwMzI4OnVjZWNfY3B0YWNfMjAyMA,QzNOLTAwMzI4OnVjZWNfY3B0YWNfMjAyMA,925,ucec_cptac_2020_protein_quantification,C3N-00328,C3N-00328,ucec_cptac_2020,-0.69
QzNOLTAwMzI4OnVjZWNfY3B0YWNfMjAyMA,QzNOLTAwMzI4OnVjZWNfY3B0YWNfMjAyMA,968,ucec_cptac_2020_protein_quantification,C3N-00328,C3N-00328,ucec_cptac_2020,-0.203
QzNOLTAwMzI4OnVjZWNfY3B0YWNfMjAyMA,QzNOLTAwMzI4OnVjZWNfY3B0YWNfMjAyMA,29126,ucec_cptac_2020_protein_quantification,C3N-00328,C3N-00328,ucec_cptac_2020,0.594
QzNOLTAwMzI4OnVjZWNfY3B0YWNfMjAyMA,QzNOLTAwMzI4OnVjZWNfY3B0YWNfMjAyMA,80381,ucec_cptac_2020_protein_quantification,C3N-00328,C3N-00328,ucec_cptac_2020,-1.19
QzNOLTAwMzI4OnVjZWNfY3B0YWNfMjAyMA,QzNOLTAwMzI4OnVjZWNfY3B0YWNfMjAyMA,1515,ucec_cptac_2020_protein_quantification,C3N-00328,C3N-00328,ucec_cptac_2020,-0.517
QzNOLTAwMzI4OnVjZWNfY3B0YWNfMjAyMA,QzNOLTAwMzI4OnVjZWNfY3B0YWNfMjAyMA,4283,ucec_cptac_2020_protein_quantification,C3N-00328,C3N-00328,ucec_cptac_2020,1.47
QzNOLTAwMzMzOnVjZWNfY3B0YWNfMjAyMA,QzNOLTAwMzMzOnVjZWNfY3B0YWNfMjAyMA,94025,ucec_cptac_2020_protein_quantification,C3N-00333,C3N-00333,ucec_cptac_2020,-0.243
QzNOLTAwMzMzOnVjZWNfY3B0YWNfMjAyMA,QzNOLTAwMzMzOnVjZWNfY3B0YWNfMjAyMA,6772,ucec_cptac_2020_protein_quantification,C3N-00333,C3N-00333,ucec_cptac_2020,-0.48
QzNOLTAwMzMzOnVjZWNfY3B0YWNfMjAyMA,QzNOLTAwMzMzOnVjZWNfY3B0YWNfMjAyMA,7040,ucec_cptac_2020_protein_quantification,C3N-00333,C3N-00333,ucec_cptac_2020,0.263
QzNOLTAwMzMzOnVjZWNfY3B0YWNfMjAyMA,QzNOLTAwMzMzOnVjZWNfY3B0YWNfMjAyMA,79679,ucec_cptac_2020_protein_quantification,C3N-00333,C3N-00333,ucec_cptac_2020,-0.179
QzNOLTAwMzMzOnVjZWNfY3B0YWNfMjAyMA,QzNOLTAwMzMzOnVjZWNfY3B0YWNfMjAyMA,898,ucec_cptac_2020_protein_quantification,C3N-00333,C3N-00333,ucec_cptac_2020,-0.202
QzNOLTAwMzMzOnVjZWNfY3B0YWNfMjAyMA,QzNOLTAwMzMzOnVjZWNfY3B0YWNfMjAyMA,925,ucec_cptac_2020_protein_quantification,C3N-00333,C3N-00333,ucec_cptac_2020,-0.301
QzNOLTAwMzMzOnVjZWNfY3B0YWNfMjAyMA,QzNOLTAwMzMzOnVjZWNfY3B0YWNfMjAyMA,80381,ucec_cptac_2020_protein_quantification,C3N-00333,C3N-00333,ucec_cptac_2020,-0.535
QzNOLTAwMzMzOnVjZWNfY3B0YWNfMjAyMA,QzNOLTAwMzMzOnVjZWNfY3B0YWNfMjAyMA,1515,ucec_cptac_2020_protein_quantification,C3N-00333,C3N-00333,ucec_cptac_2020,-0.33
QzNOLTAwMzM0OnVjZWNfY3B0YWNfMjAyMA,QzNOLTAwMzM0OnVjZWNfY3B0YWNfMjAyMA,3002,ucec_cptac_2020_protein_quantification,C3N-00334,C3N-00334,ucec_cptac_2020,-0.451
QzNOLTAwMzM0OnVjZWNfY3B0YWNfMjAyMA,QzNOLTAwMzM0OnVjZWNfY3B0YWNfMjAyMA,84868,ucec_cptac_2020_protein_quantification,C3N-00334,C3N-00334,ucec_cptac_2020,1.11
QzNOLTAwMzM0OnVjZWNfY3B0YWNfMjAyMA,QzNOLTAwMzM0OnVjZWNfY3B0YWNfMjAyMA,3394,ucec_cptac_2020_protein_quantification,C3N-00334,C3N-00334,ucec_cptac_2020,-0.668
QzNOLTAwMzM0OnVjZWNfY3B0YWNfMjAyMA,QzNOLTAwMzM0OnVjZWNfY3B0YWNfMjAyMA,94025,ucec_cptac_2020_protein_quantification,C3N-00334,C3N-00334,ucec_cptac_2020,2.03
QzNOLTAwMzM0OnVjZWNfY3B0YWNfMjAyMA,QzNOLTAwMzM0OnVjZWNfY3B0YWNfMjAyMA,6772,ucec_cptac_2020_protein_quantification,C3N-00334,C3N-00334,ucec_cptac_2020,-0.413
QzNOLTAwMzM0OnVjZWNfY3B0YWNfMjAyMA,QzNOLTAwMzM0OnVjZWNfY3B0YWNfMjAyMA,7040,ucec_cptac_2020_protein_quantification,C3N-00334,C3N-00334,ucec_cptac_2020,-0.453
QzNOLTAwMzM0OnVjZWNfY3B0YWNfMjAyMA,QzNOLTAwMzM0OnVjZWNfY3B0YWNfMjAyMA,79679,ucec_cptac_2020_protein_quantification,C3N-00334,C3N-00334,ucec_cptac_2020,-1.19
QzNOLTAwMzM0OnVjZWNfY3B0YWNfMjAyMA,QzNOLTAwMzM0OnVjZWNfY3B0YWNfMjAyMA,898,ucec_cptac_2020_protein_quantification,C3N-00334,C3N-00334,ucec_cptac_2020,0.132
QzNOLTAwMzM0OnVjZWNfY3B0YWNfMjAyMA,QzNOLTAwMzM0OnVjZWNfY3B0YWNfMjAyMA,925,ucec_cptac_2020_protein_quantification,C3N-00334,C3N-00334,ucec_cptac_2020,-0.393
QzNOLTAwMzM0OnVjZWNfY3B0YWNfMjAyMA,QzNOLTAwMzM0OnVjZWNfY3B0YWNfMjAyMA,968,ucec_cptac_2020_protein_quantification,C3N-00334,C3N-00334,ucec_cptac_2020,-0.407
QzNOLTAwMzM0OnVjZWNfY3B0YWNfMjAyMA,QzNOLTAwMzM0OnVjZWNfY3B0YWNfMjAyMA,29126,ucec_cptac_2020_protein_quantification,C3N-00334,C3N-00334,ucec_cptac_2020,-0.0881
QzNOLTAwMzM0OnVjZWNfY3B0YWNfMjAyMA,QzNOLTAwMzM0OnVjZWNfY3B0YWNfMjAyMA,80381,ucec_cptac_2020_protein_quantification,C3N-00334,C3N-00334,ucec_cptac_2020,-1.34
QzNOLTAwMzM0OnVjZWNfY3B0YWNfMjAyMA,QzNOLTAwMzM0OnVjZWNfY3B0YWNfMjAyMA,9074,ucec_cptac_2020_protein_quantification,C3N-00334,C3N-00334,ucec_cptac_2020,-2.01
QzNOLTAwMzM0OnVjZWNfY3B0YWNfMjAyMA,QzNOLTAwMzM0OnVjZWNfY3B0YWNfMjAyMA,1515,ucec_cptac_2020_protein_quantification,C3N-00334,C3N-00334,ucec_cptac_2020,3.83
QzNOLTAwMzM0OnVjZWNfY3B0YWNfMjAyMA,QzNOLTAwMzM0OnVjZWNfY3B0YWNfMjAyMA,4283,ucec_cptac_2020_protein_quantification,C3N-00334,C3N-00334,ucec_cptac_2020,0.246
QzNOLTAwMzM1OnVjZWNfY3B0YWNfMjAyMA,QzNOLTAwMzM1OnVjZWNfY3B0YWNfMjAyMA,94025,ucec_cptac_2020_protein_quantification,C3N-00335,C3N-00335,ucec_cptac_2020,-0.512
QzNOLTAwMzM1OnVjZWNfY3B0YWNfMjAyMA,QzNOLTAwMzM1OnVjZWNfY3B0YWNfMjAyMA,6772,ucec_cptac_2020_protein_quantification,C3N-00335,C3N-00335,ucec_cptac_2020,0.967
QzNOLTAwMzM1OnVjZWNfY3B0YWNfMjAyMA,QzNOLTAwMzM1OnVjZWNfY3B0YWNfMjAyMA,7040,ucec_cptac_2020_protein_quantification,C3N-00335,C3N-00335,ucec_cptac_2020,0.183
QzNOLTAwMzM1OnVjZWNfY3B0YWNfMjAyMA,QzNOLTAwMzM1OnVjZWNfY3B0YWNfMjAyMA,79679,ucec_cptac_2020_protein_quantification,C3N-00335,C3N-00335,ucec_cptac_2020,-1.54
QzNOLTAwMzM1OnVjZWNfY3B0YWNfMjAyMA,QzNOLTAwMzM1OnVjZWNfY3B0YWNfMjAyMA,898,ucec_cptac_2020_protein_quantification,C3N-00335,C3N-00335,ucec_cptac_2020,0.836
QzNOLTAwMzM1OnVjZWNfY3B0YWNfMjAyMA,QzNOLTAwMzM1OnVjZWNfY3B0YWNfMjAyMA,968,ucec_cptac_2020_protein_quantification,C3N-00335,C3N-00335,ucec_cptac_2020,0.0495
QzNOLTAwMzM1OnVjZWNfY3B0YWNfMjAyMA,QzNOLTAwMzM1OnVjZWNfY3B0YWNfMjAyMA,80381,ucec_cptac_2020_protein_quantification,C3N-00335,C3N-00335,ucec_cptac_2020,-1.34
QzNOLTAwMzM1OnVjZWNfY3B0YWNfMjAyMA,QzNOLTAwMzM1OnVjZWNfY3B0YWNfMjAyMA,1515,ucec_cptac_2020_protein_quantification,C3N-00335,C3N-00335,ucec_cptac_2020,-0.374
QzNOLTAwMzM3OnVjZWNfY3B0YWNfMjAyMA,QzNOLTAwMzM3OnVjZWNfY3B0YWNfMjAyMA,3002,ucec_cptac_2020_protein_quantification,C3N-00337,C3N-00337,ucec_cptac_2020,-0.0967
QzNOLTAwMzM3OnVjZWNfY3B0YWNfMjAyMA,QzNOLTAwMzM3OnVjZWNfY3B0YWNfMjAyMA,84868,ucec_cptac_2020_protein_quantification,C3N-00337,C3N-00337,ucec_cptac_2020,-0.884
QzNOLTAwMzM3OnVjZWNfY3B0YWNfMjAyMA,QzNOLTAwMzM3OnVjZWNfY3B0YWNfMjAyMA,3394,ucec_cptac_2020_protein_quantification,C3N-00337,C3N-00337,ucec_cptac_2020,-1.04
QzNOLTAwMzM3OnVjZWNfY3B0YWNfMjAyMA,QzNOLTAwMzM3OnVjZWNfY3B0YWNfMjAyMA,94025,ucec_cptac_2020_protein_quantification,C3N-00337,C3N-00337,ucec_cptac_2020,0.397
QzNOLTAwMzM3OnVjZWNfY3B0YWNfMjAyMA,QzNOLTAwMzM3OnVjZWNfY3B0YWNfMjAyMA,6772,ucec_cptac_2020_protein_quantification,C3N-00337,C3N-00337,ucec_cptac_2020,0.145
QzNOLTAwMzM3OnVjZWNfY3B0YWNfMjAyMA,QzNOLTAwMzM3OnVjZWNfY3B0YWNfMjAyMA,7040,ucec_cptac_2020_protein_quantification,C3N-00337,C3N-00337,ucec_cptac_2020,0.006
QzNOLTAwMzM3OnVjZWNfY3B0YWNfMjAyMA,QzNOLTAwMzM3OnVjZWNfY3B0YWNfMjAyMA,79679,ucec_cptac_2020_protein_quantification,C3N-00337,C3N-00337,ucec_cptac_2020,1.75
QzNOLTAwMzM3OnVjZWNfY3B0YWNfMjAyMA,QzNOLTAwMzM3OnVjZWNfY3B0YWNfMjAyMA,898,ucec_cptac_2020_protein_quantification,C3N-00337,C3N-00337,ucec_cptac_2020,-0.263
QzNOLTAwMzM3OnVjZWNfY3B0YWNfMjAyMA,QzNOLTAwMzM3OnVjZWNfY3B0YWNfMjAyMA,80381,ucec_cptac_2020_protein_quantification,C3N-00337,C3N-00337,ucec_cptac_2020,0.147
QzNOLTAwMzM3OnVjZWNfY3B0YWNfMjAyMA,QzNOLTAwMzM3OnVjZWNfY3B0YWNfMjAyMA,1515,ucec_cptac_2020_protein_quantification,C3N-00337,C3N-00337,ucec_cptac_2020,-0.392
QzNOLTAwMzM5OnVjZWNfY3B0YWNfMjAyMA,QzNOLTAwMzM5OnVjZWNfY3B0YWNfMjAyMA,3002,ucec_cptac_2020_protein_quantification,C3N-00339,C3N-00339,ucec_cptac_2020,-0.814
QzNOLTAwMzM5OnVjZWNfY3B0YWNfMjAyMA,QzNOLTAwMzM5OnVjZWNfY3B0YWNfMjAyMA,84868,ucec_cptac_2020_protein_quantification,C3N-00339,C3N-00339,ucec_cptac_2020,-0.14
QzNOLTAwMzM5OnVjZWNfY3B0YWNfMjAyMA,QzNOLTAwMzM5OnVjZWNfY3B0YWNfMjAyMA,94025,ucec_cptac_2020_protein_quantification,C3N-00339,C3N-00339,ucec_cptac_2020,-1.33
QzNOLTAwMzM5OnVjZWNfY3B0YWNfMjAyMA,QzNOLTAwMzM5OnVjZWNfY3B0YWNfMjAyMA,6772,ucec_cptac_2020_protein_quantification,C3N-00339,C3N-00339,ucec_cptac_2020,0.271
QzNOLTAwMzM5OnVjZWNfY3B0YWNfMjAyMA,QzNOLTAwMzM5OnVjZWNfY3B0YWNfMjAyMA,7040,ucec_cptac_2020_protein_quantification,C3N-00339,C3N-00339,ucec_cptac_2020,-0.404
QzNOLTAwMzM5OnVjZWNfY3B0YWNfMjAyMA,QzNOLTAwMzM5OnVjZWNfY3B0YWNfMjAyMA,79679,ucec_cptac_2020_protein_quantification,C3N-00339,C3N-00339,ucec_cptac_2020,-0.726
QzNOLTAwMzM5OnVjZWNfY3B0YWNfMjAyMA,QzNOLTAwMzM5OnVjZWNfY3B0YWNfMjAyMA,898,ucec_cptac_2020_protein_quantification,C3N-00339,C3N-00339,ucec_cptac_2020,1.23
QzNOLTAwMzM5OnVjZWNfY3B0YWNfMjAyMA,QzNOLTAwMzM5OnVjZWNfY3B0YWNfMjAyMA,925,ucec_cptac_2020_protein_quantification,C3N-00339,C3N-00339,ucec_cptac_2020,-0.0159
QzNOLTAwMzM5OnVjZWNfY3B0YWNfMjAyMA,QzNOLTAwMzM5OnVjZWNfY3B0YWNfMjAyMA,968,ucec_cptac_2020_protein_quantification,C3N-00339,C3N-00339,ucec_cptac_2020,-0.0942
QzNOLTAwMzM5OnVjZWNfY3B0YWNfMjAyMA,QzNOLTAwMzM5OnVjZWNfY3B0YWNfMjAyMA,80381,ucec_cptac_2020_protein_quantification,C3N-00339,C3N-00339,ucec_cptac_2020,-0.781
QzNOLTAwMzM5OnVjZWNfY3B0YWNfMjAyMA,QzNOLTAwMzM5OnVjZWNfY3B0YWNfMjAyMA,1515,ucec_cptac_2020_protein_quantification,C3N-00339,C3N-00339,ucec_cptac_2020,0.886
QzNOLTAwMzQwOnVjZWNfY3B0YWNfMjAyMA,QzNOLTAwMzQwOnVjZWNfY3B0YWNfMjAyMA,3002,ucec_cptac_2020_protein_quantification,C3N-00340,C3N-00340,ucec_cptac_2020,0.102
QzNOLTAwMzQwOnVjZWNfY3B0YWNfMjAyMA,QzNOLTAwMzQwOnVjZWNfY3B0YWNfMjAyMA,84868,ucec_cptac_2020_protein_quantification,C3N-00340,C3N-00340,ucec_cptac_2020,0.396
QzNOLTAwMzQwOnVjZWNfY3B0YWNfMjAyMA,QzNOLTAwMzQwOnVjZWNfY3B0YWNfMjAyMA,94025,ucec_cptac_2020_protein_quantification,C3N-00340,C3N-00340,ucec_cptac_2020,-0.642
QzNOLTAwMzQwOnVjZWNfY3B0YWNfMjAyMA,QzNOLTAwMzQwOnVjZWNfY3B0YWNfMjAyMA,6772,ucec_cptac_2020_protein_quantification,C3N-00340,C3N-00340,ucec_cptac_2020,2.61
QzNOLTAwMzQwOnVjZWNfY3B0YWNfMjAyMA,QzNOLTAwMzQwOnVjZWNfY3B0YWNfMjAyMA,7040,ucec_cptac_2020_protein_quantification,C3N-00340,C3N-00340,ucec_cptac_2020,0.299
QzNOLTAwMzQwOnVjZWNfY3B0YWNfMjAyMA,QzNOLTAwMzQwOnVjZWNfY3B0YWNfMjAyMA,79679,ucec_cptac_2020_protein_quantification,C3N-00340,C3N-00340,ucec_cptac_2020,-1.67
QzNOLTAwMzQwOnVjZWNfY3B0YWNfMjAyMA,QzNOLTAwMzQwOnVjZWNfY3B0YWNfMjAyMA,898,ucec_cptac_2020_protein_quantification,C3N-00340,C3N-00340,ucec_cptac_2020,0.382
QzNOLTAwMzQwOnVjZWNfY3B0YWNfMjAyMA,QzNOLTAwMzQwOnVjZWNfY3B0YWNfMjAyMA,925,ucec_cptac_2020_protein_quantification,C3N-00340,C3N-00340,ucec_cptac_2020,-0.0951
QzNOLTAwMzQwOnVjZWNfY3B0YWNfMjAyMA,QzNOLTAwMzQwOnVjZWNfY3B0YWNfMjAyMA,80381,ucec_cptac_2020_protein_quantification,C3N-00340,C3N-00340,ucec_cptac_2020,-0.711
QzNOLTAwMzQwOnVjZWNfY3B0YWNfMjAyMA,QzNOLTAwMzQwOnVjZWNfY3B0YWNfMjAyMA,9074,ucec_cptac_2020_protein_quantification,C3N-00340,C3N-00340,ucec_cptac_2020,0.346
QzNOLTAwMzQwOnVjZWNfY3B0YWNfMjAyMA,QzNOLTAwMzQwOnVjZWNfY3B0YWNfMjAyMA,1515,ucec_cptac_2020_protein_quantification,C3N-00340,C3N-00340,ucec_cptac_2020,-1.41
QzNOLTAwMzc3OnVjZWNfY3B0YWNfMjAyMA,QzNOLTAwMzc3OnVjZWNfY3B0YWNfMjAyMA,3002,ucec_cptac_2020_protein_quantification,C3N-00377,C3N-00377,ucec_cptac_2020,-0.012
QzNOLTAwMzc3OnVjZWNfY3B0YWNfMjAyMA,QzNOLTAwMzc3OnVjZWNfY3B0YWNfMjAyMA,84868,ucec_cptac_2020_protein_quantification,C3N-00377,C3N-00377,ucec_cptac_2020,0.764
QzNOLTAwMzc3OnVjZWNfY3B0YWNfMjAyMA,QzNOLTAwMzc3OnVjZWNfY3B0YWNfMjAyMA,3394,ucec_cptac_2020_protein_quantification,C3N-00377,C3N-00377,ucec_cptac_2020,-0.887
QzNOLTAwMzc3OnVjZWNfY3B0YWNfMjAyMA,QzNOLTAwMzc3OnVjZWNfY3B0YWNfMjAyMA,94025,ucec_cptac_2020_protein_quantification,C3N-00377,C3N-00377,ucec_cptac_2020,-0.55
QzNOLTAwMzc3OnVjZWNfY3B0YWNfMjAyMA,QzNOLTAwMzc3OnVjZWNfY3B0YWNfMjAyMA,6772,ucec_cptac_2020_protein_quantification,C3N-00377,C3N-00377,ucec_cptac_2020,0.988
QzNOLTAwMzc3OnVjZWNfY3B0YWNfMjAyMA,QzNOLTAwMzc3OnVjZWNfY3B0YWNfMjAyMA,7040,ucec_cptac_2020_protein_quantification,C3N-00377,C3N-00377,ucec_cptac_2020,0.495
QzNOLTAwMzc3OnVjZWNfY3B0YWNfMjAyMA,QzNOLTAwMzc3OnVjZWNfY3B0YWNfMjAyMA,79679,ucec_cptac_2020_protein_quantification,C3N-00377,C3N-00377,ucec_cptac_2020,-1.69
QzNOLTAwMzc3OnVjZWNfY3B0YWNfMjAyMA,QzNOLTAwMzc3OnVjZWNfY3B0YWNfMjAyMA,898,ucec_cptac_2020_protein_quantification,C3N-00377,C3N-00377,ucec_cptac_2020,-0.0596
QzNOLTAwMzc3OnVjZWNfY3B0YWNfMjAyMA,QzNOLTAwMzc3OnVjZWNfY3B0YWNfMjAyMA,925,ucec_cptac_2020_protein_quantification,C3N-00377,C3N-00377,ucec_cptac_2020,0.147
QzNOLTAwMzc3OnVjZWNfY3B0YWNfMjAyMA,QzNOLTAwMzc3OnVjZWNfY3B0YWNfMjAyMA,968,ucec_cptac_2020_protein_quantification,C3N-00377,C3N-00377,ucec_cptac_2020,0.965
QzNOLTAwMzc3OnVjZWNfY3B0YWNfMjAyMA,QzNOLTAwMzc3OnVjZWNfY3B0YWNfMjAyMA,29126,ucec_cptac_2020_protein_quantification,C3N-00377,C3N-00377,ucec_cptac_2020,0.604
QzNOLTAwMzc3OnVjZWNfY3B0YWNfMjAyMA,QzNOLTAwMzc3OnVjZWNfY3B0YWNfMjAyMA,80381,ucec_cptac_2020_protein_quantification,C3N-00377,C3N-00377,ucec_cptac_2020,0.0788
QzNOLTAwMzc3OnVjZWNfY3B0YWNfMjAyMA,QzNOLTAwMzc3OnVjZWNfY3B0YWNfMjAyMA,9074,ucec_cptac_2020_protein_quantification,C3N-00377,C3N-00377,ucec_cptac_2020,-0.288
QzNOLTAwMzc3OnVjZWNfY3B0YWNfMjAyMA,QzNOLTAwMzc3OnVjZWNfY3B0YWNfMjAyMA,1515,ucec_cptac_2020_protein_quantification,C3N-00377,C3N-00377,ucec_cptac_2020,1.07
QzNOLTAwMzc3OnVjZWNfY3B0YWNfMjAyMA,QzNOLTAwMzc3OnVjZWNfY3B0YWNfMjAyMA,4283,ucec_cptac_2020_protein_quantification,C3N-00377,C3N-00377,ucec_cptac_2020,1.1
QzNOLTAwMzc5OnVjZWNfY3B0YWNfMjAyMA,QzNOLTAwMzc5OnVjZWNfY3B0YWNfMjAyMA,84868,ucec_cptac_2020_protein_quantification,C3N-00379,C3N-00379,ucec_cptac_2020,-0.463
QzNOLTAwMzc5OnVjZWNfY3B0YWNfMjAyMA,QzNOLTAwMzc5OnVjZWNfY3B0YWNfMjAyMA,3394,ucec_cptac_2020_protein_quantification,C3N-00379,C3N-00379,ucec_cptac_2020,0.501
QzNOLTAwMzc5OnVjZWNfY3B0YWNfMjAyMA,QzNOLTAwMzc5OnVjZWNfY3B0YWNfMjAyMA,94025,ucec_cptac_2020_protein_quantification,C3N-00379,C3N-00379,ucec_cptac_2020,0.134
QzNOLTAwMzc5OnVjZWNfY3B0YWNfMjAyMA,QzNOLTAwMzc5OnVjZWNfY3B0YWNfMjAyMA,6772,ucec_cptac_2020_protein_quantification,C3N-00379,C3N-00379,ucec_cptac_2020,0.0843
QzNOLTAwMzc5OnVjZWNfY3B0YWNfMjAyMA,QzNOLTAwMzc5OnVjZWNfY3B0YWNfMjAyMA,7040,ucec_cptac_2020_protein_quantification,C3N-00379,C3N-00379,ucec_cptac_2020,-0.138
QzNOLTAwMzc5OnVjZWNfY3B0YWNfMjAyMA,QzNOLTAwMzc5OnVjZWNfY3B0YWNfMjAyMA,79679,ucec_cptac_2020_protein_quantification,C3N-00379,C3N-00379,ucec_cptac_2020,-0.459
QzNOLTAwMzc5OnVjZWNfY3B0YWNfMjAyMA,QzNOLTAwMzc5OnVjZWNfY3B0YWNfMjAyMA,898,ucec_cptac_2020_protein_quantification,C3N-00379,C3N-00379,ucec_cptac_2020,0.0166
QzNOLTAwMzc5OnVjZWNfY3B0YWNfMjAyMA,QzNOLTAwMzc5OnVjZWNfY3B0YWNfMjAyMA,925,ucec_cptac_2020_protein_quantification,C3N-00379,C3N-00379,ucec_cptac_2020,0.0
QzNOLTAwMzc5OnVjZWNfY3B0YWNfMjAyMA,QzNOLTAwMzc5OnVjZWNfY3B0YWNfMjAyMA,80381,ucec_cptac_2020_protein_quantification,C3N-00379,C3N-00379,ucec_cptac_2020,-0.275
QzNOLTAwMzc5OnVjZWNfY3B0YWNfMjAyMA,QzNOLTAwMzc5OnVjZWNfY3B0YWNfMjAyMA,1515,ucec_cptac_2020_protein_quantification,C3N-00379,C3N-00379,ucec_cptac_2020,-0.117
QzNOLTAwMzgzOnVjZWNfY3B0YWNfMjAyMA,QzNOLTAwMzgzOnVjZWNfY3B0YWNfMjAyMA,94025,ucec_cptac_2020_protein_quantification,C3N-00383,C3N-00383,ucec_cptac_2020,2.79
QzNOLTAwMzgzOnVjZWNfY3B0YWNfMjAyMA,QzNOLTAwMzgzOnVjZWNfY3B0YWNfMjAyMA,6772,ucec_cptac_2020_protein_quantification,C3N-00383,C3N-00383,ucec_cptac_2020,-0.395
QzNOLTAwMzgzOnVjZWNfY3B0YWNfMjAyMA,QzNOLTAwMzgzOnVjZWNfY3B0YWNfMjAyMA,7040,ucec_cptac_2020_protein_quantification,C3N-00383,C3N-00383,ucec_cptac_2020,-0.549
QzNOLTAwMzgzOnVjZWNfY3B0YWNfMjAyMA,QzNOLTAwMzgzOnVjZWNfY3B0YWNfMjAyMA,79679,ucec_cptac_2020_protein_quantification,C3N-00383,C3N-00383,ucec_cptac_2020,0.944
QzNOLTAwMzgzOnVjZWNfY3B0YWNfMjAyMA,QzNOLTAwMzgzOnVjZWNfY3B0YWNfMjAyMA,968,ucec_cptac_2020_protein_quantification,C3N-00383,C3N-00383,ucec_cptac_2020,-0.591
QzNOLTAwMzgzOnVjZWNfY3B0YWNfMjAyMA,QzNOLTAwMzgzOnVjZWNfY3B0YWNfMjAyMA,80381,ucec_cptac_2020_protein_quantification,C3N-00383,C3N-00383,ucec_cptac_2020,-0.579
QzNOLTAwMzgzOnVjZWNfY3B0YWNfMjAyMA,QzNOLTAwMzgzOnVjZWNfY3B0YWNfMjAyMA,1515,ucec_cptac_2020_protein_quantification,C3N-00383,C3N-00383,ucec_cptac_2020,1.45
QzNOLTAwMzg2OnVjZWNfY3B0YWNfMjAyMA,QzNOLTAwMzg2OnVjZWNfY3B0YWNfMjAyMA,84868,ucec_cptac_2020_protein_quantification,C3N-00386,C3N-00386,ucec_cptac_2020,0.119
QzNOLTAwMzg2OnVjZWNfY3B0YWNfMjAyMA,QzNOLTAwMzg2OnVjZWNfY3B0YWNfMjAyMA,3394,ucec_cptac_2020_protein_quantification,C3N-00386,C3N-00386,ucec_cptac_2020,-0.16
QzNOLTAwMzg2OnVjZWNfY3B0YWNfMjAyMA,QzNOLTAwMzg2OnVjZWNfY3B0YWNfMjAyMA,94025,ucec_cptac_2020_protein_quantification,C3N-00386,C3N-00386,ucec_cptac_2020,-0.496
QzNOLTAwMzg2OnVjZWNfY3B0YWNfMjAyMA,QzNOLTAwMzg2OnVjZWNfY3B0YWNfMjAyMA,6772,ucec_cptac_2020_protein_quantification,C3N-00386,C3N-00386,ucec_cptac_2020,0.441
QzNOLTAwMzg2OnVjZWNfY3B0YWNfMjAyMA,QzNOLTAwMzg2OnVjZWNfY3B0YWNfMjAyMA,7040,ucec_cptac_2020_protein_quantification,C3N-00386,C3N-00386,ucec_cptac_2020,-0.0682
QzNOLTAwMzg2OnVjZWNfY3B0YWNfMjAyMA,QzNOLTAwMzg2OnVjZWNfY3B0YWNfMjAyMA,79679,ucec_cptac_2020_protein_quantification,C3N-00386,C3N-00386,ucec_cptac_2020,-1.73
QzNOLTAwMzg2OnVjZWNfY3B0YWNfMjAyMA,QzNOLTAwMzg2OnVjZWNfY3B0YWNfMjAyMA,898,ucec_cptac_2020_protein_quantification,C3N-00386,C3N-00386,ucec_cptac_2020,-0.485
QzNOLTAwMzg2OnVjZWNfY3B0YWNfMjAyMA,QzNOLTAwMzg2OnVjZWNfY3B0YWNfMjAyMA,925,ucec_cptac_2020_protein_quantification,C3N-00386,C3N-00386,ucec_cptac_2020,-0.0468
QzNOLTAwMzg2OnVjZWNfY3B0YWNfMjAyMA,QzNOLTAwMzg2OnVjZWNfY3B0YWNfMjAyMA,80381,ucec_cptac_2020_protein_quantification,C3N-00386,C3N-00386,ucec_cptac_2020,-0.811
QzNOLTAwMzg2OnVjZWNfY3B0YWNfMjAyMA,QzNOLTAwMzg2OnVjZWNfY3B0YWNfMjAyMA,1515,ucec_cptac_2020_protein_quantification,C3N-00386,C3N-00386,ucec_cptac_2020,-0.217
QzNOLTAwMzg5OnVjZWNfY3B0YWNfMjAyMA,QzNOLTAwMzg5OnVjZWNfY3B0YWNfMjAyMA,3002,ucec_cptac_2020_protein_quantification,C3N-00389,C3N-00389,ucec_cptac_2020,1.18
QzNOLTAwMzg5OnVjZWNfY3B0YWNfMjAyMA,QzNOLTAwMzg5OnVjZWNfY3B0YWNfMjAyMA,84868,ucec_cptac_2020_protein_quantification,C3N-00389,C3N-00389,ucec_cptac_2020,0.0166
QzNOLTAwMzg5OnVjZWNfY3B0YWNfMjAyMA,QzNOLTAwMzg5OnVjZWNfY3B0YWNfMjAyMA,3394,ucec_cptac_2020_protein_quantification,C3N-00389,C3N-00389,ucec_cptac_2020,0.123
QzNOLTAwMzg5OnVjZWNfY3B0YWNfMjAyMA,QzNOLTAwMzg5OnVjZWNfY3B0YWNfMjAyMA,94025,ucec_cptac_2020_protein_quantification,C3N-00389,C3N-00389,ucec_cptac_2020,0.981
QzNOLTAwMzg5OnVjZWNfY3B0YWNfMjAyMA,QzNOLTAwMzg5OnVjZWNfY3B0YWNfMjAyMA,6772,ucec_cptac_2020_protein_quantification,C3N-00389,C3N-00389,ucec_cptac_2020,0.696
QzNOLTAwMzg5OnVjZWNfY3B0YWNfMjAyMA,QzNOLTAwMzg5OnVjZWNfY3B0YWNfMjAyMA,7040,ucec_cptac_2020_protein_quantification,C3N-00389,C3N-00389,ucec_cptac_2020,-0.195
QzNOLTAwMzg5OnVjZWNfY3B0YWNfMjAyMA,QzNOLTAwMzg5OnVjZWNfY3B0YWNfMjAyMA,79679,ucec_cptac_2020_protein_quantification,C3N-00389,C3N-00389,ucec_cptac_2020,0.251
QzNOLTAwMzg5OnVjZWNfY3B0YWNfMjAyMA,QzNOLTAwMzg5OnVjZWNfY3B0YWNfMjAyMA,898,ucec_cptac_2020_protein_quantification,C3N-00389,C3N-00389,ucec_cptac_2020,0.698
QzNOLTAwMzg5OnVjZWNfY3B0YWNfMjAyMA,QzNOLTAwMzg5OnVjZWNfY3B0YWNfMjAyMA,925,ucec_cptac_2020_protein_quantification,C3N-00389,C3N-00389,ucec_cptac_2020,1.06
QzNOLTAwMzg5OnVjZWNfY3B0YWNfMjAyMA,QzNOLTAwMzg5OnVjZWNfY3B0YWNfMjAyMA,968,ucec_cptac_2020_protein_quantification,C3N-00389,C3N-00389,ucec_cptac_2020,0.221
QzNOLTAwMzg5OnVjZWNfY3B0YWNfMjAyMA,QzNOLTAwMzg5OnVjZWNfY3B0YWNfMjAyMA,29126,ucec_cptac_2020_protein_quantification,C3N-00389,C3N-00389,ucec_cptac_2020,0.466
QzNOLTAwMzg5OnVjZWNfY3B0YWNfMjAyMA,QzNOLTAwMzg5OnVjZWNfY3B0YWNfMjAyMA,80381,ucec_cptac_2020_protein_quantification,C3N-00389,C3N-00389,ucec_cptac_2020,0.313
QzNOLTAwMzg5OnVjZWNfY3B0YWNfMjAyMA,QzNOLTAwMzg5OnVjZWNfY3B0YWNfMjAyMA,1515,ucec_cptac_2020_protein_quantification,C3N-00389,C3N-00389,ucec_cptac_2020,-0.503
QzNOLTAwNzI5OnVjZWNfY3B0YWNfMjAyMA,QzNOLTAwNzI5OnVjZWNfY3B0YWNfMjAyMA,3002,ucec_cptac_2020_protein_quantification,C3N-00729,C3N-00729,ucec_cptac_2020,-0.386
QzNOLTAwNzI5OnVjZWNfY3B0YWNfMjAyMA,QzNOLTAwNzI5OnVjZWNfY3B0YWNfMjAyMA,84868,ucec_cptac_2020_protein_quantification,C3N-00729,C3N-00729,ucec_cptac_2020,1.06
QzNOLTAwNzI5OnVjZWNfY3B0YWNfMjAyMA,QzNOLTAwNzI5OnVjZWNfY3B0YWNfMjAyMA,94025,ucec_cptac_2020_protein_quantification,C3N-00729,C3N-00729,ucec_cptac_2020,-0.379
QzNOLTAwNzI5OnVjZWNfY3B0YWNfMjAyMA,QzNOLTAwNzI5OnVjZWNfY3B0YWNfMjAyMA,6772,ucec_cptac_2020_protein_quantification,C3N-00729,C3N-00729,ucec_cptac_2020,0.136
QzNOLTAwNzI5OnVjZWNfY3B0YWNfMjAyMA,QzNOLTAwNzI5OnVjZWNfY3B0YWNfMjAyMA,7040,ucec_cptac_2020_protein_quantification,C3N-00729,C3N-00729,ucec_cptac_2020,-0.511
QzNOLTAwNzI5OnVjZWNfY3B0YWNfMjAyMA,QzNOLTAwNzI5OnVjZWNfY3B0YWNfMjAyMA,79679,ucec_cptac_2020_protein_quantification,C3N-00729,C3N-00729,ucec_cptac_2020,0.734
QzNOLTAwNzI5OnVjZWNfY3B0YWNfMjAyMA,QzNOLTAwNzI5OnVjZWNfY3B0YWNfMjAyMA,898,ucec_cptac_2020_protein_quantification,C3N-00729,C3N-00729,ucec_cptac_2020,1.22
QzNOLTAwNzI5OnVjZWNfY3B0YWNfMjAyMA,QzNOLTAwNzI5OnVjZWNfY3B0YWNfMjAyMA,925,ucec_cptac_2020_protein_quantification,C3N-00729,C3N-00729,ucec_cptac_2020,-0.626
QzNOLTAwNzI5OnVjZWNfY3B0YWNfMjAyMA,QzNOLTAwNzI5OnVjZWNfY3B0YWNfMjAyMA,968,ucec_cptac_2020_protein_quantification,C3N-00729,C3N-00729,ucec_cptac_2020,0.683
QzNOLTAwNzI5OnVjZWNfY3B0YWNfMjAyMA,QzNOLTAwNzI5OnVjZWNfY3B0YWNfMjAyMA,80381,ucec_cptac_2020_protein_quantification,C3N-00729,C3N-00729,ucec_cptac_2020,0.17
QzNOLTAwNzI5OnVjZWNfY3B0YWNfMjAyMA,QzNOLTAwNzI5OnVjZWNfY3B0YWNfMjAyMA,1515,ucec_cptac_2020_protein_quantification,C3N-00729,C3N-00729,ucec_cptac_2020,0.641
QzNOLTAwNzM0OnVjZWNfY3B0YWNfMjAyMA,QzNOLTAwNzM0OnVjZWNfY3B0YWNfMjAyMA,3394,ucec_cptac_2020_protein_quantification,C3N-00734,C3N-00734,ucec_cptac_2020,0.919
QzNOLTAwNzM0OnVjZWNfY3B0YWNfMjAyMA,QzNOLTAwNzM0OnVjZWNfY3B0YWNfMjAyMA,94025,ucec_cptac_2020_protein_quantification,C3N-00734,C3N-00734,ucec_cptac_2020,2.61
QzNOLTAwNzM0OnVjZWNfY3B0YWNfMjAyMA,QzNOLTAwNzM0OnVjZWNfY3B0YWNfMjAyMA,6772,ucec_cptac_2020_protein_quantification,C3N-00734,C3N-00734,ucec_cptac_2020,-0.363
QzNOLTAwNzM0OnVjZWNfY3B0YWNfMjAyMA,QzNOLTAwNzM0OnVjZWNfY3B0YWNfMjAyMA,7040,ucec_cptac_2020_protein_quantification,C3N-00734,C3N-00734,ucec_cptac_2020,-0.24
QzNOLTAwNzM0OnVjZWNfY3B0YWNfMjAyMA,QzNOLTAwNzM0OnVjZWNfY3B0YWNfMjAyMA,79679,ucec_cptac_2020_protein_quantification,C3N-00734,C3N-00734,ucec_cptac_2020,1.27
QzNOLTAwNzM0OnVjZWNfY3B0YWNfMjAyMA,QzNOLTAwNzM0OnVjZWNfY3B0YWNfMjAyMA,898,ucec_cptac_2020_protein_quantification,C3N-00734,C3N-00734,ucec_cptac_2020,0.562
QzNOLTAwNzM0OnVjZWNfY3B0YWNfMjAyMA,QzNOLTAwNzM0OnVjZWNfY3B0YWNfMjAyMA,968,ucec_cptac_2020_protein_quantification,C3N-00734,C3N-00734,ucec_cptac_2020,0.197
QzNOLTAwNzM0OnVjZWNfY3B0YWNfMjAyMA,QzNOLTAwNzM0OnVjZWNfY3B0YWNfMjAyMA,80381,ucec_cptac_2020_protein_quantification,C3N-00734,C3N-00734,ucec_cptac_2020,0.601
QzNOLTAwNzM0OnVjZWNfY3B0YWNfMjAyMA,QzNOLTAwNzM0OnVjZWNfY3B0YWNfMjAyMA,1515,ucec_cptac_2020_protein_quantification,C3N-00734,C3N-00734,ucec_cptac_2020,0.955
QzNOLTAwNzQzOnVjZWNfY3B0YWNfMjAyMA,QzNOLTAwNzQzOnVjZWNfY3B0YWNfMjAyMA,3002,ucec_cptac_2020_protein_quantification,C3N-00743,C3N-00743,ucec_cptac_2020,-0.788
QzNOLTAwNzQzOnVjZWNfY3B0YWNfMjAyMA,QzNOLTAwNzQzOnVjZWNfY3B0YWNfMjAyMA,84868,ucec_cptac_2020_protein_quantification,C3N-00743,C3N-00743,ucec_cptac_2020,-1.19
QzNOLTAwNzQzOnVjZWNfY3B0YWNfMjAyMA,QzNOLTAwNzQzOnVjZWNfY3B0YWNfMjAyMA,3394,ucec_cptac_2020_protein_quantification,C3N-00743,C3N-00743,ucec_cptac_2020,0.0803
QzNOLTAwNzQzOnVjZWNfY3B0YWNfMjAyMA,QzNOLTAwNzQzOnVjZWNfY3B0YWNfMjAyMA,94025,ucec_cptac_2020_protein_quantification,C3N-00743,C3N-00743,ucec_cptac_2020,-0.711
QzNOLTAwNzQzOnVjZWNfY3B0YWNfMjAyMA,QzNOLTAwNzQzOnVjZWNfY3B0YWNfMjAyMA,6772,ucec_cptac_2020_protein_quantification,C3N-00743,C3N-00743,ucec_cptac_2020,-0.416
QzNOLTAwNzQzOnVjZWNfY3B0YWNfMjAyMA,QzNOLTAwNzQzOnVjZWNfY3B0YWNfMjAyMA,7040,ucec_cptac_2020_protein_quantification,C3N-00743,C3N-00743,ucec_cptac_2020,0.286
QzNOLTAwNzQzOnVjZWNfY3B0YWNfMjAyMA,QzNOLTAwNzQzOnVjZWNfY3B0YWNfMjAyMA,79679,ucec_cptac_2020_protein_quantification,C3N-00743,C3N-00743,ucec_cptac_2020,-2.19
QzNOLTAwNzQzOnVjZWNfY3B0YWNfMjAyMA,QzNOLTAwNzQzOnVjZWNfY3B0YWNfMjAyMA,898,ucec_cptac_2020_protein_quantification,C3N-00743,C3N-00743,ucec_cptac_2020,1.16
QzNOLTAwNzQzOnVjZWNfY3B0YWNfMjAyMA,QzNOLTAwNzQzOnVjZWNfY3B0YWNfMjAyMA,925,ucec_cptac_2020_protein_quantification,C3N-00743,C3N-00743,ucec_cptac_2020,-1.37
QzNOLTAwNzQzOnVjZWNfY3B0YWNfMjAyMA,QzNOLTAwNzQzOnVjZWNfY3B0YWNfMjAyMA,968,ucec_cptac_2020_protein_quantification,C3N-00743,C3N-00743,ucec_cptac_2020,-1.71
QzNOLTAwNzQzOnVjZWNfY3B0YWNfMjAyMA,QzNOLTAwNzQzOnVjZWNfY3B0YWNfMjAyMA,29126,ucec_cptac_2020_protein_quantification,C3N-00743,C3N-00743,ucec_cptac_2020,-0.565
QzNOLTAwNzQzOnVjZWNfY3B0YWNfMjAyMA,QzNOLTAwNzQzOnVjZWNfY3B0YWNfMjAyMA,80381,ucec_cptac_2020_protein_quantification,C3N-00743,C3N-00743,ucec_cptac_2020,0.0349
QzNOLTAwNzQzOnVjZWNfY3B0YWNfMjAyMA,QzNOLTAwNzQzOnVjZWNfY3B0YWNfMjAyMA,1515,ucec_cptac_2020_protein_quantification,C3N-00743,C3N-00743,ucec_cptac_2020,-0.272
QzNOLTAwNzQzOnVjZWNfY3B0YWNfMjAyMA,QzNOLTAwNzQzOnVjZWNfY3B0YWNfMjAyMA,4283,ucec_cptac_2020_protein_quantification,C3N-00743,C3N-00743,ucec_cptac_2020,-0.332
QzNOLTAwODM2OnVjZWNfY3B0YWNfMjAyMA,QzNOLTAwODM2OnVjZWNfY3B0YWNfMjAyMA,3002,ucec_cptac_2020_protein_quantification,C3N-00836,C3N-00836,ucec_cptac_2020,2.24
QzNOLTAwODM2OnVjZWNfY3B0YWNfMjAyMA,QzNOLTAwODM2OnVjZWNfY3B0YWNfMjAyMA,84868,ucec_cptac_2020_protein_quantification,C3N-00836,C3N-00836,ucec_cptac_2020,1.77
QzNOLTAwODM2OnVjZWNfY3B0YWNfMjAyMA,QzNOLTAwODM2OnVjZWNfY3B0YWNfMjAyMA,94025,ucec_cptac_2020_protein_quantification,C3N-00836,C3N-00836,ucec_cptac_2020,-1.14
QzNOLTAwODM2OnVjZWNfY3B0YWNfMjAyMA,QzNOLTAwODM2OnVjZWNfY3B0YWNfMjAyMA,6772,ucec_cptac_2020_protein_quantification,C3N-00836,C3N-00836,ucec_cptac_2020,2.52
QzNOLTAwODM2OnVjZWNfY3B0YWNfMjAyMA,QzNOLTAwODM2OnVjZWNfY3B0YWNfMjAyMA,7040,ucec_cptac_2020_protein_quantification,C3N-00836,C3N-00836,ucec_cptac_2020,0.0124
QzNOLTAwODM2OnVjZWNfY3B0YWNfMjAyMA,QzNOLTAwODM2OnVjZWNfY3B0YWNfMjAyMA,79679,ucec_cptac_2020_protein_quantification,C3N-00836,C3N-00836,ucec_cptac_2020,0.37
QzNOLTAwODM2OnVjZWNfY3B0YWNfMjAyMA,QzNOLTAwODM2OnVjZWNfY3B0YWNfMjAyMA,898,ucec_cptac_2020_protein_quantification,C3N-00836,C3N-00836,ucec_cptac_2020,0.431
QzNOLTAwODM2OnVjZWNfY3B0YWNfMjAyMA,QzNOLTAwODM2OnVjZWNfY3B0YWNfMjAyMA,925,ucec_cptac_2020_protein_quantification,C3N-00836,C3N-00836,ucec_cptac_2020,1.05
QzNOLTAwODM2OnVjZWNfY3B0YWNfMjAyMA,QzNOLTAwODM2OnVjZWNfY3B0YWNfMjAyMA,968,ucec_cptac_2020_protein_quantification,C3N-00836,C3N-00836,ucec_cptac_2020,0.569
QzNOLTAwODM2OnVjZWNfY3B0YWNfMjAyMA,QzNOLTAwODM2OnVjZWNfY3B0YWNfMjAyMA,80381,ucec_cptac_2020_protein_quantification,C3N-00836,C3N-00836,ucec_cptac_2020,-0.576
QzNOLTAwODM2OnVjZWNfY3B0YWNfMjAyMA,QzNOLTAwODM2OnVjZWNfY3B0YWNfMjAyMA,1515,ucec_cptac_2020_protein_quantification,C3N-00836,C3N-00836,ucec_cptac_2020,-0.0909
QzNOLTAwODQ3OnVjZWNfY3B0YWNfMjAyMA,QzNOLTAwODQ3OnVjZWNfY3B0YWNfMjAyMA,3002,ucec_cptac_2020_protein_quantification,C3N-00847,C3N-00847,ucec_cptac_2020,-1.7
QzNOLTAwODQ3OnVjZWNfY3B0YWNfMjAyMA,QzNOLTAwODQ3OnVjZWNfY3B0YWNfMjAyMA,3394,ucec_cptac_2020_protein_quantification,C3N-00847,C3N-00847,ucec_cptac_2020,-0.138
QzNOLTAwODQ3OnVjZWNfY3B0YWNfMjAyMA,QzNOLTAwODQ3OnVjZWNfY3B0YWNfMjAyMA,94025,ucec_cptac_2020_protein_quantification,C3N-00847,C3N-00847,ucec_cptac_2020,-0.198
QzNOLTAwODQ3OnVjZWNfY3B0YWNfMjAyMA,QzNOLTAwODQ3OnVjZWNfY3B0YWNfMjAyMA,6772,ucec_cptac_2020_protein_quantification,C3N-00847,C3N-00847,ucec_cptac_2020,-0.551
QzNOLTAwODQ3OnVjZWNfY3B0YWNfMjAyMA,QzNOLTAwODQ3OnVjZWNfY3B0YWNfMjAyMA,7040,ucec_cptac_2020_protein_quantification,C3N-00847,C3N-00847,ucec_cptac_2020,-1.34
QzNOLTAwODQ3OnVjZWNfY3B0YWNfMjAyMA,QzNOLTAwODQ3OnVjZWNfY3B0YWNfMjAyMA,79679,ucec_cptac_2020_protein_quantification,C3N-00847,C3N-00847,ucec_cptac_2020,-0.532
QzNOLTAwODQ3OnVjZWNfY3B0YWNfMjAyMA,QzNOLTAwODQ3OnVjZWNfY3B0YWNfMjAyMA,898,ucec_cptac_2020_protein_quantification,C3N-00847,C3N-00847,ucec_cptac_2020,0.752
QzNOLTAwODQ3OnVjZWNfY3B0YWNfMjAyMA,QzNOLTAwODQ3OnVjZWNfY3B0YWNfMjAyMA,925,ucec_cptac_2020_protein_quantification,C3N-00847,C3N-00847,ucec_cptac_2020,-1.91
QzNOLTAwODQ3OnVjZWNfY3B0YWNfMjAyMA,QzNOLTAwODQ3OnVjZWNfY3B0YWNfMjAyMA,968,ucec_cptac_2020_protein_quantification,C3N-00847,C3N-00847,ucec_cptac_2020,-0.995
QzNOLTAwODQ3OnVjZWNfY3B0YWNfMjAyMA,QzNOLTAwODQ3OnVjZWNfY3B0YWNfMjAyMA,80381,ucec_cptac_2020_protein_quantification,C3N-00847,C3N-00847,ucec_cptac_2020,-0.188
QzNOLTAwODQ3OnVjZWNfY3B0YWNfMjAyMA,QzNOLTAwODQ3OnVjZWNfY3B0YWNfMjAyMA,1515,ucec_cptac_2020_protein_quantification,C3N-00847,C3N-00847,ucec_cptac_2020,1.97
QzNOLTAwODQ4OnVjZWNfY3B0YWNfMjAyMA,QzNOLTAwODQ4OnVjZWNfY3B0YWNfMjAyMA,3002,ucec_cptac_2020_protein_quantification,C3N-00848,C3N-00848,ucec_cptac_2020,-0.384
QzNOLTAwODQ4OnVjZWNfY3B0YWNfMjAyMA,QzNOLTAwODQ4OnVjZWNfY3B0YWNfMjAyMA,84868,ucec_cptac_2020_protein_quantification,C3N-00848,C3N-00848,ucec_cptac_2020,-0.342
QzNOLTAwODQ4OnVjZWNfY3B0YWNfMjAyMA,QzNOLTAwODQ4OnVjZWNfY3B0YWNfMjAyMA,3394,ucec_cptac_2020_protein_quantification,C3N-00848,C3N-00848,ucec_cptac_2020,0.28
QzNOLTAwODQ4OnVjZWNfY3B0YWNfMjAyMA,QzNOLTAwODQ4OnVjZWNfY3B0YWNfMjAyMA,94025,ucec_cptac_2020_protein_quantification,C3N-00848,C3N-00848,ucec_cptac_2020,1.94
QzNOLTAwODQ4OnVjZWNfY3B0YWNfMjAyMA,QzNOLTAwODQ4OnVjZWNfY3B0YWNfMjAyMA,6772,ucec_cptac_2020_protein_quantification,C3N-00848,C3N-00848,ucec_cptac_2020,0.142
QzNOLTAwODQ4OnVjZWNfY3B0YWNfMjAyMA,QzNOLTAwODQ4OnVjZWNfY3B0YWNfMjAyMA,7040,ucec_cptac_2020_protein_quantification,C3N-00848,C3N-00848,ucec_cptac_2020,-0.113
QzNOLTAwODQ4OnVjZWNfY3B0YWNfMjAyMA,QzNOLTAwODQ4OnVjZWNfY3B0YWNfMjAyMA,79679,ucec_cptac_2020_protein_quantification,C3N-00848,C3N-00848,ucec_cptac_2020,2.08
QzNOLTAwODQ4OnVjZWNfY3B0YWNfMjAyMA,QzNOLTAwODQ4OnVjZWNfY3B0YWNfMjAyMA,898,ucec_cptac_2020_protein_quantification,C3N-00848,C3N-00848,ucec_cptac_2020,-0.231
QzNOLTAwODQ4OnVjZWNfY3B0YWNfMjAyMA,QzNOLTAwODQ4OnVjZWNfY3B0YWNfMjAyMA,925,ucec_cptac_2020_protein_quantification,C3N-00848,C3N-00848,ucec_cptac_2020,-0.609
QzNOLTAwODQ4OnVjZWNfY3B0YWNfMjAyMA,QzNOLTAwODQ4OnVjZWNfY3B0YWNfMjAyMA,80381,ucec_cptac_2020_protein_quantification,C3N-00848,C3N-00848,ucec_cptac_2020,0.0
QzNOLTAwODQ4OnVjZWNfY3B0YWNfMjAyMA,QzNOLTAwODQ4OnVjZWNfY3B0YWNfMjAyMA,9074,ucec_cptac_2020_protein_quantification,C3N-00848,C3N-00848,ucec_cptac_2020,0.047
QzNOLTAwODQ4OnVjZWNfY3B0YWNfMjAyMA,QzNOLTAwODQ4OnVjZWNfY3B0YWNfMjAyMA,1515,ucec_cptac_2020_protein_quantification,C3N-00848,C3N-00848,ucec_cptac_2020,1.94
QzNOLTAwODUwOnVjZWNfY3B0YWNfMjAyMA,QzNOLTAwODUwOnVjZWNfY3B0YWNfMjAyMA,3394,ucec_cptac_2020_protein_quantification,C3N-00850,C3N-00850,ucec_cptac_2020,1.04
QzNOLTAwODUwOnVjZWNfY3B0YWNfMjAyMA,QzNOLTAwODUwOnVjZWNfY3B0YWNfMjAyMA,94025,ucec_cptac_2020_protein_quantification,C3N-00850,C3N-00850,ucec_cptac_2020,0.0058
QzNOLTAwODUwOnVjZWNfY3B0YWNfMjAyMA,QzNOLTAwODUwOnVjZWNfY3B0YWNfMjAyMA,6772,ucec_cptac_2020_protein_quantification,C3N-00850,C3N-00850,ucec_cptac_2020,0.904
QzNOLTAwODUwOnVjZWNfY3B0YWNfMjAyMA,QzNOLTAwODUwOnVjZWNfY3B0YWNfMjAyMA,7040,ucec_cptac_2020_protein_quantification,C3N-00850,C3N-00850,ucec_cptac_2020,-0.403
QzNOLTAwODUwOnVjZWNfY3B0YWNfMjAyMA,QzNOLTAwODUwOnVjZWNfY3B0YWNfMjAyMA,79679,ucec_cptac_2020_protein_quantification,C3N-00850,C3N-00850,ucec_cptac_2020,-0.0136
QzNOLTAwODUwOnVjZWNfY3B0YWNfMjAyMA,QzNOLTAwODUwOnVjZWNfY3B0YWNfMjAyMA,898,ucec_cptac_2020_protein_quantification,C3N-00850,C3N-00850,ucec_cptac_2020,0.162
QzNOLTAwODUwOnVjZWNfY3B0YWNfMjAyMA,QzNOLTAwODUwOnVjZWNfY3B0YWNfMjAyMA,968,ucec_cptac_2020_protein_quantification,C3N-00850,C3N-00850,ucec_cptac_2020,0.138
QzNOLTAwODUwOnVjZWNfY3B0YWNfMjAyMA,QzNOLTAwODUwOnVjZWNfY3B0YWNfMjAyMA,80381,ucec_cptac_2020_protein_quantification,C3N-00850,C3N-00850,ucec_cptac_2020,-0.0757
QzNOLTAwODUwOnVjZWNfY3B0YWNfMjAyMA,QzNOLTAwODUwOnVjZWNfY3B0YWNfMjAyMA,1515,ucec_cptac_2020_protein_quantification,C3N-00850,C3N-00850,ucec_cptac_2020,0.645
QzNOLTAwODU4OnVjZWNfY3B0YWNfMjAyMA,QzNOLTAwODU4OnVjZWNfY3B0YWNfMjAyMA,3394,ucec_cptac_2020_protein_quantification,C3N-00858,C3N-00858,ucec_cptac_2020,-0.5
QzNOLTAwODU4OnVjZWNfY3B0YWNfMjAyMA,QzNOLTAwODU4OnVjZWNfY3B0YWNfMjAyMA,94025,ucec_cptac_2020_protein_quantification,C3N-00858,C3N-00858,ucec_cptac_2020,0.886
QzNOLTAwODU4OnVjZWNfY3B0YWNfMjAyMA,QzNOLTAwODU4OnVjZWNfY3B0YWNfMjAyMA,6772,ucec_cptac_2020_protein_quantification,C3N-00858,C3N-00858,ucec_cptac_2020,-0.117
QzNOLTAwODU4OnVjZWNfY3B0YWNfMjAyMA,QzNOLTAwODU4OnVjZWNfY3B0YWNfMjAyMA,7040,ucec_cptac_2020_protein_quantification,C3N-00858,C3N-00858,ucec_cptac_2020,-0.788
QzNOLTAwODU4OnVjZWNfY3B0YWNfMjAyMA,QzNOLTAwODU4OnVjZWNfY3B0YWNfMjAyMA,79679,ucec_cptac_2020_protein_quantification,C3N-00858,C3N-00858,ucec_cptac_2020,0.307
QzNOLTAwODU4OnVjZWNfY3B0YWNfMjAyMA,QzNOLTAwODU4OnVjZWNfY3B0YWNfMjAyMA,898,ucec_cptac_2020_protein_quantification,C3N-00858,C3N-00858,ucec_cptac_2020,-0.286
QzNOLTAwODU4OnVjZWNfY3B0YWNfMjAyMA,QzNOLTAwODU4OnVjZWNfY3B0YWNfMjAyMA,968,ucec_cptac_2020_protein_quantification,C3N-00858,C3N-00858,ucec_cptac_2020,0.208
QzNOLTAwODU4OnVjZWNfY3B0YWNfMjAyMA,QzNOLTAwODU4OnVjZWNfY3B0YWNfMjAyMA,80381,ucec_cptac_2020_protein_quantification,C3N-00858,C3N-00858,ucec_cptac_2020,0.0346
QzNOLTAwODU4OnVjZWNfY3B0YWNfMjAyMA,QzNOLTAwODU4OnVjZWNfY3B0YWNfMjAyMA,1515,ucec_cptac_2020_protein_quantification,C3N-00858,C3N-00858,ucec_cptac_2020,3.84
QzNOLTAwODY2OnVjZWNfY3B0YWNfMjAyMA,QzNOLTAwODY2OnVjZWNfY3B0YWNfMjAyMA,94025,ucec_cptac_2020_protein_quantification,C3N-00866,C3N-00866,ucec_cptac_2020,2.47
QzNOLTAwODY2OnVjZWNfY3B0YWNfMjAyMA,QzNOLTAwODY2OnVjZWNfY3B0YWNfMjAyMA,6772,ucec_cptac_2020_protein_quantification,C3N-00866,C3N-00866,ucec_cptac_2020,-0.124
QzNOLTAwODY2OnVjZWNfY3B0YWNfMjAyMA,QzNOLTAwODY2OnVjZWNfY3B0YWNfMjAyMA,7040,ucec_cptac_2020_protein_quantification,C3N-00866,C3N-00866,ucec_cptac_2020,-0.565
QzNOLTAwODY2OnVjZWNfY3B0YWNfMjAyMA,QzNOLTAwODY2OnVjZWNfY3B0YWNfMjAyMA,79679,ucec_cptac_2020_protein_quantification,C3N-00866,C3N-00866,ucec_cptac_2020,1.28
QzNOLTAwODY2OnVjZWNfY3B0YWNfMjAyMA,QzNOLTAwODY2OnVjZWNfY3B0YWNfMjAyMA,898,ucec_cptac_2020_protein_quantification,C3N-00866,C3N-00866,ucec_cptac_2020,0.379
QzNOLTAwODY2OnVjZWNfY3B0YWNfMjAyMA,QzNOLTAwODY2OnVjZWNfY3B0YWNfMjAyMA,968,ucec_cptac_2020_protein_quantification,C3N-00866,C3N-00866,ucec_cptac_2020,-0.421
QzNOLTAwODY2OnVjZWNfY3B0YWNfMjAyMA,QzNOLTAwODY2OnVjZWNfY3B0YWNfMjAyMA,80381,ucec_cptac_2020_protein_quantification,C3N-00866,C3N-00866,ucec_cptac_2020,0.0545
QzNOLTAwODY2OnVjZWNfY3B0YWNfMjAyMA,QzNOLTAwODY2OnVjZWNfY3B0YWNfMjAyMA,1515,ucec_cptac_2020_protein_quantification,C3N-00866,C3N-00866,ucec_cptac_2020,2.67
QzNOLTAwODgwOnVjZWNfY3B0YWNfMjAyMA,QzNOLTAwODgwOnVjZWNfY3B0YWNfMjAyMA,3002,ucec_cptac_2020_protein_quantification,C3N-00880,C3N-00880,ucec_cptac_2020,0.129
QzNOLTAwODgwOnVjZWNfY3B0YWNfMjAyMA,QzNOLTAwODgwOnVjZWNfY3B0YWNfMjAyMA,84868,ucec_cptac_2020_protein_quantification,C3N-00880,C3N-00880,ucec_cptac_2020,0.353
QzNOLTAwODgwOnVjZWNfY3B0YWNfMjAyMA,QzNOLTAwODgwOnVjZWNfY3B0YWNfMjAyMA,3394,ucec_cptac_2020_protein_quantification,C3N-00880,C3N-00880,ucec_cptac_2020,0.343
QzNOLTAwODgwOnVjZWNfY3B0YWNfMjAyMA,QzNOLTAwODgwOnVjZWNfY3B0YWNfMjAyMA,94025,ucec_cptac_2020_protein_quantification,C3N-00880,C3N-00880,ucec_cptac_2020,1.31
QzNOLTAwODgwOnVjZWNfY3B0YWNfMjAyMA,QzNOLTAwODgwOnVjZWNfY3B0YWNfMjAyMA,6772,ucec_cptac_2020_protein_quantification,C3N-00880,C3N-00880,ucec_cptac_2020,0.967
QzNOLTAwODgwOnVjZWNfY3B0YWNfMjAyMA,QzNOLTAwODgwOnVjZWNfY3B0YWNfMjAyMA,7040,ucec_cptac_2020_protein_quantification,C3N-00880,C3N-00880,ucec_cptac_2020,-0.423
QzNOLTAwODgwOnVjZWNfY3B0YWNfMjAyMA,QzNOLTAwODgwOnVjZWNfY3B0YWNfMjAyMA,79679,ucec_cptac_2020_protein_quantification,C3N-00880,C3N-00880,ucec_cptac_2020,1.14
QzNOLTAwODgwOnVjZWNfY3B0YWNfMjAyMA,QzNOLTAwODgwOnVjZWNfY3B0YWNfMjAyMA,898,ucec_cptac_2020_protein_quantification,C3N-00880,C3N-00880,ucec_cptac_2020,0.0917
QzNOLTAwODgwOnVjZWNfY3B0YWNfMjAyMA,QzNOLTAwODgwOnVjZWNfY3B0YWNfMjAyMA,925,ucec_cptac_2020_protein_quantification,C3N-00880,C3N-00880,ucec_cptac_2020,-1.07
QzNOLTAwODgwOnVjZWNfY3B0YWNfMjAyMA,QzNOLTAwODgwOnVjZWNfY3B0YWNfMjAyMA,968,ucec_cptac_2020_protein_quantification,C3N-00880,C3N-00880,ucec_cptac_2020,-0.271
QzNOLTAwODgwOnVjZWNfY3B0YWNfMjAyMA,QzNOLTAwODgwOnVjZWNfY3B0YWNfMjAyMA,29126,ucec_cptac_2020_protein_quantification,C3N-00880,C3N-00880,ucec_cptac_2020,0.315
QzNOLTAwODgwOnVjZWNfY3B0YWNfMjAyMA,QzNOLTAwODgwOnVjZWNfY3B0YWNfMjAyMA,80381,ucec_cptac_2020_protein_quantification,C3N-00880,C3N-00880,ucec_cptac_2020,0.247
QzNOLTAwODgwOnVjZWNfY3B0YWNfMjAyMA,QzNOLTAwODgwOnVjZWNfY3B0YWNfMjAyMA,1515,ucec_cptac_2020_protein_quantification,C3N-00880,C3N-00880,ucec_cptac_2020,-0.309
QzNOLTAwODgwOnVjZWNfY3B0YWNfMjAyMA,QzNOLTAwODgwOnVjZWNfY3B0YWNfMjAyMA,4283,ucec_cptac_2020_protein_quantification,C3N-00880,C3N-00880,ucec_cptac_2020,0.544
QzNOLTAxMDAzOnVjZWNfY3B0YWNfMjAyMA,QzNOLTAxMDAzOnVjZWNfY3B0YWNfMjAyMA,84868,ucec_cptac_2020_protein_quantification,C3N-01003,C3N-01003,ucec_cptac_2020,-0.136
QzNOLTAxMDAzOnVjZWNfY3B0YWNfMjAyMA,QzNOLTAxMDAzOnVjZWNfY3B0YWNfMjAyMA,3394,ucec_cptac_2020_protein_quantification,C3N-01003,C3N-01003,ucec_cptac_2020,1.19
QzNOLTAxMDAzOnVjZWNfY3B0YWNfMjAyMA,QzNOLTAxMDAzOnVjZWNfY3B0YWNfMjAyMA,94025,ucec_cptac_2020_protein_quantification,C3N-01003,C3N-01003,ucec_cptac_2020,-0.156
QzNOLTAxMDAzOnVjZWNfY3B0YWNfMjAyMA,QzNOLTAxMDAzOnVjZWNfY3B0YWNfMjAyMA,6772,ucec_cptac_2020_protein_quantification,C3N-01003,C3N-01003,ucec_cptac_2020,-0.272
QzNOLTAxMDAzOnVjZWNfY3B0YWNfMjAyMA,QzNOLTAxMDAzOnVjZWNfY3B0YWNfMjAyMA,7040,ucec_cptac_2020_protein_quantification,C3N-01003,C3N-01003,ucec_cptac_2020,0.173
QzNOLTAxMDAzOnVjZWNfY3B0YWNfMjAyMA,QzNOLTAxMDAzOnVjZWNfY3B0YWNfMjAyMA,79679,ucec_cptac_2020_protein_quantification,C3N-01003,C3N-01003,ucec_cptac_2020,0.382
QzNOLTAxMDAzOnVjZWNfY3B0YWNfMjAyMA,QzNOLTAxMDAzOnVjZWNfY3B0YWNfMjAyMA,898,ucec_cptac_2020_protein_quantification,C3N-01003,C3N-01003,ucec_cptac_2020,-0.0447
QzNOLTAxMDAzOnVjZWNfY3B0YWNfMjAyMA,QzNOLTAxMDAzOnVjZWNfY3B0YWNfMjAyMA,925,ucec_cptac_2020_protein_quantification,C3N-01003,C3N-01003,ucec_cptac_2020,0.0715
QzNOLTAxMDAzOnVjZWNfY3B0YWNfMjAyMA,QzNOLTAxMDAzOnVjZWNfY3B0YWNfMjAyMA,80381,ucec_cptac_2020_protein_quantification,C3N-01003,C3N-01003,ucec_cptac_2020,-0.0065
QzNOLTAxMDAzOnVjZWNfY3B0YWNfMjAyMA,QzNOLTAxMDAzOnVjZWNfY3B0YWNfMjAyMA,1515,ucec_cptac_2020_protein_quantification,C3N-01003,C3N-01003,ucec_cptac_2020,-0.35
QzNOLTAxMjExOnVjZWNfY3B0YWNfMjAyMA,QzNOLTAxMjExOnVjZWNfY3B0YWNfMjAyMA,3002,ucec_cptac_2020_protein_quantification,C3N-01211,C3N-01211,ucec_cptac_2020,-0.48
QzNOLTAxMjExOnVjZWNfY3B0YWNfMjAyMA,QzNOLTAxMjExOnVjZWNfY3B0YWNfMjAyMA,84868,ucec_cptac_2020_protein_quantification,C3N-01211,C3N-01211,ucec_cptac_2020,0.105
QzNOLTAxMjExOnVjZWNfY3B0YWNfMjAyMA,QzNOLTAxMjExOnVjZWNfY3B0YWNfMjAyMA,94025,ucec_cptac_2020_protein_quantification,C3N-01211,C3N-01211,ucec_cptac_2020,-2.03
QzNOLTAxMjExOnVjZWNfY3B0YWNfMjAyMA,QzNOLTAxMjExOnVjZWNfY3B0YWNfMjAyMA,6772,ucec_cptac_2020_protein_quantification,C3N-01211,C3N-01211,ucec_cptac_2020,0.571
QzNOLTAxMjExOnVjZWNfY3B0YWNfMjAyMA,QzNOLTAxMjExOnVjZWNfY3B0YWNfMjAyMA,7040,ucec_cptac_2020_protein_quantification,C3N-01211,C3N-01211,ucec_cptac_2020,0.32
QzNOLTAxMjExOnVjZWNfY3B0YWNfMjAyMA,QzNOLTAxMjExOnVjZWNfY3B0YWNfMjAyMA,79679,ucec_cptac_2020_protein_quantification,C3N-01211,C3N-01211,ucec_cptac_2020,0.304
QzNOLTAxMjExOnVjZWNfY3B0YWNfMjAyMA,QzNOLTAxMjExOnVjZWNfY3B0YWNfMjAyMA,898,ucec_cptac_2020_protein_quantification,C3N-01211,C3N-01211,ucec_cptac_2020,0.035
QzNOLTAxMjExOnVjZWNfY3B0YWNfMjAyMA,QzNOLTAxMjExOnVjZWNfY3B0YWNfMjAyMA,925,ucec_cptac_2020_protein_quantification,C3N-01211,C3N-01211,ucec_cptac_2020,-0.161
QzNOLTAxMjExOnVjZWNfY3B0YWNfMjAyMA,QzNOLTAxMjExOnVjZWNfY3B0YWNfMjAyMA,80381,ucec_cptac_2020_protein_quantification,C3N-01211,C3N-01211,ucec_cptac_2020,0.0334
QzNOLTAxMjExOnVjZWNfY3B0YWNfMjAyMA,QzNOLTAxMjExOnVjZWNfY3B0YWNfMjAyMA,9074,ucec_cptac_2020_protein_quantification,C3N-01211,C3N-01211,ucec_cptac_2020,-0.476
QzNOLTAxMjExOnVjZWNfY3B0YWNfMjAyMA,QzNOLTAxMjExOnVjZWNfY3B0YWNfMjAyMA,1515,ucec_cptac_2020_protein_quantification,C3N-01211,C3N-01211,ucec_cptac_2020,-1.23
QzNOLTAxMjEyOnVjZWNfY3B0YWNfMjAyMA,QzNOLTAxMjEyOnVjZWNfY3B0YWNfMjAyMA,3002,ucec_cptac_2020_protein_quantification,C3N-01212,C3N-01212,ucec_cptac_2020,1.02
QzNOLTAxMjEyOnVjZWNfY3B0YWNfMjAyMA,QzNOLTAxMjEyOnVjZWNfY3B0YWNfMjAyMA,84868,ucec_cptac_2020_protein_quantification,C3N-01212,C3N-01212,ucec_cptac_2020,0.555
QzNOLTAxMjEyOnVjZWNfY3B0YWNfMjAyMA,QzNOLTAxMjEyOnVjZWNfY3B0YWNfMjAyMA,94025,ucec_cptac_2020_protein_quantification,C3N-01212,C3N-01212,ucec_cptac_2020,-1.03
QzNOLTAxMjEyOnVjZWNfY3B0YWNfMjAyMA,QzNOLTAxMjEyOnVjZWNfY3B0YWNfMjAyMA,6772,ucec_cptac_2020_protein_quantification,C3N-01212,C3N-01212,ucec_cptac_2020,0.157
QzNOLTAxMjEyOnVjZWNfY3B0YWNfMjAyMA,QzNOLTAxMjEyOnVjZWNfY3B0YWNfMjAyMA,7040,ucec_cptac_2020_protein_quantification,C3N-01212,C3N-01212,ucec_cptac_2020,0.109
QzNOLTAxMjEyOnVjZWNfY3B0YWNfMjAyMA,QzNOLTAxMjEyOnVjZWNfY3B0YWNfMjAyMA,79679,ucec_cptac_2020_protein_quantification,C3N-01212,C3N-01212,ucec_cptac_2020,-0.189
QzNOLTAxMjEyOnVjZWNfY3B0YWNfMjAyMA,QzNOLTAxMjEyOnVjZWNfY3B0YWNfMjAyMA,898,ucec_cptac_2020_protein_quantification,C3N-01212,C3N-01212,ucec_cptac_2020,0.614
QzNOLTAxMjEyOnVjZWNfY3B0YWNfMjAyMA,QzNOLTAxMjEyOnVjZWNfY3B0YWNfMjAyMA,925,ucec_cptac_2020_protein_quantification,C3N-01212,C3N-01212,ucec_cptac_2020,0.263
QzNOLTAxMjEyOnVjZWNfY3B0YWNfMjAyMA,QzNOLTAxMjEyOnVjZWNfY3B0YWNfMjAyMA,968,ucec_cptac_2020_protein_quantification,C3N-01212,C3N-01212,ucec_cptac_2020,0.717
QzNOLTAxMjEyOnVjZWNfY3B0YWNfMjAyMA,QzNOLTAxMjEyOnVjZWNfY3B0YWNfMjAyMA,80381,ucec_cptac_2020_protein_quantification,C3N-01212,C3N-01212,ucec_cptac_2020,0.233
QzNOLTAxMjEyOnVjZWNfY3B0YWNfMjAyMA,QzNOLTAxMjEyOnVjZWNfY3B0YWNfMjAyMA,1515,ucec_cptac_2020_protein_quantification,C3N-01212,C3N-01212,ucec_cptac_2020,-0.123
QzNOLTAxMjE3OnVjZWNfY3B0YWNfMjAyMA,QzNOLTAxMjE3OnVjZWNfY3B0YWNfMjAyMA,3002,ucec_cptac_2020_protein_quantification,C3N-01217,C3N-01217,ucec_cptac_2020,-0.608
QzNOLTAxMjE3OnVjZWNfY3B0YWNfMjAyMA,QzNOLTAxMjE3OnVjZWNfY3B0YWNfMjAyMA,84868,ucec_cptac_2020_protein_quantification,C3N-01217,C3N-01217,ucec_cptac_2020,-0.432
QzNOLTAxMjE3OnVjZWNfY3B0YWNfMjAyMA,QzNOLTAxMjE3OnVjZWNfY3B0YWNfMjAyMA,3394,ucec_cptac_2020_protein_quantification,C3N-01217,C3N-01217,ucec_cptac_2020,-0.42
QzNOLTAxMjE3OnVjZWNfY3B0YWNfMjAyMA,QzNOLTAxMjE3OnVjZWNfY3B0YWNfMjAyMA,94025,ucec_cptac_2020_protein_quantification,C3N-01217,C3N-01217,ucec_cptac_2020,2.21
QzNOLTAxMjE3OnVjZWNfY3B0YWNfMjAyMA,QzNOLTAxMjE3OnVjZWNfY3B0YWNfMjAyMA,6772,ucec_cptac_2020_protein_quantification,C3N-01217,C3N-01217,ucec_cptac_2020,-0.412
QzNOLTAxMjE3OnVjZWNfY3B0YWNfMjAyMA,QzNOLTAxMjE3OnVjZWNfY3B0YWNfMjAyMA,7040,ucec_cptac_2020_protein_quantification,C3N-01217,C3N-01217,ucec_cptac_2020,-0.159
QzNOLTAxMjE3OnVjZWNfY3B0YWNfMjAyMA,QzNOLTAxMjE3OnVjZWNfY3B0YWNfMjAyMA,79679,ucec_cptac_2020_protein_quantification,C3N-01217,C3N-01217,ucec_cptac_2020,2.5
QzNOLTAxMjE3OnVjZWNfY3B0YWNfMjAyMA,QzNOLTAxMjE3OnVjZWNfY3B0YWNfMjAyMA,898,ucec_cptac_2020_protein_quantification,C3N-01217,C3N-01217,ucec_cptac_2020,-0.0027
QzNOLTAxMjE3OnVjZWNfY3B0YWNfMjAyMA,QzNOLTAxMjE3OnVjZWNfY3B0YWNfMjAyMA,925,ucec_cptac_2020_protein_quantification,C3N-01217,C3N-01217,ucec_cptac_2020,-0.138
QzNOLTAxMjE3OnVjZWNfY3B0YWNfMjAyMA,QzNOLTAxMjE3OnVjZWNfY3B0YWNfMjAyMA,29126,ucec_cptac_2020_protein_quantification,C3N-01217,C3N-01217,ucec_cptac_2020,-0.0086
QzNOLTAxMjE3OnVjZWNfY3B0YWNfMjAyMA,QzNOLTAxMjE3OnVjZWNfY3B0YWNfMjAyMA,80381,ucec_cptac_2020_protein_quantification,C3N-01217,C3N-01217,ucec_cptac_2020,0.264
QzNOLTAxMjE3OnVjZWNfY3B0YWNfMjAyMA,QzNOLTAxMjE3OnVjZWNfY3B0YWNfMjAyMA,1515,ucec_cptac_2020_protein_quantification,C3N-01217,C3N-01217,ucec_cptac_2020,3.56
QzNOLTAxMjE5OnVjZWNfY3B0YWNfMjAyMA,QzNOLTAxMjE5OnVjZWNfY3B0YWNfMjAyMA,3002,ucec_cptac_2020_protein_quantification,C3N-01219,C3N-01219,ucec_cptac_2020,-0.243
QzNOLTAxMjE5OnVjZWNfY3B0YWNfMjAyMA,QzNOLTAxMjE5OnVjZWNfY3B0YWNfMjAyMA,84868,ucec_cptac_2020_protein_quantification,C3N-01219,C3N-01219,ucec_cptac_2020,1.56
QzNOLTAxMjE5OnVjZWNfY3B0YWNfMjAyMA,QzNOLTAxMjE5OnVjZWNfY3B0YWNfMjAyMA,3394,ucec_cptac_2020_protein_quantification,C3N-01219,C3N-01219,ucec_cptac_2020,0.172
QzNOLTAxMjE5OnVjZWNfY3B0YWNfMjAyMA,QzNOLTAxMjE5OnVjZWNfY3B0YWNfMjAyMA,94025,ucec_cptac_2020_protein_quantification,C3N-01219,C3N-01219,ucec_cptac_2020,-0.824
QzNOLTAxMjE5OnVjZWNfY3B0YWNfMjAyMA,QzNOLTAxMjE5OnVjZWNfY3B0YWNfMjAyMA,6772,ucec_cptac_2020_protein_quantification,C3N-01219,C3N-01219,ucec_cptac_2020,1.22
QzNOLTAxMjE5OnVjZWNfY3B0YWNfMjAyMA,QzNOLTAxMjE5OnVjZWNfY3B0YWNfMjAyMA,7040,ucec_cptac_2020_protein_quantification,C3N-01219,C3N-01219,ucec_cptac_2020,0.109
QzNOLTAxMjE5OnVjZWNfY3B0YWNfMjAyMA,QzNOLTAxMjE5OnVjZWNfY3B0YWNfMjAyMA,79679,ucec_cptac_2020_protein_quantification,C3N-01219,C3N-01219,ucec_cptac_2020,3.38
QzNOLTAxMjE5OnVjZWNfY3B0YWNfMjAyMA,QzNOLTAxMjE5OnVjZWNfY3B0YWNfMjAyMA,898,ucec_cptac_2020_protein_quantification,C3N-01219,C3N-01219,ucec_cptac_2020,0.221
QzNOLTAxMjE5OnVjZWNfY3B0YWNfMjAyMA,QzNOLTAxMjE5OnVjZWNfY3B0YWNfMjAyMA,925,ucec_cptac_2020_protein_quantification,C3N-01219,C3N-01219,ucec_cptac_2020,1.53
QzNOLTAxMjE5OnVjZWNfY3B0YWNfMjAyMA,QzNOLTAxMjE5OnVjZWNfY3B0YWNfMjAyMA,968,ucec_cptac_2020_protein_quantification,C3N-01219,C3N-01219,ucec_cptac_2020,0.479
QzNOLTAxMjE5OnVjZWNfY3B0YWNfMjAyMA,QzNOLTAxMjE5OnVjZWNfY3B0YWNfMjAyMA,29126,ucec_cptac_2020_protein_quantification,C3N-01219,C3N-01219,ucec_cptac_2020,1.29
QzNOLTAxMjE5OnVjZWNfY3B0YWNfMjAyMA,QzNOLTAxMjE5OnVjZWNfY3B0YWNfMjAyMA,80381,ucec_cptac_2020_protein_quantification,C3N-01219,C3N-01219,ucec_cptac_2020,0.127
QzNOLTAxMjE5OnVjZWNfY3B0YWNfMjAyMA,QzNOLTAxMjE5OnVjZWNfY3B0YWNfMjAyMA,1515,ucec_cptac_2020_protein_quantification,C3N-01219,C3N-01219,ucec_cptac_2020,2.62
QzNOLTAxMjE5OnVjZWNfY3B0YWNfMjAyMA,QzNOLTAxMjE5OnVjZWNfY3B0YWNfMjAyMA,4283,ucec_cptac_2020_protein_quantification,C3N-01219,C3N-01219,ucec_cptac_2020,1.62
QzNOLTAxMjY3OnVjZWNfY3B0YWNfMjAyMA,QzNOLTAxMjY3OnVjZWNfY3B0YWNfMjAyMA,3002,ucec_cptac_2020_protein_quantification,C3N-01267,C3N-01267,ucec_cptac_2020,0.0
QzNOLTAxMjY3OnVjZWNfY3B0YWNfMjAyMA,QzNOLTAxMjY3OnVjZWNfY3B0YWNfMjAyMA,84868,ucec_cptac_2020_protein_quantification,C3N-01267,C3N-01267,ucec_cptac_2020,0.0351
QzNOLTAxMjY3OnVjZWNfY3B0YWNfMjAyMA,QzNOLTAxMjY3OnVjZWNfY3B0YWNfMjAyMA,94025,ucec_cptac_2020_protein_quantification,C3N-01267,C3N-01267,ucec_cptac_2020,-1.78
QzNOLTAxMjY3OnVjZWNfY3B0YWNfMjAyMA,QzNOLTAxMjY3OnVjZWNfY3B0YWNfMjAyMA,6772,ucec_cptac_2020_protein_quantification,C3N-01267,C3N-01267,ucec_cptac_2020,-0.336
QzNOLTAxMjY3OnVjZWNfY3B0YWNfMjAyMA,QzNOLTAxMjY3OnVjZWNfY3B0YWNfMjAyMA,7040,ucec_cptac_2020_protein_quantification,C3N-01267,C3N-01267,ucec_cptac_2020,0.96
QzNOLTAxMjY3OnVjZWNfY3B0YWNfMjAyMA,QzNOLTAxMjY3OnVjZWNfY3B0YWNfMjAyMA,79679,ucec_cptac_2020_protein_quantification,C3N-01267,C3N-01267,ucec_cptac_2020,-0.587
QzNOLTAxMjY3OnVjZWNfY3B0YWNfMjAyMA,QzNOLTAxMjY3OnVjZWNfY3B0YWNfMjAyMA,898,ucec_cptac_2020_protein_quantification,C3N-01267,C3N-01267,ucec_cptac_2020,-0.315
QzNOLTAxMjY3OnVjZWNfY3B0YWNfMjAyMA,QzNOLTAxMjY3OnVjZWNfY3B0YWNfMjAyMA,925,ucec_cptac_2020_protein_quantification,C3N-01267,C3N-01267,ucec_cptac_2020,-0.0135
QzNOLTAxMjY3OnVjZWNfY3B0YWNfMjAyMA,QzNOLTAxMjY3OnVjZWNfY3B0YWNfMjAyMA,80381,ucec_cptac_2020_protein_quantification,C3N-01267,C3N-01267,ucec_cptac_2020,-0.0424
QzNOLTAxMjY3OnVjZWNfY3B0YWNfMjAyMA,QzNOLTAxMjY3OnVjZWNfY3B0YWNfMjAyMA,9074,ucec_cptac_2020_protein_quantification,C3N-01267,C3N-01267,ucec_cptac_2020,-0.161
QzNOLTAxMjY3OnVjZWNfY3B0YWNfMjAyMA,QzNOLTAxMjY3OnVjZWNfY3B0YWNfMjAyMA,1515,ucec_cptac_2020_protein_quantification,C3N-01267,C3N-01267,ucec_cptac_2020,-1.41
QzNOLTAxNTEwOnVjZWNfY3B0YWNfMjAyMA,QzNOLTAxNTEwOnVjZWNfY3B0YWNfMjAyMA,3002,ucec_cptac_2020_protein_quantification,C3N-01510,C3N-01510,ucec_cptac_2020,-0.794
QzNOLTAxNTEwOnVjZWNfY3B0YWNfMjAyMA,QzNOLTAxNTEwOnVjZWNfY3B0YWNfMjAyMA,84868,ucec_cptac_2020_protein_quantification,C3N-01510,C3N-01510,ucec_cptac_2020,0.277
QzNOLTAxNTEwOnVjZWNfY3B0YWNfMjAyMA,QzNOLTAxNTEwOnVjZWNfY3B0YWNfMjAyMA,3394,ucec_cptac_2020_protein_quantification,C3N-01510,C3N-01510,ucec_cptac_2020,-0.324
QzNOLTAxNTEwOnVjZWNfY3B0YWNfMjAyMA,QzNOLTAxNTEwOnVjZWNfY3B0YWNfMjAyMA,94025,ucec_cptac_2020_protein_quantification,C3N-01510,C3N-01510,ucec_cptac_2020,1.31
QzNOLTAxNTEwOnVjZWNfY3B0YWNfMjAyMA,QzNOLTAxNTEwOnVjZWNfY3B0YWNfMjAyMA,6772,ucec_cptac_2020_protein_quantification,C3N-01510,C3N-01510,ucec_cptac_2020,-0.194
QzNOLTAxNTEwOnVjZWNfY3B0YWNfMjAyMA,QzNOLTAxNTEwOnVjZWNfY3B0YWNfMjAyMA,7040,ucec_cptac_2020_protein_quantification,C3N-01510,C3N-01510,ucec_cptac_2020,-0.563
QzNOLTAxNTEwOnVjZWNfY3B0YWNfMjAyMA,QzNOLTAxNTEwOnVjZWNfY3B0YWNfMjAyMA,79679,ucec_cptac_2020_protein_quantification,C3N-01510,C3N-01510,ucec_cptac_2020,2.34
QzNOLTAxNTEwOnVjZWNfY3B0YWNfMjAyMA,QzNOLTAxNTEwOnVjZWNfY3B0YWNfMjAyMA,898,ucec_cptac_2020_protein_quantification,C3N-01510,C3N-01510,ucec_cptac_2020,0.675
QzNOLTAxNTEwOnVjZWNfY3B0YWNfMjAyMA,QzNOLTAxNTEwOnVjZWNfY3B0YWNfMjAyMA,925,ucec_cptac_2020_protein_quantification,C3N-01510,C3N-01510,ucec_cptac_2020,0.141
QzNOLTAxNTEwOnVjZWNfY3B0YWNfMjAyMA,QzNOLTAxNTEwOnVjZWNfY3B0YWNfMjAyMA,968,ucec_cptac_2020_protein_quantification,C3N-01510,C3N-01510,ucec_cptac_2020,-0.178
QzNOLTAxNTEwOnVjZWNfY3B0YWNfMjAyMA,QzNOLTAxNTEwOnVjZWNfY3B0YWNfMjAyMA,29126,ucec_cptac_2020_protein_quantification,C3N-01510,C3N-01510,ucec_cptac_2020,-0.212
QzNOLTAxNTEwOnVjZWNfY3B0YWNfMjAyMA,QzNOLTAxNTEwOnVjZWNfY3B0YWNfMjAyMA,80381,ucec_cptac_2020_protein_quantification,C3N-01510,C3N-01510,ucec_cptac_2020,0.479
QzNOLTAxNTEwOnVjZWNfY3B0YWNfMjAyMA,QzNOLTAxNTEwOnVjZWNfY3B0YWNfMjAyMA,9074,ucec_cptac_2020_protein_quantification,C3N-01510,C3N-01510,ucec_cptac_2020,-0.413
QzNOLTAxNTEwOnVjZWNfY3B0YWNfMjAyMA,QzNOLTAxNTEwOnVjZWNfY3B0YWNfMjAyMA,1515,ucec_cptac_2020_protein_quantification,C3N-01510,C3N-01510,ucec_cptac_2020,0.308
QzNOLTAxNTEwOnVjZWNfY3B0YWNfMjAyMA,QzNOLTAxNTEwOnVjZWNfY3B0YWNfMjAyMA,4283,ucec_cptac_2020_protein_quantification,C3N-01510,C3N-01510,ucec_cptac_2020,-0.385
QzNOLTAxNTIxOnVjZWNfY3B0YWNfMjAyMA,QzNOLTAxNTIxOnVjZWNfY3B0YWNfMjAyMA,3002,ucec_cptac_2020_protein_quantification,C3N-01521,C3N-01521,ucec_cptac_2020,-1.2
QzNOLTAxNTIxOnVjZWNfY3B0YWNfMjAyMA,QzNOLTAxNTIxOnVjZWNfY3B0YWNfMjAyMA,84868,ucec_cptac_2020_protein_quantification,C3N-01521,C3N-01521,ucec_cptac_2020,-0.271
QzNOLTAxNTIxOnVjZWNfY3B0YWNfMjAyMA,QzNOLTAxNTIxOnVjZWNfY3B0YWNfMjAyMA,3394,ucec_cptac_2020_protein_quantification,C3N-01521,C3N-01521,ucec_cptac_2020,-0.256
QzNOLTAxNTIxOnVjZWNfY3B0YWNfMjAyMA,QzNOLTAxNTIxOnVjZWNfY3B0YWNfMjAyMA,94025,ucec_cptac_2020_protein_quantification,C3N-01521,C3N-01521,ucec_cptac_2020,-0.0151
QzNOLTAxNTIxOnVjZWNfY3B0YWNfMjAyMA,QzNOLTAxNTIxOnVjZWNfY3B0YWNfMjAyMA,6772,ucec_cptac_2020_protein_quantification,C3N-01521,C3N-01521,ucec_cptac_2020,1.01
QzNOLTAxNTIxOnVjZWNfY3B0YWNfMjAyMA,QzNOLTAxNTIxOnVjZWNfY3B0YWNfMjAyMA,7040,ucec_cptac_2020_protein_quantification,C3N-01521,C3N-01521,ucec_cptac_2020,-0.516
QzNOLTAxNTIxOnVjZWNfY3B0YWNfMjAyMA,QzNOLTAxNTIxOnVjZWNfY3B0YWNfMjAyMA,79679,ucec_cptac_2020_protein_quantification,C3N-01521,C3N-01521,ucec_cptac_2020,3.96
QzNOLTAxNTIxOnVjZWNfY3B0YWNfMjAyMA,QzNOLTAxNTIxOnVjZWNfY3B0YWNfMjAyMA,898,ucec_cptac_2020_protein_quantification,C3N-01521,C3N-01521,ucec_cptac_2020,-0.116
QzNOLTAxNTIxOnVjZWNfY3B0YWNfMjAyMA,QzNOLTAxNTIxOnVjZWNfY3B0YWNfMjAyMA,925,ucec_cptac_2020_protein_quantification,C3N-01521,C3N-01521,ucec_cptac_2020,-0.0236
QzNOLTAxNTIxOnVjZWNfY3B0YWNfMjAyMA,QzNOLTAxNTIxOnVjZWNfY3B0YWNfMjAyMA,968,ucec_cptac_2020_protein_quantification,C3N-01521,C3N-01521,ucec_cptac_2020,0.466
QzNOLTAxNTIxOnVjZWNfY3B0YWNfMjAyMA,QzNOLTAxNTIxOnVjZWNfY3B0YWNfMjAyMA,29126,ucec_cptac_2020_protein_quantification,C3N-01521,C3N-01521,ucec_cptac_2020,0.358
QzNOLTAxNTIxOnVjZWNfY3B0YWNfMjAyMA,QzNOLTAxNTIxOnVjZWNfY3B0YWNfMjAyMA,80381,ucec_cptac_2020_protein_quantification,C3N-01521,C3N-01521,ucec_cptac_2020,-0.0074
QzNOLTAxNTIxOnVjZWNfY3B0YWNfMjAyMA,QzNOLTAxNTIxOnVjZWNfY3B0YWNfMjAyMA,9074,ucec_cptac_2020_protein_quantification,C3N-01521,C3N-01521,ucec_cptac_2020,-0.304
QzNOLTAxNTIxOnVjZWNfY3B0YWNfMjAyMA,QzNOLTAxNTIxOnVjZWNfY3B0YWNfMjAyMA,1515,ucec_cptac_2020_protein_quantification,C3N-01521,C3N-01521,ucec_cptac_2020,0.353
QzNOLTAxNTIxOnVjZWNfY3B0YWNfMjAyMA,QzNOLTAxNTIxOnVjZWNfY3B0YWNfMjAyMA,4283,ucec_cptac_2020_protein_quantification,C3N-01521,C3N-01521,ucec_cptac_2020,-0.74
QzNOLTAxNTM3OnVjZWNfY3B0YWNfMjAyMA,QzNOLTAxNTM3OnVjZWNfY3B0YWNfMjAyMA,3002,ucec_cptac_2020_protein_quantification,C3N-01537,C3N-01537,ucec_cptac_2020,0.968
QzNOLTAxNTM3OnVjZWNfY3B0YWNfMjAyMA,QzNOLTAxNTM3OnVjZWNfY3B0YWNfMjAyMA,3394,ucec_cptac_2020_protein_quantification,C3N-01537,C3N-01537,ucec_cptac_2020,1.19
QzNOLTAxNTM3OnVjZWNfY3B0YWNfMjAyMA,QzNOLTAxNTM3OnVjZWNfY3B0YWNfMjAyMA,94025,ucec_cptac_2020_protein_quantification,C3N-01537,C3N-01537,ucec_cptac_2020,1.89
QzNOLTAxNTM3OnVjZWNfY3B0YWNfMjAyMA,QzNOLTAxNTM3OnVjZWNfY3B0YWNfMjAyMA,6772,ucec_cptac_2020_protein_quantification,C3N-01537,C3N-01537,ucec_cptac_2020,2.14
QzNOLTAxNTM3OnVjZWNfY3B0YWNfMjAyMA,QzNOLTAxNTM3OnVjZWNfY3B0YWNfMjAyMA,7040,ucec_cptac_2020_protein_quantification,C3N-01537,C3N-01537,ucec_cptac_2020,0.0047
QzNOLTAxNTM3OnVjZWNfY3B0YWNfMjAyMA,QzNOLTAxNTM3OnVjZWNfY3B0YWNfMjAyMA,79679,ucec_cptac_2020_protein_quantification,C3N-01537,C3N-01537,ucec_cptac_2020,0.967
QzNOLTAxNTM3OnVjZWNfY3B0YWNfMjAyMA,QzNOLTAxNTM3OnVjZWNfY3B0YWNfMjAyMA,898,ucec_cptac_2020_protein_quantification,C3N-01537,C3N-01537,ucec_cptac_2020,1.11
QzNOLTAxNTM3OnVjZWNfY3B0YWNfMjAyMA,QzNOLTAxNTM3OnVjZWNfY3B0YWNfMjAyMA,925,ucec_cptac_2020_protein_quantification,C3N-01537,C3N-01537,ucec_cptac_2020,1.32
QzNOLTAxNTM3OnVjZWNfY3B0YWNfMjAyMA,QzNOLTAxNTM3OnVjZWNfY3B0YWNfMjAyMA,968,ucec_cptac_2020_protein_quantification,C3N-01537,C3N-01537,ucec_cptac_2020,0.242
QzNOLTAxNTM3OnVjZWNfY3B0YWNfMjAyMA,QzNOLTAxNTM3OnVjZWNfY3B0YWNfMjAyMA,29126,ucec_cptac_2020_protein_quantification,C3N-01537,C3N-01537,ucec_cptac_2020,1.64
QzNOLTAxNTM3OnVjZWNfY3B0YWNfMjAyMA,QzNOLTAxNTM3OnVjZWNfY3B0YWNfMjAyMA,80381,ucec_cptac_2020_protein_quantification,C3N-01537,C3N-01537,ucec_cptac_2020,-0.75
QzNOLTAxNTM3OnVjZWNfY3B0YWNfMjAyMA,QzNOLTAxNTM3OnVjZWNfY3B0YWNfMjAyMA,1515,ucec_cptac_2020_protein_quantification,C3N-01537,C3N-01537,ucec_cptac_2020,-0.89
QzNOLTAxODAyOnVjZWNfY3B0YWNfMjAyMA,QzNOLTAxODAyOnVjZWNfY3B0YWNfMjAyMA,3002,ucec_cptac_2020_protein_quantification,C3N-01802,C3N-01802,ucec_cptac_2020,0.805
QzNOLTAxODAyOnVjZWNfY3B0YWNfMjAyMA,QzNOLTAxODAyOnVjZWNfY3B0YWNfMjAyMA,3394,ucec_cptac_2020_protein_quantification,C3N-01802,C3N-01802,ucec_cptac_2020,0.562
QzNOLTAxODAyOnVjZWNfY3B0YWNfMjAyMA,QzNOLTAxODAyOnVjZWNfY3B0YWNfMjAyMA,94025,ucec_cptac_2020_protein_quantification,C3N-01802,C3N-01802,ucec_cptac_2020,-0.513
QzNOLTAxODAyOnVjZWNfY3B0YWNfMjAyMA,QzNOLTAxODAyOnVjZWNfY3B0YWNfMjAyMA,6772,ucec_cptac_2020_protein_quantification,C3N-01802,C3N-01802,ucec_cptac_2020,2.08
QzNOLTAxODAyOnVjZWNfY3B0YWNfMjAyMA,QzNOLTAxODAyOnVjZWNfY3B0YWNfMjAyMA,7040,ucec_cptac_2020_protein_quantification,C3N-01802,C3N-01802,ucec_cptac_2020,-0.249
QzNOLTAxODAyOnVjZWNfY3B0YWNfMjAyMA,QzNOLTAxODAyOnVjZWNfY3B0YWNfMjAyMA,79679,ucec_cptac_2020_protein_quantification,C3N-01802,C3N-01802,ucec_cptac_2020,0.425
QzNOLTAxODAyOnVjZWNfY3B0YWNfMjAyMA,QzNOLTAxODAyOnVjZWNfY3B0YWNfMjAyMA,898,ucec_cptac_2020_protein_quantification,C3N-01802,C3N-01802,ucec_cptac_2020,2.8
QzNOLTAxODAyOnVjZWNfY3B0YWNfMjAyMA,QzNOLTAxODAyOnVjZWNfY3B0YWNfMjAyMA,925,ucec_cptac_2020_protein_quantification,C3N-01802,C3N-01802,ucec_cptac_2020,-0.0897
QzNOLTAxODAyOnVjZWNfY3B0YWNfMjAyMA,QzNOLTAxODAyOnVjZWNfY3B0YWNfMjAyMA,968,ucec_cptac_2020_protein_quantification,C3N-01802,C3N-01802,ucec_cptac_2020,3.03
QzNOLTAxODAyOnVjZWNfY3B0YWNfMjAyMA,QzNOLTAxODAyOnVjZWNfY3B0YWNfMjAyMA,80381,ucec_cptac_2020_protein_quantification,C3N-01802,C3N-01802,ucec_cptac_2020,0.206
QzNOLTAxODAyOnVjZWNfY3B0YWNfMjAyMA,QzNOLTAxODAyOnVjZWNfY3B0YWNfMjAyMA,1515,ucec_cptac_2020_protein_quantification,C3N-01802,C3N-01802,ucec_cptac_2020,-0.0066
QzNOLTAxODI1OnVjZWNfY3B0YWNfMjAyMA,QzNOLTAxODI1OnVjZWNfY3B0YWNfMjAyMA,3002,ucec_cptac_2020_protein_quantification,C3N-01825,C3N-01825,ucec_cptac_2020,-0.155
QzNOLTAxODI1OnVjZWNfY3B0YWNfMjAyMA,QzNOLTAxODI1OnVjZWNfY3B0YWNfMjAyMA,84868,ucec_cptac_2020_protein_quantification,C3N-01825,C3N-01825,ucec_cptac_2020,0.362
QzNOLTAxODI1OnVjZWNfY3B0YWNfMjAyMA,QzNOLTAxODI1OnVjZWNfY3B0YWNfMjAyMA,94025,ucec_cptac_2020_protein_quantification,C3N-01825,C3N-01825,ucec_cptac_2020,-2.01
QzNOLTAxODI1OnVjZWNfY3B0YWNfMjAyMA,QzNOLTAxODI1OnVjZWNfY3B0YWNfMjAyMA,6772,ucec_cptac_2020_protein_quantification,C3N-01825,C3N-01825,ucec_cptac_2020,0.776
QzNOLTAxODI1OnVjZWNfY3B0YWNfMjAyMA,QzNOLTAxODI1OnVjZWNfY3B0YWNfMjAyMA,7040,ucec_cptac_2020_protein_quantification,C3N-01825,C3N-01825,ucec_cptac_2020,0.596
QzNOLTAxODI1OnVjZWNfY3B0YWNfMjAyMA,QzNOLTAxODI1OnVjZWNfY3B0YWNfMjAyMA,79679,ucec_cptac_2020_protein_quantification,C3N-01825,C3N-01825,ucec_cptac_2020,-1.49
QzNOLTAxODI1OnVjZWNfY3B0YWNfMjAyMA,QzNOLTAxODI1OnVjZWNfY3B0YWNfMjAyMA,898,ucec_cptac_2020_protein_quantification,C3N-01825,C3N-01825,ucec_cptac_2020,0.0685
QzNOLTAxODI1OnVjZWNfY3B0YWNfMjAyMA,QzNOLTAxODI1OnVjZWNfY3B0YWNfMjAyMA,925,ucec_cptac_2020_protein_quantification,C3N-01825,C3N-01825,ucec_cptac_2020,0.155
QzNOLTAxODI1OnVjZWNfY3B0YWNfMjAyMA,QzNOLTAxODI1OnVjZWNfY3B0YWNfMjAyMA,80381,ucec_cptac_2020_protein_quantification,C3N-01825,C3N-01825,ucec_cptac_2020,0.144
QzNOLTAxODI1OnVjZWNfY3B0YWNfMjAyMA,QzNOLTAxODI1OnVjZWNfY3B0YWNfMjAyMA,9074,ucec_cptac_2020_protein_quantification,C3N-01825,C3N-01825,ucec_cptac_2020,0.394
QzNOLTAxODI1OnVjZWNfY3B0YWNfMjAyMA,QzNOLTAxODI1OnVjZWNfY3B0YWNfMjAyMA,1515,ucec_cptac_2020_protein_quantification,C3N-01825,C3N-01825,ucec_cptac_2020,-1.0
