gene,log2FC,mean_tumor_tpm,mean_normal_tpm,pvalue,FDR,mut_freq_pct,n_mut_samples
CLDN6,5.775341594001239,81.48660746812386,0.5060257142857143,2.189324774723077e-05,4.792924646149326e-05,1.183431952662722,6
LEFTY1,5.425290498627272,76.65026484517304,0.80704,1.3516142926018725e-12,8.249926703002336e-12,1.5779092702169626,8
AOC1,5.363321741565171,109.32878852459017,1.680205714285714,2.840259486253838e-13,1.93630899282183e-12,6.508875739644971,33
KRT6A,5.262388434120097,66.38255846994535,0.75554,2.8455057772870066e-12,1.6448897797365464e-11,3.7475345167652856,19
PI3,5.235912234155904,367.6491151183971,8.782425714285715,1.0578873915169465e-14,9.293411174252708e-14,1.5779092702169626,8
ALPG,5.140434939922768,134.58633169398908,2.8440657142857146,4.9422056531264195e-08,1.5355274739224042e-07,2.9585798816568047,15
S100A7,5.063278560133333,46.62051621129326,0.42428,0.00156877844567272,0.0026684922978357085,1.5779092702169626,8
CST1,5.053133246194571,302.1178524590164,8.129917142857142,0.03144351264972412,0.04383598712989256,2.9585798816568047,15
C6orf15,4.771424371521677,29.874529690346083,0.13046857142857143,1.1032873419647098e-09,4.326606742984023e-09,2.9585798816568047,15
AKR1B10,4.716843853693743,39.565118214936255,0.5425571428571428,6.66072048214257e-09,2.328640951777667e-08,2.1696252465483234,11
GLYATL2,4.407909313656404,47.730154280510014,1.29554,2.28733809391852e-06,5.712458957533719e-06,3.353057199211045,17
MYBL2,4.369035749536791,127.53002404371585,5.220048571428571,6.498045793166839e-22,1.1167162447465262e-19,5.719921104536489,29
KRT16,4.360391600358187,47.30348306010929,1.351634285714286,2.4443478263951982e-11,1.2246713352397633e-10,4.142011834319527,21
JSRP1,4.356139320947368,29.885674863387983,0.5080942857142857,1.1813258280493716e-18,2.69944260408094e-17,1.9723865877712032,10
DEFA6,4.3148896406195485,19.212918032786884,0.015588571428571427,0.017059686667022345,0.024819286651899,1.5779092702169626,8
SPRR3,4.214272411079166,20.563729326047362,0.16172,6.329516908592353e-06,1.483300709630066e-05,1.5779092702169626,8
CEACAM5,4.16144923869182,28.515339890710386,0.6494028571428571,4.289486763655428e-10,1.7839161236901247e-09,4.142011834319527,21
KRT5,4.142002012698239,114.9581597449909,5.56802,2.52358644154376e-08,8.142798574728917e-08,3.9447731755424074,20
SFTPB,4.116246349853597,18.670842258652097,0.13425142857142855,0.00015629457153830287,0.0003055513498327907,1.7751479289940828,9
PRAME,3.9826371531490183,224.3064298724954,13.252148571428572,3.427693944638305e-21,3.176971612283301e-19,3.353057199211045,17
GPX2,3.947728628183162,68.13843132969035,3.480585714285714,0.015863069033212645,0.023207316920275094,1.5779092702169626,8
KRT31,3.9452170979796124,15.89483151183971,0.09679428571428572,0.0002021344253646399,0.00038949004317517273,3.353057199211045,17
OLFM4,3.9365282837799196,107.17126539162115,6.064782857142856,0.006505533926010293,0.010104339927633009,4.142011834319527,21
CTSV,3.872114928622387,67.01065154826958,3.644662857142857,8.682942233284577e-18,1.5386807837242635e-16,3.5502958579881656,18
CDC20,3.862583443050245,149.84940473588338,9.370271428571428,1.0099729243501565e-21,1.4364252849938691e-19,1.9723865877712032,10
NXPH4,3.795389374241648,21.59517887067395,0.627382857142857,6.11464560703344e-16,6.905068707319523e-15,1.3806706114398422,7
ZIC2,3.766550915782981,13.602926593806922,0.07298857142857143,6.934538870820436e-12,3.7958202485333626e-11,1.3806706114398422,7
CAPN13,3.7659706431125115,34.508125683060115,1.6101028571428573,6.579161129738876e-14,4.969938990211129e-13,5.128205128205128,26
KIF1A,3.7491765985883077,20.821518397085608,0.62282,2.7541882425652132e-12,1.5943367588014348e-11,8.875739644970414,45
PITX1,3.7210974594237327,24.3614160291439,0.9231428571428572,1.1015323997066164e-17,1.889093714174611e-16,3.155818540433925,16
S100A8,3.699034902341706,150.6164096539162,10.674162857142859,1.3747321659064253e-08,4.586517952097918e-08,1.183431952662722,6
MMP9,3.6934583787361994,67.27075919854279,4.277071428571429,4.0458520840475456e-15,3.880732188962785e-14,4.930966469428008,25
UBE2C,3.6867684939855434,199.98131438979962,14.6073,8.627656294407625e-21,5.670879424109044e-19,1.3806706114398422,7
FGF3,3.672982857345378,12.226022222222223,0.03693428571428571,2.691295335683021e-06,6.644865376848022e-06,1.3806706114398422,7
TMPRSS4,3.6338935374516805,46.988783970856105,2.865705714285714,8.086437842952114e-19,1.959031593730161e-17,2.7613412228796843,14
TFAP2A,3.576071007995411,15.859043533697633,0.4136057142857143,1.711444659484497e-19,5.171334099679645e-18,3.5502958579881656,18
CCNE1,3.5557102044783666,49.36501948998178,3.2830542857142855,1.672524944047398e-20,8.787680422577698e-19,4.142011834319527,21
AQP5,3.534480820616584,252.27553278688526,20.85790285714286,2.203075033745289e-13,1.5336005023936615e-12,1.5779092702169626,8
CST2,3.477422980886516,16.48643041894353,0.5699742857142857,4.112459516540358e-06,9.874451623327439e-06,2.1696252465483234,11
EEF1A2,3.4468349146105814,25.265051730418943,1.4086714285714286,0.00014219572303506058,0.00027948332721836457,2.7613412228796843,14
CA9,3.4420836853106715,41.63851092896175,2.92312,2.811403081923534e-10,1.1975865748921885e-09,3.353057199211045,17
CEACAM6,3.428649301820265,27.571757741347906,1.6534485714285714,1.1177212090265175e-06,2.9039629144125173e-06,1.7751479289940828,9
COL26A1,3.427264214887262,39.433873224043715,2.7586857142857144,3.2532570287579443e-09,1.1953733528668939e-08,2.366863905325444,12
TPX2,3.419157134048823,83.13925519125681,6.865562857142858,1.4459066299459377e-20,8.0048884499490205e-19,4.142011834319527,21
ODAM,3.4175976486190383,16.62075755919854,0.6490171428571428,0.00720984687115336,0.011125998847655798,1.7751479289940828,9
NTS,3.4035698693469287,92.08174663023678,7.796054285714286,0.00048224641857178675,0.0008807817351486037,2.1696252465483234,11
UPK1B,3.4002391731801875,78.55843333333333,6.535502857142857,4.781127222155912e-07,1.3008894846812382e-06,1.5779092702169626,8
ANPEP,3.388999160745302,68.98751038251366,5.680825714285714,6.371909101097186e-09,2.2352489123942458e-08,7.6923076923076925,39
HOXB13,3.385697269855976,10.450057923497267,0.09549714285714286,2.2630467649339755e-14,1.862131946527717e-13,2.7613412228796843,14
GFRA3,3.374132945368353,35.75328069216758,2.5447114285714285,3.832021674672512e-05,8.123964737695593e-05,2.366863905325444,12
MAL,3.3715660746325993,134.59026138433515,12.100442857142857,5.0005961984857454e-06,1.1884159620083236e-05,1.183431952662722,6
POU3F3,3.342637564234565,9.625638433515483,0.04742,1.4584740038071917e-05,3.264401589310955e-05,1.5779092702169626,8
ASF1B,3.337080936852058,85.18975500910746,7.528922857142859,4.174816600036937e-21,3.536536922589399e-19,2.366863905325444,12
AURKB,3.2961019384340973,50.56306976320583,4.249442857142858,9.148375943130805e-21,5.872759000380234e-19,2.1696252465483234,11
ZIC1,3.285681291793605,9.294926958105648,0.05568571428571428,1.5422977161426558e-11,8.00126385112417e-11,3.9447731755424074,20
AMBN,3.269747989132025,8.723451548269582,0.008157142857142856,5.7680601989513234e-05,0.00011920513235913683,3.7475345167652856,19
H3C2,3.2654616772497556,10.353833697632057,0.18070285714285714,1.5566754244258364e-17,2.563076961295155e-16,1.3806706114398422,7
FOXM1,3.261191433168904,32.842271948998174,2.5297428571428573,2.6353148004111045e-20,1.2351540788972273e-18,4.733727810650888,24
UPK2,3.2582900588581225,13.836642076502734,0.5505742857142857,3.6434877484093374e-13,2.4435065395633027e-12,2.366863905325444,12
MMP12,3.246635371606429,20.076136247723134,1.2205285714285712,1.3821159376905137e-14,1.183912187955249e-13,4.142011834319527,21
KRT6B,3.246447700957959,9.462714025500912,0.10246857142857142,1.2875045006201761e-09,4.9944155305035656e-09,3.5502958579881656,18
GRIN2D,3.243512829790774,13.422291256830603,0.5227885714285716,6.6867358907558965e-18,1.2271164485616327e-16,5.325443786982249,27
KIFC1,3.2215393603430473,66.56910145719489,6.243828571428571,9.795264405233192e-21,6.098198949341027e-19,3.9447731755424074,20
MELK,3.1860572618072434,26.343212386156644,2.0043514285714283,1.0184986103406658e-20,6.269847042313546e-19,4.536489151873767,23
TK1,3.17958014159968,168.3663025500911,17.69295714285714,3.136218095628108e-21,2.9566472080955725e-19,1.5779092702169626,8
CHGA,3.1770534888906985,182.84243023679417,19.32625428571428,0.0016024923059745004,0.0027208003635502153,3.155818540433925,16
PIGR,3.1501028735056673,904.7385287795993,101.02988285714287,4.480067669829303e-05,9.417960807446972e-05,6.31163708086785,32
PTTG1,3.147534897489231,78.27589581056465,7.946202857142857,9.420270968726693e-21,6.000603491971158e-19,1.5779092702169626,8
CXCL5,3.1451258829690776,20.6556087431694,1.4478971428571428,2.449785615226367e-07,6.946813867309143e-07,1.5779092702169626,8
CDCA8,3.1274902919283267,45.1217524590164,4.277611428571429,7.523892207844331e-21,5.066496883470032e-19,1.183431952662722,6
B3GNT3,3.125718803596956,35.29517103825137,3.15828,1.963755951874616e-11,1.0005580026173964e-10,1.9723865877712032,10
PLK1,3.125010554442058,29.177324043715846,2.4590657142857144,3.0146760317830222e-21,2.88188081188266e-19,4.142011834319527,21
MUC5B,3.118196815672801,67.51862440801456,6.891105714285715,0.003059222688506281,0.004985780491452793,20.118343195266277,102
PDIA2,3.1060963621495814,13.802254644808743,0.7190942857142856,6.310109379002233e-12,3.478255413791475e-11,1.183431952662722,6
TOP2A,3.0979745815172737,70.11298488160291,7.305497142857144,3.3683913014361666e-19,9.140085475508862e-18,6.903353057199212,35
CCNB2,3.0941468183726424,47.526475045537346,4.682608571428571,7.025604814081811e-21,4.867668675699025e-19,2.1696252465483234,11
TROAP,3.0868464537446036,27.656626775956283,2.372808571428571,1.0284808936350147e-20,6.307761257691625e-19,3.155818540433925,16
AKR1C2,3.0851972985416696,22.753440801457195,1.798914285714286,0.0010400159083252167,0.0018128294010130532,3.155818540433925,16
NEK2,3.083569073974568,27.168158469945354,2.322857142857143,2.2147731309271706e-20,1.0907261825085511e-18,5.325443786982249,27
CEACAM7,3.0820186419928577,14.105747358834245,0.7838657142857143,8.69961035262819e-06,2.001480568925671e-05,2.9585798816568047,15
PAGE2,3.0604248942457035,8.689063752276866,0.16145428571428572,0.008355667818942914,0.012775885790261373,1.183431952662722,6
KANK4,3.055580318618409,12.111590710382515,0.5770085714285713,1.142366334908559e-12,7.071954894304468e-12,5.9171597633136095,30
KIF2C,3.054262518389135,34.87406102003643,3.318728571428572,9.795264405233192e-21,6.098198949341027e-19,4.930966469428008,25
DLGAP5,3.047303022997589,23.038122768670313,1.9078428571428572,7.496751408139484e-20,2.724260016112009e-18,5.9171597633136095,30
CEP55,3.041845741666974,32.16978779599272,3.0276885714285715,3.1346365249522886e-20,1.3754051433155015e-18,3.5502958579881656,18
PBK,3.0402936285286595,30.02708160291439,2.771562857142857,3.038440025211795e-19,8.424904795957007e-18,2.366863905325444,12
ALPP,3.0356496633160144,41.664002732240434,4.202834285714285,4.7452077568874554e-05,9.945801289515068e-05,3.155818540433925,16
TMPRSS13,3.0348477925868664,19.08322276867031,1.4504914285714288,1.8995293588581735e-17,3.0514542709291284e-16,3.155818540433925,16
SULT2B1,3.0289426981252237,14.607149544626596,0.9121457142857143,2.0595174279721128e-15,2.0858145197473245e-14,1.5779092702169626,8
SAPCD2,3.0238514274522856,28.82314790528233,2.666768571428571,1.156068482161229e-20,6.960882415582466e-19,1.3806706114398422,7
PKMYT1,3.020711143781954,16.152734790528232,1.1135314285714286,3.783055011678866e-21,3.368020844715252e-19,1.9723865877712032,10
RHCG,2.9968651770296675,7.6993167577413475,0.08977999999999998,1.1348353781288846e-15,1.2173286130279803e-14,3.353057199211045,17
CDC45,2.994084481801402,20.65311293260474,1.7177600000000002,7.523882155582054e-21,5.066496883470032e-19,4.930966469428008,25
CLPSL1,2.980863624879642,8.508194353369763,0.2043942857142857,1.5083427765164998e-10,6.650090627196475e-10,1.3806706114398422,7
BUB1,2.9763218702048633,19.25508469945355,1.5737828571428572,9.512666586570906e-21,6.01302579866846e-19,5.719921104536489,29
NCCRP1,2.9705485428988965,13.07398961748634,0.7955314285714286,3.8409423466587e-09,1.394862016904159e-08,1.9723865877712032,10
MKI67,2.968669338076645,30.551626593806922,3.0305400000000002,5.904949587458608e-20,2.2395369722733822e-18,16.765285996055226,85
GAD1,2.967942485832742,12.64973442622951,0.7445542857142858,2.6651152197775854e-10,1.1390951009298085e-09,3.9447731755424074,20
WNT7A,2.9609579046599674,48.43294426229508,5.3486199999999995,7.308356357597596e-05,0.0001492243356282737,2.564102564102564,13
ZWINT,2.9586610618017466,80.87761384335154,9.532208571428571,2.6866592041732107e-20,1.2381146243142356e-18,2.9585798816568047,15
MAGEA4,2.9579130904395763,6.987107650273225,0.02794285714285714,0.0026391539076675743,0.004347554784692924,4.142011834319527,21
CENPF,2.94360456942949,30.641883424408014,3.1129085714285716,8.24622974392842e-20,2.951112761720848e-18,10.256410256410255,52
CCL18,2.9375768054479936,22.617527140255007,2.082731428571428,2.1528177515982063e-11,1.0885096247790952e-10,1.3806706114398422,7
HJURP,2.9162915990587237,22.299848998178504,2.0864685714285716,4.0638781178459973e-20,1.659551019510477e-18,4.536489151873767,23
INA,2.9093068740284007,8.354611475409836,0.2451942857142857,5.7840787802896896e-15,5.342986098388539e-14,1.7751479289940828,9
IVL,2.904904296070853,6.879165938069217,0.052002857142857135,7.383531109403235e-06,1.7164082886139857e-05,4.733727810650888,24
ACTL8,2.9020542507568514,6.766591803278689,0.03902285714285714,9.19169061370077e-13,5.7681442276468355e-12,3.5502958579881656,18
BPIFA1,2.9013658044193544,6.908513479052823,0.05851428571428571,0.0046077122701970894,0.007311535734703432,2.7613412228796843,14
IQGAP3,2.8936126019034005,19.353856466302368,1.73894,1.5031845364093607e-20,8.130996223502175e-19,7.495069033530571,38
H1-5,2.89291637881184,7.336791621129326,0.12239142857142855,2.875358225576756e-14,2.3151615424873265e-13,1.5779092702169626,8
HGD,2.890976676271904,66.09753515482697,8.045568571428573,1.683851762753893e-12,1.0094544470172139e-11,2.9585798816568047,15
CDT1,2.8902835623143517,43.19251275045537,4.960554285714285,1.4319258130834046e-20,7.954179146212125e-19,2.9585798816568047,15
RRM2,2.883740463032178,22.457925865209475,2.1783171428571424,5.0667130200471817e-20,1.9714771557721324e-18,2.1696252465483234,11
SCNN1B,2.877048803313025,31.148855009107464,3.3761028571428575,0.00025872670388722897,0.0004919296024814456,3.7475345167652856,19
CA2,2.874256572099819,26.791166302367944,2.790262857142857,1.4501703543872453e-13,1.0406273769653338e-12,2.7613412228796843,14
NQO1,2.871320414271225,151.22454007285975,19.803245714285715,1.607814402539155e-08,5.311518224487581e-08,1.3806706114398422,7
MUC5AC,2.87082902610496,6.638253916211293,0.04421142857142856,2.1337623789198485e-13,1.4929097424690272e-12,6.903353057199212,35
SIX1,2.8650014615727946,10.093156284153006,0.5226628571428571,1.908075740447936e-14,1.595511077846429e-13,3.155818540433925,16
BPIFB2,2.8525036829272734,13.616681785063752,1.0237628571428572,0.00067993866409841,0.0012170584876093707,1.3806706114398422,7
KIF18B,2.83962597828263,15.750771584699454,1.3400342857142857,2.2147731309271706e-20,1.0907261825085511e-18,5.128205128205128,26
PRSS8,2.813812768995966,222.08286047358837,30.726645714285716,2.166531549503003e-18,4.576624520320172e-17,1.9723865877712032,10
CCNB1,2.809152282465975,117.86056848816028,15.95894,2.2362881839052235e-20,1.0980441207758445e-18,2.366863905325444,12
AMBP,2.7936382008870577,17.302297267759563,1.6395914285714286,0.00010215059596857367,0.00020467337045051355,2.7613412228796843,14
AURKA,2.787135487284565,27.92636156648452,3.19066,1.4180824174825937e-20,7.903893149874267e-19,2.366863905325444,12
KIF20A,2.786198191223851,34.56360655737705,4.155568571428572,3.6303547882807803e-19,9.754656888771386e-18,3.353057199211045,17
UHRF1,2.786129679520913,16.406597267759565,1.5235114285714286,7.079811807085825e-20,2.6130365815056366e-18,4.536489151873767,23
H1-4,2.750713099608313,11.139105646630238,0.8035971428571427,3.020109677492466e-13,2.0504799871252645e-12,2.564102564102564,13
POC1A,2.737732173141265,33.18747504553734,4.125397142857143,2.4490676234856094e-21,2.525294853266599e-19,1.5779092702169626,8
H4C4,2.7328490908056824,9.545125318761386,0.5862885714285714,3.227351412437511e-15,3.139436533160027e-14,1.183431952662722,6
GTSE1,2.7117689148112523,17.3058233151184,1.7942514285714286,3.691633153104907e-20,1.5418896770923067e-18,2.7613412228796843,14
SPAG5,2.7112672967526805,26.548378142076505,3.206522857142857,4.8388650100949e-21,3.932590883573678e-19,6.31163708086785,32
BUB1B,2.70811406020115,16.677081238615663,1.7051228571428574,2.2495204650925733e-19,6.51098046194689e-18,4.930966469428008,25
CDC20B,2.6927485216521623,15.050417486338798,1.4824942857142855,0.00010038085210558172,0.00020132303647433592,4.536489151873767,23
KRT14,2.6853227782372704,16.92674553734062,1.7870114285714287,4.1911364414498176e-05,8.847775945110568e-05,3.9447731755424074,20
TACC3,2.682978441917809,42.15139799635701,5.719514285714286,7.378062510140593e-21,5.029887408772707e-19,3.9447731755424074,20
TTK,2.6748762808883004,14.614344444444447,1.4451514285714286,2.4482572380401414e-19,7.012386790483723e-18,14.201183431952662,72
ESPL1,2.67327333045389,11.175226047358834,0.9087171428571429,6.822168846148263e-21,4.830564018186869e-19,6.903353057199212,35
NCAPH,2.668701430424758,12.036622586520947,1.0502457142857142,1.2137371473970073e-20,7.195768004367583e-19,4.930966469428008,25
MYCN,2.664460780823541,20.548134972677598,2.398811428571428,8.29931218414448e-09,2.8620830354100258e-08,3.5502958579881656,18
VAV3,2.6612066795951788,33.31149526411658,4.424211428571429,4.903223472526477e-16,5.692708011945236e-15,5.9171597633136095,30
NUF2,2.6605731734313305,15.645784881602916,1.632642857142857,7.5083749310313545e-19,1.8351580683282265e-17,3.155818540433925,16
TGM7,2.659325106327323,5.938228051001821,0.09827714285714287,6.763307544919428e-12,3.708243531940204e-11,4.733727810650888,24
CDCA2,2.656607873071481,10.709830418943536,0.8570857142857143,1.7218951091045542e-20,9.018357304764107e-19,5.9171597633136095,30
COL9A1,2.6527293852768956,12.649406375227686,1.1705142857142856,0.005699525181591538,0.008926406535589253,7.297830374753452,37
LAD1,2.6509600316664423,127.96415610200364,19.532911428571428,4.253075377308914e-18,8.18754230744953e-17,2.564102564102564,13
HTR3A,2.646450328590734,6.351582149362477,0.17414,2.8276711202160873e-06,6.9565938176744715e-06,5.325443786982249,27
CAMP,2.6460587821124677,6.195834790528233,0.14957714285714283,6.820457873016603e-09,2.3799474193956836e-08,1.5779092702169626,8
CDC6,2.641378012704082,17.868560837887067,2.0241600000000006,2.5111593788023825e-20,1.1904915928586696e-18,2.564102564102564,13
FGF8,2.6329438325266943,6.2817309653916205,0.17392285714285716,1.4925469222928922e-06,3.818864628410071e-06,1.5779092702169626,8
E2F1,2.630362225249256,38.69685428051002,5.411182857142857,5.176659710510767e-19,1.3241012698295602e-17,5.9171597633136095,30
PRSS1,2.6286528720592637,6.398266666666666,0.19626285714285716,2.7553315336438287e-08,8.85075148793923e-08,1.7751479289940828,9
KIF4A,2.628433715740232,20.729482695810567,2.514082857142857,2.872144449768426e-19,8.031294768182965e-18,8.481262327416173,43
NECTIN4,2.6224090831197486,44.569714389799636,6.400354285714285,1.0298843243635655e-17,1.7866509601652503e-16,3.7475345167652856,19
DPEP1,2.619087013648568,15.827755919854281,1.739065714285714,0.01003030971973751,0.015153860904305375,1.3806706114398422,7
CCNA2,2.6171171559426325,32.62301730418944,4.480320000000001,5.681877961562016e-19,1.4377260088577637e-17,2.7613412228796843,14
FOXA1,2.6146977727700147,19.041917304189436,2.272177142857143,5.240577602108821e-10,2.150868640803096e-09,3.155818540433925,16
SKA1,2.6119104163634717,13.371698360655738,1.350957142857143,1.4180824174825937e-20,7.903893149874267e-19,2.1696252465483234,11
SPP1,2.6004560464755277,451.4001723132969,73.59461714285715,8.461111310906814e-14,6.256898897684474e-13,2.366863905325444,12
RDH10,2.5991299877117413,97.889529143898,15.32052857142857,8.597805377660993e-15,7.696505323963704e-14,1.7751479289940828,9
FOXG1,2.5967924748209255,5.690551912568306,0.10598571428571428,1.8391057280375984e-11,9.414075799306328e-11,4.142011834319527,21
SKA3,2.5816894242004196,16.235914936247724,1.879177142857143,4.6928543280315117e-20,1.8566597291094455e-18,3.9447731755424074,20
NCAPG,2.5808490210441346,11.741630054644808,1.1296685714285715,1.2644702244994262e-19,4.098473431000301e-18,5.9171597633136095,30
RECQL4,2.5771924003729993,34.701871584699454,4.9824457142857135,4.174816600036937e-21,3.536536922589399e-19,4.733727810650888,24
FBN2,2.5730363400336485,22.168731329690345,2.8935085714285713,7.615250713525012e-05,0.00015522165341207766,13.214990138067062,67
PSORS1C2,2.565247516963269,7.296408196721312,0.40175999999999995,0.019925484692926043,0.028672537851190043,1.183431952662722,6
MYEOV,2.56313634362995,7.371405464480874,0.4165028571428572,4.228654294573153e-13,2.8085482508803496e-12,1.5779092702169626,8
ALDH3B2,2.56177740212034,50.74545701275046,7.763959999999999,1.9033226020003767e-12,1.1254853115936544e-11,2.7613412228796843,14
PCSK9,2.558813144018723,9.280489253187614,0.7447542857142858,4.467706989376171e-12,2.5173612848642582e-11,3.155818540433925,16
VIL1,2.5505427652623682,5.1889517304189425,0.05639714285714286,1.960451130072146e-12,1.1568771517686781e-11,4.142011834319527,21
JPT1,2.5465423268986944,145.02200692167577,23.99382285714286,4.0071072753160057e-22,9.721949386494628e-20,1.5779092702169626,8
MCM10,2.5402743955338276,8.098214389799637,0.5640742857142858,2.660861111338427e-20,1.2365883553482075e-18,4.142011834319527,21
TEDC2,2.537806617951089,18.539030054644808,2.364705714285714,1.3377456967618362e-20,7.66324917133996e-19,3.155818540433925,16
ANLN,2.528986834693348,18.197603460837886,2.326182857142857,1.770890464659307e-18,3.819104690973757e-17,6.31163708086785,32
KRT8,2.5179940202837923,633.0927524590164,109.70342571428571,3.1545525275054623e-19,8.702977859328615e-18,3.353057199211045,17
GLDC,2.5138497874900585,9.179922950819671,0.7823800000000001,6.507872193003665e-08,1.9904871234737574e-07,6.903353057199212,35
DEPDC1B,2.511248191990561,9.90821857923497,0.9133428571428571,3.8399331620962046e-19,1.0267620309280905e-17,4.142011834319527,21
STC2,2.498721087946002,34.468407832422585,5.275548571428572,3.4302867860177656e-15,3.328992435042417e-14,1.7751479289940828,9
KIF11,2.4889028814582552,25.86007923497268,3.7849000000000004,1.5715913490854566e-18,3.4616974735930394e-17,6.70611439842209,34
CDC25C,2.4880786515539564,9.180503642987249,0.8146085714285713,1.5031845364093607e-20,8.130996223502175e-19,3.155818540433925,16
FUT3,2.477527311625418,12.865964298724956,1.4896599999999998,2.359002907314552e-12,1.3771764422212456e-11,4.142011834319527,21
EXO1,2.469846005402519,9.804663387978144,0.9503542857142857,9.926999785085313e-20,3.390800050814441e-18,4.733727810650888,24
SPINK5,2.469590990618511,8.478236429872496,0.711222857142857,1.0204945099941623e-06,2.665207919247062e-06,7.889546351084813,40
LMNB1,2.46321843986348,87.70935974499089,15.086694285714287,2.5309495113657707e-18,5.161385048023793e-17,2.7613412228796843,14
PIMREG,2.4629744054224765,16.063659927140254,2.0948742857142855,1.8540190491504077e-18,3.977582090101876e-17,3.155818540433925,16
ECT2,2.462800829981436,35.91064189435337,5.695371428571429,5.558037186643093e-17,7.939090693094176e-16,4.142011834319527,21
MAB21L4,2.4622238788150925,14.731802914389798,1.854797142857143,1.2173952094490034e-12,7.480315973596706e-12,1.9723865877712032,10
CCL20,2.459945910117344,31.01573806921676,4.818968571428572,6.839718851693666e-09,2.3861637051224803e-08,1.7751479289940828,9
COL2A1,2.4592023647894266,19.185752094717667,2.67072,0.0015911074042959364,0.002702702007884084,6.508875739644971,33
CDKN3,2.450304885244253,22.97588797814208,3.386917142857143,5.681884821040502e-19,1.4377260088577637e-17,1.5779092702169626,8
CDK1,2.4432969563654847,43.893365391621124,7.2542285714285715,1.4602136392472686e-17,2.4236020744770056e-16,1.183431952662722,6
LAMA1,2.4398360452047276,10.784218943533698,1.1718857142857142,2.079971915297787e-08,6.780355000707941e-08,13.41222879684418,68
FGF18,2.4316848251936207,51.72018142076503,8.771625714285715,1.4994340692280724e-11,7.798758913658492e-11,1.3806706114398422,7
XDH,2.430982707677253,7.31558378870674,0.5420342857142857,3.8812975750410704e-10,1.6227482866960866e-09,7.889546351084813,40
SLC7A5,2.4274679841235525,101.34423533697631,18.024914285714285,3.397746556792352e-16,4.0768016504698345e-15,1.9723865877712032,10
DLX3,2.4257701182365494,7.012575227686703,0.4912228571428571,2.5051773266725393e-11,1.2524368344073805e-10,2.564102564102564,13
FAM3D,2.4257230747350467,5.694567030965391,0.24596857142857143,1.3668629438983457e-10,6.066856294978453e-10,2.1696252465483234,11
ZNF750,2.41641231230096,8.355410018214936,0.7524685714285715,3.1909370386279147e-10,1.3495021600431514e-09,3.5502958579881656,18
LRP4,2.4150651014651308,26.96218069216758,4.24280857142857,0.030260727657121858,0.04231218619266009,7.495069033530571,38
ERMN,2.406632424023666,6.7782927140255005,0.4669514285714286,2.2601663146222224e-08,7.337312841132905e-08,2.9585798816568047,15
VAX2,2.402534401033676,8.87021766848816,0.8667742857142857,6.5995282023465e-16,7.396672301787538e-15,2.1696252465483234,11
TFCP2L1,2.3998839290812204,15.243675227686701,2.0778485714285715,1.1707931678090937e-14,1.0187629579385247e-13,3.353057199211045,17
ASPM,2.3989645888648607,8.15655646630237,0.7360885714285714,3.2750389059615457e-19,8.945649685898273e-18,14.990138067061142,76
CXCL1,2.375834828911515,56.98933570127504,10.172505714285714,6.37293661770245e-05,0.00013095118734444516,2.1696252465483234,11
SMPDL3B,2.3749917044671642,51.96530546448087,9.210517142857144,4.656900646308252e-18,8.882028539051275e-17,2.366863905325444,12
MTFR2,2.3725489471511674,8.370650273224046,0.8095114285714285,7.824135632624113e-21,5.204943131735185e-19,1.7751479289940828,9
AUNIP,2.3721177398778033,9.52181912568306,1.0324142857142857,2.0105602551514953e-20,1.0237723175768324e-18,1.183431952662722,6
SBSN,2.3682632941942052,5.179352641165757,0.19680857142857144,8.471744883046908e-12,4.5810176034253646e-11,1.5779092702169626,8
SLC25A10,2.366039233192285,41.963685792349736,7.333985714285714,3.656321849902734e-20,1.5349108875240537e-18,2.1696252465483234,11
KPNA2,2.365711905868275,72.18476375227687,13.199414285714285,5.176659710510767e-19,1.3241012698295602e-17,2.7613412228796843,14
PADI3,2.3643458500110803,4.432279052823315,0.05497714285714285,2.7100327280235734e-14,2.1938233536277192e-13,3.7475345167652856,19
CENPU,2.3643083875528297,20.520971402550092,3.179594285714286,2.9541363424413394e-19,8.204939625858117e-18,2.9585798816568047,15
ELF5,2.3640495316209975,4.312241530054645,0.03187714285714286,5.258304562150864e-16,6.058066247651184e-15,2.7613412228796843,14
NLRP2,2.3630333849740124,25.955757194899817,4.239714285714286,0.005275815354565467,0.008293511359658988,6.11439842209073,31
LARGE2,2.3613656876799363,103.33579908925319,19.304460000000002,1.622083635371859e-16,2.1038628786450416e-15,3.353057199211045,17
KRT17,2.351871623323251,169.8697695810565,32.47197428571428,6.160842365390961e-08,1.8920621247993314e-07,3.7475345167652856,19
HSPA6,2.3454641967694787,21.538045173041894,3.434668571428572,1.0852662835972694e-05,2.468938915366476e-05,4.339250493096647,22
ERN2,2.3390531731809885,4.960129690346084,0.17796,2.000362200127582e-08,6.535044668852446e-08,6.903353057199212,35
SIX3,2.3386163088540814,4.612880874316939,0.10966571428571428,1.3506132708931072e-07,3.9754536562345196e-07,1.7751479289940828,9
OTX1,2.335524835250868,4.466231876138433,0.08299142857142858,8.438900758781415e-20,3.0005384637580988e-18,2.366863905325444,12
NUP210,2.3287782239539427,58.48475865209472,10.840597142857144,1.2765068422779235e-19,4.105231236776643e-18,8.284023668639055,42
CBX2,2.328120059843193,24.19401384335155,4.017222857142857,1.946882687044266e-14,1.623845832702543e-13,1.9723865877712032,10
PYCR1,2.3207369437216685,78.68155573770493,14.949474285714285,1.388143956081656e-16,1.840964548829193e-15,1.7751479289940828,9
F12,2.318667990524318,8.12561238615665,0.8292514285714285,5.476119695343498e-16,6.25658052172971e-15,2.564102564102564,13
LRRTM1,2.317768439259979,28.23492950819672,4.86386857142857,0.009083855356173337,0.013808801771097124,4.142011834319527,21
NKD2,2.3150347476180104,16.19377832422586,2.455225714285714,5.612494924469418e-11,2.638032514640925e-10,2.1696252465483234,11
NOTUM,2.2937900882555144,126.30649890710383,24.96276571428571,0.010677349500759114,0.016069596064908216,1.7751479289940828,9
CRACR2B,2.292695698144178,45.288253005464476,8.447145714285714,4.0307404655512225e-16,4.763549871107741e-15,2.564102564102564,13
KRTAP11-1,2.291972746950489,4.053713296903461,0.03194857142857142,0.0035945777770622404,0.005802107833477433,1.3806706114398422,7
ANKRD22,2.289529698606641,8.276717304189436,0.89748,2.9557074314117267e-15,2.8991264964710406e-14,2.564102564102564,13
TNNI3,2.288171443962371,8.568641347905283,0.9590342857142857,6.944865963619653e-09,2.42028725534003e-08,1.9723865877712032,10
ORC1,2.287646355717598,10.642073224043715,1.384405714285714,1.6019451794616337e-19,4.9307633527533636e-18,4.733727810650888,24
SCEL,2.2832687477617117,4.746002185792349,0.18041142857142858,6.609886501271503e-12,3.631365551048194e-11,6.508875739644971,33
SCD,2.273946250510024,185.44415409836066,37.54985428571428,1.92776283079643e-16,2.452138101964495e-15,3.353057199211045,17
TMEM132A,2.2718683488686073,99.40782094717669,19.7906,1.7386793508269215e-18,3.7693471655640665e-17,3.5502958579881656,18
TACSTD2,2.262598237107805,655.3026934426231,135.77107142857142,2.473093691293957e-13,1.7071589840572262e-12,1.3806706114398422,7
H2BC4,2.256824513506982,24.74464043715847,4.386602857142857,1.66517763352517e-12,9.997907541106328e-12,1.183431952662722,6
CCNO,2.2528597024214214,65.32160801457195,12.914791428571428,4.4948923790599735e-11,2.1620039204003335e-10,1.5779092702169626,8
KRT15,2.244123251959444,5.46092276867031,0.36378571428571427,5.518669712366493e-13,3.5832317556944394e-12,2.564102564102564,13
RAD54L,2.2427890404182826,7.653575591985428,0.8283057142857142,8.98380516476918e-20,3.1602306526303183e-18,4.930966469428008,25
E2F2,2.241213075621449,7.524065027322404,0.8029114285714286,6.49701209490146e-20,2.436084216856461e-18,1.7751479289940828,9
APOBEC3B,2.2401022103103028,12.231604918032787,1.8007514285714286,1.0366208651072829e-14,9.126025097406592e-14,2.9585798816568047,15
RAD51,2.2328843371152978,12.878994717668487,1.95252,2.1663910982327612e-19,6.3035485606074236e-18,1.9723865877712032,10
GINS1,2.227418128611083,20.14095755919854,3.514451428571429,4.1765559905141584e-18,8.087420273650537e-17,3.353057199211045,17
GGH,2.225046517209109,13.914305646630236,2.1900485714285716,3.579779214861716e-17,5.373903319998962e-16,2.7613412228796843,14
CCNA1,2.222744445934047,67.977002003643,13.777179999999998,8.501795657304206e-06,1.956516509548076e-05,3.7475345167652856,19
DEPDC1,2.22227114584114,6.7500684881602915,0.6608685714285714,3.30587014384613e-19,9.000051543972258e-18,6.508875739644971,33
CTSE,2.2208254251667716,6.681505464480874,0.6478257142857142,0.001440697605542271,0.002462049833875739,3.155818540433925,16
ALPL,2.2174586599406076,168.5196670309654,35.45008285714286,1.6469746329662397e-07,4.793047714707535e-07,2.7613412228796843,14
HAPLN1,2.2139023426573927,5.253596539162113,0.3479657142857143,8.707814012268792e-19,2.0821802840457166e-17,3.353057199211045,17
SERINC2,2.2117589100859583,447.04066338797816,95.71896857142858,3.3283951261443625e-14,2.648907997642532e-13,1.7751479289940828,9
PRR11,2.2049960113606817,13.954252641165755,2.243357142857143,1.0967997696545336e-19,3.662955991854351e-18,3.353057199211045,17
SIM2,2.203904923523157,3.798803096539162,0.04157714285714286,1.648064379509074e-16,2.130859414822939e-15,2.366863905325444,12
HMMR,2.203820169486714,10.130941712204008,1.4161057142857143,1.5683136905501657e-17,2.577098401318924e-16,7.6923076923076925,39
ADAMDEC1,2.2022939953668614,7.115549726775956,0.7634428571428573,1.221710025625469e-13,8.865226701587878e-13,4.536489151873767,23
CXCL9,2.192034427217195,36.63056666666666,7.235171428571428,0.002210449088955594,0.0036758380273752026,1.5779092702169626,8
SGO1,2.1904262688559735,5.636407650273224,0.45394857142857137,6.7556089005950626e-21,4.804098297643955e-19,5.9171597633136095,30
GOLT1A,2.1812099349151364,27.394426775956287,5.26070857142857,1.9775435213958783e-11,1.0067331966793748e-10,1.3806706114398422,7
TNNT1,2.1790350181329488,54.83114244080146,11.328822857142859,0.00029180618358430794,0.0005505124781922199,2.366863905325444,12
H1-3,2.177102774165109,4.465735883424408,0.20858,2.8283468446155645e-09,1.0471738384754843e-08,1.9723865877712032,10
KIF15,2.1625427201058303,10.353203825136612,1.5358771428571425,1.3353756522903564e-17,2.241203205644588e-16,7.6923076923076925,39
EZH2,2.1570345670356295,21.461908561020035,4.036334285714286,3.2444957524925747e-19,8.891643010734635e-18,8.086785009861932,41
CALML3,2.153786320115902,3.6352750455373406,0.04164857142857143,0.01853358298381748,0.026800512934264244,2.1696252465483234,11
CASP14,2.153724725852707,3.679129690346084,0.05154857142857142,1.84136476056562e-06,4.656473914747332e-06,2.366863905325444,12
DIAPH3,2.1526679935442656,6.2427785063752275,0.6288742857142856,4.500901353946768e-19,1.1749346604021166e-17,7.6923076923076925,39
CDC25A,2.1518402926126763,11.47257340619308,1.8066457142857142,1.1922986447558852e-18,2.7206836848108704e-17,3.9447731755424074,20
PKP1,2.151765374764518,4.658013661202186,0.27326285714285714,9.910493990475097e-05,0.00019888496515613449,5.325443786982249,27
CSPG5,2.1503979804156232,6.694723132969034,0.7332400000000001,5.030101656308584e-14,3.8688433207319126e-13,2.366863905325444,12
SLPI,2.1491435822493816,5161.267518214936,1162.8146600000002,5.331065555040969e-08,1.6519894727097276e-07,1.5779092702169626,8
DNMT3B,2.1484359683339775,13.965326411657559,2.3755342857142856,2.2065548602078035e-18,4.637424785029428e-17,8.086785009861932,41
H2BC8,2.1463896529313518,15.421238615664846,2.709182857142857,4.0041706092241716e-12,2.267792884002073e-11,1.3806706114398422,7
KRT18,2.145511004738422,858.078891985428,193.16452285714286,2.3407676774801446e-17,3.6674249898449597e-16,1.183431952662722,6
MEX3A,2.145350581211076,53.312381238615664,11.276765714285716,4.012644918563499e-15,3.853353659281758e-14,1.3806706114398422,7
CBLC,2.138475203460045,69.06883952641167,14.914014285714286,1.3881381607037076e-16,1.840964548829193e-15,2.1696252465483234,11
PACSIN1,2.1362287719297686,15.413268123861563,2.7335857142857147,1.1480228020385304e-13,8.373156581800032e-13,2.564102564102564,13
H1-2,2.1348394303285616,276.7140969034608,62.23350000000001,5.038090125387249e-10,2.0743301943758136e-09,1.7751479289940828,9
MNX1,2.132586694258376,3.916420400728598,0.12118285714285713,6.866090843216479e-15,6.248029053027329e-14,1.3806706114398422,7
IGFBPL1,2.1322292036515007,11.67562149362477,1.8913742857142861,0.00011002905034263719,0.00021955240355017274,1.183431952662722,6
EFNA3,2.1215190273562947,16.370293260473588,2.991777142857143,1.5715876496393143e-18,3.4616974735930394e-17,1.183431952662722,6
VTCN1,2.118495640769507,142.49804681238615,32.045722857142856,9.728239431528932e-09,3.31604326738356e-08,1.5779092702169626,8
PODXL2,2.114691936024011,146.09115610200365,32.96259428571429,1.4084335503731973e-15,1.4828549275084246e-14,2.9585798816568047,15
HAPLN3,2.1125673998016588,81.02220746812387,17.966417142857143,2.32441637647071e-12,1.3584208777546502e-11,2.9585798816568047,15
CILP2,2.1122829279364983,7.49710655737705,0.9652171428571429,8.299303646098724e-09,2.8620830354100258e-08,5.325443786982249,27
SLC16A3,2.1115577636114127,32.4004043715847,6.7287542857142855,9.49009110613335e-16,1.0348150896826701e-14,1.5779092702169626,8
MSMB,2.1109410277885834,4.702956466302368,0.3202114285714286,0.0001489334113433658,0.0002921644970681152,1.7751479289940828,9
TRPM2,2.1035082823415205,13.927648269581056,2.47354,5.417884735120507e-20,2.078703775814375e-18,8.875739644970414,45
GDA,2.1030735432238057,19.7123912568306,3.8210542857142853,2.9498191107917988e-05,6.340879513058958e-05,3.5502958579881656,18
FAM111B,2.1002824730985146,9.333208743169399,1.4098342857142856,1.4621662809982807e-16,1.9236718057730857e-15,5.325443786982249,27
ACBD7,2.087402521186963,15.95204335154827,2.988882857142858,6.101161210525687e-15,5.610755721920445e-14,1.3806706114398422,7
OVOL1,2.0872649342495713,6.794778506375228,0.8343171428571428,4.6153041264443956e-15,4.376264840744621e-14,1.3806706114398422,7
SPINT1,2.079453821577375,295.4454561020036,69.14017142857142,2.453119980899306e-16,3.0475582413310806e-15,1.183431952662722,6
SLC10A4,2.071863985166292,4.470869216757741,0.30125714285714283,2.024505058849101e-10,8.782943487999078e-10,2.7613412228796843,14
KIF18A,2.067308395614893,7.532670673952642,1.0359314285714287,1.087194380891068e-18,2.5051112875300272e-17,5.719921104536489,29
SYT13,2.0657333164258738,6.704176138433516,0.8402571428571428,0.0015621794955156321,0.002659186681491632,2.1696252465483234,11
ESPN,2.0657038300259294,32.36674134790528,6.970305714285715,3.297719434053581e-12,1.8890894174658328e-11,2.7613412228796843,14
RAD51AP1,2.062104278945361,15.485324408014574,2.9476828571428575,1.3393771132903195e-15,1.4201184842585921e-14,3.353057199211045,17
KRT23,2.061935820219467,61.446920582877965,13.955691428571427,3.7463600662390725e-08,1.1838239489142352e-07,3.7475345167652856,19
DTL,2.0616390060609886,13.97612586520947,2.587437142857143,3.548327933295185e-17,5.33640056914348e-16,3.7475345167652856,19
CKAP2L,2.0587867709660945,6.140244626593807,0.7137857142857144,7.937928377785226e-19,1.9258815055397155e-17,2.7613412228796843,14
KIF14,2.05518146591602,5.305777413479054,0.5172857142857143,2.4026394226181255e-19,6.905730279405191e-18,10.256410256410255,52
TRIM15,2.050824531445381,3.4858398907103822,0.08263999999999999,2.3058744341867755e-14,1.8945376700803497e-13,2.7613412228796843,14
SERPINA1,2.0482756602118384,277.1558795992714,66.25054857142858,2.161070541632191e-05,4.734839547921366e-05,2.7613412228796843,14
MAGEA11,2.0415415949616795,3.1674422586520947,0.012288571428571428,8.755422678005643e-06,2.0131980953552207e-05,4.142011834319527,21
E2F7,2.0383012891987913,5.513892531876138,0.5858085714285713,1.1366458731968339e-17,1.9352348349625922e-16,5.719921104536489,29
TBX18,2.036280955218284,7.137378870673953,0.9838228571428571,0.012807830832999523,0.019044938538334936,3.7475345167652856,19
EPS8L3,2.033277598958798,4.4831424408014575,0.3395285714285714,5.598898207411199e-05,0.00011597064987554295,3.155818540433925,16
LIPG,2.03305212625189,5.803934608378871,0.6624571428571429,1.2219375390599366e-13,8.865226701587878e-13,3.5502958579881656,18
EPCAM,2.0291579483137667,729.5838930783242,177.9916142857143,9.499464048065463e-18,1.6725950679293918e-16,2.366863905325444,12
MAGEC2,2.027844219015172,3.246975591985428,0.04144857142857143,0.013093114720354397,0.019439363450000614,3.7475345167652856,19
SERPINB5,2.026235445491434,5.622693989071039,0.625837142857143,2.2360645419374203e-07,6.372532874915109e-07,1.183431952662722,6
ARHGAP11A,2.0247459617305195,9.773352276867032,1.6475342857142856,5.787026842421573e-18,1.0800267969035194e-16,5.128205128205128,26
PLA2G3,2.0222498545421574,4.078940072859745,0.25030285714285716,2.5759753686548164e-16,3.1857902272913913e-15,4.930966469428008,25
IGSF9,2.01963431010718,32.893114025500914,7.358742857142857,1.97520450573313e-12,1.1650669980545291e-11,9.270216962524657,47
GDF5,2.018532294004868,8.359227504553735,1.309942857142857,1.3957348438747044e-07,4.1016803445395216e-07,3.7475345167652856,19
SHCBP1,2.014547864496381,7.136630236794171,1.0137485714285712,8.814450247419071e-20,3.120618029654932e-18,3.353057199211045,17
KLK5,2.01301258467941,14.021046630236794,2.7215428571428575,0.03159546389737292,0.04404410336956979,2.1696252465483234,11
BSPRY,2.0114943416656335,44.281819125683064,10.230620000000002,3.066104006784196e-16,3.719454698818063e-15,2.1696252465483234,11
OASL,2.01073931948925,11.991894535519126,2.2238857142857142,7.87808248878729e-09,2.7259355054532868e-08,2.7613412228796843,14
SLC5A1,2.00871511646593,10.597355373406193,1.881877142857143,0.0002742235646518111,0.0005196477060848584,4.536489151873767,23
KNL1,2.0069847523820794,5.401224954462659,0.5925771428571429,4.0614660227646413e-19,1.0738151673649207e-17,8.481262327416173,43
HASPIN,2.001878771190528,5.257366302367942,0.5623057142857143,3.563031450398826e-19,9.62076806361372e-18,2.7613412228796843,14
CHEK1,2.0008753552693506,13.005832604735884,2.4993342857142857,3.90985969367937e-17,5.795585375231109e-16,3.7475345167652856,19
CHST6,1.9973220776933713,17.0823131147541,3.528977142857143,1.999620524159744e-09,7.552596018220572e-09,2.564102564102564,13
IDO1,1.9965339292604396,63.13629890710382,15.072642857142858,8.23024425834554e-10,3.278980192566644e-09,2.564102564102564,13
STIL,1.990629779391599,8.753099453551913,1.454162857142857,1.246619840433246e-19,4.0726206193005334e-18,8.086785009861932,41
LHX2,1.9895167053219298,3.177646994535519,0.05202857142857144,1.2892904368302981e-15,1.3696531633500489e-14,2.1696252465483234,11
CP,1.9878517988848348,90.82198360655738,22.149608571428573,7.6088008344083065e-06,1.7645487231665483e-05,7.297830374753452,37
MST1R,1.9853396104386467,14.466352641165756,2.90608,1.456334771689236e-12,8.83656842406542e-12,5.522682445759369,28
RACGAP1,1.9823724973880066,30.778962659380692,7.042408571428571,1.00677851403723e-16,1.3727133821972083e-15,4.930966469428008,25
CDX2,1.9819710623929918,3.190357194899818,0.060762857142857146,1.9081423346899263e-05,4.2097529068887943e-05,3.7475345167652856,19
SEL1L3,1.9790048843917507,63.12140856102003,15.265342857142858,1.4495657155025027e-16,1.911665481563572e-15,5.522682445759369,28
PLEKHS1,1.9759553336585616,27.572233515482697,6.2631057142857145,1.2721753251368368e-05,2.8672607259709744e-05,2.564102564102564,13
FGFBP1,1.974374661794478,21.68554790528233,4.773022857142856,9.83508191958518e-07,2.573529021056923e-06,3.5502958579881656,18
SLC6A14,1.9740245600961686,7.30850364298725,1.1148628571428572,5.723455015195592e-05,0.00011834260037686035,6.11439842209073,31
FEN1,1.9733446394228826,81.57957887067396,20.029877142857142,5.531198188544616e-18,1.0405211826067169e-16,1.3806706114398422,7
CDCP1,1.968953929056266,44.55739180327868,10.637097142857142,5.860944465115199e-16,6.6501968215591856e-15,4.536489151873767,23
ENTPD8,1.9667476303987086,10.369888706739527,1.9087485714285712,3.460969026265217e-08,1.0980605373288781e-07,1.9723865877712032,10
ST6GALNAC1,1.9626162661785367,56.337714754098364,13.710722857142859,1.9256505844879858e-06,4.8569612204376685e-06,2.366863905325444,12
GJB2,1.958221037982633,44.42208907103825,10.689174285714284,7.462949389295898e-06,1.7334047448205508e-05,1.5779092702169626,8
PTK6,1.9580277581691057,8.25862568306011,1.382985714285714,2.5739714216247235e-06,6.366623765212097e-06,2.564102564102564,13
CYP4X1,1.9543061188066644,34.061188524590165,8.047359999999998,3.2696272684023323e-07,9.111876803057716e-07,2.1696252465483234,11
IGF2BP3,1.951678312374471,3.597760109289618,0.18859142857142858,3.560683999136493e-12,2.0312643367134805e-11,3.7475345167652856,19
PIF1,1.951289998665138,7.590723315118397,1.2214314285714287,1.2257432861229052e-18,2.78544252540712e-17,2.1696252465483234,11
RPTN,1.9499499257681205,2.8952817850637524,0.008197142857142856,0.000964177034379496,0.0016886404154132617,3.7475345167652856,19
CCNF,1.9468347790439327,12.614208196721313,2.531317142857143,6.178047686140054e-19,1.5396590744099488e-17,2.9585798816568047,15
KLK12,1.9461199881918745,5.099606375227687,0.5829285714285716,0.0066219374377877675,0.010270633059003722,2.366863905325444,12
TPH1,1.9454988213395557,6.843587795992713,1.0363914285714284,4.809516264889801e-05,0.00010066911867311842,4.339250493096647,22
E2F8,1.9434467399063342,6.907572495446266,1.0559257142857144,2.5171622354590247e-16,3.122416733879924e-15,5.325443786982249,27
ERCC6L,1.9419866742635037,5.27642495446266,0.6334885714285714,2.792394858674134e-19,7.834871353888782e-18,6.70611439842209,34
TM7SF2,1.9322925179612866,92.48818287795993,23.495071428571432,2.2105161957899422e-15,2.2210168208369346e-14,2.1696252465483234,11
IDH2,1.925189549239656,331.1419214936248,86.45484857142857,1.181353836917468e-18,2.69944260408094e-17,4.733727810650888,24
HMGB3,1.9238415135529383,92.78641839708561,23.717579999999998,1.9951077839342477e-18,4.247133963786738e-17,2.9585798816568047,15
MCM4,1.9229689320252583,57.42382349726776,14.407019999999997,4.1352154341525603e-16,4.869577746798639e-15,5.128205128205128,26
CTCFL,1.9226930727841633,2.9775948998178503,0.04913714285714286,0.002377938147595699,0.0039372966237488805,6.11439842209073,31
GRB14,1.9212938150797674,11.927285974499089,2.4130314285714287,1.8346215022413233e-08,6.021068745400995e-08,3.9447731755424074,20
CRYGC,1.919820785971294,2.888689617486339,0.02773142857142857,0.0003286442733545828,0.0006154339638823959,1.9723865877712032,10
TUBA1C,1.9187551915438656,57.98442204007286,14.600354285714287,6.82690181552654e-16,7.641127961503179e-15,1.9723865877712032,10
RHPN1,1.9142677972894644,62.203167213114746,15.768214285714286,4.464916757164224e-16,5.227977051788174e-15,2.564102564102564,13
DUSP9,1.9119787892757487,3.677976684881603,0.24306857142857138,1.6248495633994253e-07,4.7319978988461993e-07,1.9723865877712032,10
RNFT2,1.9113819233917564,6.310526958105647,0.9434142857142858,4.9836984524200726e-21,3.972031742416732e-19,1.3806706114398422,7
PAX9,1.9104640964423834,4.537921675774134,0.4731257142857143,0.0003115966957487155,0.0005854369987999441,1.5779092702169626,8
XG,1.9069616197353902,8.427846265938069,1.513968571428571,0.0016195870046998972,0.0027484372627536546,3.353057199211045,17
MYH7B,1.906043053701683,9.418374134790527,1.7798657142857142,0.000984439097457525,0.001721387751933221,9.270216962524657,47
ESRP2,1.9056369483371736,31.628391985428056,7.708468571428572,5.3663422065940454e-17,7.705301455560362e-16,4.339250493096647,22
GRHL3,1.9040351890637899,4.967541530054644,0.594497142857143,2.712201053692659e-13,1.859762800657585e-12,2.1696252465483234,11
NFE2,1.8911346960481694,7.370070309653916,1.2565285714285714,3.420771319538481e-09,1.2530176671259034e-08,2.366863905325444,12
GALNT14,1.8907132867970229,15.198507650273225,3.368311428571429,9.76854986130026e-05,0.00019637087199065128,3.5502958579881656,18
TLCD1,1.889225836762376,37.42281621129326,9.372311428571427,2.2126166773462675e-16,2.7717349994577615e-15,1.9723865877712032,10
MAD2L1,1.886712939848569,17.859420218579235,4.100011428571429,3.66210401815663e-14,2.8935532610894675e-13,2.564102564102564,13
KIF23,1.8851379766444172,12.908765755919854,2.7653514285714285,1.1174948247642194e-16,1.5099450957379272e-15,5.128205128205128,26
MSX1,1.882499316191093,699.5557071038253,189.00013714285714,2.9767329795780256e-05,6.395382302002639e-05,1.183431952662722,6
PSAT1,1.8816051267287488,147.92870309653918,39.416511428571425,3.992987989240105e-11,1.938108733347551e-10,2.1696252465483234,11
KRT81,1.8798329538300984,8.976623497267758,1.7108,0.0001461041533436655,0.0002868530669836717,1.9723865877712032,10
HMGCS2,1.87954640343266,4.209126958105647,0.41568000000000005,0.00011770047557837779,0.00023367297786908265,4.536489151873767,23
TRIP13,1.8786841421773044,26.74891857923497,6.545808571428571,1.855770080718056e-15,1.894585073742976e-14,2.366863905325444,12
DMBX1,1.8785280478414492,2.880513661202186,0.05534857142857143,7.750822050459947e-16,8.582084710636792e-15,2.7613412228796843,14
RCOR2,1.8761592005307839,30.431019125683065,7.56206,2.1049314605565367e-08,6.857653877618827e-08,2.7613412228796843,14
LAMP3,1.8750580085540518,10.096761020036432,2.0251542857142857,1.8058804495221023e-09,6.8553763539071116e-09,2.564102564102564,13
CKMT1B,1.8747482191799563,5.6223276867030965,0.8057400000000001,2.2114350867996352e-13,1.5387708166183206e-12,1.183431952662722,6
DSG3,1.8741393890510039,2.745586703096539,0.02175714285714286,3.9744906555056925e-06,9.565448115905603e-06,8.086785009861932,41
CLSPN,1.8739148806386363,4.540519672131148,0.5116314285714286,1.2525363717051627e-19,4.075823016322999e-18,8.481262327416173,43
PFKFB4,1.8697952272988214,13.822790346083789,3.055697142857143,6.870169958741025e-18,1.2551959292201661e-16,2.564102564102564,13
MCM2,1.8692167411435494,33.31448269581057,8.39262857142857,1.2941241156223515e-08,4.3324818108266455e-08,5.128205128205128,26
SEPTIN3,1.8679854292437517,3.919658652094718,0.3477685714285714,5.338302048394178e-16,6.124593935371907e-15,3.155818540433925,16
DSP,1.8672310054773424,106.78878979963571,28.544799999999995,6.425483130228813e-14,4.862734893693346e-13,12.03155818540434,61
ITGB6,1.8658063558748714,21.078918214936248,5.05778857142857,4.019078113828517e-08,1.2625047738374499e-07,3.9447731755424074,20
OIP5,1.8649094255209433,5.325937704918033,0.7367257142857143,3.4040349961108075e-18,6.72572088213606e-17,1.183431952662722,6
KLC3,1.864857551479289,4.275088342440802,0.4482771428571429,5.001812854469976e-12,2.7944432263137713e-11,1.7751479289940828,9
SPAG4,1.85791759110296,24.22594990892532,5.959188571428571,6.3042773519016e-15,5.771807311413573e-14,1.7751479289940828,9
PROM1,1.853242920651502,49.44744863387978,12.962317142857144,2.459244143675016e-06,6.105735121497429e-06,5.522682445759369,28
AKR1C1,1.8512383252039901,8.78313989071038,1.71144,0.00386613879465017,0.006202838403624553,2.366863905325444,12
SLC2A1,1.8469212745250223,132.88237249544628,36.217285714285715,3.937674467970145e-11,1.91182323050534e-10,2.7613412228796843,14
DLL3,1.8433559508121975,3.4266457194899815,0.23358571428571429,0.000471681803115495,0.000863015014727674,2.9585798816568047,15
COL9A2,1.8410309423845588,75.90270783242259,20.465257142857144,2.0812882436361528e-07,5.955097718263831e-07,4.536489151873767,23
SLC2A6,1.840592436322868,14.724548633879783,3.390405714285714,3.8078044716003617e-17,5.674901370592843e-16,3.9447731755424074,20
CLDN4,1.8343871882545733,307.9192632058288,85.62423714285713,2.290316959526941e-12,1.3403919545326524e-11,1.3806706114398422,7
SIGLEC15,1.8334768025885064,7.241999271402551,1.3126028571428574,6.178294069459355e-09,2.1724149363023373e-08,1.183431952662722,6
ST14,1.8284724374975863,330.82262404371585,92.42883714285715,6.12858568573997e-14,4.657273452019255e-13,4.930966469428008,25
FOXA3,1.8269677730452567,6.4214590163934435,1.0917857142857144,0.0007119283317600447,0.0012704590175637877,1.183431952662722,6
DSC2,1.8255887739076373,17.013393989071037,4.082045714285714,8.986205389715837e-09,3.076456039002529e-08,4.339250493096647,22
KRT4,1.8246326304740357,5.275912021857923,0.7717714285714286,0.006334110906915375,0.009856646080200891,3.5502958579881656,18
ETV4,1.8227062486970111,40.1465480874317,10.631725714285713,1.7830813795712018e-06,4.516701458646658e-06,3.7475345167652856,19
PLS1,1.822183290886834,18.2419,4.441468571428571,6.72038014171244e-13,4.292405403715518e-12,4.930966469428008,25
SLC39A4,1.8203245907458525,47.88383078324226,12.841811428571429,1.180996643406381e-15,1.2619224496708855e-14,2.9585798816568047,15
SLC18A3,1.8184098742984403,2.565144262295082,0.010837142857142858,5.033446520038702e-09,1.7974415733246428e-08,4.733727810650888,24
LRRC31,1.8128146308682136,3.2889102003642985,0.2207742857142857,6.857894658157672e-08,2.0901818967353646e-07,3.7475345167652856,19
TRAF4,1.8125120419276497,79.59237468123861,21.94422857142857,4.4102796833999834e-18,8.440927403333286e-17,1.7751479289940828,9
ESCO2,1.8120150054179627,3.925153187613843,0.4026485714285715,1.5715857999193005e-18,3.4616974735930394e-17,5.522682445759369,28
KRT83,1.8114234957699917,2.8552970856102005,0.09841142857142858,8.852548382821648e-08,2.6631900660064103e-07,2.564102564102564,13
PNP,1.8110309664559203,43.82456939890711,11.774428571428572,2.5129350656886967e-17,3.911170067333219e-16,2.366863905325444,12
PKP3,1.8091034817528744,81.89276593806922,22.654960000000003,2.267738882902159e-14,1.8641333378236083e-13,2.1696252465483234,11
C1orf116,1.8090199104041453,12.124518032786884,2.7455371428571427,8.144006080645447e-11,3.744709081969918e-10,4.930966469428008,25
DLX5,1.8075933717221542,268.5034200364299,75.98825142857143,1.738322769684676e-08,5.7174738943895105e-08,1.3806706114398422,7
ACY3,1.804917160736557,23.414501275045538,5.987368571428571,3.751600841514466e-06,9.055436822722116e-06,2.1696252465483234,11
SRMS,1.8041174852913988,4.435997814207651,0.5566314285714286,5.785507260364401e-09,2.04695043494514e-08,3.155818540433925,16
RAP1GAP,1.8033961087277661,45.30842331511839,12.267334285714284,1.0856190080594969e-10,4.889582963408567e-10,3.155818540433925,16
PLA2G4F,1.8017647422396137,3.486770856102004,0.28691142857142854,2.5165986889101516e-14,2.050384460401698e-13,3.155818540433925,16
KCNH3,1.8017442874779315,28.455932969034606,7.448774285714286,1.4155483920503205e-07,4.1554657245633783e-07,4.733727810650888,24
NEIL3,1.7994897121743914,4.029963023679417,0.44498857142857146,8.708178086531455e-19,2.0821802840457166e-17,5.128205128205128,26
POLQ,1.7897449166714252,3.9648856102003647,0.43595999999999996,1.8631529003615738e-19,5.5484289801742316e-18,11.242603550295858,57
CYP2D6,1.7893504498783799,7.5201346083788705,1.464894285714286,3.7080761898327365e-12,2.1124254481996027e-11,3.5502958579881656,18
HROB,1.7793653389972988,11.093249362477232,2.522902857142857,2.4625075517549264e-18,5.0530409936384055e-17,3.5502958579881656,18
CTHRC1,1.7763207493647735,49.42781329690346,13.721237142857143,3.0863957472657178e-06,7.548081387250194e-06,1.7751479289940828,9
OCIAD2,1.7748765463977207,152.7183116575592,43.91946,1.6843065420315582e-17,2.7485350475209344e-16,1.183431952662722,6
EME1,1.7720592057047013,4.8438755919854275,0.7110314285714286,4.672067201065746e-19,1.2119459855846333e-17,3.353057199211045,17
PITX2,1.770425998133307,2.5185036429872496,0.03135142857142857,9.764782181026839e-12,5.2152598388663253e-11,3.155818540433925,16
DPP3,1.7701663559078877,55.53329817850638,15.574145714285715,1.6171556242226953e-19,4.9590768565847636e-18,3.9447731755424074,20
SPTBN2,1.7699898075526326,29.110525136612022,7.828731428571428,1.5193712914803869e-13,1.0865447579906122e-12,10.453648915187378,53
FASN,1.7674389125565337,113.3928947176685,32.60059142857143,3.7505489301116097e-14,2.9577703751903125e-13,9.664694280078894,49
VGLL1,1.7666349191407134,10.67237431693989,2.430434285714286,5.2977690915176414e-05,0.00011020375043734466,2.564102564102564,13
TICRR,1.7657192632849772,5.050685245901638,0.7793857142857143,3.110490172921364e-19,8.610212562559842e-18,8.086785009861932,41
LGR5,1.7634561680979663,78.3095641165756,22.359974285714287,3.713593615253295e-05,7.888099325923634e-05,3.353057199211045,17
MESP2,1.7629518081089344,3.180531511839708,0.23177142857142857,3.01213047529034e-14,2.417029600259729e-13,1.3806706114398422,7
DPPA2,1.7611930209648181,2.602361384335155,0.06271142857142857,0.0006828024639813394,0.00122178688186162,1.5779092702169626,8
ULBP3,1.7596313115680906,14.501270491803277,3.5778914285714287,1.4002194361531186e-16,1.853998415542067e-15,2.1696252465483234,11
PDCL2,1.75951173165307,2.4765174863387975,0.026782857142857143,9.213275471125094e-07,2.4184664872334413e-06,1.9723865877712032,10
TNF,1.7553624933926577,10.355917122040074,2.3636085714285713,7.851633802150399e-06,1.8167777625228232e-05,1.183431952662722,6
CRYBG2,1.752711833328158,3.5956193078324223,0.36372,2.0854668201316857e-17,3.295596896411164e-16,5.719921104536489,29
DNAJC22,1.7518920549020525,20.08201402550091,5.259505714285715,1.4529714613852993e-09,5.583769664555012e-09,1.5779092702169626,8
NDC80,1.7517876688767804,19.143434608378872,4.981262857142858,1.16395126322983e-12,7.192085371073309e-12,4.339250493096647,22
MISP,1.7478381842816866,71.7515120218579,20.661588571428574,2.284762613952883e-10,9.844349335334202e-10,3.7475345167652856,19
TMC5,1.7473893071390423,20.849794717668487,5.507748571428571,1.439619204686255e-07,4.2186230679710554e-07,7.6923076923076925,39
H2AC14,1.7470866772984943,2.6888932604735887,0.09893142857142857,7.740066748880484e-12,4.2143769380538024e-11,1.5779092702169626,8
IGLON5,1.7466671459054288,4.151084699453552,0.5349685714285715,0.005317583240609706,0.008355189362245611,2.7613412228796843,14
ARHGEF16,1.7454367531391761,22.655425318761388,6.05508,7.956847117217257e-17,1.1022003672531512e-15,2.366863905325444,12
FOXF2,1.7433363930538124,3.566549544626594,0.3639285714285713,2.1678008245951867e-11,1.0952197472527508e-10,1.3806706114398422,7
GRHL2,1.7432321300419882,42.3043664845173,11.935002857142855,2.6616743607288406e-14,2.1578527569191357e-13,4.339250493096647,22
RBBP8NL,1.7423741083554374,17.11364571948998,4.41376,5.41738247555507e-15,5.038104626928272e-14,1.5779092702169626,8
CENPE,1.7406097903335644,5.642175774134791,0.9876257142857144,1.7232041305157737e-16,2.2106859833008736e-15,11.045364891518735,56
PGAP6,1.7380691240566328,113.37803624772314,33.28717428571428,5.098525313575858e-18,9.668444899238449e-17,2.7613412228796843,14
SLC4A11,1.737985169295658,18.37351530054645,4.807948571428572,1.235630386766158e-10,5.509579223981181e-10,7.6923076923076925,39
FOXI1,1.7346199575007766,2.4591142076502734,0.03942285714285714,4.783485828289669e-06,1.1392803406254217e-05,1.7751479289940828,9
HAS3,1.7344459172582607,9.43223078324226,2.13514,0.012083727611869618,0.018031597154542778,3.7475345167652856,19
CLIC3,1.7329379282929827,41.479251730418945,11.779402857142857,5.2013791084973e-06,1.2325819093936864e-05,1.3806706114398422,7
KRT28,1.7323043484819374,2.3602590163934423,0.01134,0.002156921357056919,0.0035969765034595223,3.353057199211045,17
GPR50,1.7319367815790996,2.8340788706739533,0.15424000000000004,0.02946019875156482,0.0412732981490588,4.930966469428008,25
PADI2,1.7313321028530968,16.59108014571949,4.2979714285714286,5.995903017306415e-06,1.408922828345339e-05,4.536489151873767,23
FZD5,1.7271960903593513,18.989227140255007,5.037514285714285,2.596530466493869e-12,1.5083647759230934e-11,2.564102564102564,13
PLK4,1.7259592640373156,11.307773406193078,2.720608571428571,1.0237219460761907e-15,1.1089536878768875e-14,5.719921104536489,29
RAB11FIP4,1.7256736986620038,21.235169398907104,5.722965714285714,1.8876495409608715e-13,1.3303050887130483e-12,2.9585798816568047,15
GJB5,1.7247693981071501,4.510305464480874,0.6671257142857143,3.5656059805011596e-05,7.593309341204095e-05,1.5779092702169626,8
TMEM72,1.722298410372428,3.443999089253188,0.3468228571428572,1.0253566052463588e-11,5.4604045427225396e-11,1.183431952662722,6
HK2,1.7189508212648619,47.464896721311476,13.72216,1.0622008699021885e-14,9.326338452180046e-14,4.339250493096647,22
LSR,1.7184821420215464,308.8484644808743,93.15311142857142,3.548327933295185e-17,5.33640056914348e-16,4.339250493096647,22
KLHDC7B,1.7165149734983867,5.4251774134790525,0.9550714285714285,7.075292140874347e-09,2.463660412188375e-08,1.183431952662722,6
GALE,1.7163620523584182,58.58224098360655,17.131777142857143,1.9588720444609377e-18,4.175383848774748e-17,1.5779092702169626,8
MUC1,1.7144446541020821,370.7527723132969,112.2804457142857,1.2058633417363964e-09,4.699818901953004e-09,1.183431952662722,6
TRIB3,1.714343049550422,24.422059198542808,6.74715142857143,3.0118956274872637e-07,8.427790716127014e-07,2.564102564102564,13
PLEKHG6,1.7137093392773894,9.365721857923498,2.1602514285714287,4.225247285204769e-14,3.288119326005108e-13,5.128205128205128,26
ESRP1,1.7116770019434817,68.69378761384336,20.277859999999997,9.666712514945776e-14,7.11018381950849e-13,13.017751479289942,66
APBA2,1.7114999477773907,17.699426411657555,4.709728571428571,1.8036849782296167e-11,9.241364835662179e-11,4.733727810650888,24
KRT75,1.7111469674873294,2.3661781420765027,0.028088571428571428,1.1649164192822011e-11,6.163820104335393e-11,4.536489151873767,23
LGALS4,1.7105689458566653,8.112628961748634,1.7842685714285713,0.0011603790199051958,0.00200967148997016,3.155818540433925,16
AP1M2,1.709406212531837,222.6696799635701,67.39503428571429,1.870155939038521e-14,1.566184400114595e-13,3.155818540433925,16
SPDYC,1.7077606301853125,2.713283788706739,0.1367657142857143,8.102547631782937e-08,2.449621235645133e-07,1.9723865877712032,10
CCDC167,1.7048631727423658,172.4773559198543,52.214237142857144,4.0638781178459973e-20,1.659551019510477e-18,1.3806706114398422,7
PGD,1.7045179719589765,249.01771675774134,75.71137142857143,1.2835524651205624e-18,2.8929028100490485e-17,2.564102564102564,13
TIMELESS,1.704288753148505,34.14003897996357,9.78351142857143,2.6981674374389768e-15,2.6767508348086736e-14,6.11439842209073,31
AGMAT,1.7041947572553626,9.075804007285976,2.0921885714285713,1.5534581903533098e-16,2.0212108221174216e-15,1.7751479289940828,9
FANCA,1.702429181991284,5.657755373406193,1.045717142857143,7.578328844938214e-19,1.849515817807554e-17,5.9171597633136095,30
TMPRSS2,1.6990491362724,18.370059198542805,4.9657657142857135,4.890979028720711e-10,2.0193036039998572e-09,3.5502958579881656,18
DNA2,1.690002614911984,7.270360837887067,1.5632028571428571,5.885849901518384e-16,6.6738660945189215e-15,8.284023668639055,42
LMO1,1.68898026200403,3.2801675774134793,0.32747714285714286,0.0006096076932347196,0.001096762019954897,1.183431952662722,6
FANCD2,1.6889485754868185,9.262736065573769,2.183017142857143,1.6693534967655752e-17,2.734954715952181e-16,7.889546351084813,40
AKR1B15,1.6888519131497834,2.4534663023679415,0.0711742857142857,3.014560527961348e-14,2.417803577554998e-13,3.155818540433925,16
PAQR6,1.6863657918537258,10.682557559198543,2.6298714285714286,2.1861412726403433e-13,1.5243854064252063e-12,1.5779092702169626,8
LRP2,1.6828344766670194,2.6800415300546447,0.14622285714285713,7.643777104389402e-05,0.0001557838599977966,17.554240631163708,89
GALNT6,1.6828169702640947,25.202372495446266,7.161354285714286,3.5098472417965943e-12,2.0043426720373904e-11,2.7613412228796843,14
TMEM52,1.6791890439347399,7.870408925318762,1.7698571428571428,9.665940921259345e-11,4.3846217574632027e-10,1.7751479289940828,9
GINS4,1.6791557350116524,6.206408378870673,1.2503114285714283,3.547365321794306e-14,2.8096223273625764e-13,1.183431952662722,6
EFNA4,1.6772882755950311,72.75972386156648,22.062437142857142,6.120715379595586e-17,8.690151663732185e-16,1.7751479289940828,9
KLHDC7A,1.6770080667667018,6.885163934426229,1.4659314285714284,1.1751324091984006e-09,4.589959408434389e-09,2.7613412228796843,14
TTYH3,1.6767168691159622,109.88507887067395,33.68414857142857,8.738988574629312e-15,7.797510343672177e-14,2.1696252465483234,11
SLC52A2,1.676569862385426,78.80643989071038,23.965491428571433,3.1346365249522886e-20,1.3754051433155015e-18,2.366863905325444,12
SLC29A2,1.6765650501947742,37.85521275045537,11.154942857142856,8.008806178308222e-14,5.959823379780291e-13,2.366863905325444,12
MYO10,1.6742800762972836,29.350543169398904,8.509505714285714,1.8249346046214593e-17,2.93734352263852e-16,13.017751479289942,66
TONSL,1.6730641014124683,17.750854826958108,4.880017142857143,4.10009729279108e-16,4.8351254565023045e-15,3.5502958579881656,18
NR0B2,1.6669642649397154,2.594880510018215,0.13208285714285714,0.0012711793485233674,0.0021882217124309803,1.3806706114398422,7
UBE2S,1.6650804679749416,41.86813861566484,12.51747142857143,2.9970785945716015e-13,2.036482811089056e-12,1.183431952662722,6
IRF7,1.6646293677441006,70.30132932604735,21.490248571428577,6.897525033766555e-14,5.189027268904724e-13,1.5779092702169626,8
SPINT2,1.661100577198133,128.95419890710383,40.09123714285714,4.840717193470877e-12,2.709947480756109e-11,2.1696252465483234,11
CYP4F11,1.65823915581957,8.156168306010928,1.9009085714285716,0.00015009776797217017,0.0002943396425456112,5.719921104536489,29
PRSS22,1.6542216415315503,33.26148451730419,9.885185714285717,4.701340376610488e-10,1.945390356993224e-09,1.183431952662722,6
KCNJ15,1.652329388975639,2.9644657559198544,0.2612,4.773926220414303e-08,1.486610721565357e-07,1.9723865877712032,10
ABCG1,1.6485221494249895,32.71393278688525,9.753622857142858,1.641980373878937e-13,1.169662876004089e-12,4.733727810650888,24
TBC1D7,1.6470360158469277,11.37836903460838,2.9523571428571427,7.112613045045943e-22,1.209327429605379e-19,3.353057199211045,17
ELF3,1.6464953402768359,107.28129289617486,33.586685714285714,1.6901233017707652e-12,1.0124783671973161e-11,2.366863905325444,12
ANO9,1.6462430519127964,19.441836612021856,5.530574285714285,3.9146177336024415e-15,3.770190506069649e-14,5.128205128205128,26
NFE2L3,1.6447586343733245,18.115882331511838,5.113257142857144,7.3863802757302565e-09,2.5633256581615012e-08,4.339250493096647,22
PROM2,1.6423388478024914,44.081676867030964,13.441317142857141,1.2373355372009074e-09,4.809981548713612e-09,4.142011834319527,21
ATP6V0A4,1.6414340410836297,2.9279533697632054,0.2590571428571429,3.8752426677872684e-10,1.6206274659861687e-09,5.9171597633136095,30
FA2H,1.6376717948719515,8.771326958105648,2.1402571428571435,3.4968057223545133e-11,1.7108630132682315e-10,1.7751479289940828,9
NR2F6,1.6376671142043433,182.3482573770492,57.92368,2.535315878961137e-17,3.934867485522186e-16,1.183431952662722,6
NEUROG2,1.6362117293131015,2.297498907103825,0.06080571428571429,0.0030387608486344597,0.004955369821169449,1.7751479289940828,9
XRCC2,1.6353691392712058,6.092767941712203,1.283077142857143,2.6275799817371267e-16,3.2423197111966427e-15,2.1696252465483234,11
SCNN1G,1.6338298465430032,27.534777049180327,8.194808571428572,0.00010956254146376778,0.000218650900220087,5.128205128205128,26
HOXB6,1.6325439822443313,51.47356120218579,15.92372,7.301509259172581e-08,2.2171967560800524e-07,1.183431952662722,6
ENO1,1.631139024667453,1144.369341712204,368.76328000000007,8.384542527254287e-17,1.1556239149092835e-15,2.9585798816568047,15
CA6,1.6307941555652603,2.172989799635701,0.02459142857142857,2.571121318213259e-06,6.360527741472837e-06,1.183431952662722,6
OPRK1,1.6281708510407547,2.6717548269581055,0.1878057142857143,4.291205280399035e-08,1.3438934076693864e-07,4.339250493096647,22
USP18,1.6267063548450267,19.735873588342436,5.714828571428571,6.277493825547114e-10,2.5515174460181394e-09,2.1696252465483234,11
MAP2K6,1.6226612040066772,19.58338123861567,5.684162857142857,4.231376372022064e-09,1.5248852639934473e-08,3.353057199211045,17
DLX2,1.6197249151382782,2.1716899817850637,0.032060000000000005,7.127038714234956e-09,2.4801072496825208e-08,1.9723865877712032,10
TRAIP,1.6195941609032634,13.53724335154827,3.7308114285714282,1.1417512486272831e-17,1.941918773180713e-16,3.9447731755424074,20
MSI1,1.6189814712459016,43.54076921675774,13.500925714285716,3.2943750113051225e-09,1.209134570333969e-08,1.5779092702169626,8
SLC30A2,1.6178470556706552,6.720296174863387,1.5154371428571427,3.4462168271165554e-06,8.358833026190663e-06,2.1696252465483234,11
IL19,1.6159773032496714,2.63254116575592,0.18509428571428568,5.161890111939397e-11,2.443640260165744e-10,1.183431952662722,6
OAS3,1.615468231751775,36.67945191256831,11.297028571428571,7.29828947126253e-07,1.9420520303509527e-06,5.9171597633136095,30
B4GALT1,1.6132006270897365,376.0612799635702,122.25091714285715,4.075880872971475e-09,1.4714197514722842e-08,1.3806706114398422,7
MROH6,1.612257177696026,17.667442258652095,5.105862857142858,2.443729078516192e-07,6.930830726725139e-07,3.353057199211045,17
TRIM17,1.611700907798149,9.051306010928961,2.2889114285714283,9.201571461862109e-05,0.0001856972794835487,3.155818540433925,16
LAPTM4B,1.61057499136301,664.63654571949,216.97454285714286,2.6829964902656836e-10,1.1464407173375615e-09,1.183431952662722,6
RASSF6,1.609663191904812,8.375914936247723,2.0722514285714286,2.3066746366841202e-09,8.645051830080558e-09,2.1696252465483234,11
KRT7,1.6093851788257307,246.85480928961746,80.23143714285713,4.5038410767050274e-08,1.405682370099878e-07,2.1696252465483234,11
COMP,1.6072952638451974,33.9092183970856,10.457662857142857,0.0010516225778439458,0.0018309109048559747,3.353057199211045,17
RHBDL1,1.605630514650685,8.22097777777778,2.02994,1.692084661446502e-11,8.715583123491848e-11,1.3806706114398422,7
SDS,1.6052665756256639,6.623597996357013,1.5056857142857143,2.5166792666045418e-14,2.050384460401698e-13,1.7751479289940828,9
CKMT1A,1.6042708851293175,4.409967941712204,0.7793485714285714,4.653217476155657e-11,2.228744579770141e-10,2.7613412228796843,14
LLGL2,1.6026088199343604,74.60717322404372,23.896005714285714,1.1151965963378759e-14,9.744975342363493e-14,3.5502958579881656,18
WDR62,1.6018694079435707,6.767851366120219,1.559117142857143,3.875545018420188e-17,5.749886844774844e-16,7.297830374753452,37
BLM,1.6000657219000445,4.619866120218579,0.8537800000000001,1.2769681224673807e-17,2.1519325928975328e-16,6.11439842209073,31
COL17A1,1.5995228719758152,5.755358287795993,1.2291742857142858,0.002923477206145537,0.004781553182015373,8.678500986193294,44
SLC9A2,1.5992198711364844,4.118257559198543,0.6893085714285714,1.8790753306627505e-08,6.157097280094152e-08,4.733727810650888,24
GAPDH,1.5870547878413106,3131.7963683060107,1041.7520942857143,3.014022326209025e-16,3.661659818688991e-15,1.3806706114398422,7
NRCAM,1.5865954356793854,18.821136429872492,5.599571428571427,0.0001207448618133707,0.00023928513275639518,6.508875739644971,33
SLC29A4,1.5864863326062397,21.755811475409836,6.577262857142856,4.054511709823208e-08,1.272424681149817e-07,2.7613412228796843,14
FANCI,1.5808448692196215,9.56485209471767,2.531682857142857,1.4621647571493168e-16,1.9236718057730857e-15,7.495069033530571,38
CYBA,1.5798837209507264,278.0349846994535,92.33967142857144,4.093174158622677e-14,3.1974047002347033e-13,1.183431952662722,6
ALDOA,1.5774340436445495,24.254929872495445,7.462354285714285,8.769171241687404e-09,3.0090221952029697e-08,2.9585798816568047,15
STXBP6,1.5756137283628115,27.770281056466303,8.65244,4.311274153961551e-09,1.5523221517253967e-08,2.7613412228796843,14
GALR2,1.5746613390015576,2.4388579234972676,0.15450000000000003,1.0891583132187547e-15,1.1736730144665588e-14,1.183431952662722,6
IKBKE,1.574597006997244,19.582001092896174,5.910137142857143,1.1366484150071232e-17,1.9352348349625922e-16,5.325443786982249,27
H2BC5,1.5680958445962467,97.04975737704918,32.067597142857146,7.37242169971827e-12,4.023496557435062e-11,1.7751479289940828,9
INAVA,1.5677876060079732,11.577693989071038,3.2427742857142854,4.531578160923032e-09,1.6277373502919265e-08,3.7475345167652856,19
IL1R2,1.5668778234265028,11.360984153005464,3.1723028571428573,1.2254286736810322e-06,3.169821614673827e-06,4.142011834319527,21
CENPK,1.566373212585273,6.44963242258652,1.5154142857142856,2.0267058676665663e-14,1.6827691674634733e-13,1.3806706114398422,7
THEMIS2,1.5651982952051782,23.268883424408013,7.201214285714286,1.4741579094871762e-10,6.508074012076846e-10,4.142011834319527,21
STXBP2,1.5644875009025045,37.85672058287796,12.13737142857143,9.022116739269182e-16,9.870482888890117e-15,2.9585798816568047,15
ESM1,1.5602544790766393,16.760182877959927,5.022322857142857,1.556210388573762e-10,6.846500053033217e-10,1.3806706114398422,7
GBP5,1.5601688008379528,7.645460655737707,1.9317742857142852,0.0006794454935663104,0.0012163076988777116,4.930966469428008,25
ARHGEF39,1.5587988273238098,5.173536976320583,1.0955057142857143,8.748802183146673e-19,2.08580546846176e-17,1.3806706114398422,7
TBX15,1.558495527600226,2.938221675774135,0.3370457142857143,1.640573175140748e-12,9.871097478418689e-12,3.9447731755424074,20
RTKN2,1.558069087082365,4.500805828779599,0.8681028571428572,1.8305340136345084e-16,2.332060342049221e-15,4.339250493096647,22
CENPO,1.55281645651823,7.940847358834244,2.0474342857142864,9.73098301749821e-19,2.2869223513780933e-17,1.7751479289940828,9
TCN1,1.551749402666422,10.986488524590163,3.088545714285714,0.01614933876787529,0.023596828535329604,2.9585798816568047,15
FOXN4,1.550240971629397,5.434367577413479,1.1970342857142855,0.0032214503253734433,0.005231051916142821,2.1696252465483234,11
SSC4D,1.5478243996552208,7.905101639344263,2.045771428571429,7.946989088223193e-06,1.8367827068155867e-05,1.9723865877712032,10
KLRG2,1.546909694592099,2.8063417122040075,0.3026914285714286,3.5879758492001947e-09,1.3078750676116838e-08,1.183431952662722,6
ABHD11,1.5464929906092744,124.66344553734062,42.01978,1.015142349841878e-15,1.1003822922267612e-14,1.7751479289940828,9
H2AC11,1.545491609080091,4.153948633879781,0.7656342857142858,2.910491635154456e-12,1.6801011545408754e-11,1.9723865877712032,10
H3C8,1.5414250065230755,2.5767475409836065,0.22877714285714285,3.5574243894098063e-10,1.4952964987638978e-09,1.5779092702169626,8
EGFL6,1.5397149467450042,21.22522786885246,6.644442857142857,0.00045186356685538695,0.0008290530611632756,5.128205128205128,26
DMRT3,1.5380229075271126,2.8506213114754093,0.32598857142857146,0.0005592168024935223,0.001011840185077663,1.9723865877712032,10
GMIP,1.5348329834015897,28.58577850637523,9.210622857142857,4.87624319971852e-20,1.9108850429680794e-18,5.325443786982249,27
LPAR2,1.532939081135297,42.57561366120219,14.058539999999999,2.0595308204170516e-14,1.7083026382725248e-13,3.9447731755424074,20
GRHL1,1.5318405939772806,4.765079963570128,0.9937714285714284,1.0199364548688936e-14,8.993539087347412e-14,5.522682445759369,28
GPR35,1.5318175671513206,8.42682349726776,2.260185714285714,2.548040464480329e-06,6.3043792409607795e-06,1.3806706114398422,7
ENC1,1.5305168609412707,39.46393442622951,13.006725714285713,8.148202634791147e-09,2.8146785399661714e-08,3.7475345167652856,19
IDH1,1.5290428904943276,116.59027759562841,39.74587428571429,4.2763096626165264e-12,2.4144612188175036e-11,3.353057199211045,17
GPT2,1.5289420067637671,52.604534061930785,17.575654285714286,3.81894555706633e-15,3.6823473875207664e-14,2.1696252465483234,11
KNSTRN,1.5287782066323405,22.676699453551915,7.2056514285714295,9.894082522226437e-17,1.35238254723854e-15,1.9723865877712032,10
EXOSC4,1.5263560699581271,105.23571530054645,35.88005714285714,2.3740933460996423e-18,4.920576887431143e-17,1.183431952662722,6
ULBP2,1.5233516802199163,3.237608743169399,0.4741657142857143,9.012075360823972e-10,3.5739648267002787e-09,2.7613412228796843,14
RCC2,1.51955325344424,207.01202112932603,71.5533257142857,3.4862333398765315e-17,5.252591565413975e-16,4.142011834319527,21
FUT2,1.5165653660723968,24.793830418943536,8.015382857142857,1.6149154533520035e-09,6.168760164251297e-09,1.7751479289940828,9
IL32,1.5165270432848619,88.30682732240437,30.215085714285713,6.457158479138135e-07,1.7305100810399764e-06,1.5779092702169626,8
KRT19,1.515979591739983,948.0208704918033,330.8336571428571,1.8518622680221585e-07,5.337530345532769e-07,2.7613412228796843,14
NECTIN1,1.5158815284208762,25.757985974499093,8.356805714285713,3.3622932143455074e-13,2.266902879046677e-12,4.339250493096647,22
CHAF1A,1.5141308787397487,25.797032422586522,8.381837142857146,5.50948954588994e-17,7.883396229669751e-16,5.325443786982249,27
TJP3,1.5127179724953628,75.20462094717669,25.70593714285714,4.526265156447679e-11,2.1751914521140054e-10,6.508875739644971,33
DLX4,1.511818802814256,2.4244273224043713,0.20084,2.029892455847637e-16,2.560563757156893e-15,1.5779092702169626,8
NACC1,1.511179813793885,106.31830837887068,36.64986,3.9124272581040316e-19,1.0410842726483921e-17,2.366863905325444,12
BAIAP2L1,1.5086518771411574,32.68815063752277,10.839345714285713,1.4686490055387868e-15,1.5345010318796013e-14,3.5502958579881656,18
HKDC1,1.508586742267929,19.293641530054646,6.132308571428571,4.621071606850669e-06,1.1020300573839597e-05,5.9171597633136095,30
DLX1,1.5084927866908273,1.945697632058288,0.03534857142857143,0.00024056009123693683,0.000459506817787077,1.5779092702169626,8
RUNX3,1.5060208723586022,14.851784153005465,4.581111428571428,2.0583052106490808e-07,5.892405629499292e-07,2.9585798816568047,15
GRB7,1.5049442856490494,70.57298488160292,24.218297142857143,1.6055171805014315e-05,3.574122580476672e-05,2.9585798816568047,15
CENPN,1.5044063524129354,6.731283606557377,1.7250857142857143,1.4809928963580494e-15,1.5464190382351327e-14,2.9585798816568047,15
CLDN18,1.5038101818097087,2.473029872495446,0.2246628571428571,5.098333053410626e-10,2.097563558981758e-09,3.5502958579881656,18
TPI1,1.5035854520517162,948.8208043715847,333.97882571428573,1.8249346046214593e-17,2.93734352263852e-16,1.7751479289940828,9
PLAAT1,1.5018194289326827,6.847300182149363,1.7709428571428572,0.0005423597110311243,0.0009838208370084101,1.9723865877712032,10
CXADR,1.5012799291620391,48.91704845173042,16.63269142857143,1.963757311477227e-11,1.0005580026173964e-10,3.9447731755424074,20
EGLN3,1.5012068615054965,36.39614189435337,12.210477142857142,6.304722099506782e-08,1.931934482258928e-07,2.1696252465483234,11
ELAPOR1,1.4997756334821828,167.87170127504552,58.714448571428576,0.0015411724358354204,0.00262478195998893,3.9447731755424074,20
EVPL,1.4964540534658344,34.82100983606558,11.695805714285715,8.722384563963444e-11,3.9906239749381284e-10,8.284023668639055,42
DDX39A,1.4953110589289818,104.90041202185792,36.563337142857144,2.22684330609495e-18,4.6622412263901626e-17,2.9585798816568047,15
H3C11,1.4938207812169717,2.0222612021857924,0.07311714285714287,8.115367736993424e-11,3.734653749649024e-10,1.9723865877712032,10
IGFBP2,1.4918118806066856,367.08790910746814,129.87944000000002,0.00017715025626326283,0.0003437977800060358,1.7751479289940828,9
ZIC5,1.4907842248252638,1.8302987249544627,0.007074285714285714,9.548917784518296e-06,2.185903227542429e-05,2.9585798816568047,15
NETO2,1.4812060978746422,7.00795373406193,1.8683628571428572,9.617930135779859e-10,3.797910556355968e-09,4.142011834319527,21
PADI1,1.4800688065269665,2.394912204007286,0.21698,3.8610203683968346e-08,1.2167930093182612e-07,5.128205128205128,26
RIMKLA,1.4798183520237251,3.057810564663024,0.4548628571428572,5.4779311379677215e-12,3.038833487363533e-11,3.9447731755424074,20
SYT5,1.4776076919698546,3.288104189435337,0.5397885714285714,2.934817173752524e-06,7.205586030182119e-06,1.9723865877712032,10
HMGCR,1.4772026395630729,61.09132112932605,21.302245714285714,3.4423043865680577e-09,1.2603448240035468e-08,5.522682445759369,28
NEK6,1.476516868345704,47.40891366120219,16.39600285714286,2.9802894041203935e-15,2.91976333664954e-14,1.9723865877712032,10
GPR160,1.4764345841628197,25.20588597449909,8.417762857142858,1.3082680824930922e-07,3.857695589807156e-07,2.1696252465483234,11
HABP2,1.4761763476600729,18.905906375227687,6.1549828571428575,0.0036607360648307683,0.00590312028126068,5.325443786982249,27
ELOVL3,1.4757748640658983,3.283899635701275,0.5402342857142858,0.000535305289221077,0.0009724142987854358,2.564102564102564,13
USH1C,1.4745534099418884,5.754714207650272,1.4306485714285713,0.0002786617771998896,0.0005274018584655017,3.7475345167652856,19
CENPI,1.4730048489466323,4.7744418943533695,1.0801342857142857,2.6318512273653783e-15,2.617258774829444e-14,7.495069033530571,38
MAST1,1.4687894074499375,3.415473224043716,0.5952457142857143,1.7716502606268998e-09,6.731625683951396e-09,7.297830374753452,37
GPRC5A,1.4681046920139558,52.15246684881603,18.21232285714286,2.2012756290858883e-05,4.815892498164565e-05,3.5502958579881656,18
GCNT2,1.4666375482777623,13.396540983606558,4.209022857142857,8.256615355954811e-11,3.7933066038023525e-10,1.5779092702169626,8
COCH,1.4650762625122375,3.115330054644809,0.49063999999999997,1.2778019515013072e-09,4.960276846086722e-09,4.536489151873767,23
VDR,1.4647999481648695,12.41735591985428,3.860917142857143,5.976561317125287e-12,3.303226419093232e-11,2.9585798816568047,15
HOXC13,1.4647000594952908,1.8341329690346084,0.026837142857142858,7.339535395848872e-05,0.00014982387399247054,1.3806706114398422,7
REC8,1.4643579670187696,93.34305737704918,33.18962,7.221149464298039e-07,1.9224547984829603e-06,3.155818540433925,16
PKM,1.4623620108332398,658.82727996357,238.45032857142854,3.576583264682641e-16,4.272735025397119e-15,3.7475345167652856,19
MREG,1.462340475610775,20.2524810564663,6.712608571428571,7.822316577462334e-14,5.842126704163585e-13,1.5779092702169626,8
ZNF695,1.4619109330009137,2.2219715846994537,0.16961428571428572,1.6793499648753954e-19,5.102378585730069e-18,3.9447731755424074,20
OAS2,1.4618927517002427,31.309049908925317,10.728720000000001,0.0011519910422573242,0.0019959617953330534,7.100591715976331,36
TFRC,1.460638964853854,88.26982586520947,31.434600000000007,3.89178438506744e-08,1.2253179157412715e-07,4.142011834319527,21
PARVG,1.4603167720695347,10.68693679417122,3.2471885714285715,1.5322860597734904e-08,5.0772555561644996e-08,2.564102564102564,13
LDHA,1.4554174806615237,388.17525045537343,140.91258000000002,3.172942100076327e-14,2.533746310119034e-13,2.564102564102564,13
GLYCTK,1.4553867081735619,13.688984153005464,4.356445714285714,0.0003615422191513934,0.0006724603755986119,2.366863905325444,12
PROC,1.4538506496286376,3.408308014571949,0.6092342857142857,2.070778977524039e-09,7.805280231023896e-09,3.5502958579881656,18
DMRT1,1.4522033621638857,1.8553850637522769,0.04353714285714286,1.530559927761074e-14,1.3029503451084727e-13,1.7751479289940828,9
SOX11,1.4484862326782224,1.8923444444444446,0.05977142857142857,0.0001272800338924179,0.0002517221288848131,2.564102564102564,13
TYMP,1.447225196234358,54.48939453551913,19.349408571428572,4.365353011152378e-09,1.5707654084622012e-08,1.7751479289940828,9
GGCT,1.4470113876172288,91.01243096539162,32.748360000000005,3.6435209041529674e-17,5.44975592717277e-16,2.564102564102564,13
RTL1,1.446925073744021,1.9860843351548267,0.09530285714285713,0.0013743621892530855,0.002355763885537393,1.3806706114398422,7
CIP2A,1.4424076002990933,7.899846265938069,2.274722857142857,1.7574894269686444e-10,7.686919556237724e-10,4.142011834319527,21
FGFR4,1.4419495789151777,19.65230637522769,6.6014857142857135,5.330764117877568e-06,1.261611625545031e-05,4.536489151873767,23
MAPK13,1.44193519586837,29.294738615664844,10.150682857142858,4.1965423087109454e-13,2.7883429323041957e-12,1.3806706114398422,7
AMELX,1.4400857312238349,1.767420218579235,0.019919999999999997,0.02620150697874001,0.036955840141510876,1.7751479289940828,9
ANKLE1,1.439872073746717,3.784536247723133,0.76358,0.00011167156780784799,0.00022258759522699966,2.366863905325444,12
OAS1,1.4334569669883175,27.067445719489978,9.391765714285716,0.01109625137359071,0.016660534688887837,2.366863905325444,12
PCDH19,1.432386455386308,11.68794553734062,3.7011057142857147,0.006008260449886336,0.009372574077222525,11.83431952662722,60
H2BC21,1.4310927865482528,56.917651730418946,20.478754285714288,1.7112494090702735e-06,4.3460887855359254e-06,1.183431952662722,6
F2RL1,1.4307168112903397,39.380967030965394,13.97918,7.562228740755957e-10,3.028932331144313e-09,3.5502958579881656,18
SMC4,1.4292165650970485,15.796129690346083,5.236948571428572,1.1619554774394558e-07,3.4472111970501963e-07,9.072978303747536,46
PAX8,1.4291649676877434,162.9663160291439,59.88819714285715,5.708266270517712e-10,2.333374056764153e-09,3.155818540433925,16
GPI,1.4285753933826557,153.18097395264115,56.277854285714284,2.417902863359504e-18,4.980095061136716e-17,3.5502958579881656,18
KDF1,1.4285500290235404,52.63952586520947,18.92730285714286,3.3835016646736485e-12,1.9355412782172626e-11,3.353057199211045,17
CKAP2,1.428107513243586,24.697190892531875,8.54954,4.077386572607031e-11,1.9755865983809337e-10,5.325443786982249,27
FZD10,1.4264720089896255,40.75508961748634,14.534545714285713,0.007659113469990566,0.011762082661072731,4.339250493096647,22
CES3,1.4248454319512969,14.116889799635699,4.630425714285715,0.00013580906954401643,0.0002675636528943376,4.142011834319527,21
CIT,1.4221316921867788,3.619191621129326,0.7237000000000001,1.1392269653212863e-19,3.774089653387667e-18,11.439842209072978,58
OPLAH,1.420936294079258,22.272897632058285,7.691725714285714,1.3111039825934518e-09,5.071651466547894e-09,4.142011834319527,21
GMDS,1.4203281747286836,38.87396630236795,13.898002857142854,3.0668596139961847e-13,2.081326610930031e-12,1.183431952662722,6
FAM241B,1.4200430363332637,36.383239162112936,12.97016,6.943465759059812e-16,7.761063556434198e-15,1.5779092702169626,8
SAA1,1.4170529351083374,146.39366520947178,54.19546285714285,1.7379367219247938e-09,6.610052531132181e-09,1.3806706114398422,7
FSTL4,1.4153925090368502,2.5170786885245904,0.31858,1.3659857452092896e-08,4.5625997929422184e-08,4.733727810650888,24
CDH1,1.4153879144144348,174.18055573770494,64.67675428571427,1.146477068131495e-10,5.135644493628401e-10,6.508875739644971,33
DDC,1.4151215213774466,1.9223187613843353,0.09580571428571427,0.003695462561483526,0.0059532996132560505,4.142011834319527,21
DDIAS,1.414997956504411,5.869381238615664,1.5760885714285715,1.040202098447707e-12,6.480836185872458e-12,5.325443786982249,27
RIPK4,1.4147577963089941,34.08759672131148,12.1604,4.188298459327247e-10,1.7453535736797402e-09,3.5502958579881656,18
ZNF296,1.4141372663258702,8.692669945355192,2.6370199999999997,7.0689939531085196e-15,6.411449270939217e-14,1.7751479289940828,9
ISG20,1.4140667787068044,14.06569198542805,4.653437142857142,1.290434255239712e-13,9.317104745271232e-13,1.5779092702169626,8
CXCL11,1.4123473434581801,13.367979599271402,4.39804857142857,0.0002535665386392287,0.0004826765711676152,1.183431952662722,6
SCUBE3,1.4113733387279073,5.647871402550092,1.4992914285714285,0.00022965315353272632,0.0004398952428866735,5.522682445759369,28
CHTF18,1.409472841114992,27.015359198542804,9.546360000000002,1.6440749513596044e-14,1.389546544443174e-13,4.536489151873767,23
A2ML1,1.4088213310086481,3.015825318761384,0.5124371428571428,0.005904947977362598,0.009224504510954247,8.481262327416173,43
IL4I1,1.4086226089825873,78.10460874316941,28.796422857142854,2.546149985325014e-08,8.213997351953868e-08,2.564102564102564,13
ADAMTS15,1.4084583323990585,21.3904058287796,7.434780000000001,0.008524023548297548,0.01301159852821572,3.9447731755424074,20
BICDL2,1.4080308208006773,22.63903970856102,7.9077971428571425,2.47913210068643e-11,1.2405444171463201e-10,2.366863905325444,12
ATAD2,1.4059510244244686,18.458998178506377,6.343228571428572,1.1464539210107953e-08,3.868725053965249e-08,11.045364891518735,56
STX19,1.4016674755933058,13.210927686703098,4.378714285714285,4.2224435701129336e-07,1.1575844553036306e-06,1.9723865877712032,10
TSPAN33,1.40106820721961,27.901242258652097,9.943417142857143,1.875295951075415e-12,1.1109024273192889e-11,1.5779092702169626,8
RHPN2,1.4002499282052474,49.83684644808743,18.260225714285717,9.600047605399239e-11,4.358326510563474e-10,5.719921104536489,29
LILRB4,1.3999118322412565,6.566749544626593,1.8674371428571428,9.471730965985188e-08,2.837565933549492e-07,2.564102564102564,13
PCK2,1.3997481498666438,33.629227322404375,12.124314285714286,6.177114578570005e-14,4.689831399781314e-13,3.7475345167652856,19
FAT2,1.398375774349085,4.218987795992714,0.9798542857142857,1.535673775280967e-06,3.921922493254756e-06,17.159763313609467,87
PACC1,1.3955420755062575,18.6489970856102,6.468620000000001,1.094979783126536e-15,1.1791760092703387e-14,2.564102564102564,13
RPS6KA1,1.3945988471711122,52.093361020036426,19.19408285714286,1.3506514343421649e-15,1.4284004720369895e-14,3.155818540433925,16
FOLH1,1.3944579601060676,12.2793956284153,4.051317142857144,4.73023291065156e-07,1.28820373984697e-06,5.522682445759369,28
TTC39A,1.3944461144160207,8.512084699453553,2.6183085714285714,6.53410845129455e-11,3.048634650154341e-10,2.7613412228796843,14
HMX2,1.3927051296727582,1.6436728597449908,0.006842857142857144,1.558066200041683e-10,6.852832889439533e-10,1.9723865877712032,10
SYNE4,1.3919436261553915,27.187745719489982,9.740971428571429,1.917490327517793e-12,1.1330499793477274e-11,2.1696252465483234,11
DTNB,1.3910893734597765,17.274740072859743,5.967734285714286,9.585169667328349e-18,1.6822992465062032e-16,4.142011834319527,21
SRD5A3,1.39060828686504,21.38366174863388,7.537217142857142,1.6304820071275458e-09,6.222459438720854e-09,2.1696252465483234,11
PLPP4,1.390488118030593,3.265695264116576,0.6270885714285713,0.0034900641269991176,0.00564118725756647,1.3806706114398422,7
GPRIN1,1.3901911174277024,6.375189617486339,1.81374,3.832250126844539e-12,2.1794023644495414e-11,4.536489151873767,23
ASRGL1,1.3873123102644316,110.80941074681238,41.74208857142857,4.736605129792073e-06,1.128603573531335e-05,1.183431952662722,6
BATF,1.3861566128213063,16.742742805100185,5.788065714285715,2.385206315488415e-08,7.723480626678679e-08,1.5779092702169626,8
RHEX,1.3846381576133258,103.92037941712204,39.182988571428574,7.22971934987546e-05,0.00014769259290719393,1.9723865877712032,10
CABYR,1.3832305727785197,7.359667759562843,2.2047571428571424,2.267738882902159e-14,1.8641333378236083e-13,3.5502958579881656,18
IGF2BP1,1.3829785158989285,1.8065138433515484,0.07609142857142856,1.9206122348559678e-05,4.2355648510431435e-05,6.11439842209073,31
TMEM125,1.3806715569510484,64.47880637522769,24.14648,7.000481501726561e-11,3.2451255815176494e-10,1.3806706114398422,7
MAGEA10,1.3805506488632235,1.6088251366120219,0.0019771428571428574,8.746154617025744e-05,0.00017685262761575038,4.339250493096647,22
KIF22,1.3782037023629021,47.96528743169399,17.836822857142856,6.32577456760504e-16,7.109170900296181e-15,3.155818540433925,16
SLC14A2,1.3781775808720862,1.8083005464480872,0.08036571428571428,0.0003313564088287477,0.0006200201919991697,5.522682445759369,28
M1AP,1.3750713103236505,8.52436411657559,2.6719628571428573,1.4618722804640318e-05,3.270697902180963e-05,3.9447731755424074,20
ANGPTL4,1.374839095435978,45.58715883424408,16.963808571428572,0.006600939789397737,0.010240953982084246,1.9723865877712032,10
SLC12A8,1.3746934875099366,11.094920036429873,3.6642200000000003,1.3106898241668843e-13,9.459212912994425e-13,3.5502958579881656,18
P4HB,1.374460186136524,527.0717823315118,202.6757,2.71935276850249e-16,3.3430612499816753e-15,3.7475345167652856,19
CDC7,1.3735419002613845,10.996477595628415,3.6299514285714287,7.661443891910364e-10,3.066438020190882e-09,8.284023668639055,42
TUBG1,1.3728008558388956,85.86029289617487,32.54030857142857,1.9837580470051823e-15,2.0127946039047664e-14,2.1696252465483234,11
CPA4,1.3704622923648968,2.5154324225865206,0.3596542857142857,2.687119476942005e-11,1.336511821844715e-10,2.9585798816568047,15
PHYHIPL,1.3704125718513087,8.492246812386158,2.6714171428571425,0.0022526351786967395,0.0037425956876272716,3.155818540433925,16
ZDHHC12,1.3689005604115776,80.65879872495447,30.61716,1.3178176822600377e-16,1.7519223305339323e-15,1.5779092702169626,8
SLC25A39,1.3682220598707913,246.31333970856105,94.80135714285716,2.7924017190487357e-19,7.834871353888782e-18,1.3806706114398422,7
YBX2,1.3671009508752379,7.252928779599271,2.1994085714285716,0.02008567478656226,0.02888291458081519,2.7613412228796843,14
RELT,1.3646893888353753,4.233125865209472,1.032117142857143,2.226832914720245e-18,4.6622412263901626e-17,2.564102564102564,13
BICDL1,1.3634580357211643,12.688400364298726,4.319991428571428,5.998270034891695e-12,3.3141145021983646e-11,3.5502958579881656,18
BOP1,1.3629390091965847,93.18378633879783,35.61766285714286,1.5313985986882009e-15,1.594007197549397e-14,3.5502958579881656,18
CAMSAP3,1.3605955399221035,32.433218579234975,12.019614285714287,7.479683415964907e-12,4.077984699160245e-11,7.297830374753452,37
TFR2,1.3600606181687345,2.547706921675774,0.38206571428571423,2.549961280619617e-11,1.2725150518560194e-10,4.339250493096647,22
TMEM63B,1.3589268908452379,58.69626138433516,22.273911428571427,4.703829795788107e-17,6.837337794794026e-16,4.536489151873767,23
CCL24,1.3583639597255641,3.5119016393442624,0.7597514285714285,0.00011138174564759903,0.00022209040847160852,1.5779092702169626,8
PLEK2,1.357795769577789,18.113497632058287,6.457665714285713,1.1189515627306958e-08,3.7805576248066805e-08,2.1696252465483234,11
PARPBP,1.3533480990257463,4.626673952641165,1.2021828571428574,2.213821660258908e-14,1.8234463180704673e-13,5.128205128205128,26
UGT3A2,1.3514273511356072,1.9330060109289617,0.14945714285714287,1.1975675077396835e-05,2.710958938349245e-05,4.536489151873767,23
MIOX,1.3511099360879637,1.9217482695810566,0.14529714285714287,2.3093516980034854e-13,1.6021734362347142e-12,1.7751479289940828,9
DDIT4,1.3502166347365412,140.95014335154826,54.67755142857143,0.00010107192104473379,0.00020265976584783887,1.7751479289940828,9
RDM1,1.34964394172919,2.5269821493624773,0.3839485714285714,3.6434419511063346e-17,5.44975592717277e-16,1.5779092702169626,8
FOXP3,1.3484931063696117,3.9421551912568304,0.9407942857142857,4.903213604855934e-16,5.692708011945236e-15,3.7475345167652856,19
SLC19A1,1.347441542700464,12.375852641165755,4.2565542857142855,1.011166790773193e-16,1.3775581927478232e-15,3.9447731755424074,20
SYT17,1.3470861276584665,6.212962295081967,1.8353085714285713,3.4969995515184975e-12,1.9976973199775685e-11,2.564102564102564,13
ITPR3,1.3467202116281314,43.032646812386155,16.312971428571426,1.7127061691586148e-07,4.971186906892827e-07,10.256410256410255,52
IGSF3,1.3467162738608596,21.57445792349727,7.875959999999997,3.6687162547735347e-10,1.5393306401641348e-09,5.128205128205128,26
CLRN3,1.3467023442329298,1.9697111111111112,0.16766,6.442796038326827e-06,1.5094184754376027e-05,2.366863905325444,12
ENTPD3,1.3454938490281352,19.955612568306012,7.246437142857142,9.521627791544031e-05,0.00019173436829310003,3.353057199211045,17
ARHGEF19,1.3417776167154205,37.31491548269582,14.116545714285715,5.612494924469418e-11,2.638032514640925e-10,3.353057199211045,17
BAIAP2L2,1.341461696029978,22.609054280510016,8.31662,0.008746829188854548,0.013325809212089973,2.1696252465483234,11
PDZK1IP1,1.3387725102718555,142.42729143897995,55.70496857142859,0.0003301240145845984,0.0006177843832450469,1.7751479289940828,9
GIPC1,1.337404857123416,168.59653806921676,66.11475428571427,7.122540719856904e-18,1.292713716129804e-16,1.5779092702169626,8
RAPSN,1.3357612652564677,2.581786703096539,0.4190428571428571,2.6991111371866356e-05,5.83310656815629e-05,3.155818540433925,16
GCNT3,1.3330769700849576,8.27260218579235,2.6804885714285716,0.0006121901496347476,0.0011008088026814415,2.366863905325444,12
NBEAL2,1.3320702070098696,31.68233606557377,11.981354285714287,2.8831641706213235e-15,2.839787611158842e-14,8.875739644970414,45
OR2B6,1.331190226165043,1.6544081967213116,0.05496857142857144,4.764856155423473e-16,5.5437656454285224e-15,2.564102564102564,13
TCHH,1.3296479842764939,1.9389127504553734,0.16929142857142856,3.780540734206395e-05,8.023071910591343e-05,8.481262327416173,43
MMP15,1.3290796443660877,76.11933333333333,29.69519714285714,2.4352954533454253e-13,1.6824750581780915e-12,4.142011834319527,21
PPIF,1.32798453286369,110.40819016393444,43.37659142857142,6.979270261309918e-13,4.449149952515109e-12,2.1696252465483234,11
PCNA,1.3277536244823809,285.96679963570125,113.32415142857143,4.813309065372818e-13,3.157454193261263e-12,1.9723865877712032,10
CDH18,1.3276558368596065,1.6353491803278688,0.04996285714285714,0.004594750658867116,0.007293085533093094,7.495069033530571,38
MFAP2,1.3263742419509592,108.62384389799637,42.71460857142858,0.00022276675287588233,0.00042744892869810494,1.7751479289940828,9
TSPAN1,1.3258681374509926,280.559004007286,111.31644285714286,2.4132110997475383e-05,5.249625095415992e-05,1.5779092702169626,8
EYA2,1.3249291966497232,201.20368797814209,79.71340000000001,8.379882124698139e-06,1.9306143735968428e-05,3.5502958579881656,18
H2BC18,1.3224742872120583,3.0549205828779598,0.6213542857142856,6.216112186151545e-10,2.527823076342138e-09,1.183431952662722,6
SERPINB3,1.3223789954639522,1.9691349726775957,0.18728285714285714,0.006291646234287494,0.009794261141090306,2.9585798816568047,15
MARVELD3,1.3223396578235995,11.357017486338798,3.9413971428571424,1.4728856238648064e-13,1.0555893580591476e-12,1.7751479289940828,9
RAET1L,1.3216166409293137,1.7417366120218578,0.09693142857142859,4.768750383958559e-14,3.6850043950608105e-13,2.1696252465483234,11
UCP2,1.3206900683196592,460.1266714025501,183.60902,2.051996467696567e-10,8.892523699516145e-10,1.7751479289940828,9
TDRKH,1.3203474699828823,9.759070127504552,3.3083457142857142,2.9741617905047185e-13,2.0217470671726446e-12,3.353057199211045,17
SGK2,1.3191111923870473,4.652089071038252,1.2652542857142859,0.00038201283682790633,0.0007087775916751472,2.7613412228796843,14
CYP26A1,1.3176427684621566,1.8179102003642986,0.13051714285714286,1.790838372635354e-05,3.964209240807469e-05,3.353057199211045,17
PDIA4,1.3174388982700345,513.6867112932606,205.51629714285713,6.631223740434865e-14,5.002374452203677e-13,2.9585798816568047,15
MYCL,1.3169683161024857,8.829150637522769,2.9452000000000003,1.3914283574165723e-08,4.637534646654499e-08,2.564102564102564,13
SIX4,1.31290851807884,13.053087795992711,4.6564885714285715,1.2635510611322481e-11,6.640993982373657e-11,4.339250493096647,22
PABPC1L,1.311866963677057,27.504043897996354,10.48140857142857,1.0840892052429076e-09,4.253342142234837e-09,4.536489151873767,23
PPFIA4,1.3109652197106803,3.3909848816029147,0.7697914285714287,3.0084224109394967e-12,1.7317899996968306e-11,6.11439842209073,31
SGO2,1.310719076207974,6.387961384335155,1.9782342857142858,6.810157092072871e-11,3.165792383911474e-10,8.086785009861932,41
ABCA7,1.3103102811013825,11.523946448087433,4.050082857142856,4.6539126423252126e-11,2.228744579770141e-10,8.481262327416173,43
HOXB7,1.3062224571508825,97.53466029143898,38.84528,2.187813129738118e-07,6.240411655328401e-07,1.5779092702169626,8
MUC2,1.3048932047678479,1.6413624772313298,0.0690942857142857,2.070741045043403e-10,8.966689176148573e-10,8.678500986193294,44
CYP2B6,1.3016426463145887,1.5719100182149361,0.04333142857142856,5.090318356262956e-07,1.3805699858889734e-06,4.733727810650888,24
CASP6,1.3004992182455828,58.62641548269582,23.207471428571427,5.38387158197219e-16,6.16399121161535e-15,2.366863905325444,12
TPD52,1.300303118375671,30.749315664845177,11.89152,1.499433019156667e-11,7.798758913658492e-11,1.5779092702169626,8
APOA1,1.3000305547771562,40.44034735883424,15.82965428571428,5.915294820621686e-05,0.00012204005423980372,1.183431952662722,6
RGL3,1.2999634830937934,45.73155355191257,17.979388571428572,9.680448839936953e-10,3.8189393821444246e-09,4.930966469428008,25
FLAD1,1.2989256400994105,57.986462841530056,22.97379428571429,3.986575806685308e-20,1.6483841518469728e-18,3.353057199211045,17
AMN,1.2986426031187128,6.990646630236793,2.2482657142857145,0.000322358750932211,0.0006042807263810496,1.183431952662722,6
FSD1,1.2972335419140801,3.7007730418943536,0.9127714285714286,0.00010412548318757208,0.00020835224816982814,4.339250493096647,22
LIPH,1.2939456849543705,3.8097708561020034,0.9615885714285716,0.0009611655393124819,0.0016837236215308266,3.9447731755424074,20
ERO1A,1.2938478164573137,48.62741621129326,19.241125714285715,5.1309856421372925e-12,2.8588652861864592e-11,3.353057199211045,17
TLE6,1.2934559401883947,5.433254644808743,1.6245914285714285,2.11036220398045e-07,6.032008946858881e-07,3.353057199211045,17
SOX17,1.2933925215184843,367.9044335154827,149.5095057142857,1.4690348550058017e-08,4.884348455841539e-08,5.128205128205128,26
NKX6-1,1.291285371295765,2.1969843351548266,0.30624571428571423,0.0023825670990331306,0.003944169375862792,2.366863905325444,12
PLPP2,1.290543179905156,84.69025282331512,34.02992571428572,8.40202341393165e-08,2.5331977756404303e-07,1.5779092702169626,8
BNIPL,1.288027233374156,4.694322950819672,1.3318857142857146,5.1966180881709896e-05,0.00010826342368814874,3.353057199211045,17
SAC3D1,1.2878072782090682,45.69910965391621,18.126697142857147,7.0689939531085196e-15,6.411449270939217e-14,1.5779092702169626,8
HAVCR1,1.2877119646662039,1.6385664845173042,0.08075714285714285,3.0149004338327205e-06,7.392958881892423e-06,3.353057199211045,17
SMARCA4,1.2871193093254556,72.18989817850637,28.99090857142857,2.8831641706213235e-15,2.839787611158842e-14,9.861932938856016,50
TKT,1.287099054979607,169.69632786885248,68.94694571428572,2.398064847873196e-13,1.657447585262337e-12,3.9447731755424074,20
KLK13,1.2869926025631797,5.334067030965391,1.5957285714285716,0.033171931562399816,0.046105351888498076,3.155818540433925,16
TRPM4,1.2865006689408451,55.662489981785065,22.228457142857145,1.4779129245021872e-08,4.91188707261021e-08,6.903353057199212,35
ATP2C2,1.2849670780153022,9.727356284153007,3.4022942857142855,3.3949386696446665e-06,8.242786775517503e-06,5.719921104536489,29
ST8SIA2,1.2848551328318751,2.715583242258652,0.5249199999999999,5.711504849859567e-05,0.0001181276220764233,3.5502958579881656,18
GPR83,1.2839225568942763,2.036335336976321,0.24695428571428577,0.0011067301001104445,0.001922184776463008,2.7613412228796843,14
SHMT2,1.2834329297636433,101.27604517304191,41.016717142857146,3.0246351126557067e-14,2.423527444807861e-13,1.7751479289940828,9
KRT6C,1.2829644656254078,1.5202635701275047,0.03570285714285715,2.0413582451270597e-07,5.8479472700306e-07,3.353057199211045,17
ABCC3,1.2829575421959216,18.931126411657562,7.19074,2.2216037548451368e-06,5.555021464210015e-06,6.903353057199212,35
TGM5,1.2822576398728376,1.677774863387978,0.10097142857142856,4.67994903016114e-13,3.0797686118707017e-12,2.9585798816568047,15
CD1A,1.2822418777059603,3.217272131147541,0.7339571428571429,1.638531920449251e-05,3.64368508202881e-05,3.155818540433925,16
GGT6,1.2808566673312516,29.160243169398907,11.41248,4.886326013640476e-08,1.5193103387305046e-07,2.366863905325444,12
DSG2,1.2783531181491306,71.23941183970857,28.781842857142863,7.570072593641837e-09,2.6237617153340975e-08,6.903353057199212,35
FZD8,1.277701908357423,29.973385245901643,11.775034285714286,0.0036798199211540723,0.005929257648129689,2.1696252465483234,11
GPRC5D,1.2772595818206995,2.63466102003643,0.4995828571428572,8.856604390917867e-09,3.037760067388004e-08,2.9585798816568047,15
PCCB,1.2742859804863405,27.014628233151186,10.582079999999998,8.528054055807437e-15,7.638210413285076e-14,3.5502958579881656,18
ERBB3,1.2737840833608702,52.2613262295082,21.02747714285714,3.3587730908688817e-12,1.922728606979695e-11,9.664694280078894,49
PLEKHN1,1.27292510071613,4.37974553734062,1.2262457142857144,8.903579062263563e-11,4.0645112802596955e-10,1.5779092702169626,8
PDCD1,1.2721917050016265,5.607728779599272,1.7358,0.00023578260842878167,0.00045085098727216954,2.9585798816568047,15
ERBB2,1.2715021160266131,133.94348706739524,54.89740571428571,0.00014101579273783244,0.00027725879496946245,6.903353057199212,35
LMTK3,1.2696647441324327,6.53628378870674,2.1257200000000003,9.150922293681901e-11,4.1647478991219736e-10,4.339250493096647,22
FBXO16,1.2695711841591735,5.4595353369763195,1.6793057142857142,3.720830930435898e-14,2.9385480464495664e-13,2.1696252465483234,11
SLC39A11,1.2693648965924704,25.45190710382514,9.973371428571427,5.052304733752534e-15,4.733272203148739e-14,2.564102564102564,13
DPP10,1.2680339905738496,2.6021551912568306,0.49570571428571425,0.008639718006361315,0.013176009213250968,5.325443786982249,27
DGAT2,1.2670016176526708,3.4304085610200366,0.8409342857142856,4.885812377045708e-11,2.3269715218022613e-10,3.155818540433925,16
PPP1R1B,1.2664648848091975,76.31283642987249,31.13717428571429,0.010181120731537643,0.01536903008773978,2.366863905325444,12
CTNND2,1.2663360079776127,3.7824200364298717,0.9881200000000001,0.03460492681041889,0.04791138658260245,7.6923076923076925,39
CXCL3,1.2660999886308777,10.603340619307833,3.824462857142857,0.00016964069727968612,0.00033000041164330494,1.5779092702169626,8
PPP1CA,1.2658327170327057,165.63282841530054,68.29580571428572,8.37608771317911e-18,1.4955486481821316e-16,2.366863905325444,12
SLC5A6,1.2645821010791916,34.74420856102004,13.877451428571428,4.0793374679318404e-15,3.906034418717664e-14,2.9585798816568047,15
CTLA4,1.262244236423593,2.960353734061931,0.6510514285714285,1.7907647490913177e-07,5.177292567616469e-07,2.366863905325444,12
MDFI,1.2615362154887229,27.973909653916213,11.085005714285714,0.026322431470013962,0.03711053447208087,1.183431952662722,6
RBM47,1.261222516654243,40.81523843351548,16.444911428571427,9.150934134026642e-11,4.1647478991219736e-10,4.339250493096647,22
CALR,1.2606533762777428,1617.5668322404372,674.516802857143,6.063229013884786e-16,6.856144775261906e-15,2.7613412228796843,14
MYO5B,1.2602859885227664,15.779208743169397,6.004668571428572,1.5491214212209798e-09,5.9311718758809665e-09,6.903353057199212,35
INCENP,1.2579917383943453,25.04952094717669,9.891971428571429,5.093570303404095e-11,2.414068453477758e-10,4.142011834319527,21
C12orf56,1.2577024297880288,2.1929455373406195,0.33532,2.8658985948193405e-12,1.656097899030805e-11,2.564102564102564,13
STAC2,1.257409035083263,10.409404918032786,3.772491428571428,2.547950213545728e-06,6.3043792409607795e-06,2.366863905325444,12
HID1,1.2560610975298259,83.83132932604735,34.51764857142858,5.206178112914168e-12,2.8978247809331288e-11,4.733727810650888,24
TMEM184A,1.251961527230311,14.131807650273224,5.353497142857145,6.5310247038527876e-09,2.285720101064134e-08,2.564102564102564,13
CHRNA1,1.251770371977133,1.5097021857923498,0.05390571428571429,8.553180501153332e-17,1.1778829040736868e-15,3.155818540433925,16
KIFC2,1.2515216747423206,15.813086520947177,6.061579999999999,2.4342633338182438e-09,9.096370663948673e-09,2.9585798816568047,15
TALDO1,1.2512529162823967,298.16214772313293,124.673,4.619641212449889e-16,5.393831615215731e-15,2.564102564102564,13
MYO6,1.250759385678653,40.72669016393443,16.534679999999998,3.644460011443753e-10,1.530320724581294e-09,8.086785009861932,41
B4GALNT3,1.249673625740499,54.29178451730419,22.252591428571428,1.3990918967514945e-06,3.589769535397536e-06,4.142011834319527,21
SLC26A6,1.2482026827032024,15.285196539162111,5.8556171428571435,2.254651340286347e-13,1.5668592170195515e-12,3.155818540433925,16
GNA15,1.2480499865967065,11.958930418943535,4.455928571428571,1.3111039825934518e-09,5.071651466547894e-09,1.7751479289940828,9
HORMAD1,1.247737582259308,1.690629326047359,0.1330457142857143,0.011869807906152777,0.017736445144072865,3.9447731755424074,20
CREB3L4,1.2477349724460183,79.2382743169399,32.78904571428571,3.378572872433895e-07,9.383787079025993e-07,2.564102564102564,13
SLC37A1,1.2451098813821835,21.84771475409836,8.638897142857143,2.064981871173522e-12,1.2141151429301772e-11,2.9585798816568047,15
DISP3,1.2421084628914794,2.7743025500910745,0.595602857142857,0.008331569506369877,0.012741400974795165,8.284023668639055,42
CEL,1.2417879251707862,17.9916810564663,7.030600000000001,0.017384614429046943,0.025260824090154572,2.564102564102564,13
SLC6A20,1.2416691043726042,7.342277959927141,2.527808571428572,0.00041638170970101894,0.0007670241410105263,4.536489151873767,23
GAS2L3,1.2415314380916767,4.0857089253187615,1.1508657142857142,2.3074133084911987e-13,1.6015047319833716e-12,3.5502958579881656,18
STMN1,1.2386027532323363,176.71826502732242,74.31396,6.903293565243814e-09,2.4063075689708945e-08,1.3806706114398422,7
ATP13A2,1.2375505822065662,61.087110746812385,25.330651428571425,1.810921911042065e-14,1.518891189037722e-13,4.142011834319527,21
SREBF1,1.2357780333155688,78.79992877959927,32.88412285714286,8.765228172472294e-12,4.7273205096256265e-11,4.536489151873767,23
MLPH,1.2356011040242265,56.630908561020036,23.473860000000002,0.0019306964069488012,0.0032419978953528066,3.7475345167652856,19
TMEM79,1.2342035024844522,14.964921675774132,5.786322857142858,3.4774506048974577e-14,2.7582201961345315e-13,2.366863905325444,12
TMPRSS11E,1.2339559458522997,1.4200127504553735,0.028868571428571427,2.88861477775997e-09,1.0678101412387181e-08,5.128205128205128,26
BIK,1.2335097717759895,38.7703912568306,15.913614285714281,7.464271644140157e-10,2.9940567368107057e-09,1.3806706114398422,7
ARRDC1,1.232237765312636,67.72307504553734,28.252437142857143,3.184304895018635e-15,3.099390097818138e-14,1.9723865877712032,10
EPHA1,1.2310049115338342,23.226923861566487,9.321168571428572,4.6377630415679585e-11,2.2242387982496565e-10,5.522682445759369,28
RPL22L1,1.2294161887518618,95.35245901639344,40.09336,6.7073599222941775e-06,1.567172128565491e-05,1.7751479289940828,9
RUNX1,1.2285166905532425,11.774734061930783,4.451694285714285,3.005307237341067e-10,1.2765591864483244e-09,4.536489151873767,23
MYH14,1.2279945866986441,61.66048670309654,25.75041714285715,3.64878649568001e-08,1.1536542661120889e-07,11.045364891518735,56
H3C3,1.2270148517402275,1.8165899817850637,0.20324857142857142,6.349020689738857e-07,1.7042978089702515e-06,1.9723865877712032,10
LTK,1.2269183123324718,2.9113176684881603,0.6710285714285714,0.00047522107501811396,0.0008686252169090046,4.142011834319527,21
DNMT1,1.2250093532473705,28.661781967213116,11.689154285714286,3.667578202685248e-12,2.0900761722936517e-11,7.495069033530571,38
OTUB2,1.2249141161004253,4.793637887067395,1.4786514285714285,6.670736372887233e-11,3.106232251761038e-10,2.1696252465483234,11
CCDC160,1.2233001184390075,9.405311293260475,3.4566142857142856,2.644428252940797e-05,5.7216757137071825e-05,6.508875739644971,33
GCNT1,1.222637345660996,23.118447540983606,9.334722857142857,2.9231528102257053e-05,6.288456782253708e-05,3.353057199211045,17
ACOT4,1.2212402853354387,7.236040072859746,2.5325514285714283,1.68062195248728e-13,1.193583606204036e-12,2.366863905325444,12
SLC26A2,1.219404545531522,52.68234663023679,22.05441714285714,0.0028264924354287676,0.004634874485608171,4.142011834319527,21
E2F3,1.2176821936861737,20.400887795992716,8.201802857142857,7.883987003220041e-14,5.882859230172964e-13,3.353057199211045,17
BRIP1,1.2172756306811885,2.757356830601093,0.6160171428571429,8.25455973927355e-15,7.413390191746959e-14,8.086785009861932,41
HELLS,1.2171414012231438,8.243567941712206,2.9759742857142855,4.818429537788843e-11,2.2968651674883895e-10,5.128205128205128,26
ALG3,1.216956022047941,71.77734790528233,30.308045714285715,1.1366484150071232e-17,1.9352348349625922e-16,2.366863905325444,12
HK3,1.2166642123926774,4.078847723132969,1.1853085714285714,3.1070965906228173e-10,1.3153933680291312e-09,5.719921104536489,29
HMBS,1.2157539573063012,27.63125828779599,11.327131428571429,1.902783142652961e-15,1.93898185839954e-14,3.5502958579881656,18
DARS2,1.2157082011524953,13.853422222222223,5.395314285714285,1.6901233017707652e-12,1.0124783671973161e-11,4.536489151873767,23
FREM2,1.2154541965443912,7.3180868852459025,2.58208,0.002793245079667856,0.0045840032324103944,11.439842209072978,58
KLHL35,1.2148859586247593,3.4979690346083787,0.9377571428571428,9.743352519979374e-10,3.841006171336866e-09,1.183431952662722,6
KCNN4,1.2144354290217274,45.906100910746815,19.21379428571429,0.0068098779834188635,0.010545275668335312,3.7475345167652856,19
MUC16,1.2132510990178513,16.384682695810564,6.497937142857142,0.002069820221109399,0.003461871922731959,24.2603550295858,123
DHRS13,1.2129674865686322,7.003291074681238,2.4524628571428573,8.447121433270752e-10,3.360520170777946e-09,1.7751479289940828,9
MTHFD2,1.2126364354227945,16.83193916211293,6.694114285714286,3.8942324709333084e-10,1.627743787825126e-09,1.9723865877712032,10
FADS2,1.2122629763167732,79.85397741347904,33.895857142857146,8.157735908123616e-07,2.1547602787739897e-06,1.5779092702169626,8
DHCR7,1.2113240708745767,63.86176703096539,27.011985714285714,1.4241224052155634e-12,8.660218002670978e-12,2.564102564102564,13
HOOK1,1.2109130864708928,18.92415373406193,7.607137142857143,1.7050760996492558e-09,6.4966155870700744e-09,4.733727810650888,24
PPP1R14C,1.2107159331837685,29.282175956284153,12.08354,2.011235450406069e-06,5.062765099298035e-06,1.7751479289940828,9
MAP7,1.210526768907977,26.314971038251365,10.803094285714286,1.0709049277789152e-10,4.831224910718223e-10,4.339250493096647,22
CDK16,1.2099364841115898,110.99368961748634,47.41348857142857,4.0652731111749963e-16,4.797487538495357e-15,3.353057199211045,17
SIPA1L2,1.2090792263505574,21.7953970856102,8.860025714285714,2.7349575287913513e-06,6.7435899659570854e-06,11.045364891518735,56
DHDH,1.2079788215414085,4.119793078324226,1.2162285714285712,2.19907437910801e-06,5.506196555854295e-06,2.564102564102564,13
PTPN6,1.207606938032634,43.0713912568306,18.082305714285717,1.3506514343421649e-15,1.4284004720369895e-14,4.142011834319527,21
PGGHG,1.2073641125473458,100.83227304189435,43.09939428571428,4.440398125125113e-05,9.336947268457062e-05,3.7475345167652856,19
OGDHL,1.2059678529099074,19.590063387978145,7.925348571428572,3.4983744987947167e-06,8.475210349649814e-06,7.100591715976331,36
FRAS1,1.2053581492781698,9.250044444444445,3.4450514285714284,3.7797477565677806e-06,9.120707691656464e-06,14.595660749506903,74
ANKRD34B,1.2030820051390603,1.442948087431694,0.0610857142857143,4.2069317853279395e-08,1.3182518631403674e-07,3.7475345167652856,19
TAS1R1,1.2029636461378268,2.0893016393442623,0.3419371428571429,1.193651983008384e-06,3.0910171740185716e-06,4.930966469428008,25
HSH2D,1.2025897877984661,15.299652823315117,6.082111428571429,3.937620697853594e-08,1.2383314196185398e-07,1.7751479289940828,9
LRFN4,1.2019903799015856,25.28149016393443,10.42391142857143,3.005307237341067e-10,1.2765591864483244e-09,3.155818540433925,16
SLC12A3,1.2016089193975983,1.515367941712204,0.09365714285714286,1.3200251216931913e-06,3.3964089921544397e-06,4.733727810650888,24
CENPH,1.200283503249945,20.964730601092896,8.558825714285712,6.379447581795749e-12,3.5153014764350795e-11,2.1696252465483234,11
BCL2L12,1.1995503811185202,40.846299089253186,17.220337142857147,4.113095664847073e-15,3.9360703177869494e-14,1.183431952662722,6
STAP2,1.198917145868415,75.48003715846994,32.314865714285716,5.036713951003286e-09,1.7978300900833453e-08,1.7751479289940828,9
PNPLA3,1.1982500164965422,3.2062723132969033,0.8331085714285712,1.9774603945144443e-10,8.60341286621817e-10,3.155818540433925,16
DSCC1,1.1977149845143038,15.268407103825137,6.092459999999999,1.7603829681951972e-09,6.69188898831437e-09,3.155818540433925,16
SYTL1,1.19731345367469,36.753504371584704,15.463797142857146,3.0743359432771143e-09,1.1321516605398623e-08,2.7613412228796843,14
HIP1R,1.197194491156444,37.48593825136612,15.784585714285715,3.0806346512429167e-15,3.0055772014314396e-14,4.536489151873767,23
IGSF8,1.1970457688166158,207.91906284153004,90.12370857142858,2.1173454763526315e-09,7.971694584405685e-09,4.339250493096647,22
RCC1,1.1966309693389308,72.39467850637521,31.02158,1.2804237605650145e-13,9.248875307268655e-13,1.7751479289940828,9
TNFSF11,1.1953176798747922,1.5875154826958107,0.12994285714285714,3.32067954247775e-12,1.9015817803470296e-11,2.7613412228796843,14
PFKFB2,1.19489798544233,12.803154462659382,5.029457142857143,2.4280935213442148e-08,7.856184921580085e-08,3.9447731755424074,20
PPP1R13L,1.1937693294736964,30.7994058287796,12.901402857142857,1.771980738872063e-11,9.087391429876062e-11,4.142011834319527,21
LY6K,1.1924696451108008,2.070085428051002,0.3433257142857143,1.030159053083645e-06,2.6900228011671375e-06,2.1696252465483234,11
ALOX15,1.1918536094882133,9.717606010928963,3.691525714285715,0.019590649400929333,0.028224365824159565,3.5502958579881656,18
HAUS8,1.1917397295071104,9.479808378870676,3.5877942857142857,2.9557074314117267e-15,2.8991264964710406e-14,3.5502958579881656,18
COL10A1,1.1914292227324657,2.6660551912568304,0.6052514285714287,0.020026662867586906,0.028805569659062665,4.142011834319527,21
ABHD3,1.1895116668289707,13.491951730418943,5.354014285714285,3.883103109560943e-11,1.8875534560224422e-10,2.564102564102564,13
RTKN,1.1893567158932736,45.10340965391621,19.21626857142857,2.8357771460970608e-15,2.803154664847772e-14,4.339250493096647,22
OVOL2,1.1882084578267333,23.540442440801456,9.769511428571429,6.59321115943749e-10,2.673944902193929e-09,1.7751479289940828,9
RENBP,1.1871178255419155,16.975838069216756,6.894617142857143,4.874067917180036e-05,0.00010192974077530261,2.7613412228796843,14
SLC52A3,1.1870663408064628,12.86924335154827,5.091302857142858,2.654407317790767e-07,7.488442532303706e-07,2.9585798816568047,15
LGSN,1.186744442306527,1.507099635701275,0.10135142857142855,9.782614164889857e-05,0.00019662959124311995,5.128205128205128,26
H4C13,1.1866767729688183,1.5106956284153008,0.10298285714285714,0.0019496337983071876,0.003271799247733901,1.183431952662722,6
MXD3,1.1853678089085795,11.404334608378871,4.45434,2.9741617905047185e-13,2.0217470671726446e-12,1.3806706114398422,7
NAA10,1.1838248458555354,35.30437923497267,14.980568571428574,1.0677041300964611e-15,1.1520590410942718e-14,2.366863905325444,12
MMP1,1.1827367311675507,14.171506375227686,5.6832771428571425,9.871202018297035e-15,8.736861099670841e-14,1.9723865877712032,10
ALDH3A1,1.1795911400467292,10.63527140255009,4.136700000000001,0.003667692420073427,0.005912027162439108,2.9585798816568047,15
MOGAT1,1.1780812868275536,2.0631256830601092,0.3537142857142857,6.802050666016672e-10,2.755899604320802e-09,1.183431952662722,6
PDE7A,1.1763518036059128,13.221801092896175,5.292705714285714,8.620409242474156e-13,5.42822989641888e-12,3.5502958579881656,18
VSIG8,1.1757394311289766,1.4182293260473589,0.07044571428571429,0.0006634334655809386,0.0011891922332849113,1.7751479289940828,9
MECOM,1.1757051849578195,65.34804353369762,28.370111428571423,9.436050164331183e-09,3.221770604535096e-08,6.508875739644971,33
KRT80,1.1726220416132844,17.034499453551913,7.000362857142857,3.5874750877717726e-07,9.928898506636254e-07,2.9585798816568047,15
BST2,1.172373364084292,1061.3539153005463,470.3566885714286,0.00894773181451019,0.01360926334247157,1.3806706114398422,7
EPS8L2,1.1722535087991162,69.71002094717669,30.375994285714285,2.7166616182266097e-11,1.3495779397019756e-10,1.3806706114398422,7
GSR,1.1719611147305082,139.12238032786885,61.188782857142854,2.5768282237926484e-09,9.583523903546238e-09,4.142011834319527,21
DQX1,1.1710328123964395,1.4435499089253188,0.08518857142857142,2.225365595105516e-18,4.6622412263901626e-17,2.9585798816568047,15
VSIG1,1.1696803422870818,1.5249717668488159,0.1224,4.524841895445699e-11,2.1751914521140054e-10,3.9447731755424074,20
HOMER2,1.1693547205956545,26.222793442622955,11.103802857142856,2.3734209448793423e-06,5.912229918257496e-06,2.564102564102564,13
STAT1,1.1685431065867542,80.2472131147541,35.14447714285715,0.00010280637390336068,0.00020588729748211273,5.719921104536489,29
SOHLH1,1.167883260339079,1.3041632058287795,0.025522857142857142,1.0303210210589869e-05,2.350419829290814e-05,1.3806706114398422,7
EREG,1.1670792081650099,1.4959275045537341,0.11149142857142859,0.00011394359311579123,0.000226869587161999,1.5779092702169626,8
UPK1A,1.1669246621015108,1.745295446265938,0.22267142857142858,0.003079454908856378,0.00501627637108141,2.564102564102564,13
AQP6,1.166030979292588,1.74046029143898,0.22127428571428573,6.875750290807136e-11,3.1944840410514257e-10,1.5779092702169626,8
BAK1,1.1656310665829617,37.80746630236794,16.299174285714287,6.476322176120339e-14,4.896716923081272e-13,2.564102564102564,13
SGPP2,1.1653014426083868,57.16912586520947,24.93593142857143,2.7176080236890462e-08,8.744899000355351e-08,2.366863905325444,12
ROBO2,1.1652876471753437,4.305858287795993,1.3657514285714285,0.00010863934883568209,0.00021696312864339135,10.650887573964498,54
CHAC2,1.1635225976257169,7.238293078324226,2.6777485714285714,1.311103237138367e-09,5.071651466547894e-09,1.7751479289940828,9
GPC2,1.1634904218868665,5.011075774134791,1.6835314285714287,3.526534087624871e-05,7.512041236621707e-05,4.339250493096647,22
ALDH18A1,1.1634137264842304,155.8806440801457,69.04012857142857,7.520942604734019e-14,5.629787254668868e-13,5.522682445759369,28
TNFAIP2,1.1620621436298757,214.42917741347907,95.26955428571429,1.566039101248277e-07,4.566368521101816e-07,3.353057199211045,17
SALL4,1.1619366330549092,3.4381806921675766,0.9834771428571429,0.0013027258479844518,0.0022394884901581207,11.045364891518735,56
KRT86,1.1613701369320364,5.294891074681239,1.8143685714285716,1.275197453217835e-05,2.8736794950400002e-05,1.3806706114398422,7
PSD4,1.1596640227415351,19.78323151183971,8.302922857142855,1.4265059737247926e-11,7.440561351410569e-11,5.325443786982249,27
CGN,1.1588616242605023,33.69962987249544,14.540777142857142,1.5099399921046101e-09,5.7892144991266225e-09,5.9171597633136095,30
NAPSA,1.1578473583703799,3.090753734061931,0.8333971428571428,0.004761251313858326,0.007529890918566357,2.7613412228796843,14
STON2,1.1578312488862879,17.51708561020036,7.299094285714286,1.5790760994298068e-08,5.222856936171344e-08,4.536489151873767,23
PPP4C,1.1558542111875445,205.09428888888888,91.49519428571428,4.370448988493775e-18,8.374409687824658e-17,2.366863905325444,12
FTH1,1.155739943850648,294.88031438979965,131.80171428571424,5.942309804402122e-05,0.00012252996769532084,1.3806706114398422,7
IRX5,1.1536911973556703,2.942051183970856,0.7718485714285713,0.026669962945341442,0.037584440819359625,3.5502958579881656,18
PRR19,1.1522923708676596,4.75556029143898,1.5894828571428574,4.912046775669384e-14,3.7851111433985234e-13,2.564102564102564,13
DECR2,1.151814024252797,27.203452823315118,11.693217142857142,1.7803494584775379e-12,1.0603684247639863e-11,1.5779092702169626,8
STRIP2,1.1489496558496552,2.126702367941712,0.40999714285714284,6.928483560810853e-11,3.21717201762616e-10,4.339250493096647,22
ABCA4,1.1488706160075375,2.440565938069217,0.55162,3.3785646422824676e-07,9.383787079025993e-07,10.256410256410255,52
C9orf152,1.1487952313726315,17.959561202185792,7.550794285714286,0.001270275553777173,0.00218690150313872,1.9723865877712032,10
NSD2,1.1473631291006852,19.46119198542805,8.237197142857143,2.0711330627067545e-13,1.449705272318033e-12,6.11439842209073,31
TESMIN,1.1458389989248399,7.124267759562842,2.6715742857142852,9.534581209802557e-11,4.332187385025643e-10,3.9447731755424074,20
TMEM38A,1.1446565651471525,15.56992131147541,6.494531428571429,3.20053267415386e-05,6.84500752634047e-05,2.366863905325444,12
SELENOI,1.144633743251073,17.714636429872495,7.464714285714285,1.780348099578373e-12,1.0603684247639863e-11,2.366863905325444,12
HNF4G,1.144614648454971,3.429776320582878,1.0036342857142857,2.1211512894244214e-05,4.6526094254054846e-05,3.155818540433925,16
KCNN1,1.1442453963866719,5.127192531876139,1.7721028571428572,0.0014097479213671608,0.0024124075517804604,2.7613412228796843,14
CYP2J2,1.1440058335139294,10.120584335154827,4.03208,2.0951085919117945e-06,5.25784933820517e-06,2.9585798816568047,15
CHEK2,1.1434602978940425,14.81208597449909,6.157697142857143,5.115216037622242e-13,3.3342881939427794e-12,5.325443786982249,27
ECEL1,1.1422035180220895,40.28513479052823,17.704934285714288,3.288508349707216e-05,7.024965784471014e-05,2.7613412228796843,14
GPR84,1.1420424220810492,3.261510746812386,0.9309657142857142,4.53381077700218e-10,1.8784231591909084e-09,2.366863905325444,12
TUFT1,1.1413067485712256,28.197224772313294,12.236525714285714,2.997380197714801e-11,1.4783491330911446e-10,1.3806706114398422,7
ADAM8,1.1403552820575693,14.523620765027323,6.042257142857143,9.432732613131306e-10,3.731029073398233e-09,3.5502958579881656,18
CERS1,1.1392270240814215,2.492949180327869,0.5858085714285715,0.0021132614457557955,0.0035274693555364754,1.183431952662722,6
SOX14,1.1391104588257266,1.26841839708561,0.029951428571428573,0.0004208858484828618,0.000774888374988311,1.9723865877712032,10
ATG4D,1.138057704356629,36.48803460837887,16.03347142857143,7.526750415731317e-13,4.779689313269256e-12,1.7751479289940828,9
LRG1,1.1374845569088858,60.21978943533698,26.827542857142856,0.00018158052055195094,0.00035206433518228776,2.9585798816568047,15
MUC4,1.1372785706173516,6.334310018214936,2.3342971428571433,0.004320617550432508,0.006880477882806026,10.848126232741617,55
SLC9A4,1.1367123792014473,1.7433974499089253,0.24768285714285718,2.5855041745272304e-07,7.307803301584761e-07,4.339250493096647,22
CDC42BPG,1.1337951274417604,17.786507832422586,7.561299999999999,7.146637100178666e-11,3.3082272412667687e-10,5.128205128205128,26
EZR,1.1332384679325003,476.41578652094717,216.64966571428573,2.4760718677814483e-10,1.0629777172692776e-09,3.155818540433925,16
RXFP4,1.1331741685825238,1.7391905282331512,0.24882857142857148,0.013292097359156938,0.019713504335793886,2.366863905325444,12
CA8,1.132313455924069,19.90036848816029,8.534405714285713,0.00029180698398538994,0.0005505124781922199,3.9447731755424074,20
DUS1L,1.1320139609477504,80.82603952641166,36.33544857142858,4.5014524335261325e-17,6.577941740328976e-16,1.5779092702169626,8
CHAF1B,1.131923087792845,12.279797996357011,5.059665714285714,3.869573069459037e-11,1.8831922271367314e-10,3.9447731755424074,20
PAGE1,1.1318290145276206,1.3625406193078324,0.07811428571428573,0.0010075373638644203,0.0017599101565945162,1.9723865877712032,10
ADAP1,1.1313806004321547,8.672947358834243,3.415494285714286,3.3569976932446008e-09,1.2310235150733369e-08,1.3806706114398422,7
APOL4,1.1311808701986332,33.588796357012754,14.791234285714284,0.00012593428936963813,0.0002491801278508383,1.7751479289940828,9
NLRP7,1.1310694263374177,1.4552508196721312,0.12101142857142855,8.327564427289165e-07,2.1971558919145475e-06,6.508875739644971,33
EMID1,1.13088066514102,72.68052404371585,32.645245714285714,0.00950375996931888,0.014411124262299896,1.5779092702169626,8
SEMA4A,1.1305191638441898,18.775968670309656,8.032700000000002,9.999034835592542e-10,3.9370901364583715e-09,5.325443786982249,27
AKR1C3,1.1294635818974594,52.93898797814207,23.654737142857147,0.0167612897645059,0.024419618379973362,2.366863905325444,12
GPR157,1.1290651068738593,17.982513843351548,7.679031428571428,5.409868246469595e-06,1.2790485286651673e-05,1.5779092702169626,8
STARD10,1.128170122595182,89.10488506375229,40.22259142857142,7.464271644140157e-10,2.9940567368107057e-09,2.1696252465483234,11
ENTPD7,1.1275495456438245,10.640548633879781,4.327791428571428,1.0641340482594272e-11,5.65413318137972e-11,4.733727810650888,24
CLDN19,1.1275224410862275,1.2972136612021858,0.051437142857142855,0.002207066658715569,0.0036709532952403923,1.5779092702169626,8
SCNN1A,1.1268628303087285,140.67396102003644,63.87397714285714,1.091767897796463e-07,3.250087834328049e-07,2.564102564102564,13
NDUFS8,1.1266365378578618,117.60340928961749,53.318251428571436,1.4370707272589215e-16,1.896703428665415e-15,1.5779092702169626,8
BNIP3,1.125488414607232,46.547456466302364,20.793225714285718,1.3077938621308627e-06,3.367038567015445e-06,1.183431952662722,6
CDH3,1.1248922909665344,87.9575213114754,39.79024857142858,0.0013504082078591615,0.0023175943631811554,3.353057199211045,17
ZNF280A,1.124864241964214,1.3477979963570128,0.07657142857142858,1.7223102550160277e-14,1.451209120901656e-13,4.339250493096647,22
ULBP1,1.1247505636665893,1.4724389799635702,0.13381428571428572,2.8169471377262104e-13,1.924388980464059e-12,2.1696252465483234,11
BRCA2,1.1234477804558787,2.5661344262295085,0.63684,1.1570122449931938e-13,8.431266792357646e-13,13.806706114398423,70
TMEM97,1.122159967226998,56.78581857923498,25.547122857142853,9.907754516542164e-09,3.373052703547516e-08,2.7613412228796843,14
TMEM171,1.120771045061812,1.9712737704918033,0.3663342857142857,2.119889690999026e-06,5.3184215514145275e-06,3.5502958579881656,18
KIF26B,1.1203425182128024,8.559232969034609,3.397099999999999,6.025273318498728e-06,1.415621748911877e-05,11.83431952662722,60
SQLE,1.1198587638013153,53.44694808743169,24.053157142857145,9.259399021548804e-07,2.430187162862109e-06,3.155818540433925,16
GSDMC,1.1198432843050417,1.5607646630236796,0.17832,1.89388572813503e-13,1.3341300914932418e-12,3.9447731755424074,20
GEN1,1.1193151157016705,5.476640255009108,1.981277142857143,1.7335387703405584e-13,1.2274665337005438e-12,6.11439842209073,31
SLC38A8,1.119222423366566,1.2897765027322405,0.05408,9.475934415930256e-10,3.747218743864271e-09,3.9447731755424074,20
MICB,1.1188219782792022,9.632132058287796,3.895774285714286,3.19680070858177e-06,7.794982859284072e-06,2.564102564102564,13
SAGE1,1.1186862900440107,1.3200214936247725,0.06839999999999999,0.0023376813770929544,0.0038741403675820758,9.467455621301776,48
MAP3K9,1.1176687767359954,4.727468123861566,1.6394342857142856,7.193398813199845e-13,4.575049629325499e-12,4.536489151873767,23
SLC25A33,1.1168812226795262,16.245718397085607,6.9518200000000006,9.29389676971015e-13,5.83006497744023e-12,1.9723865877712032,10
PIK3AP1,1.1167034271294218,9.202345355191257,3.704774285714286,0.0005396714463414722,0.000979052069687883,6.508875739644971,33
NAV2,1.1149221506130305,15.391155737704919,6.56806,1.7710600557773313e-07,5.121638702929783e-07,13.806706114398423,70
SSR4,1.112701824683298,265.24515591985426,122.11900285714286,4.2928463825894604e-14,3.33443406873639e-13,2.564102564102564,13
ADGRG1,1.1099328681496852,85.2473892531876,38.959759999999996,4.2984782054018945e-08,1.3454049218880753e-07,2.7613412228796843,14
UGT8,1.10754735006388,17.62868998178506,7.645245714285714,0.00015454572844714838,0.0003023832338616051,6.11439842209073,31
NCAPG2,1.106630586769025,12.902875409836064,5.456180000000001,2.7499621431284924e-08,8.835228272948701e-08,6.903353057199212,35
CHIT1,1.1060756235649059,2.7406102003642987,0.7377228571428571,0.0014248655898976548,0.0024364093080688222,3.5502958579881656,18
ANO8,1.1047867286136466,15.380424590163935,6.616425714285714,2.1221287547443928e-10,9.177163878315333e-10,4.536489151873767,23
CDK5,1.1044631151219724,34.63182349726776,15.571488571428569,2.955710247947806e-15,2.8991264964710406e-14,2.564102564102564,13
ADGRF1,1.1035342181296155,2.57405737704918,0.663277142857143,1.950332220959845e-06,4.91545691741453e-06,5.325443786982249,27
SH2D2A,1.1027385680891508,9.96042641165756,4.103522857142857,2.2474992473264676e-08,7.297630500431036e-08,1.9723865877712032,10
ARVCF,1.1021244083779793,32.132905646630235,14.434302857142857,1.425036949055413e-10,6.306400103410999e-10,4.142011834319527,21
TMEM63A,1.1019030187758636,34.11856721311476,15.361794285714288,1.0209242384165584e-10,4.6209075680099807e-10,3.9447731755424074,20
TET3,1.1012534658801303,12.402677413479054,5.24714,4.8858221308783085e-11,2.3269715218022613e-10,8.481262327416173,43
LMNB2,1.101241486476492,80.83971657559199,37.14673714285714,1.4741588424737043e-10,6.508074012076846e-10,2.9585798816568047,15
SORD,1.100282608687487,10.239433879781421,4.242354285714286,9.417934659779252e-08,2.822986099045812e-07,1.7751479289940828,9
EFNA1,1.1000513703576091,172.73728378870672,80.04842285714287,2.3570284568149745e-08,7.635235711865983e-08,1.183431952662722,6
TMC6,1.0991274208397637,23.825963570127502,10.58872857142857,2.5262922080737106e-10,1.082565424644158e-09,4.339250493096647,22
KCTD1,1.0987301609535747,32.60841967213115,14.69268857142857,7.57905685951399e-08,2.2968273340973878e-07,3.155818540433925,16
CPNE7,1.098379993817673,7.985397267759562,3.196545714285714,0.001437742110156207,0.0024572536344511656,2.564102564102564,13
B3GNT4,1.098028605087662,1.59751985428051,0.21344285714285716,1.6759730932010525e-18,3.64779704009958e-17,3.353057199211045,17
P2RY6,1.0963512110552405,5.611423132969034,2.0921485714285715,4.718701968068504e-08,1.4707943523369388e-07,2.7613412228796843,14
OTX2,1.095798354366296,1.181238069216758,0.02055142857142857,0.01479767212055227,0.021762524036804363,3.353057199211045,17
TAGLN3,1.0946666719215457,1.5611173041894348,0.19922857142857142,0.0007147281480457888,0.001274967726373569,1.5779092702169626,8
KNTC1,1.0935574745543126,7.299092167577413,2.8889914285714284,1.151378554594063e-11,6.098072936540486e-11,11.6370808678501,59
MCCC2,1.0931337775601033,69.58467741347906,32.08600857142858,1.042059284030009e-10,4.707528496146519e-10,3.353057199211045,17
CAPN9,1.0931125996172144,6.165986156648452,2.3590485714285716,2.016382065252222e-06,5.07339989176609e-06,4.733727810650888,24
LYPLA2,1.0925511305041367,193.5288571948998,90.22069428571427,5.191843575409544e-14,3.98766458599193e-13,2.1696252465483234,11
NT5DC2,1.0924371527395431,72.65709253187613,33.542854285714284,1.4658561627069983e-06,3.752318847531429e-06,2.7613412228796843,14
SEMA4B,1.0923044499637786,82.30794025500911,38.07239142857142,4.1096420979482765e-07,1.1298267367441135e-06,2.9585798816568047,15
MGST1,1.0915702790613544,21.247874499089253,9.439822857142856,0.001414801143831907,0.002420552656946884,1.7751479289940828,9
PYCR3,1.091292353429432,31.29789836065574,14.158719999999999,9.217930563707379e-12,4.9552759348336376e-11,1.3806706114398422,7
YIF1B,1.0905484863526453,41.15936721311475,18.797314285714283,2.6101045395855687e-15,2.6003324090629655e-14,1.9723865877712032,10
TRABD,1.0891203178201412,65.97687030965392,30.482337142857148,1.321712332481555e-12,8.091135458731241e-12,1.3806706114398422,7
DIRAS2,1.0882061840349402,3.2792646630236795,1.0127342857142858,0.005630900926038209,0.008825632099351926,1.5779092702169626,8
SAT1,1.0877087243057666,971.3081979963569,456.47882285714286,1.4396198249895163e-07,4.2186230679710554e-07,1.5779092702169626,8
GCAT,1.0875068831680403,48.709389981785066,22.391939999999998,9.321578811005473e-09,3.1859831618804285e-08,1.9723865877712032,10
HS6ST1,1.0874751826069522,80.52630418943535,37.36499142857143,3.823998639081017e-08,1.2060472098558327e-07,1.9723865877712032,10
WNT3A,1.0871016419573005,1.7192098360655736,0.2799485714285714,0.0028680490797001156,0.004699282323656025,2.564102564102564,13
ATAD3A,1.0869302791973912,45.92553952641166,21.090759999999996,1.9312949956174328e-14,1.6124749411789682e-13,4.339250493096647,22
RASAL1,1.086584125412628,14.201087795992715,6.157811428571429,3.903109329425831e-07,1.075735010305168e-06,6.11439842209073,31
BORA,1.086457481778859,5.215263023679417,1.9268685714285718,1.8424584443798182e-11,9.428312473752556e-11,3.353057199211045,17
QPCTL,1.08610110339725,35.834360837887075,16.350185714285715,4.1258067775844984e-14,3.2198467462908733e-13,2.1696252465483234,11
POLD1,1.0853339163361553,29.43510182149362,13.343551428571429,1.1827727049403927e-09,4.615275327839782e-09,7.100591715976331,36
PSME2,1.0835316700075186,162.8901766848816,76.33523142857143,2.7332143879857326e-13,1.871062568108377e-12,1.9723865877712032,10
GLB1,1.082889228611072,94.77793533697631,44.21508285714286,4.3411922010332856e-11,2.096019576606589e-10,3.353057199211045,17
CLUL1,1.0824486991450155,4.246427686703096,1.4775028571428572,1.4482101483563492e-05,3.241868524773819e-05,3.9447731755424074,20
BRCA1,1.0824281406524479,6.299091074681239,2.446874285714286,1.6304820071275458e-09,6.222459438720854e-09,8.284023668639055,42
PLEKHB1,1.0818667928081984,40.724541712204,18.711388571428568,3.9431356153979815e-06,9.495529579638227e-06,1.5779092702169626,8
SLC13A2,1.081101730818936,1.2338555555555555,0.05587142857142857,1.0399853829325567e-06,2.7118190054719962e-06,2.9585798816568047,15
NDUFB8,1.0795370676451017,27.782913296903462,12.619517142857143,3.5432598639392304e-08,1.1233032520228559e-07,1.3806706114398422,7
MCM7,1.0790645959742458,146.03344808743168,68.59616857142858,7.415756188974474e-10,2.978216786896321e-09,4.339250493096647,22
MARVELD2,1.078763811681862,19.977077959927136,8.931268571428573,8.726083876969299e-10,3.4648118363956557e-09,3.155818540433925,16
RANGAP1,1.0774359940131273,90.6810087431694,42.44490285714286,1.541343005413905e-14,1.3107771599648765e-13,1.7751479289940828,9
RAB20,1.0762914094170446,66.29064444444444,30.912342857142857,2.331190404055584e-10,1.0028677779950202e-09,1.5779092702169626,8
NMUR2,1.076269003532372,1.9774779599271401,0.41208,0.00017705835997351024,0.00034370029683997784,5.128205128205128,26
NUDT5,1.0761606256794014,35.35976958105646,16.245051428571426,1.3064432029562967e-16,1.7396045167371254e-15,1.7751479289940828,9
GRN,1.0748509594097317,614.3058193078324,291.09803999999997,1.2356311752170182e-10,5.509579223981181e-10,2.1696252465483234,11
DHFR,1.0732295272628813,10.942704189435338,4.6758171428571424,2.7972058667368334e-09,1.036807512680842e-08,1.183431952662722,6
HDGF,1.0725163487923348,411.20482167577416,194.99882857142853,5.43829511730603e-12,3.0178605060650817e-11,3.353057199211045,17
G6PD,1.0714667737233254,80.63673588342441,37.84561428571429,9.743369394499203e-10,3.841006171336866e-09,3.9447731755424074,20
NUDT1,1.0714100287689359,35.422191438979965,16.331634285714284,4.020926440309814e-11,1.950521741024149e-10,1.183431952662722,6
MARCKSL1,1.0707693437562984,1249.5216806921676,594.32968,1.194296781793083e-10,5.339704147973519e-10,1.183431952662722,6
AREG,1.0699610349028306,14.444904189435338,6.3569,0.009097653069984887,0.013828365611628033,2.7613412228796843,14
RNF43,1.0698800873669403,10.390062841530055,4.4257542857142855,2.0446071717983928e-05,4.495792232484324e-05,17.75147928994083,90
PSMB3,1.069373826183524,485.1262870673952,230.65170857142854,3.2554718291433795e-16,3.920348484467699e-15,1.3806706114398422,7
RFXANK,1.0676806833548271,105.40458287795992,49.76406857142857,6.470933890278827e-13,4.144311619635873e-12,1.3806706114398422,7
BCL2A1,1.0667765159002607,9.738945719489983,4.126605714285714,1.3816737686106178e-05,3.0996454075698746e-05,1.3806706114398422,7
POLE2,1.0667446749793454,6.729472495446267,2.6900114285714287,1.4942649130106308e-10,6.593309049170737e-10,2.564102564102564,13
LIN28B,1.0661469500826006,1.1250857923497268,0.014925714285714289,6.357537408934369e-07,1.7060288251886668e-06,1.3806706114398422,7
H2BC14,1.0655964256218857,1.2412577413479053,0.07081714285714286,6.539854537832795e-10,2.6535789514305327e-09,1.9723865877712032,10
NCAPD2,1.0611409126443965,59.273932058287805,27.886457142857143,1.6620531486676797e-09,6.337081776454675e-09,8.481262327416173,43
FCGR3A,1.0609940999280436,31.200161384335154,14.433591428571427,0.0007122330599004702,0.0012707279141600473,2.366863905325444,12
MTARC1,1.0608613310036232,5.876944262295082,2.296434285714286,3.570929544102635e-11,1.7455761664771932e-10,1.9723865877712032,10
LRRC59,1.0597051973584506,107.7726072859745,51.18149142857143,1.6284380975272134e-12,9.815846449763962e-12,1.183431952662722,6
HLA-DMB,1.0582428182607604,53.031171948998185,24.94666571428571,0.0008090004533765819,0.0014340699989047864,1.3806706114398422,7
OPRPN,1.0579117076082765,1.103389253187614,0.010314285714285713,0.0028731074193245392,0.004707102900100918,1.9723865877712032,10
ANOS1,1.057722679510963,3.73255591985428,1.2734714285714288,0.019593496784457348,0.028224365824159565,7.100591715976331,36
KLHL14,1.0558168658314901,21.09045664845173,9.626057142857144,2.242191396955864e-05,4.90150843883867e-05,2.9585798816568047,15
ABHD17C,1.0541111652433641,31.26011857923497,14.536274285714285,9.680448839936953e-10,3.8189393821444246e-09,1.183431952662722,6
MRPS12,1.0539590391825522,92.00766757741349,43.79664285714286,3.780493676351199e-14,2.9799610450282886e-13,1.5779092702169626,8
NARF,1.0532687507120029,34.293541712204004,16.00708,1.473311732414946e-17,2.4404314218254797e-16,3.155818540433925,16
ABCC1,1.052321560825809,45.5994247723133,21.469851428571424,1.1045013421322132e-12,6.850399677630546e-12,9.072978303747536,46
TFAP2B,1.0515309517978146,1.1815701275045538,0.05251142857142857,1.9664279003870578e-07,5.652923418816114e-07,5.719921104536489,29
ONECUT2,1.0509469689496047,1.211895810564663,0.06757428571428571,2.1611253482052847e-14,1.786321595444794e-13,2.7613412228796843,14
DDX11,1.0507497238071806,13.674671766848816,6.083717142857142,2.2460598348224167e-11,1.1325044673498693e-10,4.339250493096647,22
RPN2,1.0501728392077325,586.7450271402549,282.8281314285714,1.7540991677557367e-12,1.0470017391329285e-11,3.155818540433925,16
RFC4,1.050169989697748,30.565284699453553,14.24323142857143,6.795178159791837e-08,2.0725993722230464e-07,3.353057199211045,17
ZSCAN16,1.0485931009831715,20.005682877959924,9.154974285714284,6.375030980039549e-14,4.828983521978534e-13,1.5779092702169626,8
CKM,1.0482270743871078,2.035757559198543,0.46797714285714276,4.348871989854023e-08,1.360686395985579e-07,2.366863905325444,12
LRRC45,1.0472830246295137,41.625610928961756,19.625620000000005,4.3411922010332856e-11,2.096019576606589e-10,2.9585798816568047,15
PLAUR,1.046069769454025,39.55702404371584,18.64118571428571,5.814913375149455e-08,1.7938385329172475e-07,2.1696252465483234,11
HNF4A,1.04429725348774,2.0599493624772314,0.48371142857142846,0.024165701832526986,0.03427196327972408,4.339250493096647,22
ZNF367,1.0435025400659381,6.582619489981786,2.6786942857142857,6.196503383882611e-08,1.9019527329088125e-07,2.7613412228796843,14
C1orf226,1.0433604038446975,14.682916575591987,6.609288571428571,3.3055600968270897e-07,9.196480687597526e-07,1.5779092702169626,8
CCDC150,1.042954589764286,1.8287704918032788,0.37289428571428573,7.230971330240048e-14,5.422571136650014e-13,5.719921104536489,29
SLC34A2,1.0416607801122444,237.52451584699455,114.8675657142857,0.00046071777692749464,0.0008440779437812111,4.339250493096647,22
NOXA1,1.0405472202137585,85.97450692167577,41.28205142857143,8.78399560165569e-07,2.3127730519648195e-06,1.3806706114398422,7
MAP4K1,1.0405148965453443,6.482973770491804,2.6378771428571426,4.441813566591733e-06,1.0618901640578236e-05,4.142011834319527,21
SLC39A2,1.0402658469740425,2.4869118397085614,0.6954685714285714,0.015623033426383666,0.022876436093767438,2.366863905325444,12
C1QB,1.0401993286015312,216.91657158469948,104.96417428571428,0.0006989455854639934,0.0012482360109314747,1.5779092702169626,8
MACC1,1.039828539615564,6.310195446265938,2.5555714285714286,0.0001617601359403445,0.00031560089336780245,5.522682445759369,28
MYO19,1.0397807675672177,9.781612932604736,4.244191428571428,1.6405945303142594e-12,9.871097478418689e-12,5.128205128205128,26
POLA2,1.0394552492684976,7.57619471766849,3.1724142857142854,1.4803703029480795e-14,1.261526304650693e-13,2.1696252465483234,11
AGRN,1.038096269698591,146.52059635701275,70.83805142857143,5.6164751243476534e-08,1.7339185367044833e-07,4.142011834319527,21
CENPL,1.0375974452516905,6.278247905282331,2.5455114285714284,3.9172756541471705e-12,2.2231649476970005e-11,2.9585798816568047,15
SHTN1,1.0371681607073802,21.05133296903461,9.74524,2.733739293809901e-08,8.789949497032887e-08,4.142011834319527,21
TOX3,1.034754050272948,5.108262112932605,1.981437142857143,0.009866106016123945,0.01493723199541276,3.9447731755424074,20
KCNJ11,1.0346652490334225,6.790924408014573,2.802977142857143,1.0339700092422225e-06,2.696986120549911e-06,2.9585798816568047,15
VANGL2,1.0343653820781515,49.03844517304189,23.4303,2.1517324570893278e-07,6.141744303989573e-07,5.325443786982249,27
IVNS1ABP,1.0332592985053886,97.79910601092895,47.27374285714286,1.8058834788507882e-09,6.8553763539071116e-09,5.522682445759369,28
RAB15,1.0329002846202924,18.67021220400729,8.613357142857142,1.8313323329647434e-07,5.285749902284899e-07,1.3806706114398422,7
ZNF93,1.0328177002892103,9.598475956284153,4.180054285714285,5.916851920725337e-09,2.088942310491148e-08,3.9447731755424074,20
FBP1,1.0325743253774546,20.465035701275045,9.492905714285714,0.002303723545007671,0.0038217024681283618,2.366863905325444,12
DBH,1.0321241169971556,2.205530783242259,0.5674714285714285,0.01713154628923808,0.024921633954664475,3.353057199211045,17
RNASE2,1.0318747772428911,3.350429690346084,1.1276828571428572,5.455824377479711e-08,1.6878887985971147e-07,1.5779092702169626,8
ACOT7,1.0314557664755926,38.148950637522766,18.152302857142857,2.6001573746940883e-06,6.427539162077175e-06,1.7751479289940828,9
TLCD3A,1.0307044483594296,48.51266903460838,23.23502,1.0920902423530414e-08,3.695857398633944e-08,1.183431952662722,6
AVPR1B,1.030260075729739,1.536172859744991,0.24176571428571428,3.563256673930948e-05,7.589285903242032e-05,2.9585798816568047,15
FCHO1,1.0297761146140236,8.401578324225866,3.604762857142857,0.0015329791037931632,0.002611636643368402,4.733727810650888,24
IQGAP2,1.0280479970948915,14.818692896174863,6.757062857142857,0.0018578892374573838,0.003128657409367349,7.889546351084813,40
ZIC4,1.0280256156056944,1.066312568306011,0.01328,4.4752858702879926e-11,2.1557158040295273e-10,2.7613412228796843,14
WDHD1,1.0270929429248898,7.966098178506375,3.3996457142857146,7.68849569067617e-08,2.3287094162800708e-07,6.31163708086785,32
TRIM29,1.0269831100126883,10.615846630236794,4.700305714285714,0.01666715073980425,0.024291051852474252,4.339250493096647,22
TMED3,1.026312648131384,28.00515373406193,13.240468571428572,1.3617766629679619e-12,8.308650660371833e-12,1.183431952662722,6
TUBA4A,1.0261845573346724,50.07633515482696,24.078837142857143,0.009822533118475328,0.014875358122691936,5.128205128205128,26
FOXA2,1.0260106878301256,48.1466218579235,23.13424285714286,0.0021952252198766905,0.0036538672997229707,6.11439842209073,31
RHBDF2,1.0246967860026377,18.428557377049177,8.5494,2.144409231091728e-09,8.066225146956527e-09,3.7475345167652856,19
CORO2A,1.0244730225320353,16.203540801457194,7.457085714285714,2.568112017605115e-07,7.261133173341764e-07,2.366863905325444,12
SLC11A1,1.0240920646136635,3.330318761384335,1.1293028571428572,6.422130381075807e-13,4.116251244249754e-12,2.366863905325444,12
DYNC2I2,1.0234918196808946,194.9405839708561,95.38793142857142,3.620360362732389e-10,1.520588219561073e-09,2.366863905325444,12
GRIN1,1.0221876371338277,1.2338870673952642,0.09989714285714286,6.423166884174017e-12,3.53731162376271e-11,2.564102564102564,13
HOMER3,1.0219396893078736,20.752293989071035,9.711999999999998,6.5310247038527876e-09,2.285720101064134e-08,1.7751479289940828,9
PGAM5,1.0219030049375446,60.42713788706739,29.250797142857145,5.154237889732009e-13,3.3557465155800584e-12,2.366863905325444,12
SHH,1.02140460776691,5.576526958105646,2.2398371428571426,0.00020199989732251736,0.0003892762885208377,2.7613412228796843,14
HYOU1,1.021046436470109,92.15869143897996,44.904765714285716,1.9908216055599415e-07,5.71309355514488e-07,5.719921104536489,29
GJB4,1.0194592235653195,1.2677595628415301,0.11868857142857142,1.946308814456686e-06,4.906066130008619e-06,2.1696252465483234,11
AFF2,1.018997507463576,2.242538069216758,0.6000599999999998,0.0004892045864656374,0.0008928971421075435,11.045364891518735,56
PSMG3,1.0181557180873755,98.21358979963571,47.986425714285716,2.0393798370664416e-13,1.4292985790960982e-12,1.183431952662722,6
BMP5,1.0181499761381898,1.1132074681238617,0.04339428571428571,0.003327721415286153,0.0053951206671964385,5.9171597633136095,30
ANKRD2,1.0177283650424702,1.7674218579234973,0.36681142857142857,0.007728820172423922,0.011865817532537676,1.9723865877712032,10
HNF1A,1.0171763997847934,2.366055009107468,0.6631085714285714,0.0007271548063383346,0.0012956690781909324,5.719921104536489,29
LAMC2,1.0170530320685733,91.15665154826956,44.53687428571428,3.3940510160523354e-05,7.239179529777819e-05,5.325443786982249,27
SNTB1,1.0152236273300557,16.16445646630237,7.492142857142857,2.210320046816537e-06,5.528482860188496e-06,2.1696252465483234,11
MCM5,1.0124950642272612,46.60018979963569,22.594854285714288,4.000233030864711e-09,1.4466428001579572e-08,3.5502958579881656,18
IL18,1.0124344440191289,14.878368852459017,6.871051428571429,3.631145313147545e-05,7.7219195132826e-05,1.183431952662722,6
FIBCD1,1.0121574677140255,1.298597267759563,0.13965428571428573,1.1536742755422091e-12,7.133927360530497e-12,1.183431952662722,6
PLEKHG4B,1.012081465840874,9.954864116575592,4.431754285714286,7.5355377069519595e-06,1.7500183148830718e-05,6.70611439842209,34
ADAMTS14,1.0119983487213602,4.416845901639344,1.6859914285714284,5.649076263403408e-08,1.7433339134412542e-07,6.11439842209073,31
CEACAM1,1.01094662809576,21.70796174863388,10.268157142857143,0.002501172366318789,0.004128911516862855,2.9585798816568047,15
LGALS9,1.0100333070398904,62.05853715846994,30.310757142857145,2.522362115120253e-06,6.25115369915186e-06,3.353057199211045,17
ZWILCH,1.0093696841066646,12.471505282331513,5.692148571428572,8.455274186483524e-12,4.5736102796263995e-11,3.9447731755424074,20
MAT1A,1.008329385024294,5.264710746812385,2.114322857142857,5.04944243850777e-05,0.00010532029692985039,3.5502958579881656,18
CHD7,1.0077736419429089,9.533760473588343,4.238577142857142,1.2860489527095976e-09,4.989948206228525e-09,12.6232741617357,64
SIGLEC1,1.0074889580217548,4.445399271402549,1.7086028571428573,1.4722128720857514e-05,3.2924722737794124e-05,7.6923076923076925,39
TMEM270,1.0061656090281124,3.340705464480874,1.1610971428571426,2.0333448076480002e-08,6.638852688813914e-08,1.3806706114398422,7
HGH1,1.0054503273842634,60.84840928961749,29.807597142857144,2.6318537443581327e-15,2.617258774829444e-14,1.3806706114398422,7
ZBTB7B,1.005085254065908,61.017857559198546,29.89982,5.651482797994876e-11,2.654089473422131e-10,5.128205128205128,26
ALYREF,1.004639174410186,159.45958433515483,78.97221714285713,7.6166852652864e-09,2.6393630226148922e-08,2.1696252465483234,11
FLVCR1,1.0036680898830723,11.927529690346084,5.447351428571428,6.197203510949837e-12,3.4183036952073026e-11,2.9585798816568047,15
KIF20B,1.0022736887630437,8.480512386156647,3.732791428571429,6.457158479138135e-07,1.7305100810399764e-06,10.650887573964498,54
ATF5,1.0011208988369287,73.12236684881603,36.0324,5.882557519820853e-08,1.8123338621251134e-07,3.5502958579881656,18
RFC2,1.0010172716262007,62.71566557377049,30.835377142857144,1.3733461754132342e-13,9.894089607846087e-13,2.9585798816568047,15
KCNS1,1.0003987503871408,1.323756466302368,0.16155714285714284,2.691860951555879e-10,1.149930657140572e-09,2.1696252465483234,11
ELP3,1.0002455559439172,73.801256284153,36.39426285714286,0.0018128804556075027,0.0030562953736101624,4.536489151873767,23
