gene,mut_freq_pct,n_mut_samples
PTEN,65.48323471400394,332
PIK3CA,49.30966469428008,250
ARID1A,45.75936883629191,232
TTN,37.47534516765286,190
TP53,37.278106508875744,189
PIK3R1,32.149901380670606,163
KMT2D,27.021696252465482,137
CTNNB1,25.04930966469428,127
MUC16,24.2603550295858,123
CTCF,24.2603550295858,123
CSMD3,23.274161735700197,118
ZFHX3,22.682445759368836,115
RYR2,22.287968441814595,113
KMT2B,22.090729783037474,112
OBSCN,21.301775147928996,108
DST,20.907297830374755,106
CHD4,20.118343195266274,102
MUC5B,20.118343195266274,102
ZFHX4,19.92110453648915,101
FAT1,19.723865877712033,100
DNAH7,19.526627218934912,99
MACF1,19.526627218934912,99
SYNE1,19.526627218934912,99
FAT4,19.13214990138067,97
TAF1,19.13214990138067,97
ARHGAP35,18.73767258382643,95
PCLO,18.73767258382643,95
DMD,18.34319526627219,93
USH2A,18.34319526627219,93
DNAH5,18.34319526627219,93
FAT3,18.34319526627219,93
ATM,18.34319526627219,93
FBXW7,18.14595660749507,92
KRAS,18.14595660749507,92
LRP1B,18.14595660749507,92
RYR1,18.14595660749507,92
DNAH10,17.75147928994083,90
DOCK3,17.75147928994083,90
RNF43,17.75147928994083,90
RYR3,17.75147928994083,90
CHD3,17.554240631163708,89
LRP2,17.554240631163708,89
NEB,17.554240631163708,89
HUWE1,17.554240631163708,89
MDN1,17.357001972386588,88
RPL22,17.357001972386588,88
MED12,17.159763313609467,87
NSD1,17.159763313609467,87
FAT2,17.159763313609467,87
KMT2C,17.159763313609467,87
JAK1,17.159763313609467,87
NBEA,17.159763313609467,87
TENM1,17.159763313609467,87
HMCN1,17.159763313609467,87
HERC2,16.962524654832347,86
ZNF292,16.962524654832347,86
FLG,16.765285996055226,85
CSMD1,16.765285996055226,85
MKI67,16.765285996055226,85
DNAH8,16.765285996055226,85
ABCA13,16.765285996055226,85
CACNA1E,16.56804733727811,84
SACS,16.56804733727811,84
AHNAK,16.56804733727811,84
ADGRV1,16.56804733727811,84
AHNAK2,16.56804733727811,84
ADGRG4,16.370808678500985,83
SYNE2,16.370808678500985,83
UBR4,16.370808678500985,83
ANK3,16.173570019723865,82
PRKDC,16.173570019723865,82
LRP1,15.976331360946746,81
APOB,15.779092702169626,80
DNAH11,15.779092702169626,80
DNAH2,15.779092702169626,80
LAMA2,15.581854043392504,79
MUC17,15.581854043392504,79
POLE,15.581854043392504,79
BCOR,15.581854043392504,79
UTRN,15.384615384615385,78
SPTA1,15.384615384615385,78
PKHD1L1,15.384615384615385,78
TRRAP,15.384615384615385,78
DNAH9,15.384615384615385,78
NIPBL,15.384615384615385,78
AKAP9,15.384615384615385,78
CEP290,15.384615384615385,78
SYCP2,15.187376725838265,77
DYNC2H1,15.187376725838265,77
INPPL1,15.187376725838265,77
DYNC1H1,14.990138067061142,76
KIAA1109,14.990138067061142,76
ASH1L,14.990138067061142,76
ARID5B,14.990138067061142,76
USP9X,14.990138067061142,76
ASPM,14.990138067061142,76
CSMD2,14.990138067061142,76
BCORL1,14.990138067061142,76
DCHS1,14.792899408284024,75
TG,14.792899408284024,75
PCDH15,14.792899408284024,75
DNAH3,14.792899408284024,75
SZT2,14.792899408284024,75
MGA,14.792899408284024,75
FLNA,14.792899408284024,75
ABCA12,14.792899408284024,75
SI,14.792899408284024,75
USP34,14.595660749506903,74
TRIO,14.595660749506903,74
FRAS1,14.595660749506903,74
DOCK11,14.595660749506903,74
XIRP2,14.595660749506903,74
MSH6,14.595660749506903,74
LRRK2,14.595660749506903,74
TENM3,14.398422090729785,73
F8,14.398422090729785,73
FGFR2,14.398422090729785,73
PPP2R1A,14.398422090729785,73
VPS13A,14.201183431952662,72
CUBN,14.201183431952662,72
DNAH17,14.201183431952662,72
HECTD4,14.201183431952662,72
CEP350,14.201183431952662,72
TTK,14.201183431952662,72
MYO3A,14.201183431952662,72
ATRX,14.201183431952662,72
DNAH1,14.201183431952662,72
FCGBP,14.201183431952662,72
LYST,14.003944773175542,71
KALRN,14.003944773175542,71
REV3L,14.003944773175542,71
BRCA2,13.806706114398423,70
ANK2,13.806706114398423,70
PKHD1,13.806706114398423,70
NAV2,13.806706114398423,70
BSN,13.806706114398423,70
BRWD3,13.806706114398423,70
CDH23,13.806706114398423,70
TTC3,13.806706114398423,70
APC,13.806706114398423,70
BIRC6,13.609467455621301,69
NAV3,13.609467455621301,69
NF1,13.609467455621301,69
VPS13D,13.609467455621301,69
COL11A1,13.609467455621301,69
SMG1,13.609467455621301,69
KANSL1,13.609467455621301,69
ACVR2A,13.609467455621301,69
FN1,13.609467455621301,69
WDFY3,13.41222879684418,68
SVEP1,13.41222879684418,68
LAMA1,13.41222879684418,68
FBN3,13.41222879684418,68
DMXL2,13.41222879684418,68
DCC,13.41222879684418,68
FAM135B,13.41222879684418,68
EP300,13.41222879684418,68
SVIL,13.41222879684418,68
IGF2R,13.41222879684418,68
PLXNA4,13.41222879684418,68
MYCBP2,13.41222879684418,68
MIS18BP1,13.41222879684418,68
RANBP2,13.214990138067062,67
HERC1,13.214990138067062,67
IRS4,13.214990138067062,67
RELN,13.214990138067062,67
CNTNAP5,13.214990138067062,67
MYO16,13.214990138067062,67
UTP20,13.214990138067062,67
FBN2,13.214990138067062,67
COL6A3,13.214990138067062,67
RNF213,13.214990138067062,67
FLNB,13.017751479289942,66
DICER1,13.017751479289942,66
DMXL1,13.017751479289942,66
MYO10,13.017751479289942,66
CREBBP,13.017751479289942,66
ESRP1,13.017751479289942,66
DSCAM,13.017751479289942,66
SCAF4,13.017751479289942,66
CACNA1D,13.017751479289942,66
EP400,13.017751479289942,66
MEGF8,13.017751479289942,66
SEC31A,13.017751479289942,66
ITPR1,13.017751479289942,66
KMT2A,13.017751479289942,66
SETX,13.017751479289942,66
SPEG,13.017751479289942,66
TSHZ3,12.82051282051282,65
NFASC,12.82051282051282,65
MAP3K1,12.82051282051282,65
FBN1,12.82051282051282,65
UNC79,12.82051282051282,65
ATR,12.82051282051282,65
ITPR2,12.82051282051282,65
NCOR2,12.82051282051282,65
CHD6,12.82051282051282,65
HTT,12.82051282051282,65
MXRA5,12.82051282051282,65
PDS5B,12.82051282051282,65
SRCAP,12.82051282051282,65
DOCK10,12.6232741617357,64
CMYA5,12.6232741617357,64
CHD7,12.6232741617357,64
ALPK2,12.6232741617357,64
MYO15A,12.6232741617357,64
ALMS1,12.6232741617357,64
MYO9A,12.6232741617357,64
PXDN,12.42603550295858,63
MYH7,12.42603550295858,63
SHPRH,12.42603550295858,63
SDK1,12.42603550295858,63
HYDIN,12.42603550295858,63
CHD8,12.42603550295858,63
IGSF9B,12.42603550295858,63
MYO18B,12.42603550295858,63
TEX15,12.42603550295858,63
PTPRD,12.42603550295858,63
SAMD9L,12.42603550295858,63
UNC13C,12.42603550295858,63
COL5A1,12.42603550295858,63
VPS13B,12.42603550295858,63
FREM1,12.42603550295858,63
HIVEP2,12.22879684418146,62
VCAN,12.22879684418146,62
ANKRD11,12.22879684418146,62
CACNA1F,12.22879684418146,62
CELSR1,12.22879684418146,62
VWF,12.22879684418146,62
GTF3C1,12.22879684418146,62
HSPG2,12.22879684418146,62
ZMYM2,12.22879684418146,62
GPR179,12.22879684418146,62
MAP1B,12.22879684418146,62
LAMA3,12.22879684418146,62
ROS1,12.22879684418146,62
SIPA1L1,12.22879684418146,62
RB1,12.22879684418146,62
FRY,12.22879684418146,62
SCN1A,12.22879684418146,62
RBM27,12.22879684418146,62
VPS13C,12.22879684418146,62
NCOR1,12.03155818540434,61
PTPRB,12.03155818540434,61
TRIP12,12.03155818540434,61
FLNC,12.03155818540434,61
PKD1L1,12.03155818540434,61
TAF1L,12.03155818540434,61
NAV1,12.03155818540434,61
ARID4B,12.03155818540434,61
CDH10,12.03155818540434,61
MED13L,12.03155818540434,61
SCN9A,12.03155818540434,61
PXDNL,12.03155818540434,61
DSP,12.03155818540434,61
TRPM3,12.03155818540434,61
AKAP6,12.03155818540434,61
CUX1,12.03155818540434,61
GREB1,11.834319526627219,60
LCT,11.834319526627219,60
FRYL,11.834319526627219,60
THOC2,11.834319526627219,60
KIF26B,11.834319526627219,60
ZNF462,11.834319526627219,60
DOCK2,11.834319526627219,60
MYH3,11.834319526627219,60
PLEC,11.834319526627219,60
HECW2,11.834319526627219,60
F5,11.834319526627219,60
CHL1,11.834319526627219,60
ZAN,11.834319526627219,60
MED12L,11.834319526627219,60
LRBA,11.834319526627219,60
UBR5,11.834319526627219,60
DOCK7,11.834319526627219,60
TNXB,11.834319526627219,60
MYO7A,11.834319526627219,60
SPAG17,11.834319526627219,60
WDTC1,11.834319526627219,60
ROCK1,11.834319526627219,60
CNTNAP2,11.834319526627219,60
MGAM,11.834319526627219,60
PCDH19,11.834319526627219,60
JMJD1C,11.637080867850099,59
NCKAP5,11.637080867850099,59
ASXL3,11.637080867850099,59
KNTC1,11.637080867850099,59
C3,11.637080867850099,59
LRRIQ1,11.637080867850099,59
CNTN6,11.637080867850099,59
NALCN,11.637080867850099,59
CACNA1B,11.637080867850099,59
PPP1R3A,11.637080867850099,59
AKAP13,11.637080867850099,59
CELSR2,11.637080867850099,59
SETD2,11.637080867850099,59
RBBP6,11.637080867850099,59
BTAF1,11.637080867850099,59
IGSF10,11.637080867850099,59
USF3,11.637080867850099,59
GOLGB1,11.637080867850099,59
DOCK8,11.637080867850099,59
FNDC1,11.637080867850099,59
LMAN1,11.637080867850099,59
TRPM6,11.439842209072978,58
ASCC3,11.439842209072978,58
TNRC18,11.439842209072978,58
DOCK1,11.439842209072978,58
SCN3A,11.439842209072978,58
ANKRD30A,11.439842209072978,58
PLCE1,11.439842209072978,58
KIAA1217,11.439842209072978,58
PLXNA2,11.439842209072978,58
FREM2,11.439842209072978,58
MYH2,11.439842209072978,58
RIMS2,11.439842209072978,58
KIF21A,11.439842209072978,58
GLI3,11.439842209072978,58
NUP210L,11.439842209072978,58
PPFIA2,11.439842209072978,58
ACACB,11.439842209072978,58
CIT,11.439842209072978,58
SCN10A,11.439842209072978,58
SCN11A,11.439842209072978,58
LRRC7,11.439842209072978,58
CFAP47,11.439842209072978,58
PKD1,11.439842209072978,58
CACNA1C,11.439842209072978,58
PCNT,11.439842209072978,58
ZMYM3,11.439842209072978,58
SPTBN1,11.439842209072978,58
SPTBN5,11.439842209072978,58
CUL9,11.242603550295858,57
SLITRK3,11.242603550295858,57
CHD9,11.242603550295858,57
DGKK,11.242603550295858,57
DSCAML1,11.242603550295858,57
NRK,11.242603550295858,57
RNF17,11.242603550295858,57
SEC16A,11.242603550295858,57
CAMTA2,11.242603550295858,57
DIDO1,11.242603550295858,57
NID2,11.242603550295858,57
ANKHD1-EIF4EBP3,11.242603550295858,57
PRRC2C,11.242603550295858,57
MYH1,11.242603550295858,57
SHROOM2,11.242603550295858,57
WWC3,11.242603550295858,57
PRUNE2,11.242603550295858,57
CAD,11.242603550295858,57
ICE1,11.242603550295858,57
ANK1,11.242603550295858,57
ZZEF1,11.242603550295858,57
DOP1A,11.242603550295858,57
POLQ,11.242603550295858,57
SPEN,11.242603550295858,57
KIAA2026,11.242603550295858,57
MYH14,11.045364891518737,56
NOTCH3,11.045364891518737,56
ATP2B3,11.045364891518737,56
AFF2,11.045364891518737,56
COL7A1,11.045364891518737,56
CENPE,11.045364891518737,56
MTOR,11.045364891518737,56
SORL1,11.045364891518737,56
PDZD2,11.045364891518737,56
TRANK1,11.045364891518737,56
HECW1,11.045364891518737,56
BRWD1,11.045364891518737,56
RP1L1,11.045364891518737,56
TCF20,11.045364891518737,56
ATAD2,11.045364891518737,56
SIPA1L2,11.045364891518737,56
NHS,11.045364891518737,56
SPEF2,11.045364891518737,56
SALL4,11.045364891518737,56
PCDH9,11.045364891518737,56
ZNF536,11.045364891518737,56
ROBO1,11.045364891518737,56
USP35,11.045364891518737,56
CNOT1,11.045364891518737,56
HIVEP3,11.045364891518737,56
PTPRZ1,11.045364891518737,56
HCFC1,11.045364891518737,56
BOD1L1,11.045364891518737,56
HIVEP1,11.045364891518737,56
SPTAN1,10.848126232741617,55
ARHGAP21,10.848126232741617,55
MED13,10.848126232741617,55
KDM3B,10.848126232741617,55
IGSF1,10.848126232741617,55
THSD7B,10.848126232741617,55
MYH15,10.848126232741617,55
HEATR1,10.848126232741617,55
POLA1,10.848126232741617,55
CELSR3,10.848126232741617,55
DYSF,10.848126232741617,55
SMC6,10.848126232741617,55
ANKRD26,10.848126232741617,55
GPR158,10.848126232741617,55
ANKRD17,10.848126232741617,55
PLXNA1,10.848126232741617,55
MAP1A,10.848126232741617,55
ZDBF2,10.848126232741617,55
FANCM,10.848126232741617,55
STAB2,10.848126232741617,55
COL12A1,10.848126232741617,55
ADGRB3,10.848126232741617,55
USP26,10.848126232741617,55
MUC4,10.848126232741617,55
NRIP1,10.848126232741617,55
CCNB3,10.848126232741617,55
ATP2A1,10.848126232741617,55
WNK3,10.848126232741617,55
TRIOBP,10.848126232741617,55
KIAA1210,10.848126232741617,55
PCDHA12,10.848126232741617,55
BAZ2B,10.848126232741617,55
TENM2,10.650887573964498,54
ABCA1,10.650887573964498,54
PCDHA9,10.650887573964498,54
KIAA0100,10.650887573964498,54
QSER1,10.650887573964498,54
AHCTF1,10.650887573964498,54
MSH3,10.650887573964498,54
MYOM1,10.650887573964498,54
KIF20B,10.650887573964498,54
CACNA1A,10.650887573964498,54
GRIN2A,10.650887573964498,54
TENM4,10.650887573964498,54
COL6A6,10.650887573964498,54
TDRD6,10.650887573964498,54
PTPRT,10.650887573964498,54
FAM47C,10.650887573964498,54
OTOGL,10.650887573964498,54
NRXN1,10.650887573964498,54
PSME4,10.650887573964498,54
DOCK4,10.650887573964498,54
SLITRK4,10.650887573964498,54
ERICH3,10.650887573964498,54
ATAD5,10.650887573964498,54
SCN2A,10.650887573964498,54
EPHA5,10.650887573964498,54
HECTD1,10.650887573964498,54
CFAP65,10.650887573964498,54
BIVM-ERCC5,10.650887573964498,54
ABCC2,10.650887573964498,54
MAGEC1,10.650887573964498,54
MCF2,10.650887573964498,54
ACACA,10.650887573964498,54
TPR,10.650887573964498,54
ROBO2,10.650887573964498,54
SPECC1,10.650887573964498,54
TIAM1,10.453648915187378,53
SCN5A,10.453648915187378,53
SOS1,10.453648915187378,53
GRM1,10.453648915187378,53
PAPPA2,10.453648915187378,53
ANKRD50,10.453648915187378,53
ABCB1,10.453648915187378,53
PHF3,10.453648915187378,53
PLXNB2,10.453648915187378,53
MYOM2,10.453648915187378,53
COL22A1,10.453648915187378,53
RAD50,10.453648915187378,53
PHKA2,10.453648915187378,53
RASA1,10.453648915187378,53
CACNA1S,10.453648915187378,53
PTPN13,10.453648915187378,53
PDE4DIP,10.453648915187378,53
CHD2,10.453648915187378,53
ABCA9,10.453648915187378,53
DMBT1,10.453648915187378,53
MYH6,10.453648915187378,53
RP1,10.453648915187378,53
SPTBN2,10.453648915187378,53
SRRM2,10.453648915187378,53
SMARCA1,10.453648915187378,53
MYH10,10.453648915187378,53
KIDINS220,10.453648915187378,53
ZC3H13,10.453648915187378,53
SAMD9,10.453648915187378,53
RIF1,10.453648915187378,53
PARP14,10.453648915187378,53
CDH7,10.256410256410255,52
DENND4A,10.256410256410255,52
ZNF236,10.256410256410255,52
ARID2,10.256410256410255,52
COPA,10.256410256410255,52
ITPR3,10.256410256410255,52
PPL,10.256410256410255,52
PRPF8,10.256410256410255,52
ABCA4,10.256410256410255,52
ZNFX1,10.256410256410255,52
CDKL5,10.256410256410255,52
MROH2B,10.256410256410255,52
COL4A6,10.256410256410255,52
EPG5,10.256410256410255,52
PLXNA3,10.256410256410255,52
MBD6,10.256410256410255,52
CHD5,10.256410256410255,52
ARHGAP32,10.256410256410255,52
ARAP3,10.256410256410255,52
MAGEC3,10.256410256410255,52
KIF14,10.256410256410255,52
CAMSAP2,10.256410256410255,52
PLXNC1,10.256410256410255,52
ATP11C,10.256410256410255,52
TNIK,10.256410256410255,52
NLRC5,10.256410256410255,52
NES,10.256410256410255,52
JARID2,10.256410256410255,52
CASP8,10.256410256410255,52
TRO,10.256410256410255,52
SCN7A,10.256410256410255,52
HEPH,10.256410256410255,52
CENPF,10.256410256410255,52
ALG13,10.256410256410255,52
MAP3K15,10.256410256410255,52
HDAC6,10.256410256410255,52
TECTA,10.256410256410255,52
CADPS,10.256410256410255,52
ATAD2B,10.059171597633137,51
YLPM1,10.059171597633137,51
CDH19,10.059171597633137,51
CRACD,10.059171597633137,51
PI4KA,10.059171597633137,51
CCDC73,10.059171597633137,51
SMC1A,10.059171597633137,51
GPRASP1,10.059171597633137,51
TET1,10.059171597633137,51
CRB1,10.059171597633137,51
MORC4,10.059171597633137,51
MYH11,10.059171597633137,51
DHX9,10.059171597633137,51
DOCK5,10.059171597633137,51
GIGYF2,10.059171597633137,51
PEG3,10.059171597633137,51
TRPM1,10.059171597633137,51
CEP170,10.059171597633137,51
TCERG1,10.059171597633137,51
MCF2L2,10.059171597633137,51
KIF21B,10.059171597633137,51
DOP1B,10.059171597633137,51
EIF4G3,10.059171597633137,51
ITSN1,10.059171597633137,51
PIKFYVE,10.059171597633137,51
ZNF831,10.059171597633137,51
DOCK6,10.059171597633137,51
ZFC3H1,10.059171597633137,51
PLCH1,10.059171597633137,51
IQSEC2,10.059171597633137,51
ZNF106,10.059171597633137,51
ATG2B,10.059171597633137,51
HDLBP,10.059171597633137,51
ADAMTSL1,10.059171597633137,51
FRMPD1,10.059171597633137,51
COBLL1,10.059171597633137,51
SIN3A,10.059171597633137,51
COL4A4,9.861932938856016,50
MAP3K4,9.861932938856016,50
PHF2,9.861932938856016,50
CCDC88A,9.861932938856016,50
MAP2,9.861932938856016,50
LAMB1,9.861932938856016,50
KIF1B,9.861932938856016,50
EML5,9.861932938856016,50
GRM7,9.861932938856016,50
BDP1,9.861932938856016,50
INSRR,9.861932938856016,50
DHX34,9.861932938856016,50
RGS12,9.861932938856016,50
DYRK1A,9.861932938856016,50
NEURL4,9.861932938856016,50
NSD3,9.861932938856016,50
NOTCH2,9.861932938856016,50
PTCH1,9.861932938856016,50
ADAMTS20,9.861932938856016,50
TLN1,9.861932938856016,50
ADNP,9.861932938856016,50
SMARCA4,9.861932938856016,50
ATP10A,9.861932938856016,50
FER1L6,9.861932938856016,50
XRN1,9.861932938856016,50
FRMPD4,9.861932938856016,50
SLX4,9.861932938856016,50
NKTR,9.861932938856016,50
SPOP,9.861932938856016,50
ALPK3,9.861932938856016,50
C6,9.861932938856016,50
MTUS2,9.861932938856016,50
MYH4,9.861932938856016,50
MORC1,9.861932938856016,50
GNPTAB,9.861932938856016,50
RIMS1,9.861932938856016,50
ZC3H18,9.861932938856016,50
CIC,9.861932938856016,50
CTNND1,9.861932938856016,50
TNRC6B,9.861932938856016,50
PCDH11X,9.861932938856016,50
LPA,9.861932938856016,50
LAMB4,9.861932938856016,50
GRIN2B,9.861932938856016,50
CAMTA1,9.861932938856016,50
ZMYM4,9.861932938856016,50
HEATR5B,9.861932938856016,50
ANKRD12,9.861932938856016,50
KAT6A,9.861932938856016,50
TOGARAM1,9.664694280078894,49
ZNF407,9.664694280078894,49
HCN1,9.664694280078894,49
TLE1,9.664694280078894,49
COL5A2,9.664694280078894,49
UHRF1BP1L,9.664694280078894,49
SORCS1,9.664694280078894,49
ARHGEF12,9.664694280078894,49
TBC1D8B,9.664694280078894,49
PCDHB12,9.664694280078894,49
PCDHGA3,9.664694280078894,49
NUMA1,9.664694280078894,49
NCAM2,9.664694280078894,49
MYH8,9.664694280078894,49
EPHB1,9.664694280078894,49
GON4L,9.664694280078894,49
ABCB4,9.664694280078894,49
TPTE,9.664694280078894,49
ERBB3,9.664694280078894,49
PCNX2,9.664694280078894,49
PRTG,9.664694280078894,49
CEP128,9.664694280078894,49
ARFGEF2,9.664694280078894,49
ZNF518A,9.664694280078894,49
INTS6L,9.664694280078894,49
CNTLN,9.664694280078894,49
FASN,9.664694280078894,49
SPTB,9.664694280078894,49
MYPN,9.664694280078894,49
FMR1,9.664694280078894,49
TNC,9.664694280078894,49
CEP152,9.664694280078894,49
ZC3H12B,9.664694280078894,49
NRAP,9.664694280078894,49
MYO7B,9.664694280078894,49
GUCY2F,9.664694280078894,49
FAM47B,9.664694280078894,49
SYCP1,9.664694280078894,49
VWA8,9.664694280078894,49
PLXNB3,9.664694280078894,49
GSE1,9.664694280078894,49
PRDM9,9.467455621301776,48
TEP1,9.467455621301776,48
THBS2,9.467455621301776,48
RPS6KA6,9.467455621301776,48
RAD51AP2,9.467455621301776,48
NPAP1,9.467455621301776,48
MYT1L,9.467455621301776,48
TANC2,9.467455621301776,48
FHOD3,9.467455621301776,48
CNTN4,9.467455621301776,48
SBF2,9.467455621301776,48
CDK5RAP2,9.467455621301776,48
ZFYVE16,9.467455621301776,48
ABCB5,9.467455621301776,48
TRPM8,9.467455621301776,48
CACNA1G,9.467455621301776,48
MYOF,9.467455621301776,48
PCDHA8,9.467455621301776,48
MRC1,9.467455621301776,48
DISP1,9.467455621301776,48
SPTBN4,9.467455621301776,48
SLC9C2,9.467455621301776,48
MICAL3,9.467455621301776,48
COL11A2,9.467455621301776,48
LAMA5,9.467455621301776,48
TASOR2,9.467455621301776,48
CPAMD8,9.467455621301776,48
MYO5A,9.467455621301776,48
RAB3GAP2,9.467455621301776,48
ABCA6,9.467455621301776,48
ABCA5,9.467455621301776,48
SMARCA2,9.467455621301776,48
DDX60,9.467455621301776,48
SAGE1,9.467455621301776,48
SLC12A1,9.467455621301776,48
N4BP2,9.467455621301776,48
PIK3CG,9.467455621301776,48
ADAMTS16,9.467455621301776,48
ZMYND8,9.467455621301776,48
TEX10,9.467455621301776,48
ATP10B,9.467455621301776,48
OCRL,9.467455621301776,48
GCN1,9.467455621301776,48
ZEB2,9.467455621301776,48
CDH11,9.467455621301776,48
NOS1,9.467455621301776,48
PLEKHA6,9.467455621301776,48
FILIP1,9.467455621301776,48
TACC2,9.467455621301776,48
VWA3B,9.467455621301776,48
GCC2,9.467455621301776,48
KIAA1549,9.270216962524655,47
SLITRK2,9.270216962524655,47
MPDZ,9.270216962524655,47
PAPPA,9.270216962524655,47
SCAPER,9.270216962524655,47
NIN,9.270216962524655,47
NOTCH1,9.270216962524655,47
NUP205,9.270216962524655,47
TLN2,9.270216962524655,47
PHIP,9.270216962524655,47
NUP214,9.270216962524655,47
PTPRF,9.270216962524655,47
DCDC1,9.270216962524655,47
FAM47A,9.270216962524655,47
ATP8B4,9.270216962524655,47
RB1CC1,9.270216962524655,47
COL14A1,9.270216962524655,47
PHF20L1,9.270216962524655,47
POLR2A,9.270216962524655,47
ERBB4,9.270216962524655,47
DIP2C,9.270216962524655,47
RAI1,9.270216962524655,47
TDRD1,9.270216962524655,47
MYH7B,9.270216962524655,47
ASXL1,9.270216962524655,47
STAG2,9.270216962524655,47
CARD6,9.270216962524655,47
WASHC2C,9.270216962524655,47
RALGAPA2,9.270216962524655,47
ABCA10,9.270216962524655,47
MED23,9.270216962524655,47
ATP7A,9.270216962524655,47
ADD3,9.270216962524655,47
BTBD7,9.270216962524655,47
AKAP11,9.270216962524655,47
PRG4,9.270216962524655,47
ROCK2,9.270216962524655,47
SMCHD1,9.270216962524655,47
MED14,9.270216962524655,47
PIK3C2A,9.270216962524655,47
ITGAL,9.270216962524655,47
PCDHB8,9.270216962524655,47
IGSF9,9.270216962524655,47
PLEKHH2,9.270216962524655,47
PCNX1,9.270216962524655,47
INTS1,9.270216962524655,47
NYNRIN,9.270216962524655,47
DOCK9,9.270216962524655,47
TBC1D4,9.270216962524655,47
PTPRK,9.270216962524655,47
ASTN1,9.270216962524655,47
HRNR,9.270216962524655,47
MDC1,9.270216962524655,47
ATF7IP,9.270216962524655,47
TNS1,9.270216962524655,47
ZNF609,9.270216962524655,47
ABCA8,9.270216962524655,47
LTN1,9.270216962524655,47
SLITRK5,9.072978303747535,46
C2orf16,9.072978303747535,46
KDM5A,9.072978303747535,46
TUT4,9.072978303747535,46
EPRS1,9.072978303747535,46
TAB3,9.072978303747535,46
TRAPPC8,9.072978303747535,46
COL19A1,9.072978303747535,46
CCDC144A,9.072978303747535,46
RADX,9.072978303747535,46
LY75,9.072978303747535,46
ZSWIM8,9.072978303747535,46
CYFIP2,9.072978303747535,46
TTC37,9.072978303747535,46
CASP8AP2,9.072978303747535,46
EPPK1,9.072978303747535,46
ECPAS,9.072978303747535,46
SEMA6D,9.072978303747535,46
MMS22L,9.072978303747535,46
SMC4,9.072978303747535,46
CC2D2A,9.072978303747535,46
NEXMIF,9.072978303747535,46
CSPG4,9.072978303747535,46
MIA2,9.072978303747535,46
ITIH6,9.072978303747535,46
CYLC1,9.072978303747535,46
NCAPD3,9.072978303747535,46
SCAF11,9.072978303747535,46
RTL9,9.072978303747535,46
CHD1,9.072978303747535,46
USP24,9.072978303747535,46
PTPRG,9.072978303747535,46
ZFR,9.072978303747535,46
ARHGAP36,9.072978303747535,46
GRM8,9.072978303747535,46
DLG2,9.072978303747535,46
SETDB1,9.072978303747535,46
GPATCH8,9.072978303747535,46
MET,9.072978303747535,46
FMN2,9.072978303747535,46
EPHA3,9.072978303747535,46
SHROOM4,9.072978303747535,46
CFH,9.072978303747535,46
KCNT2,9.072978303747535,46
LMTK2,9.072978303747535,46
MON2,9.072978303747535,46
DGKD,9.072978303747535,46
ABCC5,9.072978303747535,46
LAMC3,9.072978303747535,46
PCDH10,9.072978303747535,46
CDH8,9.072978303747535,46
ZNF532,9.072978303747535,46
SULF1,9.072978303747535,46
RTTN,9.072978303747535,46
ABCC11,9.072978303747535,46
TNRC6A,9.072978303747535,46
KMT2E,9.072978303747535,46
CARD11,9.072978303747535,46
MEGF10,9.072978303747535,46
AL592490.1,9.072978303747535,46
BPTF,9.072978303747535,46
SDK2,9.072978303747535,46
NBAS,9.072978303747535,46
KIF5A,9.072978303747535,46
ATP10D,9.072978303747535,46
DAPK1,9.072978303747535,46
NRXN2,9.072978303747535,46
PCDHA4,9.072978303747535,46
TMEM131,9.072978303747535,46
ABCC1,9.072978303747535,46
MYLK,9.072978303747535,46
DNAJC13,9.072978303747535,46
TP53BP2,8.875739644970414,45
PARD3,8.875739644970414,45
L1CAM,8.875739644970414,45
KIF1A,8.875739644970414,45
DHX29,8.875739644970414,45
POLR2B,8.875739644970414,45
CNTN1,8.875739644970414,45
AASDH,8.875739644970414,45
TP53BP1,8.875739644970414,45
NLRP5,8.875739644970414,45
MAP7D3,8.875739644970414,45
SORBS2,8.875739644970414,45
CAMSAP1,8.875739644970414,45
NBEAL2,8.875739644970414,45
ADGRF5,8.875739644970414,45
DDX27,8.875739644970414,45
CHRM3,8.875739644970414,45
NLRP3,8.875739644970414,45
LAMB2,8.875739644970414,45
SLC4A3,8.875739644970414,45
ABCC4,8.875739644970414,45
PHF14,8.875739644970414,45
WDR17,8.875739644970414,45
LTBP4,8.875739644970414,45
MLH3,8.875739644970414,45
SCN4A,8.875739644970414,45
SIK3,8.875739644970414,45
EXPH5,8.875739644970414,45
FSTL5,8.875739644970414,45
PZP,8.875739644970414,45
MTM1,8.875739644970414,45
TRIP11,8.875739644970414,45
WDR44,8.875739644970414,45
ARHGEF17,8.875739644970414,45
PIK3R4,8.875739644970414,45
RLF,8.875739644970414,45
SPG11,8.875739644970414,45
DLC1,8.875739644970414,45
STAB1,8.875739644970414,45
FXR1,8.875739644970414,45
COL24A1,8.875739644970414,45
CFAP54,8.875739644970414,45
WRN,8.875739644970414,45
HFM1,8.875739644970414,45
INSR,8.875739644970414,45
HDX,8.875739644970414,45
TNS3,8.875739644970414,45
TRPM2,8.875739644970414,45
SON,8.875739644970414,45
USP25,8.875739644970414,45
AK9,8.875739644970414,45
SYNJ1,8.875739644970414,45
SCN8A,8.875739644970414,45
PTPRS,8.875739644970414,45
OSBPL6,8.875739644970414,45
MCM3AP,8.875739644970414,45
KDM5C,8.875739644970414,45
PHKA1,8.875739644970414,45
ARHGAP5,8.875739644970414,45
SETBP1,8.875739644970414,45
AKAP12,8.875739644970414,45
KIF27,8.875739644970414,45
SPHKAP,8.875739644970414,45
AGO2,8.875739644970414,45
KNDC1,8.875739644970414,45
ATRNL1,8.875739644970414,45
CFAP43,8.875739644970414,45
AQR,8.875739644970414,45
EFCAB6,8.875739644970414,45
UPF3A,8.875739644970414,45
PDCD11,8.875739644970414,45
ATP8A2,8.875739644970414,45
KCNMA1,8.875739644970414,45
TRPA1,8.875739644970414,45
ZEB1,8.875739644970414,45
CLASP2,8.875739644970414,45
CTNNA3,8.875739644970414,45
PCDHA6,8.875739644970414,45
COL4A5,8.678500986193294,44
CUL4B,8.678500986193294,44
AMER1,8.678500986193294,44
XPOT,8.678500986193294,44
DSEL,8.678500986193294,44
CNKSR2,8.678500986193294,44
VPS8,8.678500986193294,44
SETD5,8.678500986193294,44
DSPP,8.678500986193294,44
KIT,8.678500986193294,44
PLXNB1,8.678500986193294,44
KIAA0586,8.678500986193294,44
EGF,8.678500986193294,44
VIRMA,8.678500986193294,44
ABCC9,8.678500986193294,44
COL17A1,8.678500986193294,44
MYO9B,8.678500986193294,44
RGS22,8.678500986193294,44
FSIP2,8.678500986193294,44
NOL4,8.678500986193294,44
CDH12,8.678500986193294,44
ADAMTS12,8.678500986193294,44
CARMIL3,8.678500986193294,44
SLIT3,8.678500986193294,44
MUC2,8.678500986193294,44
KCNH1,8.678500986193294,44
CR2,8.678500986193294,44
CECR2,8.678500986193294,44
TMEM132B,8.678500986193294,44
FAM135A,8.678500986193294,44
ABCC12,8.678500986193294,44
CCDC171,8.678500986193294,44
ATP8B1,8.678500986193294,44
PIK3C2B,8.678500986193294,44
CNTNAP4,8.678500986193294,44
ZBED9,8.678500986193294,44
GRM5,8.678500986193294,44
BRD1,8.678500986193294,44
SORCS3,8.678500986193294,44
CCDC39,8.678500986193294,44
CLCN5,8.678500986193294,44
ZBTB20,8.678500986193294,44
PATJ,8.678500986193294,44
SPATA31A1,8.678500986193294,44
SYNPO2,8.678500986193294,44
LMO7,8.678500986193294,44
NRXN3,8.678500986193294,44
ALK,8.678500986193294,44
TNKS2,8.678500986193294,44
RALGAPB,8.678500986193294,44
PARD3B,8.678500986193294,44
HELZ,8.678500986193294,44
GOLGA4,8.678500986193294,44
ADAMTS3,8.678500986193294,44
ZNF608,8.678500986193294,44
ZNF91,8.678500986193294,44
ASTN2,8.678500986193294,44
MAN2A1,8.678500986193294,44
RABGAP1,8.678500986193294,44
MIDEAS,8.678500986193294,44
NAA15,8.678500986193294,44
CCDC88C,8.678500986193294,44
KIF5C,8.678500986193294,44
CDC42BPB,8.678500986193294,44
SLIT2,8.678500986193294,44
CCDC178,8.678500986193294,44
ARHGEF40,8.678500986193294,44
PPRC1,8.678500986193294,44
MYT1,8.678500986193294,44
WDR7,8.481262327416173,43
BNC2,8.481262327416173,43
RUNX1T1,8.481262327416173,43
ERBIN,8.481262327416173,43
CLSPN,8.481262327416173,43
COL4A2,8.481262327416173,43
SOS2,8.481262327416173,43
ZFYVE26,8.481262327416173,43
TET3,8.481262327416173,43
DENND4B,8.481262327416173,43
LTBP2,8.481262327416173,43
ITIH2,8.481262327416173,43
GRID2,8.481262327416173,43
ADCY10,8.481262327416173,43
ARHGAP20,8.481262327416173,43
DDX46,8.481262327416173,43
UPF3B,8.481262327416173,43
PTPRM,8.481262327416173,43
PCSK5,8.481262327416173,43
ARID4A,8.481262327416173,43
OTOF,8.481262327416173,43
NCAPD2,8.481262327416173,43
ARHGEF6,8.481262327416173,43
KCNH8,8.481262327416173,43
A2ML1,8.481262327416173,43
SBF1,8.481262327416173,43
ZBTB41,8.481262327416173,43
TUBGCP6,8.481262327416173,43
ARFGEF1,8.481262327416173,43
NOS2,8.481262327416173,43
ARAP2,8.481262327416173,43
THSD7A,8.481262327416173,43
ZNF862,8.481262327416173,43
RBL1,8.481262327416173,43
CFAP61,8.481262327416173,43
EFCAB5,8.481262327416173,43
DLEC1,8.481262327416173,43
NUP98,8.481262327416173,43
XIRP1,8.481262327416173,43
SLCO5A1,8.481262327416173,43
TMEM132D,8.481262327416173,43
USP54,8.481262327416173,43
NID1,8.481262327416173,43
TJP1,8.481262327416173,43
PKP4,8.481262327416173,43
PLCG2,8.481262327416173,43
PCDHA5,8.481262327416173,43
MARF1,8.481262327416173,43
ZNF644,8.481262327416173,43
TCHH,8.481262327416173,43
ABCC6,8.481262327416173,43
CKAP5,8.481262327416173,43
AMBRA1,8.481262327416173,43
GRIK2,8.481262327416173,43
MUC6,8.481262327416173,43
RAPGEF4,8.481262327416173,43
SMG6,8.481262327416173,43
PBRM1,8.481262327416173,43
CLTCL1,8.481262327416173,43
UBR1,8.481262327416173,43
DRP2,8.481262327416173,43
FANCB,8.481262327416173,43
KIF4A,8.481262327416173,43
TLL1,8.481262327416173,43
EFHC2,8.481262327416173,43
AOX1,8.481262327416173,43
KDM5B,8.481262327416173,43
SLC9C1,8.481262327416173,43
USP47,8.481262327416173,43
DDX3X,8.481262327416173,43
KIAA1549L,8.481262327416173,43
MYO18A,8.481262327416173,43
WWC2,8.481262327416173,43
KNL1,8.481262327416173,43
CNTRL,8.481262327416173,43
JAG1,8.481262327416173,43
ABCA7,8.481262327416173,43
RANBP6,8.284023668639055,42
ZNF804A,8.284023668639055,42
MINAR1,8.284023668639055,42
MAGED1,8.284023668639055,42
PHF8,8.284023668639055,42
DISP3,8.284023668639055,42
NYAP2,8.284023668639055,42
COL27A1,8.284023668639055,42
SPATA31E1,8.284023668639055,42
GRM3,8.284023668639055,42
USP6,8.284023668639055,42
PROS1,8.284023668639055,42
AGL,8.284023668639055,42
ARHGEF26,8.284023668639055,42
CDC7,8.284023668639055,42
MSH4,8.284023668639055,42
DIAPH2,8.284023668639055,42
DNHD1,8.284023668639055,42
MINK1,8.284023668639055,42
COL3A1,8.284023668639055,42
PLXND1,8.284023668639055,42
BCL9L,8.284023668639055,42
MICAL2,8.284023668639055,42
GK,8.284023668639055,42
PHRF1,8.284023668639055,42
ZNF84,8.284023668639055,42
ADGRG2,8.284023668639055,42
NLGN3,8.284023668639055,42
PCDHA3,8.284023668639055,42
CCDC18,8.284023668639055,42
ADAM22,8.284023668639055,42
PCDHB7,8.284023668639055,42
MIA3,8.284023668639055,42
FRMPD3,8.284023668639055,42
LRCH2,8.284023668639055,42
ADAMTS9,8.284023668639055,42
PKDREJ,8.284023668639055,42
TANC1,8.284023668639055,42
SASH1,8.284023668639055,42
FRMPD2,8.284023668639055,42
COL1A2,8.284023668639055,42
LAMA4,8.284023668639055,42
NCOA6,8.284023668639055,42
NPC1L1,8.284023668639055,42
PCDHB3,8.284023668639055,42
PCDHB9,8.284023668639055,42
PCDHGA6,8.284023668639055,42
BRCA1,8.284023668639055,42
KIF16B,8.284023668639055,42
CUL3,8.284023668639055,42
MYO5C,8.284023668639055,42
ADCY9,8.284023668639055,42
TOP2B,8.284023668639055,42
NEK10,8.284023668639055,42
DNA2,8.284023668639055,42
ASXL2,8.284023668639055,42
DENND3,8.284023668639055,42
ZGRF1,8.284023668639055,42
ARFGEF3,8.284023668639055,42
LRRK1,8.284023668639055,42
EVPL,8.284023668639055,42
NEBL,8.284023668639055,42
C5,8.284023668639055,42
ARHGEF28,8.284023668639055,42
GLI1,8.284023668639055,42
PRRC2A,8.284023668639055,42
LRP6,8.284023668639055,42
CLASP1,8.284023668639055,42
COL5A3,8.284023668639055,42
KCNQ3,8.284023668639055,42
DENND4C,8.284023668639055,42
RBM26,8.284023668639055,42
TRPM7,8.284023668639055,42
TIAM2,8.284023668639055,42
AFDN,8.284023668639055,42
PLCL1,8.284023668639055,42
PDE3A,8.284023668639055,42
NUP210,8.284023668639055,42
BRD3,8.284023668639055,42
UBA6,8.284023668639055,42
HDAC4,8.284023668639055,42
UACA,8.284023668639055,42
NEO1,8.284023668639055,42
HERC6,8.284023668639055,42
TP63,8.284023668639055,42
SPATA31D1,8.284023668639055,42
TUT7,8.284023668639055,42
RUSC2,8.086785009861932,41
MAP7D2,8.086785009861932,41
SMC2,8.086785009861932,41
NBEAL1,8.086785009861932,41
DSG3,8.086785009861932,41
FGA,8.086785009861932,41
IQGAP1,8.086785009861932,41
DSG4,8.086785009861932,41
MYOCD,8.086785009861932,41
HELZ2,8.086785009861932,41
ATP13A3,8.086785009861932,41
COBL,8.086785009861932,41
PCDHGB1,8.086785009861932,41
ZNF267,8.086785009861932,41
TRPS1,8.086785009861932,41
SMC3,8.086785009861932,41
CABIN1,8.086785009861932,41
STIL,8.086785009861932,41
BRIP1,8.086785009861932,41
INPP4B,8.086785009861932,41
FRMD7,8.086785009861932,41
ZNF638,8.086785009861932,41
TBC1D9,8.086785009861932,41
MYOM3,8.086785009861932,41
TICRR,8.086785009861932,41
DSG1,8.086785009861932,41
DHX16,8.086785009861932,41
SMAP1,8.086785009861932,41
TLR8,8.086785009861932,41
ADAM23,8.086785009861932,41
ALS2,8.086785009861932,41
PRRC2B,8.086785009861932,41
CR1,8.086785009861932,41
PNPLA7,8.086785009861932,41
TLR7,8.086785009861932,41
ARHGAP17,8.086785009861932,41
SP100,8.086785009861932,41
RASGRF2,8.086785009861932,41
KIF13B,8.086785009861932,41
MBD5,8.086785009861932,41
EZH2,8.086785009861932,41
PCDH17,8.086785009861932,41
XPO4,8.086785009861932,41
MYO6,8.086785009861932,41
PCDHA11,8.086785009861932,41
CD163L1,8.086785009861932,41
OBSL1,8.086785009861932,41
DNMT3B,8.086785009861932,41
FAM83B,8.086785009861932,41
ARID1B,8.086785009861932,41
COL4A3,8.086785009861932,41
INPP4A,8.086785009861932,41
SNRNP200,8.086785009861932,41
PPFIA1,8.086785009861932,41
PTPRN2,8.086785009861932,41
DHX30,8.086785009861932,41
IL1RAPL2,8.086785009861932,41
GRIA3,8.086785009861932,41
TBC1D8,8.086785009861932,41
GABBR1,8.086785009861932,41
PCDHA13,8.086785009861932,41
RFX6,8.086785009861932,41
CPS1,8.086785009861932,41
TULP4,8.086785009861932,41
LTBP1,8.086785009861932,41
SGO2,8.086785009861932,41
SLITRK1,8.086785009861932,41
DDX60L,8.086785009861932,41
PHACTR4,8.086785009861932,41
DNMBP,8.086785009861932,41
CROCC,8.086785009861932,41
PTPRC,8.086785009861932,41
KCNA4,8.086785009861932,41
SF3B1,8.086785009861932,41
LARP1,8.086785009861932,41
ADGRL2,8.086785009861932,41
MAST2,8.086785009861932,41
YTHDC2,8.086785009861932,41
POSTN,8.086785009861932,41
POTEF,8.086785009861932,41
TBC1D32,8.086785009861932,41
USP28,8.086785009861932,41
POTEE,8.086785009861932,41
NUP153,8.086785009861932,41
SYMPK,8.086785009861932,41
PHEX,8.086785009861932,41
NLRP14,8.086785009861932,41
DENND2B,8.086785009861932,41
NOTCH4,8.086785009861932,41
PCDHGB6,8.086785009861932,41
DLG5,8.086785009861932,41
ADGRA3,8.086785009861932,41
COL25A1,7.889546351084813,40
MAST4,7.889546351084813,40
GRIA4,7.889546351084813,40
ZNF721,7.889546351084813,40
MYH13,7.889546351084813,40
ACAN,7.889546351084813,40
ANAPC1,7.889546351084813,40
CLMN,7.889546351084813,40
CEP192,7.889546351084813,40
ZNF208,7.889546351084813,40
USP48,7.889546351084813,40
NCOA2,7.889546351084813,40
RESF1,7.889546351084813,40
ADCY1,7.889546351084813,40
COL6A2,7.889546351084813,40
SHOC1,7.889546351084813,40
UNC13B,7.889546351084813,40
NCBP1,7.889546351084813,40
IARS2,7.889546351084813,40
PTPRU,7.889546351084813,40
PTPN14,7.889546351084813,40
ADGRB2,7.889546351084813,40
SCAF8,7.889546351084813,40
MYH9,7.889546351084813,40
KDM6B,7.889546351084813,40
EPB41L3,7.889546351084813,40
RAPGEF2,7.889546351084813,40
CTNNA2,7.889546351084813,40
ERCC6,7.889546351084813,40
GBF1,7.889546351084813,40
BAZ1A,7.889546351084813,40
MAP3K19,7.889546351084813,40
CLTC,7.889546351084813,40
SFMBT2,7.889546351084813,40
ADGRL3,7.889546351084813,40
BRDT,7.889546351084813,40
KCNH2,7.889546351084813,40
PER1,7.889546351084813,40
BMX,7.889546351084813,40
BEND2,7.889546351084813,40
DENND5A,7.889546351084813,40
FGD6,7.889546351084813,40
PCDHGB2,7.889546351084813,40
ZNF804B,7.889546351084813,40
SP140,7.889546351084813,40
KCNB2,7.889546351084813,40
IQGAP2,7.889546351084813,40
CEP250,7.889546351084813,40
ARHGAP31,7.889546351084813,40
RASAL2,7.889546351084813,40
BTBD11,7.889546351084813,40
EIF2AK3,7.889546351084813,40
ZNF142,7.889546351084813,40
GSPT2,7.889546351084813,40
KIAA0232,7.889546351084813,40
PTPRO,7.889546351084813,40
IL1RAPL1,7.889546351084813,40
PDGFRA,7.889546351084813,40
BCL9,7.889546351084813,40
ICE2,7.889546351084813,40
CCAR1,7.889546351084813,40
WNK4,7.889546351084813,40
TRPC4,7.889546351084813,40
FANCD2,7.889546351084813,40
KDR,7.889546351084813,40
KIAA0408,7.889546351084813,40
PCDHA2,7.889546351084813,40
ITGAM,7.889546351084813,40
UBA1,7.889546351084813,40
ZNF300,7.889546351084813,40
CNGB1,7.889546351084813,40
KCNQ5,7.889546351084813,40
ZNF229,7.889546351084813,40
ZNF616,7.889546351084813,40
DNAI4,7.889546351084813,40
CDON,7.889546351084813,40
DHX38,7.889546351084813,40
PGBD4,7.889546351084813,40
SYNM,7.889546351084813,40
XDH,7.889546351084813,40
NLRC4,7.889546351084813,40
PLA2R1,7.889546351084813,40
SMTN,7.889546351084813,40
STAG1,7.889546351084813,40
SPINK5,7.889546351084813,40
FAM13A,7.889546351084813,40
NR4A2,7.889546351084813,40
GALNT13,7.889546351084813,40
RFC1,7.889546351084813,40
LATS1,7.889546351084813,40
FGD5,7.889546351084813,40
KTN1,7.889546351084813,40
EEF2,7.889546351084813,40
SNX25,7.6923076923076925,39
TEK,7.6923076923076925,39
GAPVD1,7.6923076923076925,39
AFF3,7.6923076923076925,39
IPO8,7.6923076923076925,39
ENPEP,7.6923076923076925,39
FLT1,7.6923076923076925,39
PLG,7.6923076923076925,39
HMMR,7.6923076923076925,39
ZNF594,7.6923076923076925,39
PIK3CB,7.6923076923076925,39
ATP9A,7.6923076923076925,39
KCNB1,7.6923076923076925,39
RBP3,7.6923076923076925,39
FSCB,7.6923076923076925,39
PTPN21,7.6923076923076925,39
SLC4A11,7.6923076923076925,39
FLT3,7.6923076923076925,39
AKAP4,7.6923076923076925,39
SENP7,7.6923076923076925,39
OFD1,7.6923076923076925,39
UGGT1,7.6923076923076925,39
JHY,7.6923076923076925,39
LZTR1,7.6923076923076925,39
FLT4,7.6923076923076925,39
NELL1,7.6923076923076925,39
CTR9,7.6923076923076925,39
ADAMTS2,7.6923076923076925,39
ABCB7,7.6923076923076925,39
ABL2,7.6923076923076925,39
BCHE,7.6923076923076925,39
LAMC1,7.6923076923076925,39
CSDE1,7.6923076923076925,39
KCNH4,7.6923076923076925,39
ZFPM2,7.6923076923076925,39
PEX1,7.6923076923076925,39
RAD54L2,7.6923076923076925,39
RNF123,7.6923076923076925,39
TRDN,7.6923076923076925,39
ATP2C1,7.6923076923076925,39
CDHR2,7.6923076923076925,39
ATP1A2,7.6923076923076925,39
ATP1A4,7.6923076923076925,39
DCLK1,7.6923076923076925,39
USP32,7.6923076923076925,39
SLC4A4,7.6923076923076925,39
CENPC,7.6923076923076925,39
SUPT5H,7.6923076923076925,39
USP33,7.6923076923076925,39
PCM1,7.6923076923076925,39
MYBPC3,7.6923076923076925,39
CACNA2D3,7.6923076923076925,39
DCAF1,7.6923076923076925,39
TMC5,7.6923076923076925,39
KCNH5,7.6923076923076925,39
PCDHB6,7.6923076923076925,39
NEDD4,7.6923076923076925,39
ZNF709,7.6923076923076925,39
CNTN5,7.6923076923076925,39
PGBD1,7.6923076923076925,39
KIF15,7.6923076923076925,39
FYCO1,7.6923076923076925,39
HEPHL1,7.6923076923076925,39
UTP14A,7.6923076923076925,39
PCDHGA5,7.6923076923076925,39
DPYD,7.6923076923076925,39
ATP11B,7.6923076923076925,39
EPHA4,7.6923076923076925,39
SMARCAD1,7.6923076923076925,39
TTF1,7.6923076923076925,39
SIGLEC1,7.6923076923076925,39
PCDHB1,7.6923076923076925,39
EIF3A,7.6923076923076925,39
IBTK,7.6923076923076925,39
TDRD5,7.6923076923076925,39
TNR,7.6923076923076925,39
DIAPH3,7.6923076923076925,39
GRID1,7.6923076923076925,39
BCLAF1,7.6923076923076925,39
TNN,7.6923076923076925,39
BRINP1,7.6923076923076925,39
NPAT,7.6923076923076925,39
ZFYVE9,7.6923076923076925,39
NLRP13,7.6923076923076925,39
ADCY8,7.6923076923076925,39
SEC24D,7.6923076923076925,39
GRIK1,7.6923076923076925,39
PCDHGB3,7.6923076923076925,39
PCDHGA7,7.6923076923076925,39
SSH2,7.6923076923076925,39
USP13,7.6923076923076925,39
SOGA3,7.6923076923076925,39
ANPEP,7.6923076923076925,39
NFRKB,7.6923076923076925,39
NEK1,7.6923076923076925,39
GUCY2C,7.6923076923076925,39
TPP2,7.6923076923076925,39
ESCO1,7.6923076923076925,39
A2M,7.6923076923076925,39
ANO2,7.6923076923076925,39
PASD1,7.6923076923076925,39
CNGA2,7.6923076923076925,39
TMC3,7.6923076923076925,39
GRIA2,7.6923076923076925,39
CEP162,7.6923076923076925,39
UMODL1,7.6923076923076925,39
EIF4G1,7.6923076923076925,39
COL4A1,7.6923076923076925,39
HSPH1,7.6923076923076925,39
SBNO1,7.6923076923076925,39
PAPOLB,7.6923076923076925,39
BCL11A,7.6923076923076925,39
GK2,7.6923076923076925,39
CTNND2,7.6923076923076925,39
MAML2,7.6923076923076925,39
RIC1,7.6923076923076925,39
NPR2,7.6923076923076925,39
CDC42BPA,7.495069033530571,38
CDH18,7.495069033530571,38
LRRC66,7.495069033530571,38
STYXL2,7.495069033530571,38
SLC4A10,7.495069033530571,38
PCDHGA8,7.495069033530571,38
PPIG,7.495069033530571,38
PCDHGA1,7.495069033530571,38
SPTY2D1,7.495069033530571,38
CSPP1,7.495069033530571,38
PREX2,7.495069033530571,38
ADGRG6,7.495069033530571,38
KCNH7,7.495069033530571,38
TASOR,7.495069033530571,38
WWP1,7.495069033530571,38
ANKAR,7.495069033530571,38
ZNF334,7.495069033530571,38
CACNA2D1,7.495069033530571,38
NPHP4,7.495069033530571,38
MTR,7.495069033530571,38
RPS6KA3,7.495069033530571,38
UNC5D,7.495069033530571,38
DUOX2,7.495069033530571,38
DDB1,7.495069033530571,38
KIF13A,7.495069033530571,38
BRINP3,7.495069033530571,38
EYA1,7.495069033530571,38
MYO3B,7.495069033530571,38
USP16,7.495069033530571,38
USP40,7.495069033530571,38
ZNF98,7.495069033530571,38
COL16A1,7.495069033530571,38
ARHGEF15,7.495069033530571,38
RBL2,7.495069033530571,38
ARHGEF11,7.495069033530571,38
PARP4,7.495069033530571,38
MAGI1,7.495069033530571,38
CNTNAP1,7.495069033530571,38
ZNF197,7.495069033530571,38
MYO1A,7.495069033530571,38
MYBPC2,7.495069033530571,38
LVRN,7.495069033530571,38
AR,7.495069033530571,38
OPHN1,7.495069033530571,38
JCAD,7.495069033530571,38
FAM120C,7.495069033530571,38
IPO9,7.495069033530571,38
NLRP9,7.495069033530571,38
CACNA2D4,7.495069033530571,38
ATRN,7.495069033530571,38
ABCC8,7.495069033530571,38
PTCH2,7.495069033530571,38
ATXN2L,7.495069033530571,38
LRP4,7.495069033530571,38
CBLB,7.495069033530571,38
SECISBP2L,7.495069033530571,38
KCNA6,7.495069033530571,38
NUTM1,7.495069033530571,38
PTCHD1,7.495069033530571,38
NLRP1,7.495069033530571,38
FZD6,7.495069033530571,38
LIFR,7.495069033530571,38
ATP11A,7.495069033530571,38
TLR10,7.495069033530571,38
ZNF442,7.495069033530571,38
ZNF318,7.495069033530571,38
MSN,7.495069033530571,38
STARD8,7.495069033530571,38
STAG3,7.495069033530571,38
DNMT1,7.495069033530571,38
IFT140,7.495069033530571,38
OLFML2B,7.495069033530571,38
ZNF560,7.495069033530571,38
TMEM131L,7.495069033530571,38
EFR3A,7.495069033530571,38
FANCI,7.495069033530571,38
CPED1,7.495069033530571,38
ATP6V1B1,7.495069033530571,38
IFT172,7.495069033530571,38
OTUD4,7.495069033530571,38
EFL1,7.495069033530571,38
IL16,7.495069033530571,38
ATXN2,7.495069033530571,38
SUCO,7.495069033530571,38
CACNA1H,7.495069033530571,38
KCND2,7.495069033530571,38
MTREX,7.495069033530571,38
DIP2B,7.495069033530571,38
HNRNPM,7.495069033530571,38
PER2,7.495069033530571,38
IQGAP3,7.495069033530571,38
IGF1R,7.495069033530571,38
CAPRIN2,7.495069033530571,38
ADAMTSL3,7.495069033530571,38
RERE,7.495069033530571,38
ZNF878,7.495069033530571,38
ZNF658,7.495069033530571,38
PLEKHG2,7.495069033530571,38
PLD1,7.495069033530571,38
C2CD5,7.495069033530571,38
PNPLA6,7.495069033530571,38
CENPI,7.495069033530571,38
BTK,7.495069033530571,38
SHANK2,7.495069033530571,38
AP3B1,7.495069033530571,38
NDST3,7.495069033530571,38
PCDHGA4,7.495069033530571,38
ITGB4,7.495069033530571,38
IRS1,7.495069033530571,38
MAP3K5,7.495069033530571,38
DHX57,7.495069033530571,38
PAXIP1,7.495069033530571,38
PCDH18,7.495069033530571,38
ITGAD,7.495069033530571,38
VPS50,7.495069033530571,38
MCTP1,7.495069033530571,38
TMEM94,7.495069033530571,38
DAB2IP,7.495069033530571,38
AXL,7.495069033530571,38
NWD1,7.495069033530571,38
LARP4B,7.495069033530571,38
PSD3,7.495069033530571,38
TTLL7,7.495069033530571,38
REV1,7.495069033530571,38
FNIP1,7.495069033530571,38
MROH1,7.495069033530571,38
DLGAP2,7.495069033530571,38
FRMD4A,7.495069033530571,38
MTCL1,7.495069033530571,38
PEAK1,7.495069033530571,38
CLOCK,7.495069033530571,38
PSD,7.495069033530571,38
ZFAT,7.495069033530571,38
ZNF521,7.495069033530571,38
UHRF1BP1,7.495069033530571,38
DSC3,7.495069033530571,38
GANAB,7.297830374753452,37
MADD,7.297830374753452,37
TAOK2,7.297830374753452,37
EXOC1,7.297830374753452,37
RNF111,7.297830374753452,37
CD109,7.297830374753452,37
CDC73,7.297830374753452,37
ZNF470,7.297830374753452,37
CFAP70,7.297830374753452,37
TARBP1,7.297830374753452,37
GLI2,7.297830374753452,37
CCT8L2,7.297830374753452,37
ROBO4,7.297830374753452,37
RALGAPA1,7.297830374753452,37
SUPT16H,7.297830374753452,37
SRRT,7.297830374753452,37
ARHGAP6,7.297830374753452,37
TOPBP1,7.297830374753452,37
ZNF551,7.297830374753452,37
C20orf194,7.297830374753452,37
ARHGAP30,7.297830374753452,37
CP,7.297830374753452,37
DZIP3,7.297830374753452,37
DNAJC6,7.297830374753452,37
ZRANB3,7.297830374753452,37
TIE1,7.297830374753452,37
STK31,7.297830374753452,37
DGKB,7.297830374753452,37
EPHA6,7.297830374753452,37
CFAP58,7.297830374753452,37
OCA2,7.297830374753452,37
ANO5,7.297830374753452,37
COL15A1,7.297830374753452,37
PHLPP1,7.297830374753452,37
ATP13A5,7.297830374753452,37
WNK2,7.297830374753452,37
PRDM2,7.297830374753452,37
TCF4,7.297830374753452,37
HEATR5A,7.297830374753452,37
KCNJ3,7.297830374753452,37
DYNC1I2,7.297830374753452,37
DIP2A,7.297830374753452,37
ZNF585B,7.297830374753452,37
COL9A1,7.297830374753452,37
UTP25,7.297830374753452,37
TCOF1,7.297830374753452,37
WDR62,7.297830374753452,37
COL20A1,7.297830374753452,37
PAXBP1,7.297830374753452,37
MYO1D,7.297830374753452,37
EYS,7.297830374753452,37
MAGI2,7.297830374753452,37
CATSPER1,7.297830374753452,37
ZSCAN20,7.297830374753452,37
ZNF479,7.297830374753452,37
KSR2,7.297830374753452,37
ABI3BP,7.297830374753452,37
RPAP1,7.297830374753452,37
URB2,7.297830374753452,37
KLHL4,7.297830374753452,37
USP31,7.297830374753452,37
INTS2,7.297830374753452,37
MCC,7.297830374753452,37
TEAD2,7.297830374753452,37
PTPRH,7.297830374753452,37
EPHB6,7.297830374753452,37
COL8A1,7.297830374753452,37
TRPC3,7.297830374753452,37
KIAA1755,7.297830374753452,37
RNF128,7.297830374753452,37
PCDHGA11,7.297830374753452,37
PCDHGB7,7.297830374753452,37
TPO,7.297830374753452,37
PCDHGA12,7.297830374753452,37
PCDHA1,7.297830374753452,37
CCDC181,7.297830374753452,37
PCDHB14,7.297830374753452,37
SLTM,7.297830374753452,37
MROH5,7.297830374753452,37
ITSN2,7.297830374753452,37
ZNF836,7.297830374753452,37
ATP4A,7.297830374753452,37
EPX,7.297830374753452,37
KLHL1,7.297830374753452,37
NCOA1,7.297830374753452,37
BAHCC1,7.297830374753452,37
ANKRD27,7.297830374753452,37
ZNF99,7.297830374753452,37
SEPTIN4,7.297830374753452,37
INTU,7.297830374753452,37
TSC1,7.297830374753452,37
PFKP,7.297830374753452,37
RC3H1,7.297830374753452,37
ST18,7.297830374753452,37
WDR47,7.297830374753452,37
PAK3,7.297830374753452,37
ANKS1B,7.297830374753452,37
SRGAP1,7.297830374753452,37
MAP3K13,7.297830374753452,37
NPHS1,7.297830374753452,37
BAZ2A,7.297830374753452,37
COLEC12,7.297830374753452,37
PTPRR,7.297830374753452,37
MAST1,7.297830374753452,37
SMARCA5,7.297830374753452,37
TTC21A,7.297830374753452,37
ABCA3,7.297830374753452,37
LRRC4,7.297830374753452,37
CAMSAP3,7.297830374753452,37
ARPP21,7.297830374753452,37
CCDC158,7.297830374753452,37
GYS2,7.297830374753452,37
RICTOR,7.297830374753452,37
TMTC1,7.297830374753452,37
TLR4,7.297830374753452,37
UNC13A,7.297830374753452,37
SALL3,7.297830374753452,37
DROSHA,7.297830374753452,37
CDH9,7.297830374753452,37
SV2A,7.297830374753452,37
MYO1H,7.100591715976331,36
UBE3B,7.100591715976331,36
PIWIL1,7.100591715976331,36
RIMBP2,7.100591715976331,36
ADGRD1,7.100591715976331,36
ZNF606,7.100591715976331,36
DSC1,7.100591715976331,36
PLK2,7.100591715976331,36
GRIN3A,7.100591715976331,36
ZNF107,7.100591715976331,36
ATP12A,7.100591715976331,36
N4BP2L2,7.100591715976331,36
EEA1,7.100591715976331,36
GABRA4,7.100591715976331,36
MYBPC1,7.100591715976331,36
CENPJ,7.100591715976331,36
CCDC191,7.100591715976331,36
ZFP37,7.100591715976331,36
ZNF646,7.100591715976331,36
LRP12,7.100591715976331,36
DEPDC5,7.100591715976331,36
XAB2,7.100591715976331,36
CFAP251,7.100591715976331,36
OAS2,7.100591715976331,36
APAF1,7.100591715976331,36
CADPS2,7.100591715976331,36
OVCH1,7.100591715976331,36
ANKRD28,7.100591715976331,36
NEMF,7.100591715976331,36
DNER,7.100591715976331,36
FARP2,7.100591715976331,36
INPP5D,7.100591715976331,36
GPR155,7.100591715976331,36
MANBA,7.100591715976331,36
TEX2,7.100591715976331,36
TBCD,7.100591715976331,36
NLRP4,7.100591715976331,36
BRD4,7.100591715976331,36
ITGA7,7.100591715976331,36
RPRD2,7.100591715976331,36
PAN2,7.100591715976331,36
HHIP,7.100591715976331,36
UBE3A,7.100591715976331,36
NFE2L2,7.100591715976331,36
WDR72,7.100591715976331,36
LRFN5,7.100591715976331,36
CEBPZ,7.100591715976331,36
POLR1A,7.100591715976331,36
MSH2,7.100591715976331,36
PAPOLG,7.100591715976331,36
DCTN1,7.100591715976331,36
RAPGEF6,7.100591715976331,36
INTS3,7.100591715976331,36
CNTN3,7.100591715976331,36
PTPN22,7.100591715976331,36
RPGRIP1L,7.100591715976331,36
XPO6,7.100591715976331,36
POLR1B,7.100591715976331,36
TTC7B,7.100591715976331,36
AKNAD1,7.100591715976331,36
PCF11,7.100591715976331,36
SYTL2,7.100591715976331,36
PCDHB11,7.100591715976331,36
RPS6KC1,7.100591715976331,36
RAB3GAP1,7.100591715976331,36
TUBGCP5,7.100591715976331,36
GPRC6A,7.100591715976331,36
KIF5B,7.100591715976331,36
BMS1,7.100591715976331,36
ZNF585A,7.100591715976331,36
ZHX3,7.100591715976331,36
TSPOAP1,7.100591715976331,36
TEX14,7.100591715976331,36
TRPC5,7.100591715976331,36
DPP4,7.100591715976331,36
DYNC2I1,7.100591715976331,36
ARHGEF10,7.100591715976331,36
G2E3,7.100591715976331,36
PCDHAC1,7.100591715976331,36
PCDHB2,7.100591715976331,36
DUOX1,7.100591715976331,36
FCRL3,7.100591715976331,36
POLD1,7.100591715976331,36
ENAM,7.100591715976331,36
CDAN1,7.100591715976331,36
RFX7,7.100591715976331,36
CACHD1,7.100591715976331,36
AKAP3,7.100591715976331,36
SGIP1,7.100591715976331,36
MROH7,7.100591715976331,36
NRDC,7.100591715976331,36
KIF4B,7.100591715976331,36
GRM6,7.100591715976331,36
PLEKHA7,7.100591715976331,36
GRIK3,7.100591715976331,36
CARMIL1,7.100591715976331,36
DCAF12L2,7.100591715976331,36
BCLAF3,7.100591715976331,36
VCL,7.100591715976331,36
ADAMTS19,7.100591715976331,36
ZMYM6,7.100591715976331,36
CRYBG1,7.100591715976331,36
PUM1,7.100591715976331,36
RBM6,7.100591715976331,36
XYLT1,7.100591715976331,36
ZBED4,7.100591715976331,36
GLYR1,7.100591715976331,36
FOXP1,7.100591715976331,36
MAGEE2,7.100591715976331,36
CHM,7.100591715976331,36
NISCH,7.100591715976331,36
ARHGEF10L,7.100591715976331,36
SLC12A4,7.100591715976331,36
SLC12A5,7.100591715976331,36
ZNF780A,7.100591715976331,36
CDH26,7.100591715976331,36
PDE1C,7.100591715976331,36
IDE,7.100591715976331,36
CLUH,7.100591715976331,36
USP10,7.100591715976331,36
CHERP,7.100591715976331,36
ANOS1,7.100591715976331,36
SH3KBP1,7.100591715976331,36
SLK,7.100591715976331,36
TTC14,7.100591715976331,36
SGSM1,7.100591715976331,36
OGDHL,7.100591715976331,36
SND1,7.100591715976331,36
LARS1,7.100591715976331,36
SLIT1,7.100591715976331,36
PLCB4,7.100591715976331,36
SH3TC2,7.100591715976331,36
PREX1,7.100591715976331,36
CSE1L,7.100591715976331,36
SUPT6H,7.100591715976331,36
C7,7.100591715976331,36
PIGO,7.100591715976331,36
MUSK,7.100591715976331,36
IARS1,7.100591715976331,36
TUBGCP2,7.100591715976331,36
PALM2AKAP2,7.100591715976331,36
NAA35,7.100591715976331,36
AUTS2,6.903353057199212,35
AXDND1,6.903353057199212,35
NR3C2,6.903353057199212,35
CLCN1,6.903353057199212,35
SNAP91,6.903353057199212,35
ADAM7,6.903353057199212,35
NCAPG2,6.903353057199212,35
ZKSCAN2,6.903353057199212,35
EVC2,6.903353057199212,35
POLR3B,6.903353057199212,35
ANO4,6.903353057199212,35
KCNC2,6.903353057199212,35
PPP1R10,6.903353057199212,35
TRPC1,6.903353057199212,35
THSD1,6.903353057199212,35
GABRQ,6.903353057199212,35
NINL,6.903353057199212,35
ITGA8,6.903353057199212,35
CEMIP2,6.903353057199212,35
PHLDB1,6.903353057199212,35
ATP1A1,6.903353057199212,35
PLCB2,6.903353057199212,35
PACS1,6.903353057199212,35
CLCA4,6.903353057199212,35
PCDHB10,6.903353057199212,35
EIF2AK4,6.903353057199212,35
GALNT5,6.903353057199212,35
HIPK1,6.903353057199212,35
ZNF493,6.903353057199212,35
NR3C1,6.903353057199212,35
LARP7,6.903353057199212,35
CASD1,6.903353057199212,35
ANKIB1,6.903353057199212,35
ZNF43,6.903353057199212,35
KSR1,6.903353057199212,35
HHIPL2,6.903353057199212,35
FILIP1L,6.903353057199212,35
MAP9,6.903353057199212,35
FAM9A,6.903353057199212,35
POP1,6.903353057199212,35
GLDC,6.903353057199212,35
NBN,6.903353057199212,35
ZBED1,6.903353057199212,35
CACNA1I,6.903353057199212,35
ARMC4,6.903353057199212,35
PTCHD3,6.903353057199212,35
ARHGEF2,6.903353057199212,35
PCDHB15,6.903353057199212,35
MBTPS1,6.903353057199212,35
ADAMTS18,6.903353057199212,35
ITGAE,6.903353057199212,35
GARNL3,6.903353057199212,35
DENND5B,6.903353057199212,35
PDE10A,6.903353057199212,35
GPC5,6.903353057199212,35
APPL1,6.903353057199212,35
TMTC3,6.903353057199212,35
STXBP5L,6.903353057199212,35
DCAF8L1,6.903353057199212,35
TRPV3,6.903353057199212,35
THRAP3,6.903353057199212,35
SLC4A8,6.903353057199212,35
ESPL1,6.903353057199212,35
TFE3,6.903353057199212,35
NOVA1,6.903353057199212,35
RTN4,6.903353057199212,35
PLEKHG1,6.903353057199212,35
WNK1,6.903353057199212,35
TRPM4,6.903353057199212,35
TRPC7,6.903353057199212,35
PCDHB13,6.903353057199212,35
ERBB2,6.903353057199212,35
CDC27,6.903353057199212,35
C3orf20,6.903353057199212,35
TFDP1,6.903353057199212,35
L1TD1,6.903353057199212,35
NUP160,6.903353057199212,35
TOP2A,6.903353057199212,35
DSG2,6.903353057199212,35
OSBPL1A,6.903353057199212,35
FYB2,6.903353057199212,35
SPAG9,6.903353057199212,35
ANO3,6.903353057199212,35
PIWIL2,6.903353057199212,35
ZNF711,6.903353057199212,35
ADAM29,6.903353057199212,35
TNPO1,6.903353057199212,35
CCDC136,6.903353057199212,35
RAG1,6.903353057199212,35
PPP1R12A,6.903353057199212,35
AFF1,6.903353057199212,35
KL,6.903353057199212,35
MDGA2,6.903353057199212,35
MKRN3,6.903353057199212,35
PDE3B,6.903353057199212,35
COPB1,6.903353057199212,35
GABRG2,6.903353057199212,35
CCDC15,6.903353057199212,35
MYO5B,6.903353057199212,35
NTRK3,6.903353057199212,35
ZNF423,6.903353057199212,35
ZMAT1,6.903353057199212,35
ERN2,6.903353057199212,35
INPP5F,6.903353057199212,35
PNISR,6.903353057199212,35
UVRAG,6.903353057199212,35
TBC1D25,6.903353057199212,35
PAX6,6.903353057199212,35
RBM10,6.903353057199212,35
KDM6A,6.903353057199212,35
SLC26A8,6.903353057199212,35
HSP90AB1,6.903353057199212,35
FGD1,6.903353057199212,35
SMARCC2,6.903353057199212,35
LARP1B,6.903353057199212,35
BANK1,6.903353057199212,35
SYT16,6.903353057199212,35
IQCA1,6.903353057199212,35
SUPT20HL2,6.903353057199212,35
ABCC3,6.903353057199212,35
EXOC6,6.903353057199212,35
RREB1,6.903353057199212,35
ACSL4,6.903353057199212,35
DTX4,6.903353057199212,35
MUC5AC,6.903353057199212,35
ZNF687,6.903353057199212,35
CFTR,6.903353057199212,35
PDZRN4,6.903353057199212,35
GTF3C2,6.903353057199212,35
SEC16B,6.903353057199212,35
CNTNAP3,6.903353057199212,35
OSMR,6.903353057199212,35
HLTF,6.903353057199212,35
U2SURP,6.903353057199212,35
ITGA1,6.903353057199212,35
CDH2,6.903353057199212,35
BICC1,6.903353057199212,35
PHLPP2,6.903353057199212,35
SLC4A2,6.903353057199212,35
ADCY2,6.903353057199212,35
DIAPH1,6.903353057199212,35
BACH1,6.903353057199212,35
NFATC2,6.903353057199212,35
TBX22,6.903353057199212,35
JAKMIP2,6.903353057199212,35
CCDC146,6.903353057199212,35
FOCAD,6.903353057199212,35
HAUS6,6.903353057199212,35
ZHX2,6.903353057199212,35
ERCC6L2,6.903353057199212,35
TOPORS,6.903353057199212,35
TBC1D31,6.70611439842209,34
CCDC180,6.70611439842209,34
PCDHGA2,6.70611439842209,34
PIK3C3,6.70611439842209,34
ASAH2,6.70611439842209,34
RC3H2,6.70611439842209,34
ZNF782,6.70611439842209,34
GPR149,6.70611439842209,34
PLEKHG4B,6.70611439842209,34
ZBBX,6.70611439842209,34
SATB2,6.70611439842209,34
NRP2,6.70611439842209,34
RSF1,6.70611439842209,34
ZNF451,6.70611439842209,34
TRERF1,6.70611439842209,34
DCX,6.70611439842209,34
KLHL13,6.70611439842209,34
NKRF,6.70611439842209,34
TSC2,6.70611439842209,34
PJA1,6.70611439842209,34
TRHDE,6.70611439842209,34
KAT6B,6.70611439842209,34
PRAMEF20,6.70611439842209,34
SLC12A2,6.70611439842209,34
KIF2B,6.70611439842209,34
MID2,6.70611439842209,34
CWH43,6.70611439842209,34
UBR2,6.70611439842209,34
PCCA,6.70611439842209,34
MRC2,6.70611439842209,34
ACE,6.70611439842209,34
CLCN3,6.70611439842209,34
OTUD7B,6.70611439842209,34
ARHGAP4,6.70611439842209,34
IREB2,6.70611439842209,34
CEMIP,6.70611439842209,34
AARS2,6.70611439842209,34
EPHA8,6.70611439842209,34
SAMD3,6.70611439842209,34
HECA,6.70611439842209,34
LRRIQ3,6.70611439842209,34
PHLDB2,6.70611439842209,34
C2CD3,6.70611439842209,34
KIAA0319,6.70611439842209,34
ERCC4,6.70611439842209,34
ZNF275,6.70611439842209,34
EFHB,6.70611439842209,34
TNRC6C,6.70611439842209,34
CUL7,6.70611439842209,34
ZNF354B,6.70611439842209,34
ZBTB11,6.70611439842209,34
RGL2,6.70611439842209,34
TTC21B,6.70611439842209,34
THADA,6.70611439842209,34
SCAP,6.70611439842209,34
BMP2K,6.70611439842209,34
ALPK1,6.70611439842209,34
ATP7B,6.70611439842209,34
PMS2,6.70611439842209,34
GALC,6.70611439842209,34
MAGEE1,6.70611439842209,34
LTF,6.70611439842209,34
DACH2,6.70611439842209,34
KIF17,6.70611439842209,34
HIPK3,6.70611439842209,34
ERCC6L,6.70611439842209,34
ABCA2,6.70611439842209,34
TNPO3,6.70611439842209,34
PLEKHA5,6.70611439842209,34
KCNA5,6.70611439842209,34
NCKAP1L,6.70611439842209,34
LRRC37A3,6.70611439842209,34
ABCB6,6.70611439842209,34
MAGED2,6.70611439842209,34
ZBTB40,6.70611439842209,34
LUZP1,6.70611439842209,34
CILP,6.70611439842209,34
IQCH,6.70611439842209,34
SKOR1,6.70611439842209,34
AMY2B,6.70611439842209,34
FLG2,6.70611439842209,34
ADAMTSL4,6.70611439842209,34
GRIA1,6.70611439842209,34
ADAD1,6.70611439842209,34
TRAK1,6.70611439842209,34
ZNF540,6.70611439842209,34
PCDHB5,6.70611439842209,34
COL1A1,6.70611439842209,34
ATP1A3,6.70611439842209,34
ZNF132,6.70611439842209,34
NRG3,6.70611439842209,34
KIF11,6.70611439842209,34
CASK,6.70611439842209,34
ZNF41,6.70611439842209,34
ARAF,6.70611439842209,34
ZNF502,6.70611439842209,34
PPIP5K2,6.70611439842209,34
SHROOM3,6.70611439842209,34
ZNF780B,6.70611439842209,34
NLRP12,6.70611439842209,34
ZNF175,6.70611439842209,34
ZNF615,6.70611439842209,34
SHC1,6.70611439842209,34
ROBO3,6.70611439842209,34
STXBP5,6.70611439842209,34
C12orf50,6.70611439842209,34
IMPG2,6.70611439842209,34
SLC9A7,6.70611439842209,34
HEG1,6.70611439842209,34
ADCY6,6.70611439842209,34
DZIP1,6.70611439842209,34
CWC22,6.70611439842209,34
ADAMTS17,6.70611439842209,34
ABCB11,6.70611439842209,34
NEXN,6.70611439842209,34
PCDHGB4,6.70611439842209,34
GDPD2,6.70611439842209,34
GART,6.70611439842209,34
GABRB2,6.70611439842209,34
NPHP3,6.70611439842209,34
GALNT17,6.70611439842209,34
BAZ1B,6.70611439842209,34
CNGB3,6.70611439842209,34
KCNT1,6.70611439842209,34
ACSBG2,6.70611439842209,34
ADGRE1,6.70611439842209,34
AMPH,6.70611439842209,34
TBC1D23,6.70611439842209,34
MTMR3,6.70611439842209,34
MOV10L1,6.70611439842209,34
SMC1B,6.70611439842209,34
HPS3,6.70611439842209,34
RAD54B,6.70611439842209,34
PPP1R9A,6.70611439842209,34
JMY,6.70611439842209,34
TRIM33,6.70611439842209,34
DSE,6.70611439842209,34
PITPNM1,6.70611439842209,34
LRP5,6.70611439842209,34
DDX10,6.70611439842209,34
MBD1,6.70611439842209,34
CTTNBP2,6.70611439842209,34
LCOR,6.70611439842209,34
RET,6.70611439842209,34
SLC9A6,6.70611439842209,34
KEL,6.70611439842209,34
TSGA10,6.70611439842209,34
TXLNB,6.70611439842209,34
ASAP2,6.70611439842209,34
CCND1,6.70611439842209,34
FAM184A,6.70611439842209,34
ZNF280C,6.70611439842209,34
SEZ6L2,6.70611439842209,34
CATSPERB,6.70611439842209,34
THEMIS,6.70611439842209,34
FER,6.70611439842209,34
NETO1,6.70611439842209,34
TBX5,6.70611439842209,34
MYO1F,6.70611439842209,34
ZNF471,6.70611439842209,34
TJP2,6.70611439842209,34
SPATA31A3,6.508875739644971,33
AGTPBP1,6.508875739644971,33
NLGN1,6.508875739644971,33
FNDC3B,6.508875739644971,33
MECOM,6.508875739644971,33
KIAA1614,6.508875739644971,33
OGT,6.508875739644971,33
EVI5,6.508875739644971,33
NOL6,6.508875739644971,33
CUX2,6.508875739644971,33
DHX36,6.508875739644971,33
TJP3,6.508875739644971,33
USP29,6.508875739644971,33
AFG3L2,6.508875739644971,33
FHDC1,6.508875739644971,33
CDH1,6.508875739644971,33
PROX1,6.508875739644971,33
AOC1,6.508875739644971,33
CASP5,6.508875739644971,33
PIK3C2G,6.508875739644971,33
CEP126,6.508875739644971,33
F13B,6.508875739644971,33
CCDC173,6.508875739644971,33
INO80,6.508875739644971,33
CAPN6,6.508875739644971,33
XPNPEP2,6.508875739644971,33
PPP4R4,6.508875739644971,33
CCSER1,6.508875739644971,33
UBQLN2,6.508875739644971,33
SIGLEC10,6.508875739644971,33
PPP1R26,6.508875739644971,33
SLC4A5,6.508875739644971,33
DRC7,6.508875739644971,33
TLR5,6.508875739644971,33
SALL1,6.508875739644971,33
RBM25,6.508875739644971,33
ACSM2B,6.508875739644971,33
EIF5B,6.508875739644971,33
FLRT2,6.508875739644971,33
AMPD1,6.508875739644971,33
UBE3C,6.508875739644971,33
DPP6,6.508875739644971,33
PPP6R3,6.508875739644971,33
PSD2,6.508875739644971,33
BRD8,6.508875739644971,33
ZBTB33,6.508875739644971,33
FIG4,6.508875739644971,33
LRIG2,6.508875739644971,33
ITGA10,6.508875739644971,33
COL2A1,6.508875739644971,33
PDE8B,6.508875739644971,33
ERAP2,6.508875739644971,33
JAK2,6.508875739644971,33
SRRM4,6.508875739644971,33
GAD2,6.508875739644971,33
CACNB2,6.508875739644971,33
EFCAB13,6.508875739644971,33
PGAP1,6.508875739644971,33
MPEG1,6.508875739644971,33
PCDHA7,6.508875739644971,33
PCDH12,6.508875739644971,33
ITPRID2,6.508875739644971,33
ZCCHC14,6.508875739644971,33
CCDC141,6.508875739644971,33
NUP188,6.508875739644971,33
VPS54,6.508875739644971,33
LRPPRC,6.508875739644971,33
SLC12A6,6.508875739644971,33
MYO1E,6.508875739644971,33
DDR2,6.508875739644971,33
SMCR8,6.508875739644971,33
EHMT1,6.508875739644971,33
LIG1,6.508875739644971,33
LIPE,6.508875739644971,33
SHANK1,6.508875739644971,33
SEC24A,6.508875739644971,33
ADGRL4,6.508875739644971,33
FMNL1,6.508875739644971,33
POF1B,6.508875739644971,33
KIAA0753,6.508875739644971,33
DEPDC1,6.508875739644971,33
LEPR,6.508875739644971,33
RTL5,6.508875739644971,33
ABCC10,6.508875739644971,33
SLC12A7,6.508875739644971,33
IL31RA,6.508875739644971,33
FAM120B,6.508875739644971,33
COL28A1,6.508875739644971,33
NRG1,6.508875739644971,33
ERC1,6.508875739644971,33
PAMR1,6.508875739644971,33
HCN4,6.508875739644971,33
PASK,6.508875739644971,33
ATP2B2,6.508875739644971,33
MTMR1,6.508875739644971,33
HTATSF1,6.508875739644971,33
GALNT15,6.508875739644971,33
CDH20,6.508875739644971,33
CCDC160,6.508875739644971,33
ATP8B2,6.508875739644971,33
ADGRL1,6.508875739644971,33
HSPA4L,6.508875739644971,33
PPEF1,6.508875739644971,33
NLGN4X,6.508875739644971,33
MAN2B1,6.508875739644971,33
NCAN,6.508875739644971,33
ZNF257,6.508875739644971,33
CCDC27,6.508875739644971,33
MYRF,6.508875739644971,33
KCNU1,6.508875739644971,33
LRFN2,6.508875739644971,33
DAAM2,6.508875739644971,33
SLCO1B3,6.508875739644971,33
UGGT2,6.508875739644971,33
PAPOLA,6.508875739644971,33
INO80D,6.508875739644971,33
CD93,6.508875739644971,33
NEK5,6.508875739644971,33
SNED1,6.508875739644971,33
DAAM1,6.508875739644971,33
GRM4,6.508875739644971,33
NLRP7,6.508875739644971,33
ITIH5,6.508875739644971,33
MAST3,6.508875739644971,33
ATP8A1,6.508875739644971,33
LRIG1,6.508875739644971,33
NOD2,6.508875739644971,33
CIITA,6.508875739644971,33
IKBKB,6.508875739644971,33
SENP6,6.508875739644971,33
ALB,6.508875739644971,33
UFL1,6.508875739644971,33
PRICKLE3,6.508875739644971,33
ACTN1,6.508875739644971,33
HELQ,6.508875739644971,33
HERC5,6.508875739644971,33
HELB,6.508875739644971,33
RXFP2,6.508875739644971,33
DCAF4L1,6.508875739644971,33
LIMCH1,6.508875739644971,33
ZNF546,6.508875739644971,33
ZNF569,6.508875739644971,33
ULK4,6.508875739644971,33
TPTE2,6.508875739644971,33
SCEL,6.508875739644971,33
ERC2,6.508875739644971,33
DGKH,6.508875739644971,33
KBTBD6,6.508875739644971,33
NRCAM,6.508875739644971,33
ATP2B1,6.508875739644971,33
CARMIL2,6.508875739644971,33
ADCY5,6.508875739644971,33
CASR,6.508875739644971,33
ZNF674,6.508875739644971,33
IGSF22,6.508875739644971,33
RPS6KA2,6.508875739644971,33
EIF2AK1,6.508875739644971,33
PIK3AP1,6.508875739644971,33
EMC1,6.508875739644971,33
GOLGA3,6.508875739644971,33
MTSS1,6.508875739644971,33
CYP7B1,6.508875739644971,33
TAF3,6.508875739644971,33
NDST4,6.508875739644971,33
MMP16,6.508875739644971,33
DDX50,6.508875739644971,33
C10orf90,6.508875739644971,33
GPAM,6.508875739644971,33
STS,6.508875739644971,33
RASA2,6.508875739644971,33
ACE2,6.508875739644971,33
ZNF624,6.508875739644971,33
ATP13A4,6.508875739644971,33
PER3,6.508875739644971,33
ZNF182,6.508875739644971,33
PPP2R5A,6.508875739644971,33
FAM193A,6.508875739644971,33
HCFC2,6.508875739644971,33
STARD13,6.508875739644971,33
SPART,6.508875739644971,33
COL18A1,6.508875739644971,33
TRAPPC10,6.508875739644971,33
HNRNPUL1,6.508875739644971,33
SYNRG,6.508875739644971,33
CDH4,6.508875739644971,33
FAM91A1,6.508875739644971,33
HPSE2,6.508875739644971,33
HPS1,6.508875739644971,33
SLC26A5,6.508875739644971,33
ATP9B,6.508875739644971,33
EGFLAM,6.508875739644971,33
APP,6.508875739644971,33
GNAS,6.508875739644971,33
APLP1,6.508875739644971,33
PCDHB16,6.508875739644971,33
WASHC4,6.508875739644971,33
NAA25,6.508875739644971,33
ELP1,6.508875739644971,33
ADAMTS13,6.508875739644971,33
F9,6.508875739644971,33
PTPN3,6.508875739644971,33
TRAPPC11,6.508875739644971,33
LINGO2,6.508875739644971,33
NTRK2,6.508875739644971,33
FRMD3,6.508875739644971,33
ZNF700,6.508875739644971,33
ASAP1,6.31163708086785,32
COL9A3,6.31163708086785,32
DACT1,6.31163708086785,32
SLC20A2,6.31163708086785,32
UPF2,6.31163708086785,32
CCDC40,6.31163708086785,32
BRSK1,6.31163708086785,32
RGS9,6.31163708086785,32
IFI16,6.31163708086785,32
CAND1,6.31163708086785,32
BCL6,6.31163708086785,32
PIGR,6.31163708086785,32
SSH1,6.31163708086785,32
THNSL1,6.31163708086785,32
GOLGA2,6.31163708086785,32
CTNNBL1,6.31163708086785,32
ZNF766,6.31163708086785,32
ZNF607,6.31163708086785,32
WASHC2A,6.31163708086785,32
C10orf71,6.31163708086785,32
WASF3,6.31163708086785,32
RNF6,6.31163708086785,32
AGAP2,6.31163708086785,32
CLIP1,6.31163708086785,32
KDM2B,6.31163708086785,32
BBX,6.31163708086785,32
HAUS3,6.31163708086785,32
ARHGAP22,6.31163708086785,32
NEFM,6.31163708086785,32
NOS3,6.31163708086785,32
ZNF112,6.31163708086785,32
YTHDC1,6.31163708086785,32
PRX,6.31163708086785,32
NCOA3,6.31163708086785,32
SLC13A1,6.31163708086785,32
ABCG2,6.31163708086785,32
WDHD1,6.31163708086785,32
KAT2B,6.31163708086785,32
SLITRK6,6.31163708086785,32
RNF31,6.31163708086785,32
HERC4,6.31163708086785,32
LRGUK,6.31163708086785,32
EXOC4,6.31163708086785,32
RAE1,6.31163708086785,32
ZNF548,6.31163708086785,32
KCTD8,6.31163708086785,32
ITGA2B,6.31163708086785,32
TTI1,6.31163708086785,32
R3HCC1L,6.31163708086785,32
TMPRSS15,6.31163708086785,32
KIRREL2,6.31163708086785,32
KCNQ2,6.31163708086785,32
ULK2,6.31163708086785,32
MPRIP,6.31163708086785,32
CLCN2,6.31163708086785,32
YEATS2,6.31163708086785,32
ACAP2,6.31163708086785,32
DGKG,6.31163708086785,32
SLC16A7,6.31163708086785,32
POGZ,6.31163708086785,32
FARP1,6.31163708086785,32
VIT,6.31163708086785,32
ANKRD44,6.31163708086785,32
PTPRN,6.31163708086785,32
PLB1,6.31163708086785,32
PRSS12,6.31163708086785,32
LMBRD2,6.31163708086785,32
NCKAP5L,6.31163708086785,32
ARHGEF7,6.31163708086785,32
LHCGR,6.31163708086785,32
RXFP1,6.31163708086785,32
GCC1,6.31163708086785,32
SPAG1,6.31163708086785,32
PLOD3,6.31163708086785,32
ZNF14,6.31163708086785,32
EIF4ENIF1,6.31163708086785,32
GEMIN5,6.31163708086785,32
RBM12B,6.31163708086785,32
SLC26A7,6.31163708086785,32
HK1,6.31163708086785,32
BMPER,6.31163708086785,32
EDRF1,6.31163708086785,32
PRRG1,6.31163708086785,32
WDR59,6.31163708086785,32
UROC1,6.31163708086785,32
ABR,6.31163708086785,32
DENND2C,6.31163708086785,32
LRRTM4,6.31163708086785,32
COL6A1,6.31163708086785,32
MPHOSPH10,6.31163708086785,32
ZC3H6,6.31163708086785,32
SV2B,6.31163708086785,32
C12orf40,6.31163708086785,32
AMER3,6.31163708086785,32
ATP2A3,6.31163708086785,32
FBLN2,6.31163708086785,32
SORBS1,6.31163708086785,32
ANLN,6.31163708086785,32
PODN,6.31163708086785,32
DCBLD2,6.31163708086785,32
USP11,6.31163708086785,32
EZHIP,6.31163708086785,32
SYTL5,6.31163708086785,32
ZNF81,6.31163708086785,32
KCNA3,6.31163708086785,32
WDR33,6.31163708086785,32
NUP133,6.31163708086785,32
DNMT3A,6.31163708086785,32
KCTD19,6.31163708086785,32
AGBL2,6.31163708086785,32
SLC7A3,6.31163708086785,32
NHSL2,6.31163708086785,32
NONO,6.31163708086785,32
SIM1,6.31163708086785,32
ARAP1,6.31163708086785,32
MSH5,6.31163708086785,32
NKAP,6.31163708086785,32
PTPN23,6.31163708086785,32
CLCN4,6.31163708086785,32
TTBK2,6.31163708086785,32
MTMR10,6.31163708086785,32
CUL5,6.31163708086785,32
CLCA2,6.31163708086785,32
SYDE2,6.31163708086785,32
SEC63,6.31163708086785,32
PPP1R12B,6.31163708086785,32
GJA10,6.31163708086785,32
PDPR,6.31163708086785,32
PPP1R13B,6.31163708086785,32
PCSK1,6.31163708086785,32
PYGM,6.31163708086785,32
SLC44A5,6.31163708086785,32
PLA2G4A,6.31163708086785,32
DCAF6,6.31163708086785,32
PWWP3B,6.31163708086785,32
CD163,6.31163708086785,32
NAALAD2,6.31163708086785,32
EPHA10,6.31163708086785,32
FSD2,6.31163708086785,32
SLC4A7,6.31163708086785,32
GLUD2,6.31163708086785,32
MLH1,6.31163708086785,32
MAMLD1,6.31163708086785,32
WDR90,6.31163708086785,32
ADNP2,6.31163708086785,32
PRDM16,6.31163708086785,32
TTC17,6.31163708086785,32
TNKS1BP1,6.31163708086785,32
CDK12,6.31163708086785,32
TMEM132E,6.31163708086785,32
SMARCAL1,6.31163708086785,32
KANSL1L,6.31163708086785,32
PABPC5,6.31163708086785,32
ATF6,6.31163708086785,32
SPAG5,6.31163708086785,32
BCAN,6.31163708086785,32
KIRREL1,6.31163708086785,32
KIAA0319L,6.31163708086785,32
USP36,6.31163708086785,32
DYM,6.31163708086785,32
MYSM1,6.31163708086785,32
DDX42,6.31163708086785,32
AGAP1,6.31163708086785,32
NGEF,6.31163708086785,32
CCAR2,6.31163708086785,32
PPEF2,6.31163708086785,32
DDX4,6.31163708086785,32
ITGA2,6.31163708086785,32
SAFB,6.31163708086785,32
PLIN4,6.31163708086785,32
ZNF835,6.31163708086785,32
FNIP2,6.31163708086785,32
VAV1,6.31163708086785,32
RUBCN,6.31163708086785,32
TBL1XR1,6.31163708086785,32
NIBAN1,6.31163708086785,32
RGL1,6.31163708086785,32
ELAPOR2,6.31163708086785,32
ZNF484,6.31163708086785,32
SLC6A3,6.31163708086785,32
CCDC102B,6.31163708086785,32
NEDD4L,6.31163708086785,32
EPHA2,6.31163708086785,32
WDR36,6.11439842209073,31
NSUN2,6.11439842209073,31
FGD3,6.11439842209073,31
DDX58,6.11439842209073,31
IFT80,6.11439842209073,31
MAGEL2,6.11439842209073,31
TYK2,6.11439842209073,31
PPP4R1,6.11439842209073,31
DPP9,6.11439842209073,31
SAFB2,6.11439842209073,31
ZNF217,6.11439842209073,31
CTAGE1,6.11439842209073,31
GAREM1,6.11439842209073,31
RNF20,6.11439842209073,31
PPM1D,6.11439842209073,31
IGF2BP1,6.11439842209073,31
SATB1,6.11439842209073,31
RPTOR,6.11439842209073,31
SNX19,6.11439842209073,31
PRPF4B,6.11439842209073,31
HPS5,6.11439842209073,31
SYNGAP1,6.11439842209073,31
MEP1A,6.11439842209073,31
ODF2L,6.11439842209073,31
XPO7,6.11439842209073,31
BMP1,6.11439842209073,31
GALNT8,6.11439842209073,31
CASZ1,6.11439842209073,31
NFATC1,6.11439842209073,31
RASGRF1,6.11439842209073,31
BNC1,6.11439842209073,31
EMSY,6.11439842209073,31
SKIV2L,6.11439842209073,31
CTNNA1,6.11439842209073,31
SOBP,6.11439842209073,31
SMG7,6.11439842209073,31
ITGA6,6.11439842209073,31
RAP1GAP2,6.11439842209073,31
GALNT3,6.11439842209073,31
SLC3A2,6.11439842209073,31
PCDHB4,6.11439842209073,31
ANKRD13C,6.11439842209073,31
STAT3,6.11439842209073,31
LNPEP,6.11439842209073,31
ZFP90,6.11439842209073,31
PPFIA4,6.11439842209073,31
SLC6A14,6.11439842209073,31
EPHA7,6.11439842209073,31
AP1G1,6.11439842209073,31
GLG1,6.11439842209073,31
VCAM1,6.11439842209073,31
ASMTL,6.11439842209073,31
HTR2C,6.11439842209073,31
PCDHGC4,6.11439842209073,31
PLCB3,6.11439842209073,31
MMUT,6.11439842209073,31
CCDC186,6.11439842209073,31
DENND1C,6.11439842209073,31
ARHGEF18,6.11439842209073,31
SYTL4,6.11439842209073,31
ARMCX5-GPRASP2,6.11439842209073,31
TENT5D,6.11439842209073,31
ACSM3,6.11439842209073,31
DDX17,6.11439842209073,31
NCOA7,6.11439842209073,31
PTPRJ,6.11439842209073,31
SLC6A5,6.11439842209073,31
PHACTR2,6.11439842209073,31
TAS1R2,6.11439842209073,31
AKAP7,6.11439842209073,31
EYA4,6.11439842209073,31
SGK1,6.11439842209073,31
TTLL5,6.11439842209073,31
GEN1,6.11439842209073,31
REXO5,6.11439842209073,31
ABCD1,6.11439842209073,31
PLEKHH1,6.11439842209073,31
BLM,6.11439842209073,31
KCTD3,6.11439842209073,31
RNF40,6.11439842209073,31
KIF3A,6.11439842209073,31
ITGAX,6.11439842209073,31
PHKB,6.11439842209073,31
CNNM1,6.11439842209073,31
NLRP10,6.11439842209073,31
CFAP69,6.11439842209073,31
SH3PXD2A,6.11439842209073,31
ACVR1,6.11439842209073,31
ACIN1,6.11439842209073,31
ATF7IP2,6.11439842209073,31
TOGARAM2,6.11439842209073,31
STON1,6.11439842209073,31
PRDM10,6.11439842209073,31
TTC30A,6.11439842209073,31
AP4B1,6.11439842209073,31
PKD1L2,6.11439842209073,31
PIK3R5,6.11439842209073,31
SCML2,6.11439842209073,31
TNPO2,6.11439842209073,31
DLG4,6.11439842209073,31
SEC24C,6.11439842209073,31
PEAR1,6.11439842209073,31
CSF2RB,6.11439842209073,31
MORC2,6.11439842209073,31
MN1,6.11439842209073,31
ZNF429,6.11439842209073,31
BCR,6.11439842209073,31
SEMA3C,6.11439842209073,31
SEMA3D,6.11439842209073,31
INTS8,6.11439842209073,31
SCLT1,6.11439842209073,31
KCTD16,6.11439842209073,31
TIMELESS,6.11439842209073,31
FAP,6.11439842209073,31
SLC8A1,6.11439842209073,31
EML4,6.11439842209073,31
RPGRIP1,6.11439842209073,31
PC,6.11439842209073,31
ATN1,6.11439842209073,31
MARCHF6,6.11439842209073,31
CCDC110,6.11439842209073,31
ARMH4,6.11439842209073,31
GABRG3,6.11439842209073,31
TNIP3,6.11439842209073,31
EXOSC9,6.11439842209073,31
C14orf39,6.11439842209073,31
BRPF1,6.11439842209073,31
SLC39A10,6.11439842209073,31
ITGAV,6.11439842209073,31
SESTD1,6.11439842209073,31
C2CD6,6.11439842209073,31
FBXO38,6.11439842209073,31
CASS4,6.11439842209073,31
AASS,6.11439842209073,31
IQUB,6.11439842209073,31
RRP12,6.11439842209073,31
RXFP3,6.11439842209073,31
ZHX1,6.11439842209073,31
ADAMTS14,6.11439842209073,31
ZNF335,6.11439842209073,31
UNC45B,6.11439842209073,31
XYLT2,6.11439842209073,31
WDR19,6.11439842209073,31
GABRA2,6.11439842209073,31
ZNF304,6.11439842209073,31
LIN9,6.11439842209073,31
FBXL3,6.11439842209073,31
DIS3,6.11439842209073,31
SP4,6.11439842209073,31
OR14C36,6.11439842209073,31
GRIP2,6.11439842209073,31
TET2,6.11439842209073,31
TBCK,6.11439842209073,31
PYHIN1,6.11439842209073,31
SEC24B,6.11439842209073,31
UGT8,6.11439842209073,31
PTK2,6.11439842209073,31
LENG8,6.11439842209073,31
PPP1R12C,6.11439842209073,31
ZNF347,6.11439842209073,31
HSPA4,6.11439842209073,31
PKD2L2,6.11439842209073,31
TMC4,6.11439842209073,31
TNKS,6.11439842209073,31
CFAP45,6.11439842209073,31
IFT88,6.11439842209073,31
LATS2,6.11439842209073,31
CDK13,6.11439842209073,31
SEMA4F,6.11439842209073,31
PRPF40B,6.11439842209073,31
FMNL3,6.11439842209073,31
MTTP,6.11439842209073,31
FOXO1,6.11439842209073,31
CATSPERG,6.11439842209073,31
ACTN4,6.11439842209073,31
CD22,6.11439842209073,31
MTMR4,6.11439842209073,31
HEATR6,6.11439842209073,31
CTCFL,6.11439842209073,31
MEGF6,6.11439842209073,31
KANK1,6.11439842209073,31
SV2C,6.11439842209073,31
SART3,6.11439842209073,31
TRPV4,6.11439842209073,31
SEMA3E,6.11439842209073,31
MTUS1,6.11439842209073,31
AEBP1,6.11439842209073,31
EGFR,6.11439842209073,31
CFAP91,6.11439842209073,31
ATP2B4,6.11439842209073,31
RASAL1,6.11439842209073,31
SELP,6.11439842209073,31
LRIG3,6.11439842209073,31
CEP89,6.11439842209073,31
NFKB1,6.11439842209073,31
ZNF665,6.11439842209073,31
ZNF366,6.11439842209073,31
FOXA2,6.11439842209073,31
RASAL3,6.11439842209073,31
NLRP2,6.11439842209073,31
SNTG1,6.11439842209073,31
ENPP2,6.11439842209073,31
FKBP15,6.11439842209073,31
AGXT2,6.11439842209073,31
NSD2,6.11439842209073,31
TLE4,6.11439842209073,31
TSHR,6.11439842209073,31
NOL8,6.11439842209073,31
ANKRD20A4P,6.11439842209073,31
SMC5,6.11439842209073,31
TMC1,6.11439842209073,31
ANKRD20A1,5.9171597633136095,30
ABCD2,5.9171597633136095,30
CRIM1,5.9171597633136095,30
MDGA1,5.9171597633136095,30
ZNF235,5.9171597633136095,30
EXOC3,5.9171597633136095,30
C9,5.9171597633136095,30
ZNF630,5.9171597633136095,30
GABRG1,5.9171597633136095,30
TGM6,5.9171597633136095,30
FHOD1,5.9171597633136095,30
NCAPG,5.9171597633136095,30
KNG1,5.9171597633136095,30
ZNF808,5.9171597633136095,30
ZNF765,5.9171597633136095,30
ARHGAP29,5.9171597633136095,30
SLC26A4,5.9171597633136095,30
CPNE8,5.9171597633136095,30
WDR49,5.9171597633136095,30
RAPGEF1,5.9171597633136095,30
BMP5,5.9171597633136095,30
PLD2,5.9171597633136095,30
DHX37,5.9171597633136095,30
TUBA3C,5.9171597633136095,30
PRAG1,5.9171597633136095,30
TTC12,5.9171597633136095,30
HDAC9,5.9171597633136095,30
ZNF264,5.9171597633136095,30
KBTBD8,5.9171597633136095,30
ITGA11,5.9171597633136095,30
CLCN6,5.9171597633136095,30
ZC3H4,5.9171597633136095,30
KANK4,5.9171597633136095,30
CDC5L,5.9171597633136095,30
CFAP206,5.9171597633136095,30
B4GALNT4,5.9171597633136095,30
GAK,5.9171597633136095,30
MPHOSPH9,5.9171597633136095,30
SMURF1,5.9171597633136095,30
ZNF184,5.9171597633136095,30
JPH3,5.9171597633136095,30
UBASH3B,5.9171597633136095,30
KATNIP,5.9171597633136095,30
TBC1D1,5.9171597633136095,30
BICRA,5.9171597633136095,30
TAF2,5.9171597633136095,30
TLR6,5.9171597633136095,30
WASHC5,5.9171597633136095,30
STRBP,5.9171597633136095,30
DDX24,5.9171597633136095,30
CCDC80,5.9171597633136095,30
PEX5L,5.9171597633136095,30
SPECC1L,5.9171597633136095,30
ZNF432,5.9171597633136095,30
HIRA,5.9171597633136095,30
KLHL15,5.9171597633136095,30
POU3F4,5.9171597633136095,30
OSBPL3,5.9171597633136095,30
WDR6,5.9171597633136095,30
HSD17B4,5.9171597633136095,30
SNCAIP,5.9171597633136095,30
MYCBPAP,5.9171597633136095,30
NDST1,5.9171597633136095,30
SFI1,5.9171597633136095,30
SHCBP1L,5.9171597633136095,30
RAG2,5.9171597633136095,30
NPHP1,5.9171597633136095,30
CCDC82,5.9171597633136095,30
THAP12,5.9171597633136095,30
KDM2A,5.9171597633136095,30
CPXM2,5.9171597633136095,30
FIGNL1,5.9171597633136095,30
PRDM5,5.9171597633136095,30
ARHGAP33,5.9171597633136095,30
AHI1,5.9171597633136095,30
TMEM168,5.9171597633136095,30
GTF3C3,5.9171597633136095,30
OSBPL10,5.9171597633136095,30
SEC23B,5.9171597633136095,30
ZNF518B,5.9171597633136095,30
BMPR2,5.9171597633136095,30
EPHB3,5.9171597633136095,30
XPO1,5.9171597633136095,30
TRIM59,5.9171597633136095,30
MTRR,5.9171597633136095,30
SLCO4A1,5.9171597633136095,30
DLL1,5.9171597633136095,30
STAU2,5.9171597633136095,30
CYLD,5.9171597633136095,30
CDCA2,5.9171597633136095,30
ADAMTS5,5.9171597633136095,30
DISP2,5.9171597633136095,30
ZNF157,5.9171597633136095,30
LAMB3,5.9171597633136095,30
SMG8,5.9171597633136095,30
FBH1,5.9171597633136095,30
APOBR,5.9171597633136095,30
KIF7,5.9171597633136095,30
KCNN3,5.9171597633136095,30
AGBL1,5.9171597633136095,30
PLPPR4,5.9171597633136095,30
PHTF2,5.9171597633136095,30
ZBTB4,5.9171597633136095,30
CORIN,5.9171597633136095,30
SF3B3,5.9171597633136095,30
LCP2,5.9171597633136095,30
SGO1,5.9171597633136095,30
FAM13B,5.9171597633136095,30
CHSY3,5.9171597633136095,30
RASGRP1,5.9171597633136095,30
CYFIP1,5.9171597633136095,30
SEMA5B,5.9171597633136095,30
PITPNM2,5.9171597633136095,30
SLFN11,5.9171597633136095,30
GRIK5,5.9171597633136095,30
PTPN4,5.9171597633136095,30
CCDC7,5.9171597633136095,30
POU4F2,5.9171597633136095,30
QRICH2,5.9171597633136095,30
C1R,5.9171597633136095,30
RNF220,5.9171597633136095,30
TGS1,5.9171597633136095,30
DDX53,5.9171597633136095,30
ZNF180,5.9171597633136095,30
WWC1,5.9171597633136095,30
C2orf78,5.9171597633136095,30
ADAMTS6,5.9171597633136095,30
DLGAP1,5.9171597633136095,30
SPOCD1,5.9171597633136095,30
HR,5.9171597633136095,30
TXNDC16,5.9171597633136095,30
DLGAP5,5.9171597633136095,30
ZNF420,5.9171597633136095,30
SOX6,5.9171597633136095,30
IPO7,5.9171597633136095,30
SLC22A3,5.9171597633136095,30
MYLK3,5.9171597633136095,30
SLC6A15,5.9171597633136095,30
LRRFIP1,5.9171597633136095,30
TECPR1,5.9171597633136095,30
POM121,5.9171597633136095,30
SLC6A9,5.9171597633136095,30
VAV3,5.9171597633136095,30
USP5,5.9171597633136095,30
TRIM67,5.9171597633136095,30
MAGI3,5.9171597633136095,30
ADCY3,5.9171597633136095,30
OAS3,5.9171597633136095,30
ABL1,5.9171597633136095,30
LONRF3,5.9171597633136095,30
FAM161A,5.9171597633136095,30
ZKSCAN7,5.9171597633136095,30
MAP10,5.9171597633136095,30
ALDH1L1,5.9171597633136095,30
CGN,5.9171597633136095,30
MTMR8,5.9171597633136095,30
CCDC63,5.9171597633136095,30
PDE6A,5.9171597633136095,30
E2F1,5.9171597633136095,30
ITCH,5.9171597633136095,30
ARSJ,5.9171597633136095,30
ZNF799,5.9171597633136095,30
HKDC1,5.9171597633136095,30
UNC5B,5.9171597633136095,30
ILF3,5.9171597633136095,30
TGM1,5.9171597633136095,30
PRKD1,5.9171597633136095,30
WIZ,5.9171597633136095,30
ACBD3,5.9171597633136095,30
PDK3,5.9171597633136095,30
NUMB,5.9171597633136095,30
YME1L1,5.9171597633136095,30
PTCHD4,5.9171597633136095,30
EDIL3,5.9171597633136095,30
PCDHGA10,5.9171597633136095,30
PLCL2,5.9171597633136095,30
OGDH,5.9171597633136095,30
ELMO1,5.9171597633136095,30
BRINP2,5.9171597633136095,30
MAEL,5.9171597633136095,30
RLIM,5.9171597633136095,30
TTC13,5.9171597633136095,30
ZNF507,5.9171597633136095,30
SRPRA,5.9171597633136095,30
DGKI,5.9171597633136095,30
USP42,5.9171597633136095,30
ZNF12,5.9171597633136095,30
CLCA1,5.9171597633136095,30
RBFOX1,5.9171597633136095,30
ARHGAP24,5.9171597633136095,30
MMRN1,5.9171597633136095,30
CWF19L2,5.9171597633136095,30
PCNX4,5.9171597633136095,30
ADCY4,5.9171597633136095,30
SNX13,5.9171597633136095,30
MGAT5B,5.9171597633136095,30
PDZD8,5.9171597633136095,30
SEC23IP,5.9171597633136095,30
FASTKD1,5.9171597633136095,30
ATP6V0A4,5.9171597633136095,30
SUPT20HL1,5.9171597633136095,30
PKD2,5.9171597633136095,30
PDGFRB,5.9171597633136095,30
ZNF438,5.9171597633136095,30
SLC35F5,5.9171597633136095,30
PHF20,5.9171597633136095,30
SPICE1,5.9171597633136095,30
DENND2A,5.9171597633136095,30
GCNA,5.9171597633136095,30
SLC8A3,5.9171597633136095,30
SIN3B,5.9171597633136095,30
TUT1,5.9171597633136095,30
STEAP4,5.9171597633136095,30
SUGP2,5.9171597633136095,30
HGSNAT,5.9171597633136095,30
SH3TC1,5.9171597633136095,30
ZNF681,5.9171597633136095,30
CSF3R,5.9171597633136095,30
NR4A3,5.9171597633136095,30
INVS,5.9171597633136095,30
GPC3,5.9171597633136095,30
MATN2,5.9171597633136095,30
FANCA,5.9171597633136095,30
SIMC1,5.9171597633136095,30
PLEKHG4,5.9171597633136095,30
SALL2,5.9171597633136095,30
IPO11,5.9171597633136095,30
TEX11,5.9171597633136095,30
WDR3,5.9171597633136095,30
MPP2,5.9171597633136095,30
ZMYM1,5.9171597633136095,30
WAS,5.9171597633136095,30
ADAMTS10,5.9171597633136095,30
ZNF559,5.9171597633136095,30
GUF1,5.9171597633136095,30
THSD4,5.9171597633136095,30
MAP3K12,5.719921104536489,29
SRGAP3,5.719921104536489,29
SRBD1,5.719921104536489,29
PRPF39,5.719921104536489,29
MS4A14,5.719921104536489,29
ZNF813,5.719921104536489,29
TECPR2,5.719921104536489,29
CCDC150,5.719921104536489,29
SWT1,5.719921104536489,29
TF,5.719921104536489,29
SERPINI2,5.719921104536489,29
ZNF214,5.719921104536489,29
STOX2,5.719921104536489,29
JAK3,5.719921104536489,29
ZMYM5,5.719921104536489,29
HTR2A,5.719921104536489,29
DTNA,5.719921104536489,29
TCF7L2,5.719921104536489,29
HEMGN,5.719921104536489,29
KLHL41,5.719921104536489,29
SREBF2,5.719921104536489,29
ADAM19,5.719921104536489,29
TOP3A,5.719921104536489,29
TCP11L2,5.719921104536489,29
PCDHGB5,5.719921104536489,29
PRKCH,5.719921104536489,29
SLC16A2,5.719921104536489,29
OGA,5.719921104536489,29
ERAP1,5.719921104536489,29
TMTC2,5.719921104536489,29
DYNC1I1,5.719921104536489,29
USP44,5.719921104536489,29
LGR6,5.719921104536489,29
CEP164,5.719921104536489,29
UBE4A,5.719921104536489,29
CYP4F2,5.719921104536489,29
TGFBRAP1,5.719921104536489,29
HTR5A,5.719921104536489,29
HYOU1,5.719921104536489,29
FMO4,5.719921104536489,29
CCDC30,5.719921104536489,29
WDR11,5.719921104536489,29
MTF1,5.719921104536489,29
MBTPS2,5.719921104536489,29
KIF3C,5.719921104536489,29
ZNF248,5.719921104536489,29
ASPH,5.719921104536489,29
ZNF549,5.719921104536489,29
PIWIL3,5.719921104536489,29
OR11H1,5.719921104536489,29
UBN2,5.719921104536489,29
CRYBG3,5.719921104536489,29
F11,5.719921104536489,29
NME8,5.719921104536489,29
SLCO2B1,5.719921104536489,29
KIF6,5.719921104536489,29
SCUBE1,5.719921104536489,29
PARP1,5.719921104536489,29
ROR1,5.719921104536489,29
ARHGAP26,5.719921104536489,29
MARK1,5.719921104536489,29
RBM12,5.719921104536489,29
PDE11A,5.719921104536489,29
KIFAP3,5.719921104536489,29
VCPIP1,5.719921104536489,29
PTK2B,5.719921104536489,29
EPB41L2,5.719921104536489,29
IPO4,5.719921104536489,29
CYP4F22,5.719921104536489,29
TCERG1L,5.719921104536489,29
AP2A2,5.719921104536489,29
RIMBP3,5.719921104536489,29
SOGA1,5.719921104536489,29
PDE6C,5.719921104536489,29
DPY19L2,5.719921104536489,29
HEATR4,5.719921104536489,29
SLFN5,5.719921104536489,29
PUM2,5.719921104536489,29
ZFYVE1,5.719921104536489,29
AXIN2,5.719921104536489,29
GAS2L2,5.719921104536489,29
CEP112,5.719921104536489,29
ADAMTS1,5.719921104536489,29
ZXDA,5.719921104536489,29
ARHGEF9,5.719921104536489,29
PSMD1,5.719921104536489,29
PGBD2,5.719921104536489,29
IHO1,5.719921104536489,29
AMOTL1,5.719921104536489,29
FAM160A2,5.719921104536489,29
GUCY1A2,5.719921104536489,29
TKTL2,5.719921104536489,29
PCNX3,5.719921104536489,29
ANKMY1,5.719921104536489,29
NLRP11,5.719921104536489,29
PLK4,5.719921104536489,29
NOBOX,5.719921104536489,29
ZNF512,5.719921104536489,29
AMPD3,5.719921104536489,29
OSBPL8,5.719921104536489,29
E2F7,5.719921104536489,29
XIAP,5.719921104536489,29
WDR35,5.719921104536489,29
MAML3,5.719921104536489,29
PCDHAC2,5.719921104536489,29
KLHL6,5.719921104536489,29
PGR,5.719921104536489,29
ESYT1,5.719921104536489,29
ETAA1,5.719921104536489,29
FSHR,5.719921104536489,29
FMNL2,5.719921104536489,29
TGM4,5.719921104536489,29
MASTL,5.719921104536489,29
DPYSL2,5.719921104536489,29
SLC15A2,5.719921104536489,29
MICAL1,5.719921104536489,29
HIPK4,5.719921104536489,29
CPT1C,5.719921104536489,29
CAND2,5.719921104536489,29
PRDM4,5.719921104536489,29
C1orf112,5.719921104536489,29
TICAM1,5.719921104536489,29
XRN2,5.719921104536489,29
SRRM1,5.719921104536489,29
CRYBG2,5.719921104536489,29
CEP76,5.719921104536489,29
ZMYND15,5.719921104536489,29
HIPK2,5.719921104536489,29
BRAF,5.719921104536489,29
NUP93,5.719921104536489,29
SETD1A,5.719921104536489,29
SLCO3A1,5.719921104536489,29
FCRL5,5.719921104536489,29
AFP,5.719921104536489,29
GBP1,5.719921104536489,29
ARHGEF1,5.719921104536489,29
MVP,5.719921104536489,29
MYBL2,5.719921104536489,29
GC,5.719921104536489,29
CHSY1,5.719921104536489,29
SLC25A13,5.719921104536489,29
RTN3,5.719921104536489,29
CCDC88B,5.719921104536489,29
NAA16,5.719921104536489,29
AFM,5.719921104536489,29
CBLL2,5.719921104536489,29
ZNF770,5.719921104536489,29
TFIP11,5.719921104536489,29
RBSN,5.719921104536489,29
LPIN1,5.719921104536489,29
PRAMEF15,5.719921104536489,29
SEMA6A,5.719921104536489,29
GRIPAP1,5.719921104536489,29
ZC3H14,5.719921104536489,29
NRDE2,5.719921104536489,29
PITRM1,5.719921104536489,29
AGGF1,5.719921104536489,29
HNF1A,5.719921104536489,29
VPS33A,5.719921104536489,29
ZNF23,5.719921104536489,29
DLG1,5.719921104536489,29
PRPF6,5.719921104536489,29
EDC4,5.719921104536489,29
ITPRID1,5.719921104536489,29
ANO1,5.719921104536489,29
ZNF786,5.719921104536489,29
POLRMT,5.719921104536489,29
MNDA,5.719921104536489,29
ATP2C2,5.719921104536489,29
SPAM1,5.719921104536489,29
EHBP1,5.719921104536489,29
SYNE3,5.719921104536489,29
STAMBPL1,5.719921104536489,29
VEPH1,5.719921104536489,29
CATSPERE,5.719921104536489,29
ANKRD24,5.719921104536489,29
PTPN5,5.719921104536489,29
KIF18A,5.719921104536489,29
NOD1,5.719921104536489,29
CDHR3,5.719921104536489,29
PDS5A,5.719921104536489,29
ZFP28,5.719921104536489,29
GRAMD1B,5.719921104536489,29
DGKZ,5.719921104536489,29
KDM4B,5.719921104536489,29
SLC26A9,5.719921104536489,29
ODF2,5.719921104536489,29
BUB1,5.719921104536489,29
EMILIN1,5.719921104536489,29
KIAA1586,5.719921104536489,29
USP8,5.719921104536489,29
CYP4F11,5.719921104536489,29
ELFN2,5.719921104536489,29
GNL2,5.719921104536489,29
PIWIL4,5.719921104536489,29
DAB2,5.719921104536489,29
ZBTB7C,5.719921104536489,29
NPC1,5.719921104536489,29
GRIK4,5.719921104536489,29
PRAM1,5.719921104536489,29
MED25,5.719921104536489,29
ADGRB1,5.719921104536489,29
ADAMTSL2,5.719921104536489,29
TRIM37,5.719921104536489,29
CFAP44,5.719921104536489,29
ZNF418,5.719921104536489,29
CNNM2,5.719921104536489,29
TBC1D19,5.719921104536489,29
STIM2,5.719921104536489,29
KDM4A,5.719921104536489,29
FAM214A,5.719921104536489,29
UPF1,5.719921104536489,29
COL21A1,5.719921104536489,29
DGKA,5.719921104536489,29
SPAG16,5.719921104536489,29
EEF1AKMT4-ECE2,5.719921104536489,29
TRIM32,5.719921104536489,29
ADAMTS7,5.719921104536489,29
GNL3L,5.719921104536489,29
SEMA5A,5.719921104536489,29
PRKAA1,5.719921104536489,29
TFAP2B,5.719921104536489,29
CGNL1,5.719921104536489,29
MAP4K3,5.719921104536489,29
CXXC1,5.719921104536489,29
CALCR,5.719921104536489,29
TRPC6,5.719921104536489,29
HACE1,5.719921104536489,29
FAM120A,5.719921104536489,29
ZNF449,5.719921104536489,29
TDRD7,5.719921104536489,29
GABBR2,5.719921104536489,29
ITGA9,5.719921104536489,29
MME,5.719921104536489,29
MARK3,5.719921104536489,29
TTC27,5.719921104536489,29
CEP135,5.719921104536489,29
HDAC5,5.719921104536489,29
SCRIB,5.719921104536489,29
ERMP1,5.719921104536489,29
RDX,5.719921104536489,29
SLC9A5,5.719921104536489,29
SORCS2,5.719921104536489,29
ACSL5,5.719921104536489,29
DCLRE1A,5.719921104536489,29
ZNF527,5.719921104536489,29
ZFP30,5.719921104536489,29
RHPN2,5.719921104536489,29
GBP7,5.719921104536489,29
GPRASP2,5.719921104536489,29
CPXM1,5.719921104536489,29
OR4C12,5.719921104536489,29
LRRCC1,5.719921104536489,29
CSF2RA,5.719921104536489,29
HK3,5.719921104536489,29
BAP1,5.719921104536489,29
DIS3L,5.719921104536489,29
STAT1,5.719921104536489,29
RGS3,5.719921104536489,29
MED17,5.522682445759369,28
MAOB,5.522682445759369,28
C15orf39,5.522682445759369,28
KDM4C,5.522682445759369,28
ZNF7,5.522682445759369,28
XRCC5,5.522682445759369,28
NCKAP1,5.522682445759369,28
LRRC37A2,5.522682445759369,28
USP45,5.522682445759369,28
CLSTN2,5.522682445759369,28
ZNF605,5.522682445759369,28
SHC3,5.522682445759369,28
TTBK1,5.522682445759369,28
FYB1,5.522682445759369,28
WDR70,5.522682445759369,28
SESN3,5.522682445759369,28
PCARE,5.522682445759369,28
CLIP4,5.522682445759369,28
TMEM62,5.522682445759369,28
MTA1,5.522682445759369,28
AXIN1,5.522682445759369,28
LONP2,5.522682445759369,28
BMP7,5.522682445759369,28
SYNCRIP,5.522682445759369,28
L3MBTL3,5.522682445759369,28
KAT7,5.522682445759369,28
TBC1D2B,5.522682445759369,28
AP4E1,5.522682445759369,28
NELL2,5.522682445759369,28
VWA3A,5.522682445759369,28
PTPRA,5.522682445759369,28
NOX1,5.522682445759369,28
PCSK7,5.522682445759369,28
SYCP2L,5.522682445759369,28
MPP6,5.522682445759369,28
DAGLA,5.522682445759369,28
HSP90B1,5.522682445759369,28
BAIAP3,5.522682445759369,28
CRAMP1,5.522682445759369,28
FOXJ3,5.522682445759369,28
EVC,5.522682445759369,28
OR5T2,5.522682445759369,28
PARP8,5.522682445759369,28
USP38,5.522682445759369,28
FCHO2,5.522682445759369,28
CCDC87,5.522682445759369,28
LRRC49,5.522682445759369,28
FBXO24,5.522682445759369,28
KLF3,5.522682445759369,28
MST1R,5.522682445759369,28
LRRC4C,5.522682445759369,28
UBE4B,5.522682445759369,28
IL6ST,5.522682445759369,28
STK3,5.522682445759369,28
BAG6,5.522682445759369,28
SLC36A4,5.522682445759369,28
FKBP9,5.522682445759369,28
FUBP3,5.522682445759369,28
MYO1B,5.522682445759369,28
GRK3,5.522682445759369,28
MAPK8IP3,5.522682445759369,28
ZNF136,5.522682445759369,28
GNAZ,5.522682445759369,28
ZNF354C,5.522682445759369,28
ATP6V1H,5.522682445759369,28
MAP4K4,5.522682445759369,28
ASB15,5.522682445759369,28
PIK3CD,5.522682445759369,28
NEFL,5.522682445759369,28
GIGYF1,5.522682445759369,28
KIF1C,5.522682445759369,28
ALDH18A1,5.522682445759369,28
ZNF445,5.522682445759369,28
ZNF416,5.522682445759369,28
FNBP4,5.522682445759369,28
FOLH1,5.522682445759369,28
OR4C13,5.522682445759369,28
CHML,5.522682445759369,28
PIGB,5.522682445759369,28
NFAT5,5.522682445759369,28
IL12RB2,5.522682445759369,28
MKLN1,5.522682445759369,28
ARHGAP10,5.522682445759369,28
DCLK3,5.522682445759369,28
CDRT1,5.522682445759369,28
CNTROB,5.522682445759369,28
MROH9,5.522682445759369,28
ALOX12B,5.522682445759369,28
ZC3H11A,5.522682445759369,28
TPCN1,5.522682445759369,28
RRBP1,5.522682445759369,28
OR51E2,5.522682445759369,28
GAB2,5.522682445759369,28
ESYT3,5.522682445759369,28
AKAP17A,5.522682445759369,28
BEST3,5.522682445759369,28
SLC5A9,5.522682445759369,28
RANBP17,5.522682445759369,28
TAGAP,5.522682445759369,28
ANTXR2,5.522682445759369,28
NDST2,5.522682445759369,28
RBM33,5.522682445759369,28
KMT5B,5.522682445759369,28
CFAP52,5.522682445759369,28
ELL2,5.522682445759369,28
TRIM23,5.522682445759369,28
KIZ,5.522682445759369,28
SEL1L3,5.522682445759369,28
WAPL,5.522682445759369,28
ESCO2,5.522682445759369,28
TANGO6,5.522682445759369,28
ATP13A1,5.522682445759369,28
GANC,5.522682445759369,28
ZNF441,5.522682445759369,28
ZC3H7A,5.522682445759369,28
DPYSL5,5.522682445759369,28
TRPV2,5.522682445759369,28
RAB11FIP1,5.522682445759369,28
URI1,5.522682445759369,28
RTL3,5.522682445759369,28
EPHA1,5.522682445759369,28
HGS,5.522682445759369,28
MAP4,5.522682445759369,28
SLC6A11,5.522682445759369,28
IQSEC1,5.522682445759369,28
NLRP8,5.522682445759369,28
ZNF583,5.522682445759369,28
LIG3,5.522682445759369,28
ALOX5,5.522682445759369,28
TFAM,5.522682445759369,28
ESYT2,5.522682445759369,28
GRHL1,5.522682445759369,28
NUP107,5.522682445759369,28
CEP104,5.522682445759369,28
REXO1,5.522682445759369,28
IRAG1,5.522682445759369,28
MTIF2,5.522682445759369,28
TAP1,5.522682445759369,28
PALB2,5.522682445759369,28
PRKCB,5.522682445759369,28
F13A1,5.522682445759369,28
PPP2R2B,5.522682445759369,28
GRIP1,5.522682445759369,28
UNC5C,5.522682445759369,28
NDUFS1,5.522682445759369,28
AC098582.1,5.522682445759369,28
MEI1,5.522682445759369,28
PPIL4,5.522682445759369,28
DLG3,5.522682445759369,28
EPHB2,5.522682445759369,28
STPG2,5.522682445759369,28
ZDHHC17,5.522682445759369,28
RUNDC3B,5.522682445759369,28
LRRN2,5.522682445759369,28
MACC1,5.522682445759369,28
ADAM9,5.522682445759369,28
IRX1,5.522682445759369,28
FBXW10,5.522682445759369,28
ZNF345,5.522682445759369,28
TRPC4AP,5.522682445759369,28
JAKMIP1,5.522682445759369,28
SEC31B,5.522682445759369,28
SLF2,5.522682445759369,28
GPLD1,5.522682445759369,28
SYNJ2,5.522682445759369,28
PAPLN,5.522682445759369,28
ERN1,5.522682445759369,28
SMURF2,5.522682445759369,28
NRP1,5.522682445759369,28
RHOBTB2,5.522682445759369,28
GRAMD1C,5.522682445759369,28
RBM39,5.522682445759369,28
CALD1,5.522682445759369,28
DLGAP3,5.522682445759369,28
DIS3L2,5.522682445759369,28
TGM2,5.522682445759369,28
MLLT10,5.522682445759369,28
ARMC3,5.522682445759369,28
REST,5.522682445759369,28
MYBBP1A,5.522682445759369,28
CNST,5.522682445759369,28
GNPAT,5.522682445759369,28
TLK1,5.522682445759369,28
ZMIZ1,5.522682445759369,28
SHLD2,5.522682445759369,28
TCTE1,5.522682445759369,28
PHC2,5.522682445759369,28
TAB2,5.522682445759369,28
ENPP3,5.522682445759369,28
SEC14L5,5.522682445759369,28
WDR55,5.522682445759369,28
SCUBE3,5.522682445759369,28
KLHL32,5.522682445759369,28
ACSL6,5.522682445759369,28
AFF4,5.522682445759369,28
SIPA1L3,5.522682445759369,28
PRPF38B,5.522682445759369,28
LRIF1,5.522682445759369,28
TSPYL2,5.522682445759369,28
FAAH2,5.522682445759369,28
USP53,5.522682445759369,28
NEK9,5.522682445759369,28
GLB1L,5.522682445759369,28
ACAD10,5.522682445759369,28
BICRAL,5.522682445759369,28
ZKSCAN5,5.522682445759369,28
MARS1,5.522682445759369,28
ARMCX2,5.522682445759369,28
ZNF592,5.522682445759369,28
KLHL25,5.522682445759369,28
OXR1,5.522682445759369,28
TMEM67,5.522682445759369,28
PPFIBP1,5.522682445759369,28
EPS8,5.522682445759369,28
ZNF148,5.522682445759369,28
TSSK1B,5.522682445759369,28
EDEM3,5.522682445759369,28
LRRC37B,5.522682445759369,28
DDX20,5.522682445759369,28
AL645922.1,5.522682445759369,28
CMAS,5.522682445759369,28
SAMHD1,5.522682445759369,28
SHANK3,5.522682445759369,28
RASSF2,5.522682445759369,28
CDH17,5.522682445759369,28
SLC45A4,5.522682445759369,28
ZNF675,5.522682445759369,28
FSIP1,5.522682445759369,28
PROM1,5.522682445759369,28
DHX15,5.522682445759369,28
MDH1B,5.522682445759369,28
SKIDA1,5.522682445759369,28
PCDHGA9,5.522682445759369,28
SENP1,5.522682445759369,28
ENOX2,5.522682445759369,28
DZIP1L,5.522682445759369,28
PABPC3,5.522682445759369,28
BACH2,5.522682445759369,28
HMGCR,5.522682445759369,28
TLR9,5.522682445759369,28
RRAGB,5.522682445759369,28
GABRA5,5.522682445759369,28
SLC11A2,5.522682445759369,28
EPAS1,5.522682445759369,28
SLC9A9,5.522682445759369,28
SFSWAP,5.522682445759369,28
PUS7L,5.522682445759369,28
IVNS1ABP,5.522682445759369,28
MEGF11,5.522682445759369,28
MTMR12,5.522682445759369,28
ZIM3,5.522682445759369,28
FIGN,5.522682445759369,28
ADGRF4,5.522682445759369,28
TGFBR3,5.522682445759369,28
AK7,5.522682445759369,28
GSAP,5.522682445759369,28
ABLIM2,5.522682445759369,28
SLC14A2,5.522682445759369,28
PRMT9,5.522682445759369,28
DBF4,5.522682445759369,28
ALDH1A3,5.522682445759369,28
SLC46A3,5.522682445759369,28
CASP1,5.522682445759369,28
ATP6V0A2,5.522682445759369,28
EHBP1L1,5.522682445759369,28
TM9SF2,5.522682445759369,28
OR4K2,5.522682445759369,28
HGF,5.522682445759369,28
ATG2A,5.522682445759369,28
SMOX,5.522682445759369,28
CATSPERD,5.522682445759369,28
MIGA1,5.325443786982249,27
FPGT-TNNI3K,5.325443786982249,27
PKN2,5.325443786982249,27
STK36,5.325443786982249,27
GFPT1,5.325443786982249,27
LNX1,5.325443786982249,27
ITGA4,5.325443786982249,27
FBXL7,5.325443786982249,27
ANKRD35,5.325443786982249,27
CD101,5.325443786982249,27
TCF25,5.325443786982249,27
PLXDC2,5.325443786982249,27
SRGAP2,5.325443786982249,27
IKBKE,5.325443786982249,27
PKP1,5.325443786982249,27
PRDM1,5.325443786982249,27
GXYLT1,5.325443786982249,27
LRRFIP2,5.325443786982249,27
NEK2,5.325443786982249,27
PTBP2,5.325443786982249,27
ZNF600,5.325443786982249,27
CCPG1,5.325443786982249,27
ITGA5,5.325443786982249,27
CHRNB4,5.325443786982249,27
MASP2,5.325443786982249,27
CPSF1,5.325443786982249,27
GAB3,5.325443786982249,27
SLC22A25,5.325443786982249,27
REPS1,5.325443786982249,27
LAMC2,5.325443786982249,27
EPB41,5.325443786982249,27
ZNRF3,5.325443786982249,27
PLCZ1,5.325443786982249,27
DNM1L,5.325443786982249,27
CNKSR1,5.325443786982249,27
ASAP3,5.325443786982249,27
GPSM2,5.325443786982249,27
EFEMP1,5.325443786982249,27
GRIN2D,5.325443786982249,27
UPRT,5.325443786982249,27
KCNS2,5.325443786982249,27
STXBP1,5.325443786982249,27
PPARGC1A,5.325443786982249,27
THBS1,5.325443786982249,27
PPP2R3A,5.325443786982249,27
WDR24,5.325443786982249,27
ADGRF1,5.325443786982249,27
ACTRT1,5.325443786982249,27
SLFN13,5.325443786982249,27
JUP,5.325443786982249,27
GOLIM4,5.325443786982249,27
BPIFC,5.325443786982249,27
EFTUD2,5.325443786982249,27
NAT10,5.325443786982249,27
OSBPL7,5.325443786982249,27
ZNF253,5.325443786982249,27
CILP2,5.325443786982249,27
AP1B1,5.325443786982249,27
CTNNAL1,5.325443786982249,27
WBP11,5.325443786982249,27
PLCB1,5.325443786982249,27
MFSD14A,5.325443786982249,27
GALNT7,5.325443786982249,27
SLC20A1,5.325443786982249,27
MEIOC,5.325443786982249,27
GBE1,5.325443786982249,27
GPKOW,5.325443786982249,27
ZNF226,5.325443786982249,27
DHX40,5.325443786982249,27
LRRC6,5.325443786982249,27
KCNH6,5.325443786982249,27
PYGB,5.325443786982249,27
SLC17A6,5.325443786982249,27
E2F8,5.325443786982249,27
ACOT12,5.325443786982249,27
ANKS1A,5.325443786982249,27
ANKRD52,5.325443786982249,27
SLC2A14,5.325443786982249,27
SLC22A1,5.325443786982249,27
SERAC1,5.325443786982249,27
KBTBD7,5.325443786982249,27
PTK7,5.325443786982249,27
DCAF12L1,5.325443786982249,27
GPR101,5.325443786982249,27
USP6NL,5.325443786982249,27
EPB41L4A,5.325443786982249,27
SPRED1,5.325443786982249,27
CAPN3,5.325443786982249,27
GLRA2,5.325443786982249,27
DCAF4L2,5.325443786982249,27
PCDH1,5.325443786982249,27
XPO5,5.325443786982249,27
FTSJ3,5.325443786982249,27
FGF13,5.325443786982249,27
CDKL2,5.325443786982249,27
PSMC4,5.325443786982249,27
SLC32A1,5.325443786982249,27
DPP10,5.325443786982249,27
PSD4,5.325443786982249,27
KIF26A,5.325443786982249,27
SLC27A6,5.325443786982249,27
SIGLEC6,5.325443786982249,27
FGFR1,5.325443786982249,27
PDZD4,5.325443786982249,27
TRIM3,5.325443786982249,27
PADI4,5.325443786982249,27
CNTN2,5.325443786982249,27
SLC5A8,5.325443786982249,27
SCYL2,5.325443786982249,27
TMPO,5.325443786982249,27
KIRREL3,5.325443786982249,27
NLRX1,5.325443786982249,27
FAM71A,5.325443786982249,27
PDE9A,5.325443786982249,27
PRDM15,5.325443786982249,27
EPB41L1,5.325443786982249,27
LRRTM3,5.325443786982249,27
PRKG1,5.325443786982249,27
BCL11B,5.325443786982249,27
BTN3A1,5.325443786982249,27
FAM200A,5.325443786982249,27
BBS12,5.325443786982249,27
ZNF44,5.325443786982249,27
ACSL3,5.325443786982249,27
ADAM21,5.325443786982249,27
NBPF1,5.325443786982249,27
NVL,5.325443786982249,27
TDRD3,5.325443786982249,27
RSBN1L,5.325443786982249,27
MTERF2,5.325443786982249,27
MED24,5.325443786982249,27
LLGL1,5.325443786982249,27
ZC3HAV1,5.325443786982249,27
CPSF2,5.325443786982249,27
GABRA3,5.325443786982249,27
HS6ST2,5.325443786982249,27
LUZP4,5.325443786982249,27
PEX5,5.325443786982249,27
CLSTN3,5.325443786982249,27
USP15,5.325443786982249,27
KMO,5.325443786982249,27
DCST2,5.325443786982249,27
EXTL3,5.325443786982249,27
AFAP1,5.325443786982249,27
ZNF528,5.325443786982249,27
FETUB,5.325443786982249,27
SAP130,5.325443786982249,27
NCAM1,5.325443786982249,27
VPS41,5.325443786982249,27
GPAT3,5.325443786982249,27
CLEC16A,5.325443786982249,27
CORO7,5.325443786982249,27
HABP2,5.325443786982249,27
GBP2,5.325443786982249,27
SLC7A2,5.325443786982249,27
MTMR7,5.325443786982249,27
GRB10,5.325443786982249,27
SPIRE1,5.325443786982249,27
TMEM161B,5.325443786982249,27
LONP1,5.325443786982249,27
PLS3,5.325443786982249,27
CTC1,5.325443786982249,27
GABRA1,5.325443786982249,27
SLC24A3,5.325443786982249,27
SLCO6A1,5.325443786982249,27
PLEKHG3,5.325443786982249,27
SLC17A4,5.325443786982249,27
TBK1,5.325443786982249,27
ATG16L1,5.325443786982249,27
NHLRC2,5.325443786982249,27
ADRA2A,5.325443786982249,27
ZFP3,5.325443786982249,27
ULK1,5.325443786982249,27
DDIAS,5.325443786982249,27
CDS1,5.325443786982249,27
PICALM,5.325443786982249,27
SPOPL,5.325443786982249,27
URGCP,5.325443786982249,27
CD4,5.325443786982249,27
GMIP,5.325443786982249,27
CTPS1,5.325443786982249,27
ABLIM1,5.325443786982249,27
LRRN1,5.325443786982249,27
ACTN3,5.325443786982249,27
HTR1A,5.325443786982249,27
ELOA2,5.325443786982249,27
ARHGEF5,5.325443786982249,27
PLVAP,5.325443786982249,27
PDE4D,5.325443786982249,27
FRMD4B,5.325443786982249,27
CHPF2,5.325443786982249,27
PTPRE,5.325443786982249,27
ZNF790,5.325443786982249,27
ZSCAN29,5.325443786982249,27
DYRK4,5.325443786982249,27
C12orf4,5.325443786982249,27
C8A,5.325443786982249,27
USP37,5.325443786982249,27
STOX1,5.325443786982249,27
EXOC6B,5.325443786982249,27
ASNS,5.325443786982249,27
UNC45A,5.325443786982249,27
TUBGCP3,5.325443786982249,27
WDR88,5.325443786982249,27
HSPA12A,5.325443786982249,27
ZFAND4,5.325443786982249,27
PTPN12,5.325443786982249,27
KDM3A,5.325443786982249,27
AGBL5,5.325443786982249,27
NFATC4,5.325443786982249,27
ANGPT2,5.325443786982249,27
MBD4,5.325443786982249,27
CDHR1,5.325443786982249,27
SMPD1,5.325443786982249,27
NDNF,5.325443786982249,27
GSTCD,5.325443786982249,27
ZNF195,5.325443786982249,27
AP1G2,5.325443786982249,27
ITIH1,5.325443786982249,27
KIF9,5.325443786982249,27
GMPS,5.325443786982249,27
COG2,5.325443786982249,27
ANKEF1,5.325443786982249,27
TRIM46,5.325443786982249,27
RBBP8,5.325443786982249,27
BBS10,5.325443786982249,27
TBC1D15,5.325443786982249,27
NUGGC,5.325443786982249,27
DVL2,5.325443786982249,27
ZNF595,5.325443786982249,27
KLHL28,5.325443786982249,27
CPEB2,5.325443786982249,27
RFX4,5.325443786982249,27
ZC3H3,5.325443786982249,27
PAN3,5.325443786982249,27
ZNF557,5.325443786982249,27
CTIF,5.325443786982249,27
SMAD2,5.325443786982249,27
EMILIN2,5.325443786982249,27
SEMA4A,5.325443786982249,27
CNOT10,5.325443786982249,27
DCLK2,5.325443786982249,27
CNNM4,5.325443786982249,27
NPAS2,5.325443786982249,27
ZNF667,5.325443786982249,27
N4BP1,5.325443786982249,27
WDR27,5.325443786982249,27
CHEK2,5.325443786982249,27
COPB2,5.325443786982249,27
PPP2R3B,5.325443786982249,27
RPGR,5.325443786982249,27
CHAF1A,5.325443786982249,27
RADIL,5.325443786982249,27
INTS5,5.325443786982249,27
AP1S1,5.325443786982249,27
ELOA,5.325443786982249,27
VANGL2,5.325443786982249,27
FNDC3A,5.325443786982249,27
ENOX1,5.325443786982249,27
HTR3A,5.325443786982249,27
ZAP70,5.325443786982249,27
PFAS,5.325443786982249,27
LIG4,5.325443786982249,27
OR4Q3,5.325443786982249,27
GPR174,5.325443786982249,27
NXF3,5.325443786982249,27
ZNF443,5.325443786982249,27
TAF1C,5.325443786982249,27
PIBF1,5.325443786982249,27
CKAP2,5.325443786982249,27
SIDT2,5.325443786982249,27
ARMCX5,5.325443786982249,27
BTNL8,5.325443786982249,27
GFPT2,5.325443786982249,27
ZNF563,5.325443786982249,27
MID1,5.325443786982249,27
FAM111B,5.325443786982249,27
PKD2L1,5.325443786982249,27
ACTN2,5.325443786982249,27
GALNTL6,5.325443786982249,27
TLL2,5.325443786982249,27
INTS7,5.325443786982249,27
OBI1,5.325443786982249,27
CBL,5.325443786982249,27
PPAN-P2RY11,5.325443786982249,27
ISLR2,5.325443786982249,27
ALAS2,5.325443786982249,27
ZNF283,5.325443786982249,27
PBX3,5.325443786982249,27
FOXN3,5.325443786982249,27
ANKLE2,5.325443786982249,27
SLC7A14,5.325443786982249,27
FAM214B,5.325443786982249,27
SYK,5.325443786982249,27
RECK,5.325443786982249,27
NUP155,5.325443786982249,27
ECM2,5.128205128205128,26
ARHGAP25,5.128205128205128,26
SLC4A9,5.128205128205128,26
ERICH6,5.128205128205128,26
CHST2,5.128205128205128,26
CDKL3,5.128205128205128,26
FBXL4,5.128205128205128,26
PRKCG,5.128205128205128,26
IGSF3,5.128205128205128,26
NUAK1,5.128205128205128,26
FRMD5,5.128205128205128,26
TRAPPC9,5.128205128205128,26
CAPN13,5.128205128205128,26
TMPRSS11E,5.128205128205128,26
SLCO1A2,5.128205128205128,26
ECT2L,5.128205128205128,26
QSOX1,5.128205128205128,26
TBL1X,5.128205128205128,26
ZSCAN10,5.128205128205128,26
LCTL,5.128205128205128,26
IGDCC4,5.128205128205128,26
SLC26A1,5.128205128205128,26
ZNF329,5.128205128205128,26
RFX2,5.128205128205128,26
TLR3,5.128205128205128,26
SBNO2,5.128205128205128,26
DCT,5.128205128205128,26
GPC6,5.128205128205128,26
AGMO,5.128205128205128,26
PAX5,5.128205128205128,26
KLB,5.128205128205128,26
KIF23,5.128205128205128,26
OTOA,5.128205128205128,26
PCSK6,5.128205128205128,26
POLI,5.128205128205128,26
BTRC,5.128205128205128,26
CHRNA2,5.128205128205128,26
BMT2,5.128205128205128,26
SLC26A3,5.128205128205128,26
FCRL4,5.128205128205128,26
MEP1B,5.128205128205128,26
CFAP74,5.128205128205128,26
CHRM4,5.128205128205128,26
TMCO3,5.128205128205128,26
ADCY7,5.128205128205128,26
NEDD1,5.128205128205128,26
CAGE1,5.128205128205128,26
TAF7L,5.128205128205128,26
ZNF440,5.128205128205128,26
MGAT4C,5.128205128205128,26
CNGA1,5.128205128205128,26
ADAM28,5.128205128205128,26
LOXL2,5.128205128205128,26
LMOD2,5.128205128205128,26
NPY5R,5.128205128205128,26
BCAR1,5.128205128205128,26
UBN1,5.128205128205128,26
TRIM9,5.128205128205128,26
HELLS,5.128205128205128,26
NOC3L,5.128205128205128,26
FOXP2,5.128205128205128,26
MUC3A,5.128205128205128,26
MFSD6,5.128205128205128,26
ZSCAN30,5.128205128205128,26
SETDB2,5.128205128205128,26
LRRC36,5.128205128205128,26
LMLN,5.128205128205128,26
CNOT4,5.128205128205128,26
OR5AS1,5.128205128205128,26
SMARCC1,5.128205128205128,26
SEC23A,5.128205128205128,26
SCFD1,5.128205128205128,26
ZNF599,5.128205128205128,26
FBXL5,5.128205128205128,26
TAX1BP1,5.128205128205128,26
CNDP1,5.128205128205128,26
OR2M3,5.128205128205128,26
FAM227B,5.128205128205128,26
UGT2B4,5.128205128205128,26
TMPRSS11F,5.128205128205128,26
GPSM1,5.128205128205128,26
EXOSC10,5.128205128205128,26
ATRIP,5.128205128205128,26
MYO19,5.128205128205128,26
ZNF778,5.128205128205128,26
FAHD2A,5.128205128205128,26
PLOD2,5.128205128205128,26
ZSWIM4,5.128205128205128,26
RELCH,5.128205128205128,26
PADI1,5.128205128205128,26
MPP4,5.128205128205128,26
PRDM14,5.128205128205128,26
ZBTB7B,5.128205128205128,26
PPP3CB,5.128205128205128,26
OSBPL5,5.128205128205128,26
EGFL6,5.128205128205128,26
FBXW11,5.128205128205128,26
ILVBL,5.128205128205128,26
LY9,5.128205128205128,26
CDC42BPG,5.128205128205128,26
PRKCE,5.128205128205128,26
DRD5,5.128205128205128,26
MCF2L,5.128205128205128,26
MORC3,5.128205128205128,26
PNLIPRP3,5.128205128205128,26
RNF103,5.128205128205128,26
ADGRE2,5.128205128205128,26
FUBP1,5.128205128205128,26
CXorf66,5.128205128205128,26
DDHD1,5.128205128205128,26
PDE5A,5.128205128205128,26
CPE,5.128205128205128,26
ZNF483,5.128205128205128,26
GFRA1,5.128205128205128,26
ZNF33B,5.128205128205128,26
RBM14,5.128205128205128,26
NPAS4,5.128205128205128,26
SF3B2,5.128205128205128,26
KCNK9,5.128205128205128,26
DEUP1,5.128205128205128,26
EPS15L1,5.128205128205128,26
ANO9,5.128205128205128,26
AHDC1,5.128205128205128,26
ADAM2,5.128205128205128,26
MTMR9,5.128205128205128,26
YY1AP1,5.128205128205128,26
NOMO1,5.128205128205128,26
DDX21,5.128205128205128,26
UGT2B15,5.128205128205128,26
CMTR2,5.128205128205128,26
AARS1,5.128205128205128,26
KCNJ12,5.128205128205128,26
PTPN11,5.128205128205128,26
ZNF26,5.128205128205128,26
GUSB,5.128205128205128,26
PRAMEF19,5.128205128205128,26
SOX17,5.128205128205128,26
ZBTB1,5.128205128205128,26
IL12RB1,5.128205128205128,26
ZNF160,5.128205128205128,26
SRPX,5.128205128205128,26
ZXDC,5.128205128205128,26
SCNN1G,5.128205128205128,26
GPRIN3,5.128205128205128,26
DNAI2,5.128205128205128,26
SEPTIN14,5.128205128205128,26
SLC6A6,5.128205128205128,26
SLC6A1,5.128205128205128,26
PSMD2,5.128205128205128,26
TM9SF3,5.128205128205128,26
HIF1A,5.128205128205128,26
CCP110,5.128205128205128,26
SLC17A1,5.128205128205128,26
KLHL34,5.128205128205128,26
RAPH1,5.128205128205128,26
ZNF611,5.128205128205128,26
DCAF5,5.128205128205128,26
SP110,5.128205128205128,26
GPHN,5.128205128205128,26
PDE2A,5.128205128205128,26
CYP4F12,5.128205128205128,26
DRD2,5.128205128205128,26
ANKK1,5.128205128205128,26
MRE11,5.128205128205128,26
TRIM6,5.128205128205128,26
ZNF649,5.128205128205128,26
TMEM63C,5.128205128205128,26
ESRRB,5.128205128205128,26
LRRC8C,5.128205128205128,26
AWAT2,5.128205128205128,26
RGS7,5.128205128205128,26
AREL1,5.128205128205128,26
MTPAP,5.128205128205128,26
SLFN12,5.128205128205128,26
LINGO1,5.128205128205128,26
KAT14,5.128205128205128,26
RNMT,5.128205128205128,26
TNS2,5.128205128205128,26
ZNF680,5.128205128205128,26
PARPBP,5.128205128205128,26
CPT1A,5.128205128205128,26
KCNS3,5.128205128205128,26
C1S,5.128205128205128,26
MCM2,5.128205128205128,26
ARHGAP11A,5.128205128205128,26
ZNF614,5.128205128205128,26
MCCC1,5.128205128205128,26
NMUR2,5.128205128205128,26
DNM3,5.128205128205128,26
ALG8,5.128205128205128,26
INTS4,5.128205128205128,26
SEMA3A,5.128205128205128,26
RABGAP1L,5.128205128205128,26
MED1,5.128205128205128,26
SLC39A12,5.128205128205128,26
CDCA7L,5.128205128205128,26
SLC22A9,5.128205128205128,26
ADGRG7,5.128205128205128,26
CLASRP,5.128205128205128,26
EGR2,5.128205128205128,26
SPATA5,5.128205128205128,26
PARP9,5.128205128205128,26
CPNE4,5.128205128205128,26
TRMT13,5.128205128205128,26
AP2B1,5.128205128205128,26
ZNF492,5.128205128205128,26
ZNF676,5.128205128205128,26
MYLK2,5.128205128205128,26
COQ8A,5.128205128205128,26
IQSEC3,5.128205128205128,26
GLB1L2,5.128205128205128,26
GLB1L3,5.128205128205128,26
DAZAP1,5.128205128205128,26
TAF15,5.128205128205128,26
IRF8,5.128205128205128,26
MARCHF7,5.128205128205128,26
HDAC3,5.128205128205128,26
TAOK1,5.128205128205128,26
SEZ6,5.128205128205128,26
GPR156,5.128205128205128,26
TUBA4A,5.128205128205128,26
TOP1,5.128205128205128,26
MAPKBP1,5.128205128205128,26
AKT3,5.128205128205128,26
SUV39H1,5.128205128205128,26
MDM1,5.128205128205128,26
ZP1,5.128205128205128,26
LGSN,5.128205128205128,26
RBMX,5.128205128205128,26
R3HDM2,5.128205128205128,26
KLHL38,5.128205128205128,26
LRRC8D,5.128205128205128,26
ZNF473,5.128205128205128,26
SCAF1,5.128205128205128,26
ZNF285,5.128205128205128,26
VPS39,5.128205128205128,26
SLCO4C1,5.128205128205128,26
MSL3,5.128205128205128,26
SH3PXD2B,5.128205128205128,26
MCM4,5.128205128205128,26
MTHFD1L,5.128205128205128,26
WDR5,5.128205128205128,26
KCNC4,5.128205128205128,26
NEIL3,5.128205128205128,26
FURIN,5.128205128205128,26
SARDH,5.128205128205128,26
BCAS3,5.128205128205128,26
RPS6KA5,5.128205128205128,26
KIF3B,5.128205128205128,26
KCND1,5.128205128205128,26
ZFX,5.128205128205128,26
SLCO1B1,5.128205128205128,26
KCND3,5.128205128205128,26
PLEKHG6,5.128205128205128,26
PHC1,5.128205128205128,26
COG1,5.128205128205128,26
MAP2K4,5.128205128205128,26
SOX30,5.128205128205128,26
INTS13,5.128205128205128,26
SOX5,5.128205128205128,26
STAT6,5.128205128205128,26
MPP5,5.128205128205128,26
NFKB2,5.128205128205128,26
EHHADH,5.128205128205128,26
DVL3,5.128205128205128,26
GATAD2A,5.128205128205128,26
ARNT2,5.128205128205128,26
ACSBG1,5.128205128205128,26
ZNF761,5.128205128205128,26
MTMR6,5.128205128205128,26
POMT1,5.128205128205128,26
DCAF13,5.128205128205128,26
FBXO43,5.128205128205128,26
TEX13A,5.128205128205128,26
TINAG,5.128205128205128,26
SEZ6L,5.128205128205128,26
MACO1,5.128205128205128,26
PFKM,5.128205128205128,26
EPS15,5.128205128205128,26
ZNF326,5.128205128205128,26
TMF1,5.128205128205128,26
SPZ1,5.128205128205128,26
KHDRBS2,5.128205128205128,26
NT5C1B,5.128205128205128,26
MERTK,5.128205128205128,26
PAK5,5.128205128205128,26
CCDC112,5.128205128205128,26
ACLY,5.128205128205128,26
IFRD1,5.128205128205128,26
CALCRL,5.128205128205128,26
GJA8,5.128205128205128,26
MCOLN3,5.128205128205128,26
KIF18B,5.128205128205128,26
OLFML2A,5.128205128205128,26
KLHL23,5.128205128205128,26
CAPN5,5.128205128205128,26
NNT,5.128205128205128,26
SNX14,5.128205128205128,26
LCA5,5.128205128205128,26
IMPG1,5.128205128205128,26
ZNF131,5.128205128205128,26
RALGDS,5.128205128205128,26
ANO6,5.128205128205128,26
POLG,5.128205128205128,26
AC013489.1,5.128205128205128,26
CYBB,5.128205128205128,26
ZNF221,5.128205128205128,26
TMC2,5.128205128205128,26
ST6GAL2,5.128205128205128,26
ACO1,5.128205128205128,26
ROR2,5.128205128205128,26
DNAI1,5.128205128205128,26
ZBTB38,5.128205128205128,26
MPHOSPH8,5.128205128205128,26
NAALADL2,5.128205128205128,26
ADARB2,5.128205128205128,26
ZNF839,5.128205128205128,26
APBA1,5.128205128205128,26
EFHC1,5.128205128205128,26
PSIP1,5.128205128205128,26
UBAP2,5.128205128205128,26
LRRC40,4.930966469428008,25
ZNF189,4.930966469428008,25
RFX3,4.930966469428008,25
CYP27C1,4.930966469428008,25
R3HDM1,4.930966469428008,25
IGDCC3,4.930966469428008,25
CCDC125,4.930966469428008,25
USP51,4.930966469428008,25
IFT122,4.930966469428008,25
POU2F2,4.930966469428008,25
RAVER2,4.930966469428008,25
AGPS,4.930966469428008,25
ZNF776,4.930966469428008,25
EPS8L1,4.930966469428008,25
PRKD2,4.930966469428008,25
ZNF350,4.930966469428008,25
RASGRP3,4.930966469428008,25
CYP2A13,4.930966469428008,25
CCN4,4.930966469428008,25
GLRA3,4.930966469428008,25
HCRTR2,4.930966469428008,25
RACGAP1,4.930966469428008,25
ZNF574,4.930966469428008,25
AKAP1,4.930966469428008,25
FCN1,4.930966469428008,25
CCDC9B,4.930966469428008,25
VPS18,4.930966469428008,25
MTBP,4.930966469428008,25
SLC6A17,4.930966469428008,25
RBM15,4.930966469428008,25
KIF2C,4.930966469428008,25
CLIP2,4.930966469428008,25
AGAP3,4.930966469428008,25
SAMD15,4.930966469428008,25
STRIP1,4.930966469428008,25
IRF2,4.930966469428008,25
CFP,4.930966469428008,25
NFKBIZ,4.930966469428008,25
PRICKLE1,4.930966469428008,25
POLK,4.930966469428008,25
TENT2,4.930966469428008,25
UFSP2,4.930966469428008,25
RAD54L,4.930966469428008,25
DCLRE1C,4.930966469428008,25
FAM171A1,4.930966469428008,25
ZFP82,4.930966469428008,25
EPB41L5,4.930966469428008,25
NSMAF,4.930966469428008,25
ZNF37A,4.930966469428008,25
RHOBTB3,4.930966469428008,25
BUB1B,4.930966469428008,25
WDR13,4.930966469428008,25
FES,4.930966469428008,25
MAN2A2,4.930966469428008,25
MTMR11,4.930966469428008,25
CSTF2T,4.930966469428008,25
HOOK3,4.930966469428008,25
TECRL,4.930966469428008,25
ZNF781,4.930966469428008,25
MLLT6,4.930966469428008,25
FARSB,4.930966469428008,25
MAP3K10,4.930966469428008,25
CRMP1,4.930966469428008,25
ABCG8,4.930966469428008,25
MYBL1,4.930966469428008,25
ACOX3,4.930966469428008,25
ZNF383,4.930966469428008,25
GARRE1,4.930966469428008,25
CHUK,4.930966469428008,25
NR2E1,4.930966469428008,25
SEMA6C,4.930966469428008,25
ZBTB39,4.930966469428008,25
ARHGAP9,4.930966469428008,25
RNF19A,4.930966469428008,25
C19orf44,4.930966469428008,25
IQCN,4.930966469428008,25
ATP6V1B2,4.930966469428008,25
CPD,4.930966469428008,25
SUZ12,4.930966469428008,25
CFAP46,4.930966469428008,25
PPP2R5E,4.930966469428008,25
CNOT3,4.930966469428008,25
TTC38,4.930966469428008,25
GABRB3,4.930966469428008,25
TIGD4,4.930966469428008,25
TLR2,4.930966469428008,25
CLPX,4.930966469428008,25
SEPTIN9,4.930966469428008,25
SEMG2,4.930966469428008,25
MMP9,4.930966469428008,25
ZNF333,4.930966469428008,25
TOX,4.930966469428008,25
NGLY1,4.930966469428008,25
CUL1,4.930966469428008,25
BRSK2,4.930966469428008,25
ANO7,4.930966469428008,25
RGL3,4.930966469428008,25
ZNF829,4.930966469428008,25
TSEN2,4.930966469428008,25
ADGRA1,4.930966469428008,25
WDR25,4.930966469428008,25
CEP120,4.930966469428008,25
ADGRA2,4.930966469428008,25
STK33,4.930966469428008,25
TP73,4.930966469428008,25
PDCD6IP,4.930966469428008,25
WDR91,4.930966469428008,25
SPON1,4.930966469428008,25
CAPN10,4.930966469428008,25
GUCY1A1,4.930966469428008,25
NPY1R,4.930966469428008,25
NCAPH,4.930966469428008,25
CYP19A1,4.930966469428008,25
LAS1L,4.930966469428008,25
GOLGA5,4.930966469428008,25
RBMX2,4.930966469428008,25
KPRP,4.930966469428008,25
MAGEB6B,4.930966469428008,25
ZNF800,4.930966469428008,25
MELTF,4.930966469428008,25
WDR64,4.930966469428008,25
DEPDC7,4.930966469428008,25
TBC1D5,4.930966469428008,25
ALOX15B,4.930966469428008,25
FASTKD5,4.930966469428008,25
MSR1,4.930966469428008,25
RIOK3,4.930966469428008,25
CYP3A7,4.930966469428008,25
TAF6,4.930966469428008,25
SLC24A1,4.930966469428008,25
TEKT3,4.930966469428008,25
RBM15B,4.930966469428008,25
ZCCHC4,4.930966469428008,25
IL2RG,4.930966469428008,25
PAPSS1,4.930966469428008,25
SEL1L,4.930966469428008,25
GABRB1,4.930966469428008,25
UGT2A1,4.930966469428008,25
USP21,4.930966469428008,25
FAM171B,4.930966469428008,25
GALNT2,4.930966469428008,25
GCFC2,4.930966469428008,25
GALNT1,4.930966469428008,25
MFN2,4.930966469428008,25
CUL2,4.930966469428008,25
PADI6,4.930966469428008,25
ESF1,4.930966469428008,25
SLC5A2,4.930966469428008,25
ITPKB,4.930966469428008,25
TMC7,4.930966469428008,25
KNOP1,4.930966469428008,25
SYNPO,4.930966469428008,25
KATNAL2,4.930966469428008,25
TMEM200C,4.930966469428008,25
LILRB5,4.930966469428008,25
STK24,4.930966469428008,25
ATXN7,4.930966469428008,25
POLD3,4.930966469428008,25
TRPV1,4.930966469428008,25
RAB11FIP5,4.930966469428008,25
DPYSL3,4.930966469428008,25
C6orf118,4.930966469428008,25
AL136295.1,4.930966469428008,25
SYTL3,4.930966469428008,25
PRKG2,4.930966469428008,25
CCDC83,4.930966469428008,25
TAS1R1,4.930966469428008,25
POU2F1,4.930966469428008,25
AHRR,4.930966469428008,25
KBTBD3,4.930966469428008,25
SH3RF1,4.930966469428008,25
ZNF337,4.930966469428008,25
LSS,4.930966469428008,25
RRP8,4.930966469428008,25
KBTBD2,4.930966469428008,25
BBS9,4.930966469428008,25
CTDP1,4.930966469428008,25
MAMDC4,4.930966469428008,25
RCBTB2,4.930966469428008,25
EIF4G2,4.930966469428008,25
TRMT10C,4.930966469428008,25
FEZ1,4.930966469428008,25
STT3A,4.930966469428008,25
ST14,4.930966469428008,25
BOC,4.930966469428008,25
SIDT1,4.930966469428008,25
ZNF678,4.930966469428008,25
UNC13D,4.930966469428008,25
LUZP2,4.930966469428008,25
GPR50,4.930966469428008,25
MAP3K3,4.930966469428008,25
PLCG1,4.930966469428008,25
HYAL4,4.930966469428008,25
POT1,4.930966469428008,25
GIN1,4.930966469428008,25
MCHR2,4.930966469428008,25
ZNF202,4.930966469428008,25
TBC1D9B,4.930966469428008,25
RIPK1,4.930966469428008,25
ZFP2,4.930966469428008,25
RUFY3,4.930966469428008,25
BBS2,4.930966469428008,25
LIN54,4.930966469428008,25
KLHL8,4.930966469428008,25
PAM,4.930966469428008,25
ZNF491,4.930966469428008,25
ASTE1,4.930966469428008,25
C4BPA,4.930966469428008,25
G6PC2,4.930966469428008,25
RALGPS2,4.930966469428008,25
DNAJA2,4.930966469428008,25
SMPD4,4.930966469428008,25
NFATC3,4.930966469428008,25
WWP2,4.930966469428008,25
CYLC2,4.930966469428008,25
TTC29,4.930966469428008,25
RNASEL,4.930966469428008,25
F2,4.930966469428008,25
CEP85L,4.930966469428008,25
PLEKHM1,4.930966469428008,25
COIL,4.930966469428008,25
SLC9A8,4.930966469428008,25
AP3B2,4.930966469428008,25
MFGE8,4.930966469428008,25
LRRN3,4.930966469428008,25
SLC2A2,4.930966469428008,25
PLS1,4.930966469428008,25
ZNF75D,4.930966469428008,25
CPEB4,4.930966469428008,25
CDC16,4.930966469428008,25
LIMK2,4.930966469428008,25
HPS4,4.930966469428008,25
CANX,4.930966469428008,25
ZBTB24,4.930966469428008,25
MAPT,4.930966469428008,25
DHX8,4.930966469428008,25
FBXL13,4.930966469428008,25
FAM186B,4.930966469428008,25
NEUROD6,4.930966469428008,25
SLC9A1,4.930966469428008,25
GPC4,4.930966469428008,25
LHX9,4.930966469428008,25
PLA2G3,4.930966469428008,25
ZNF490,4.930966469428008,25
PPP6R2,4.930966469428008,25
APEX2,4.930966469428008,25
ACVR1B,4.930966469428008,25
CCNT1,4.930966469428008,25
TAF4,4.930966469428008,25
ZNF648,4.930966469428008,25
USP19,4.930966469428008,25
GAN,4.930966469428008,25
SKIL,4.930966469428008,25
RTEL1,4.930966469428008,25
ZCCHC12,4.930966469428008,25
MYRIP,4.930966469428008,25
AVIL,4.930966469428008,25
WDPCP,4.930966469428008,25
CAST,4.930966469428008,25
SLC17A8,4.930966469428008,25
MRPL37,4.930966469428008,25
MEFV,4.930966469428008,25
PMFBP1,4.930966469428008,25
DENND1B,4.930966469428008,25
CCDC85A,4.930966469428008,25
IGHMBP2,4.930966469428008,25
ALDH1L2,4.930966469428008,25
GDPD5,4.930966469428008,25
EHMT2,4.930966469428008,25
ZNF718,4.930966469428008,25
GABRA6,4.930966469428008,25
PIK3R6,4.930966469428008,25
SLC5A3,4.930966469428008,25
LCA5L,4.930966469428008,25
ELAC2,4.930966469428008,25
ZBTB21,4.930966469428008,25
ATP2A2,4.930966469428008,25
TBX3,4.930966469428008,25
PLEK,4.930966469428008,25
ZNF454,4.930966469428008,25
CDC45,4.930966469428008,25
KDM1B,4.930966469428008,25
RIPOR2,4.930966469428008,25
NYAP1,4.930966469428008,25
C1orf116,4.930966469428008,25
VAC14,4.930966469428008,25
PITPNM3,4.930966469428008,25
RSRC1,4.930966469428008,25
INPP5B,4.930966469428008,25
VARS2,4.930966469428008,25
MRTFA,4.930966469428008,25
RABEP1,4.930966469428008,25
EXOC2,4.930966469428008,25
MMP3,4.930966469428008,25
USPL1,4.930966469428008,25
PSPC1,4.930966469428008,25
STK10,4.930966469428008,25
UIMC1,4.930966469428008,25
GBP5,4.930966469428008,25
CEP78,4.930966469428008,25
SP3,4.930966469428008,25
GSK3A,4.930966469428008,25
XK,4.930966469428008,25
VCP,4.930966469428008,25
ZXDB,4.930966469428008,25
TBC1D2,4.930966469428008,25
DNAI3,4.930966469428008,25
PDE4B,4.733727810650888,24
PLCD4,4.733727810650888,24
RECQL4,4.733727810650888,24
ZCCHC7,4.733727810650888,24
LRSAM1,4.733727810650888,24
IFI44,4.733727810650888,24
IFI44L,4.733727810650888,24
GIPC2,4.733727810650888,24
TGFBR1,4.733727810650888,24
C9orf72,4.733727810650888,24
ZNF699,4.733727810650888,24
WDCP,4.733727810650888,24
ZP2,4.733727810650888,24
ADAM30,4.733727810650888,24
LIMA1,4.733727810650888,24
EPB41L4B,4.733727810650888,24
SLC24A2,4.733727810650888,24
SLC38A10,4.733727810650888,24
PRKAA2,4.733727810650888,24
KPNB1,4.733727810650888,24
TDRD9,4.733727810650888,24
TSPEAR,4.733727810650888,24
ZNF568,4.733727810650888,24
MMP17,4.733727810650888,24
B3GLCT,4.733727810650888,24
E2F5,4.733727810650888,24
AADACL2,4.733727810650888,24
GLRA4,4.733727810650888,24
BIRC2,4.733727810650888,24
GALNT11,4.733727810650888,24
MLXIP,4.733727810650888,24
LRRC43,4.733727810650888,24
ACADVL,4.733727810650888,24
UBASH3A,4.733727810650888,24
CYP4F3,4.733727810650888,24
GDF2,4.733727810650888,24
TMEM60,4.733727810650888,24
WIPF1,4.733727810650888,24
ZNF544,4.733727810650888,24
FAM126B,4.733727810650888,24
ZSWIM2,4.733727810650888,24
TFPI,4.733727810650888,24
ZNF234,4.733727810650888,24
LILRB2,4.733727810650888,24
LRRC4B,4.733727810650888,24
SLC44A3,4.733727810650888,24
FOXD4,4.733727810650888,24
GUCY2D,4.733727810650888,24
ABCG1,4.733727810650888,24
HDGFL2,4.733727810650888,24
ZC3H12C,4.733727810650888,24
JRK,4.733727810650888,24
LRRC14,4.733727810650888,24
HOXA1,4.733727810650888,24
USP4,4.733727810650888,24
HNRNPH2,4.733727810650888,24
CYP2A6,4.733727810650888,24
SRCIN1,4.733727810650888,24
LMOD3,4.733727810650888,24
PGM2L1,4.733727810650888,24
CMTR1,4.733727810650888,24
VARS1,4.733727810650888,24
LIMK1,4.733727810650888,24
GTF2IRD1,4.733727810650888,24
CCDC148,4.733727810650888,24
MASP1,4.733727810650888,24
GALNT10,4.733727810650888,24
ZNF426,4.733727810650888,24
TENT4A,4.733727810650888,24
BRPF3,4.733727810650888,24
NEUROD4,4.733727810650888,24
DDX25,4.733727810650888,24
ME1,4.733727810650888,24
PANK4,4.733727810650888,24
PLEKHA4,4.733727810650888,24
PPP1R15A,4.733727810650888,24
ZNF578,4.733727810650888,24
ORC1,4.733727810650888,24
PGAP4,4.733727810650888,24
IPO5,4.733727810650888,24
ZNF19,4.733727810650888,24
EBF1,4.733727810650888,24
MAP2K3,4.733727810650888,24
PPARGC1B,4.733727810650888,24
REL,4.733727810650888,24
ANKFN1,4.733727810650888,24
OLFM1,4.733727810650888,24
RBM19,4.733727810650888,24
GJD2,4.733727810650888,24
EIF2AK2,4.733727810650888,24
PPFIA3,4.733727810650888,24
GTPBP4,4.733727810650888,24
FAF1,4.733727810650888,24
ANKRD13B,4.733727810650888,24
PPP1R21,4.733727810650888,24
STON1-GTF2A1L,4.733727810650888,24
ALS2CL,4.733727810650888,24
AMY2A,4.733727810650888,24
MSANTD4,4.733727810650888,24
ZNF263,4.733727810650888,24
VPS53,4.733727810650888,24
JPH1,4.733727810650888,24
GTF3C4,4.733727810650888,24
KLHL12,4.733727810650888,24
CRNKL1,4.733727810650888,24
ANKRD6,4.733727810650888,24
PALLD,4.733727810650888,24
LMBRD1,4.733727810650888,24
HTR1B,4.733727810650888,24
TFAP2D,4.733727810650888,24
EPHB4,4.733727810650888,24
CCDC62,4.733727810650888,24
FMN1,4.733727810650888,24
MCM3,4.733727810650888,24
FOXP4,4.733727810650888,24
ADAR,4.733727810650888,24
TRMT2B,4.733727810650888,24
EFCAB3,4.733727810650888,24
MAP3K7,4.733727810650888,24
CYP2B6,4.733727810650888,24
SIRT1,4.733727810650888,24
C8orf34,4.733727810650888,24
PPP1R16B,4.733727810650888,24
JPH2,4.733727810650888,24
TTLL4,4.733727810650888,24
ASIC4,4.733727810650888,24
MAN1A2,4.733727810650888,24
PREP,4.733727810650888,24
RTF1,4.733727810650888,24
SRP72,4.733727810650888,24
TLR1,4.733727810650888,24
ZNF564,4.733727810650888,24
MST1,4.733727810650888,24
NPEPL1,4.733727810650888,24
SYN1,4.733727810650888,24
IDH2,4.733727810650888,24
MCTP2,4.733727810650888,24
ARNT,4.733727810650888,24
SLC18A3,4.733727810650888,24
CAPN7,4.733727810650888,24
G3BP2,4.733727810650888,24
HAUS5,4.733727810650888,24
KCNH3,4.733727810650888,24
TFCP2,4.733727810650888,24
XYLB,4.733727810650888,24
ZNF281,4.733727810650888,24
TBC1D16,4.733727810650888,24
EGR1,4.733727810650888,24
SATL1,4.733727810650888,24
ARHGEF4,4.733727810650888,24
MGAT5,4.733727810650888,24
CDH13,4.733727810650888,24
EDA,4.733727810650888,24
EXT1,4.733727810650888,24
CNBD1,4.733727810650888,24
ZNF480,4.733727810650888,24
ACSS2,4.733727810650888,24
IVL,4.733727810650888,24
BEND5,4.733727810650888,24
TSNAXIP1,4.733727810650888,24
TTLL2,4.733727810650888,24
FYN,4.733727810650888,24
TMEM117,4.733727810650888,24
FSTL4,4.733727810650888,24
EIF2A,4.733727810650888,24
TSHZ2,4.733727810650888,24
KRT3,4.733727810650888,24
HID1,4.733727810650888,24
RSBN1,4.733727810650888,24
APBA2,4.733727810650888,24
DDR1,4.733727810650888,24
SLC44A4,4.733727810650888,24
OR5D13,4.733727810650888,24
PNPLA8,4.733727810650888,24
PRKCI,4.733727810650888,24
FHL1,4.733727810650888,24
MAD1L1,4.733727810650888,24
BTBD3,4.733727810650888,24
ARMC8,4.733727810650888,24
USP7,4.733727810650888,24
TGM7,4.733727810650888,24
CATSPER2,4.733727810650888,24
HPS6,4.733727810650888,24
ADH1C,4.733727810650888,24
KIAA1522,4.733727810650888,24
A1CF,4.733727810650888,24
JAKMIP3,4.733727810650888,24
LILRB1,4.733727810650888,24
SLC9A2,4.733727810650888,24
NTNG1,4.733727810650888,24
EXO1,4.733727810650888,24
PLD5,4.733727810650888,24
PCDHGC3,4.733727810650888,24
ENPP1,4.733727810650888,24
SPPL2C,4.733727810650888,24
NUCB2,4.733727810650888,24
OR4A15,4.733727810650888,24
BTN1A1,4.733727810650888,24
GATB,4.733727810650888,24
CTPS2,4.733727810650888,24
PLA2G4D,4.733727810650888,24
FLII,4.733727810650888,24
PHF12,4.733727810650888,24
NPR1,4.733727810650888,24
FCHO1,4.733727810650888,24
HPSE,4.733727810650888,24
TBX4,4.733727810650888,24
P4HA2,4.733727810650888,24
AMOTL2,4.733727810650888,24
MSL2,4.733727810650888,24
KPNA1,4.733727810650888,24
FAM234B,4.733727810650888,24
NOSTRIN,4.733727810650888,24
NTRK1,4.733727810650888,24
PKN1,4.733727810650888,24
EBF3,4.733727810650888,24
SNTG2,4.733727810650888,24
TMEM260,4.733727810650888,24
EXOC5,4.733727810650888,24
RTN1,4.733727810650888,24
ZNF425,4.733727810650888,24
CEP68,4.733727810650888,24
GIMAP8,4.733727810650888,24
TRIM71,4.733727810650888,24
SLC5A12,4.733727810650888,24
CCDC138,4.733727810650888,24
FSCN3,4.733727810650888,24
ZNF431,4.733727810650888,24
ZNF354A,4.733727810650888,24
SLC12A3,4.733727810650888,24
ORC2,4.733727810650888,24
CNGA4,4.733727810650888,24
DNM2,4.733727810650888,24
ELAVL3,4.733727810650888,24
SAMD4A,4.733727810650888,24
ZNF382,4.733727810650888,24
MAGEB6,4.733727810650888,24
MAGEB3,4.733727810650888,24
UBE2O,4.733727810650888,24
PROSER1,4.733727810650888,24
SLC2A3,4.733727810650888,24
MUC15,4.733727810650888,24
ZIC3,4.733727810650888,24
ZFP14,4.733727810650888,24
DHX35,4.733727810650888,24
MEX3B,4.733727810650888,24
B4GALNT1,4.733727810650888,24
WDR45,4.733727810650888,24
ZNF827,4.733727810650888,24
TUBB4A,4.733727810650888,24
ZNF286A,4.733727810650888,24
PIEZO2,4.733727810650888,24
CSTF3,4.733727810650888,24
GBP3,4.733727810650888,24
GBP6,4.733727810650888,24
ESRRG,4.733727810650888,24
CHRM2,4.733727810650888,24
CLCN7,4.733727810650888,24
QKI,4.733727810650888,24
ACSM4,4.733727810650888,24
DLGAP4,4.733727810650888,24
BCAR3,4.733727810650888,24
UMOD,4.733727810650888,24
PNPLA5,4.733727810650888,24
TVP23A,4.733727810650888,24
JADE3,4.733727810650888,24
CLSTN1,4.733727810650888,24
ATP6AP1,4.733727810650888,24
SNRK,4.733727810650888,24
ATP1B4,4.733727810650888,24
TCP1,4.733727810650888,24
SIAE,4.733727810650888,24
PLA2G6,4.733727810650888,24
KCNJ4,4.733727810650888,24
NEK11,4.733727810650888,24
GALNT18,4.733727810650888,24
IGFN1,4.733727810650888,24
VNN1,4.733727810650888,24
WRAP53,4.733727810650888,24
AL121899.2,4.733727810650888,24
THOP1,4.733727810650888,24
ENTPD7,4.733727810650888,24
ADD1,4.733727810650888,24
NCSTN,4.733727810650888,24
HNRNPR,4.733727810650888,24
APBB1,4.733727810650888,24
TKTL1,4.733727810650888,24
MYO1C,4.733727810650888,24
TOP3B,4.733727810650888,24
RNF214,4.733727810650888,24
ZDHHC5,4.733727810650888,24
PTCD3,4.733727810650888,24
MX2,4.733727810650888,24
PNN,4.733727810650888,24
HHLA2,4.733727810650888,24
ERCC3,4.733727810650888,24
MAP3K2,4.733727810650888,24
SGMS2,4.733727810650888,24
LTV1,4.733727810650888,24
ADAM20,4.733727810650888,24
ZNF254,4.733727810650888,24
IL5RA,4.733727810650888,24
HOMEZ,4.733727810650888,24
CFAP53,4.733727810650888,24
TRIML2,4.733727810650888,24
SLC9A3,4.733727810650888,24
SNX29,4.733727810650888,24
ZC3H7B,4.733727810650888,24
ACO2,4.733727810650888,24
THBS3,4.733727810650888,24
ACSM1,4.733727810650888,24
ME3,4.733727810650888,24
KLHL24,4.733727810650888,24
MYO1G,4.733727810650888,24
JRKL,4.733727810650888,24
CHST15,4.733727810650888,24
ADAM12,4.733727810650888,24
ARHGAP28,4.733727810650888,24
MAN2C1,4.733727810650888,24
FBXO22,4.733727810650888,24
ADD2,4.733727810650888,24
FOXM1,4.733727810650888,24
DMTF1,4.733727810650888,24
CROT,4.733727810650888,24
SULT1B1,4.733727810650888,24
NDUFS2,4.733727810650888,24
BCL6B,4.733727810650888,24
CAPN9,4.733727810650888,24
GAPDHS,4.733727810650888,24
LIPI,4.733727810650888,24
SMAD3,4.733727810650888,24
GPATCH1,4.733727810650888,24
KCNA1,4.733727810650888,24
DZANK1,4.733727810650888,24
THBS4,4.733727810650888,24
PDZRN3,4.733727810650888,24
MCPH1,4.733727810650888,24
ANKFY1,4.733727810650888,24
ZNF92,4.733727810650888,24
TYW1,4.733727810650888,24
ITIH3,4.733727810650888,24
SPTLC3,4.733727810650888,24
VPS35,4.733727810650888,24
HOOK1,4.733727810650888,24
C1orf87,4.733727810650888,24
LEMD3,4.733727810650888,24
SMAD7,4.733727810650888,24
KCNV2,4.733727810650888,24
FAN1,4.733727810650888,24
OTUD7A,4.733727810650888,24
RBM41,4.733727810650888,24
PMS1,4.733727810650888,24
DPP8,4.733727810650888,24
SOAT2,4.733727810650888,24
SLC38A5,4.733727810650888,24
ZBTB14,4.733727810650888,24
GBP4,4.733727810650888,24
SLC25A12,4.733727810650888,24
MAP3K20,4.733727810650888,24
KIF24,4.733727810650888,24
CCIN,4.733727810650888,24
STAT2,4.536489151873767,23
RNF38,4.536489151873767,23
GBA2,4.536489151873767,23
C9orf131,4.536489151873767,23
PHF24,4.536489151873767,23
ZNF287,4.536489151873767,23
ANKRD36B,4.536489151873767,23
RAPGEF5,4.536489151873767,23
FBXO34,4.536489151873767,23
C7orf57,4.536489151873767,23
ACAP1,4.536489151873767,23
NRROS,4.536489151873767,23
GFM1,4.536489151873767,23
PLK3,4.536489151873767,23
RBM45,4.536489151873767,23
LILRA1,4.536489151873767,23
BZW1,4.536489151873767,23
SIGLEC8,4.536489151873767,23
AOC2,4.536489151873767,23
CASKIN2,4.536489151873767,23
LRCH3,4.536489151873767,23
KIAA1328,4.536489151873767,23
KCMF1,4.536489151873767,23
FTCD,4.536489151873767,23
COG7,4.536489151873767,23
PDXDC1,4.536489151873767,23
VPS35L,4.536489151873767,23
UGT3A2,4.536489151873767,23
KIF2A,4.536489151873767,23
OXCT1,4.536489151873767,23
CDC20B,4.536489151873767,23
SUPV3L1,4.536489151873767,23
NAALADL1,4.536489151873767,23
RUNX1,4.536489151873767,23
ZNF117,4.536489151873767,23
SLC18A2,4.536489151873767,23
UBA2,4.536489151873767,23
PDE1A,4.536489151873767,23
AHCYL2,4.536489151873767,23
CD180,4.536489151873767,23
MTG1,4.536489151873767,23
CARS1,4.536489151873767,23
ZNF746,4.536489151873767,23
CLGN,4.536489151873767,23
L3MBTL4,4.536489151873767,23
SEMA7A,4.536489151873767,23
ESR1,4.536489151873767,23
SSTR1,4.536489151873767,23
TXNDC11,4.536489151873767,23
ERVW-1,4.536489151873767,23
NXF1,4.536489151873767,23
MARK2,4.536489151873767,23
IGSF21,4.536489151873767,23
TLE2,4.536489151873767,23
ZNF626,4.536489151873767,23
IGBP1,4.536489151873767,23
UGT2B10,4.536489151873767,23
PARN,4.536489151873767,23
KCNK10,4.536489151873767,23
MAP3K9,4.536489151873767,23
MAPK4,4.536489151873767,23
TRNT1,4.536489151873767,23
ME2,4.536489151873767,23
LPCAT1,4.536489151873767,23
KRIT1,4.536489151873767,23
SLC5A11,4.536489151873767,23
RASGEF1B,4.536489151873767,23
BARD1,4.536489151873767,23
ZNF273,4.536489151873767,23
SLC39A6,4.536489151873767,23
SH3D19,4.536489151873767,23
RBM46,4.536489151873767,23
SLC6A2,4.536489151873767,23
RIOX2,4.536489151873767,23
MITF,4.536489151873767,23
PRAMEF17,4.536489151873767,23
C7orf31,4.536489151873767,23
POMGNT1,4.536489151873767,23
CYP4Z1,4.536489151873767,23
GPRIN1,4.536489151873767,23
FAM71B,4.536489151873767,23
OR10J3,4.536489151873767,23
OR8J1,4.536489151873767,23
MNS1,4.536489151873767,23
COCH,4.536489151873767,23
ZBED8,4.536489151873767,23
PNLDC1,4.536489151873767,23
VWA5A,4.536489151873767,23
TEKT5,4.536489151873767,23
LDLR,4.536489151873767,23
ZNF215,4.536489151873767,23
PPFIBP2,4.536489151873767,23
XKR3,4.536489151873767,23
DGCR8,4.536489151873767,23
SERPIND1,4.536489151873767,23
PRDM11,4.536489151873767,23
MMS19,4.536489151873767,23
TRIM28,4.536489151873767,23
ZP4,4.536489151873767,23
DNAAF4,4.536489151873767,23
FXR2,4.536489151873767,23
DMGDH,4.536489151873767,23
PANX3,4.536489151873767,23
MIOS,4.536489151873767,23
PNMA3,4.536489151873767,23
DOT1L,4.536489151873767,23
ATF2,4.536489151873767,23
PACS2,4.536489151873767,23
SLC6A13,4.536489151873767,23
UTP14C,4.536489151873767,23
GPATCH2L,4.536489151873767,23
MGRN1,4.536489151873767,23
UBXN7,4.536489151873767,23
EBF2,4.536489151873767,23
AIM2,4.536489151873767,23
ARHGAP44,4.536489151873767,23
ZNF749,4.536489151873767,23
SH3RF3,4.536489151873767,23
CNGA3,4.536489151873767,23
ZNF17,4.536489151873767,23
OR2C3,4.536489151873767,23
SMG5,4.536489151873767,23
ZNF662,4.536489151873767,23
RUFY2,4.536489151873767,23
EPM2AIP1,4.536489151873767,23
NR2C2,4.536489151873767,23
STK11IP,4.536489151873767,23
FER1L5,4.536489151873767,23
FRA10AC1,4.536489151873767,23
WASL,4.536489151873767,23
MAP3K21,4.536489151873767,23
ITIH4,4.536489151873767,23
RECQL5,4.536489151873767,23
NOX3,4.536489151873767,23
ZBTB16,4.536489151873767,23
SOX3,4.536489151873767,23
COG3,4.536489151873767,23
MARCHF10,4.536489151873767,23
LOXL3,4.536489151873767,23
GGCX,4.536489151873767,23
AC090517.4,4.536489151873767,23
ACAD11,4.536489151873767,23
CCT3,4.536489151873767,23
SLC35A2,4.536489151873767,23
MATR3,4.536489151873767,23
APBB3,4.536489151873767,23
TUB,4.536489151873767,23
ZNF567,4.536489151873767,23
MOGS,4.536489151873767,23
LGR4,4.536489151873767,23
GPR37,4.536489151873767,23
FBXO3,4.536489151873767,23
ZNF486,4.536489151873767,23
IRF6,4.536489151873767,23
CES1,4.536489151873767,23
ZNF668,4.536489151873767,23
HNRNPD,4.536489151873767,23
SPATS2L,4.536489151873767,23
ZNF433,4.536489151873767,23
FERMT2,4.536489151873767,23
TNK2,4.536489151873767,23
FZD3,4.536489151873767,23
P3H3,4.536489151873767,23
ZNF514,4.536489151873767,23
MAGEB1,4.536489151873767,23
PFKL,4.536489151873767,23
ITGB5,4.536489151873767,23
COL9A2,4.536489151873767,23
DUSP16,4.536489151873767,23
TENT4B,4.536489151873767,23
RBM43,4.536489151873767,23
TUBA3E,4.536489151873767,23
CD1D,4.536489151873767,23
ZRANB1,4.536489151873767,23
MPP7,4.536489151873767,23
ANO10,4.536489151873767,23
SLC16A14,4.536489151873767,23
PALD1,4.536489151873767,23
TRPV6,4.536489151873767,23
MARS2,4.536489151873767,23
VPS52,4.536489151873767,23
MIER1,4.536489151873767,23
PADI2,4.536489151873767,23
DAB1,4.536489151873767,23
SOAT1,4.536489151873767,23
ARSF,4.536489151873767,23
HBS1L,4.536489151873767,23
RBBP5,4.536489151873767,23
OTOL1,4.536489151873767,23
TMEM200A,4.536489151873767,23
PLRG1,4.536489151873767,23
FGB,4.536489151873767,23
ELF2,4.536489151873767,23
ZNF365,4.536489151873767,23
DDHD2,4.536489151873767,23
ADAM32,4.536489151873767,23
NCOA5,4.536489151873767,23
MTHFD1,4.536489151873767,23
MBOAT2,4.536489151873767,23
PLAT,4.536489151873767,23
SHOC2,4.536489151873767,23
KPNA6,4.536489151873767,23
ZNF485,4.536489151873767,23
XKR9,4.536489151873767,23
ATP6V1C2,4.536489151873767,23
HJURP,4.536489151873767,23
TRAF3IP1,4.536489151873767,23
THNSL2,4.536489151873767,23
ABCD3,4.536489151873767,23
JAG2,4.536489151873767,23
SDCCAG8,4.536489151873767,23
CD1C,4.536489151873767,23
FCSK,4.536489151873767,23
STRN3,4.536489151873767,23
CERS3,4.536489151873767,23
BEND3,4.536489151873767,23
LRRIQ4,4.536489151873767,23
CEP70,4.536489151873767,23
TFDP2,4.536489151873767,23
TMTC4,4.536489151873767,23
EHD3,4.536489151873767,23
PRKD3,4.536489151873767,23
SLC5A1,4.536489151873767,23
CHTF18,4.536489151873767,23
DAXX,4.536489151873767,23
SEMA4C,4.536489151873767,23
ANO8,4.536489151873767,23
ZNF677,4.536489151873767,23
AC008397.2,4.536489151873767,23
LRRC8A,4.536489151873767,23
STK39,4.536489151873767,23
SLC4A1,4.536489151873767,23
EZH1,4.536489151873767,23
NBR1,4.536489151873767,23
ILK,4.536489151873767,23
HBP1,4.536489151873767,23
ELP3,4.536489151873767,23
ZNF610,4.536489151873767,23
AGO4,4.536489151873767,23
AGO1,4.536489151873767,23
TAS2R10,4.536489151873767,23
ECE1,4.536489151873767,23
SLCO1C1,4.536489151873767,23
TTF2,4.536489151873767,23
PMEL,4.536489151873767,23
CSRNP3,4.536489151873767,23
CFHR5,4.536489151873767,23
SLC23A1,4.536489151873767,23
CYB5R4,4.536489151873767,23
IL17RD,4.536489151873767,23
CR1L,4.536489151873767,23
ZNF506,4.536489151873767,23
SLC16A6,4.536489151873767,23
GGNBP2,4.536489151873767,23
LDB3,4.536489151873767,23
ZNF792,4.536489151873767,23
XPR1,4.536489151873767,23
CEP95,4.536489151873767,23
LGI3,4.536489151873767,23
ADAMDEC1,4.536489151873767,23
SUN1,4.536489151873767,23
CDK17,4.536489151873767,23
KRT75,4.536489151873767,23
CNR1,4.536489151873767,23
OR5I1,4.536489151873767,23
MFN1,4.536489151873767,23
ZDHHC9,4.536489151873767,23
ELF4,4.536489151873767,23
HHATL,4.536489151873767,23
RECQL,4.536489151873767,23
CFAP94,4.536489151873767,23
GPAT4,4.536489151873767,23
DNAJC1,4.536489151873767,23
CHD1L,4.536489151873767,23
KRT12,4.536489151873767,23
SP140L,4.536489151873767,23
LGI4,4.536489151873767,23
PRKCQ,4.536489151873767,23
SYBU,4.536489151873767,23
NCOA4,4.536489151873767,23
KAT2A,4.536489151873767,23
PABPC1L,4.536489151873767,23
DRC1,4.536489151873767,23
EIF2B3,4.536489151873767,23
ZSWIM5,4.536489151873767,23
HMGCS2,4.536489151873767,23
KLHL10,4.536489151873767,23
TMEM236,4.536489151873767,23
TRIM36,4.536489151873767,23
SRFBP1,4.536489151873767,23
DCN,4.536489151873767,23
CEP83,4.536489151873767,23
ELK3,4.536489151873767,23
CCDC22,4.536489151873767,23
ARMCX3,4.536489151873767,23
CFAP97,4.536489151873767,23
HNRNPL,4.536489151873767,23
PHC3,4.536489151873767,23
DARS2,4.536489151873767,23
SLC6A4,4.536489151873767,23
DMRT2,4.536489151873767,23
IRAK3,4.536489151873767,23
CCT2,4.536489151873767,23
NLK,4.536489151873767,23
PAX7,4.536489151873767,23
ZNF572,4.536489151873767,23
ZNF461,4.536489151873767,23
NPFFR2,4.536489151873767,23
SASS6,4.536489151873767,23
USP20,4.536489151873767,23
PCDHGC5,4.536489151873767,23
UGP2,4.536489151873767,23
CDCP1,4.536489151873767,23
SLC6A20,4.536489151873767,23
NR1H4,4.536489151873767,23
TSC22D1,4.536489151873767,23
ZNF439,4.536489151873767,23
CSTF2,4.536489151873767,23
PUM3,4.536489151873767,23
AP2A1,4.536489151873767,23
SEL1L2,4.536489151873767,23
HCK,4.536489151873767,23
GABRE,4.536489151873767,23
STON2,4.536489151873767,23
ACSL1,4.536489151873767,23
SLC8A2,4.536489151873767,23
DPAGT1,4.536489151873767,23
MAGEB10,4.536489151873767,23
PTPDC1,4.536489151873767,23
BNIP5,4.536489151873767,23
TAT,4.536489151873767,23
SYDE1,4.536489151873767,23
SREBF1,4.536489151873767,23
PLEKHH3,4.536489151873767,23
AFAP1L1,4.536489151873767,23
CFAP36,4.536489151873767,23
EFCAB7,4.536489151873767,23
MPO,4.536489151873767,23
LPIN2,4.536489151873767,23
ARV1,4.536489151873767,23
TRPM5,4.536489151873767,23
OR2L2,4.536489151873767,23
OR2T12,4.536489151873767,23
SLAMF1,4.536489151873767,23
P3H2,4.536489151873767,23
MB21D2,4.536489151873767,23
MAP6,4.536489151873767,23
GDPD4,4.536489151873767,23
ELN,4.536489151873767,23
USP43,4.536489151873767,23
GLP2R,4.536489151873767,23
FGFR4,4.536489151873767,23
PDE1B,4.536489151873767,23
TOP1MT,4.536489151873767,23
HIP1R,4.536489151873767,23
ING1,4.536489151873767,23
ZNF251,4.536489151873767,23
SPDL1,4.536489151873767,23
ERG,4.536489151873767,23
UHRF1,4.536489151873767,23
LNX2,4.536489151873767,23
ELF1,4.536489151873767,23
HOXA2,4.536489151873767,23
CDH16,4.536489151873767,23
PUS7,4.536489151873767,23
CRB2,4.536489151873767,23
UGT2B7,4.536489151873767,23
CACNB4,4.536489151873767,23
PRPF40A,4.536489151873767,23
WDSUB1,4.536489151873767,23
ZDHHC15,4.536489151873767,23
NDRG1,4.536489151873767,23
EEF2K,4.536489151873767,23
BRS3,4.536489151873767,23
FBXO10,4.536489151873767,23
ZRANB2,4.536489151873767,23
MELK,4.536489151873767,23
STAT4,4.536489151873767,23
DUS3L,4.536489151873767,23
SCAI,4.536489151873767,23
HSPA5,4.536489151873767,23
BRF1,4.536489151873767,23
OPA1,4.536489151873767,23
ZNF10,4.536489151873767,23
MIPEP,4.536489151873767,23
SPG7,4.536489151873767,23
UNC5A,4.536489151873767,23
WDR81,4.536489151873767,23
MCOLN1,4.536489151873767,23
FLRT3,4.536489151873767,23
CELF4,4.536489151873767,23
ABLIM3,4.536489151873767,23
TIGD2,4.536489151873767,23
CHRDL1,4.536489151873767,23
ZSCAN4,4.536489151873767,23
TMEM63B,4.536489151873767,23
FOXO4,4.536489151873767,23
USP12,4.536489151873767,23
RPAP3,4.536489151873767,23
KRT1,4.536489151873767,23
GARS1,4.536489151873767,23
GUCY1B1,4.536489151873767,23
WRNIP1,4.536489151873767,23
NFX1,4.536489151873767,23
FBXO21,4.536489151873767,23
RASEF,4.339250493096647,22
CCDC66,4.339250493096647,22
SSX2IP,4.339250493096647,22
ATG4C,4.339250493096647,22
FGGY,4.339250493096647,22
GOLGA1,4.339250493096647,22
ATP8B3,4.339250493096647,22
RBM47,4.339250493096647,22
KLHL9,4.339250493096647,22
MCM7,4.339250493096647,22
SH2D3C,4.339250493096647,22
TTC16,4.339250493096647,22
UHRF2,4.339250493096647,22
LGI2,4.339250493096647,22
HMGN5,4.339250493096647,22
PGK1,4.339250493096647,22
SULT1E1,4.339250493096647,22
PLA2G4C,4.339250493096647,22
EHD2,4.339250493096647,22
PTOV1,4.339250493096647,22
SLC23A2,4.339250493096647,22
SHKBP1,4.339250493096647,22
GPD2,4.339250493096647,22
HAS1,4.339250493096647,22
EML1,4.339250493096647,22
LRRC74A,4.339250493096647,22
SSTR4,4.339250493096647,22
TSKS,4.339250493096647,22
NOP58,4.339250493096647,22
ATG9A,4.339250493096647,22
MTF2,4.339250493096647,22
EPHX4,4.339250493096647,22
RAD21,4.339250493096647,22
VAV2,4.339250493096647,22
LPO,4.339250493096647,22
CDC14A,4.339250493096647,22
HNF4A,4.339250493096647,22
IWS1,4.339250493096647,22
DDX18,4.339250493096647,22
ZNF404,4.339250493096647,22
ZNF224,4.339250493096647,22
NECTIN2,4.339250493096647,22
LMTK3,4.339250493096647,22
DNM1,4.339250493096647,22
TNFRSF11B,4.339250493096647,22
GTF3C5,4.339250493096647,22
ZBTB10,4.339250493096647,22
PIK3R3,4.339250493096647,22
ASH2L,4.339250493096647,22
LRRC41,4.339250493096647,22
TLK2,4.339250493096647,22
PHTF1,4.339250493096647,22
ST7L,4.339250493096647,22
ZNF623,4.339250493096647,22
MCMDC2,4.339250493096647,22
SLC7A13,4.339250493096647,22
SLC9B2,4.339250493096647,22
XKR4,4.339250493096647,22
ZNF613,4.339250493096647,22
CSGALNACT1,4.339250493096647,22
BBOF1,4.339250493096647,22
RASGRP4,4.339250493096647,22
ZNF570,4.339250493096647,22
ANGEL1,4.339250493096647,22
FLVCR2,4.339250493096647,22
PAPSS2,4.339250493096647,22
GRHL2,4.339250493096647,22
SH2D4B,4.339250493096647,22
MACROH2A2,4.339250493096647,22
PI4KB,4.339250493096647,22
PRPF3,4.339250493096647,22
PLA2G4E,4.339250493096647,22
KIR3DL2,4.339250493096647,22
SH3BP4,4.339250493096647,22
ADAM17,4.339250493096647,22
SLC9B1,4.339250493096647,22
PDLIM5,4.339250493096647,22
ZNF573,4.339250493096647,22
STK32B,4.339250493096647,22
HEATR9,4.339250493096647,22
DNTT,4.339250493096647,22
CYP2C19,4.339250493096647,22
INTS9,4.339250493096647,22
WAC,4.339250493096647,22
RORC,4.339250493096647,22
BRD2,4.339250493096647,22
PLCH2,4.339250493096647,22
CRTAC1,4.339250493096647,22
CARF,4.339250493096647,22
ZNF627,4.339250493096647,22
SLC44A2,4.339250493096647,22
ZNF385D,4.339250493096647,22
SIX4,4.339250493096647,22
DHRS7,4.339250493096647,22
FARSA,4.339250493096647,22
SOX9,4.339250493096647,22
ZSWIM3,4.339250493096647,22
SMYD1,4.339250493096647,22
PDIA3,4.339250493096647,22
CCT6B,4.339250493096647,22
GFRA2,4.339250493096647,22
OPRK1,4.339250493096647,22
LZTS1,4.339250493096647,22
ZNF596,4.339250493096647,22
AGAP6,4.339250493096647,22
USP22,4.339250493096647,22
SLC47A2,4.339250493096647,22
MGAT4A,4.339250493096647,22
ZNF358,4.339250493096647,22
FGG,4.339250493096647,22
OR2T33,4.339250493096647,22
CARD10,4.339250493096647,22
GAB1,4.339250493096647,22
HDC,4.339250493096647,22
ACOXL,4.339250493096647,22
SLC34A2,4.339250493096647,22
LSR,4.339250493096647,22
LPP,4.339250493096647,22
IL4R,4.339250493096647,22
FSD1,4.339250493096647,22
KLHL40,4.339250493096647,22
MAP4K5,4.339250493096647,22
ZNF2,4.339250493096647,22
FAM111A,4.339250493096647,22
RHBDF1,4.339250493096647,22
GDI1,4.339250493096647,22
SLC5A10,4.339250493096647,22
TRIM22,4.339250493096647,22
CCHCR1,4.339250493096647,22
PRRG3,4.339250493096647,22
TRPV5,4.339250493096647,22
CARD14,4.339250493096647,22
CHRNA6,4.339250493096647,22
CHRNB2,4.339250493096647,22
SWAP70,4.339250493096647,22
BMPR1A,4.339250493096647,22
INSC,4.339250493096647,22
ABTB2,4.339250493096647,22
PODXL,4.339250493096647,22
TSHZ1,4.339250493096647,22
SERPINB8,4.339250493096647,22
QRICH1,4.339250493096647,22
FZR1,4.339250493096647,22
RPL10L,4.339250493096647,22
RABGGTA,4.339250493096647,22
CACNA2D2,4.339250493096647,22
AMIGO3,4.339250493096647,22
NDC80,4.339250493096647,22
STRIP2,4.339250493096647,22
NAP1L2,4.339250493096647,22
MPPED2,4.339250493096647,22
OR5D16,4.339250493096647,22
OR5D18,4.339250493096647,22
OR4C15,4.339250493096647,22
TES,4.339250493096647,22
CD5L,4.339250493096647,22
CPLANE1,4.339250493096647,22
SFMBT1,4.339250493096647,22
F10,4.339250493096647,22
HK2,4.339250493096647,22
SLMAP,4.339250493096647,22
GPRIN2,4.339250493096647,22
DSC2,4.339250493096647,22
OR8H3,4.339250493096647,22
OR8H2,4.339250493096647,22
INTS10,4.339250493096647,22
SCARA3,4.339250493096647,22
OSBP,4.339250493096647,22
PVRIG,4.339250493096647,22
GPC2,4.339250493096647,22
OR5T1,4.339250493096647,22
DCAF8,4.339250493096647,22
IGSF8,4.339250493096647,22
PLEKHM2,4.339250493096647,22
ADARB1,4.339250493096647,22
OR5H6,4.339250493096647,22
SPRTN,4.339250493096647,22
NUFIP1,4.339250493096647,22
SOHLH2,4.339250493096647,22
ENGASE,4.339250493096647,22
ITGB2,4.339250493096647,22
RTKN,4.339250493096647,22
ZNF582,4.339250493096647,22
WBP4,4.339250493096647,22
COG6,4.339250493096647,22
EXOC7,4.339250493096647,22
CD96,4.339250493096647,22
HTR1F,4.339250493096647,22
NECTIN3,4.339250493096647,22
ZNF577,4.339250493096647,22
ZCCHC2,4.339250493096647,22
MAP4K2,4.339250493096647,22
DNAJC11,4.339250493096647,22
STIP1,4.339250493096647,22
PON1,4.339250493096647,22
NUP88,4.339250493096647,22
GTF2IRD2,4.339250493096647,22
PRELP,4.339250493096647,22
PIGN,4.339250493096647,22
SYT4,4.339250493096647,22
RIPOR3,4.339250493096647,22
CSNK1G3,4.339250493096647,22
SNX2,4.339250493096647,22
CFAP100,4.339250493096647,22
ZNF100,4.339250493096647,22
ZNF682,4.339250493096647,22
RTKN2,4.339250493096647,22
PRAMEF1,4.339250493096647,22
MTHFR,4.339250493096647,22
DHX32,4.339250493096647,22
HSPA6,4.339250493096647,22
ARMC2,4.339250493096647,22
PIK3R2,4.339250493096647,22
TMC6,4.339250493096647,22
AACS,4.339250493096647,22
DOK5,4.339250493096647,22
SYT2,4.339250493096647,22
TNNT2,4.339250493096647,22
MICU2,4.339250493096647,22
PDE8A,4.339250493096647,22
AAK1,4.339250493096647,22
ST8SIA3,4.339250493096647,22
NOC2L,4.339250493096647,22
NOX4,4.339250493096647,22
NXPH2,4.339250493096647,22
OR51A7,4.339250493096647,22
DDX43,4.339250493096647,22
KDM4D,4.339250493096647,22
WEE2,4.339250493096647,22
RAF1,4.339250493096647,22
AC131160.1,4.339250493096647,22
OSBPL2,4.339250493096647,22
NELFCD,4.339250493096647,22
CHRD,4.339250493096647,22
OSBP2,4.339250493096647,22
COP1,4.339250493096647,22
NFE2L3,4.339250493096647,22
MECP2,4.339250493096647,22
ACTRT2,4.339250493096647,22
ATAD3A,4.339250493096647,22
FMO1,4.339250493096647,22
TTC30B,4.339250493096647,22
DAGLB,4.339250493096647,22
TPH1,4.339250493096647,22
PRMT8,4.339250493096647,22
UBR3,4.339250493096647,22
PIAS1,4.339250493096647,22
RBMS3,4.339250493096647,22
BTBD2,4.339250493096647,22
ZNF185,4.339250493096647,22
NLGN2,4.339250493096647,22
TEKT1,4.339250493096647,22
ITK,4.339250493096647,22
USP30,4.339250493096647,22
KRT37,4.339250493096647,22
MAPK7,4.339250493096647,22
TTLL13P,4.339250493096647,22
PPP4R3B,4.339250493096647,22
SOCS5,4.339250493096647,22
ACTR2,4.339250493096647,22
AFTPH,4.339250493096647,22
ENO3,4.339250493096647,22
POFUT2,4.339250493096647,22
ZFYVE28,4.339250493096647,22
UVSSA,4.339250493096647,22
CYP4F8,4.339250493096647,22
MAGEA10,4.339250493096647,22
FAM90A1,4.339250493096647,22
CCDC170,4.339250493096647,22
KCNN2,4.339250493096647,22
NMBR,4.339250493096647,22
CD2AP,4.339250493096647,22
MAP7,4.339250493096647,22
SLC1A2,4.339250493096647,22
ACCSL,4.339250493096647,22
TWF1,4.339250493096647,22
MAP7D1,4.339250493096647,22
CDK19,4.339250493096647,22
DNAJC10,4.339250493096647,22
CERKL,4.339250493096647,22
AC092143.1,4.339250493096647,22
GPAT2,4.339250493096647,22
HIC2,4.339250493096647,22
SLC7A4,4.339250493096647,22
ZNF74,4.339250493096647,22
PGM2,4.339250493096647,22
GRK4,4.339250493096647,22
PCOLCE2,4.339250493096647,22
ZNF284,4.339250493096647,22
PTGS2,4.339250493096647,22
PBDC1,4.339250493096647,22
CSRNP2,4.339250493096647,22
KRT71,4.339250493096647,22
AHR,4.339250493096647,22
OR5M1,4.339250493096647,22
PCDHA10,4.339250493096647,22
SRSF4,4.339250493096647,22
ZFP91,4.339250493096647,22
TFR2,4.339250493096647,22
SSRP1,4.339250493096647,22
KCNG4,4.339250493096647,22
SPIRE2,4.339250493096647,22
HAL,4.339250493096647,22
ESRP2,4.339250493096647,22
ATXN1,4.339250493096647,22
KLHL36,4.339250493096647,22
DNAAF1,4.339250493096647,22
ZNF280A,4.339250493096647,22
GEMIN4,4.339250493096647,22
KLHDC4,4.339250493096647,22
ZNF629,4.339250493096647,22
RIPOR1,4.339250493096647,22
SLC24A4,4.339250493096647,22
TSPAN19,4.339250493096647,22
OR6K2,4.339250493096647,22
LARGE1,4.339250493096647,22
SLC5A4,4.339250493096647,22
POLH,4.339250493096647,22
TMPRSS11B,4.339250493096647,22
PPP2R5D,4.339250493096647,22
ORC3,4.339250493096647,22
HEPACAM2,4.339250493096647,22
EML3,4.339250493096647,22
IL13RA1,4.339250493096647,22
NOMO2,4.339250493096647,22
TTLL1,4.339250493096647,22
SPARCL1,4.339250493096647,22
SUN2,4.339250493096647,22
CDKAL1,4.339250493096647,22
DEK,4.339250493096647,22
GCKR,4.339250493096647,22
EIF3J,4.339250493096647,22
XRRA1,4.339250493096647,22
C12orf42,4.339250493096647,22
TBX19,4.339250493096647,22
BRAP,4.339250493096647,22
IFT81,4.339250493096647,22
TCHP,4.339250493096647,22
PJA2,4.339250493096647,22
CORO2B,4.339250493096647,22
POU6F2,4.339250493096647,22
MMP13,4.339250493096647,22
VNN2,4.339250493096647,22
HOXA11,4.339250493096647,22
TRIM26,4.339250493096647,22
TRIM31,4.339250493096647,22
SERPINA7,4.339250493096647,22
ZNF598,4.339250493096647,22
PPM1H,4.339250493096647,22
TBC1D22A,4.339250493096647,22
FBLN1,4.339250493096647,22
NKAPL,4.339250493096647,22
SCGN,4.339250493096647,22
ALDH5A1,4.339250493096647,22
ALOXE3,4.339250493096647,22
PHACTR1,4.339250493096647,22
FAM217A,4.339250493096647,22
RCBTB1,4.339250493096647,22
TRAF5,4.339250493096647,22
SLC28A1,4.339250493096647,22
TM6SF1,4.339250493096647,22
FBXO8,4.339250493096647,22
FZD10,4.339250493096647,22
CYP21A2,4.339250493096647,22
JADE1,4.339250493096647,22
SLC1A3,4.339250493096647,22
TRIM2,4.339250493096647,22
BBS7,4.339250493096647,22
MAGEB2,4.339250493096647,22
RP2,4.339250493096647,22
GSDME,4.339250493096647,22
INTS6,4.339250493096647,22
TRIM29,4.339250493096647,22
NECTIN1,4.339250493096647,22
ABHD13,4.339250493096647,22
SEC14L1,4.339250493096647,22
RSPH10B2,4.339250493096647,22
ITM2A,4.339250493096647,22
SLC38A3,4.339250493096647,22
CAPN2,4.339250493096647,22
CYP1A1,4.339250493096647,22
CYP11A1,4.339250493096647,22
PFKFB1,4.339250493096647,22
SLC45A2,4.339250493096647,22
CDH6,4.339250493096647,22
BMP15,4.339250493096647,22
CYP4V2,4.339250493096647,22
CALCOCO1,4.339250493096647,22
ADGRF3,4.339250493096647,22
SLC9A4,4.339250493096647,22
CDX4,4.339250493096647,22
P2RY4,4.339250493096647,22
C5orf34,4.339250493096647,22
PTGER4,4.339250493096647,22
IL7R,4.339250493096647,22
KRT73,4.339250493096647,22
ACSM5,4.339250493096647,22
PDILT,4.339250493096647,22
GATA1,4.339250493096647,22
SP1,4.339250493096647,22
PARP11,4.339250493096647,22
TTC6,4.339250493096647,22
ARHGEF37,4.339250493096647,22
ALAS1,4.339250493096647,22
CAMK4,4.339250493096647,22
IRAG2,4.339250493096647,22
PHF21A,4.339250493096647,22
AMOT,4.339250493096647,22
DCP2,4.339250493096647,22
DDX11,4.339250493096647,22
NAP1L3,4.339250493096647,22
DKC1,4.339250493096647,22
GLMN,4.339250493096647,22
ARSI,4.339250493096647,22
CSF1R,4.339250493096647,22
POMT2,4.339250493096647,22
SLC2A12,4.339250493096647,22
DISC1,4.339250493096647,22
ZNF496,4.339250493096647,22
AIFM1,4.339250493096647,22
SMPDL3A,4.339250493096647,22
MAN1A1,4.339250493096647,22
RSPH4A,4.339250493096647,22
JADE2,4.339250493096647,22
ETF1,4.339250493096647,22
CCDC120,4.339250493096647,22
PDHA1,4.339250493096647,22
FANCC,4.339250493096647,22
NUTM2F,4.339250493096647,22
VANGL1,4.339250493096647,22
SLC44A1,4.339250493096647,22
BMP4,4.339250493096647,22
ANKS6,4.339250493096647,22
PLAA,4.339250493096647,22
ZNF33A,4.339250493096647,22
ARHGAP12,4.339250493096647,22
RPE65,4.339250493096647,22
C1orf141,4.339250493096647,22
SPATA18,4.339250493096647,22
ZNF331,4.339250493096647,22
ZNF772,4.339250493096647,22
ZIM2,4.339250493096647,22
ZNF71,4.339250493096647,22
ZNF343,4.339250493096647,22
PTGFR,4.339250493096647,22
SECISBP2,4.142011834319527,21
DCAF10,4.142011834319527,21
MAMDC2,4.142011834319527,21
TACR1,4.142011834319527,21
CAB39L,4.142011834319527,21
BEND4,4.142011834319527,21
SRPX2,4.142011834319527,21
ZNF154,4.142011834319527,21
IGHM,4.142011834319527,21
ZSCAN5B,4.142011834319527,21
NFE2L1,4.142011834319527,21
IFT74,4.142011834319527,21
GPR65,4.142011834319527,21
TUBA3D,4.142011834319527,21
MAGEA4,4.142011834319527,21
FERMT1,4.142011834319527,21
TPX2,4.142011834319527,21
ENTPD6,4.142011834319527,21
KANSL3,4.142011834319527,21
BACE2,4.142011834319527,21
DYTN,4.142011834319527,21
FZD7,4.142011834319527,21
CDK15,4.142011834319527,21
ALDH16A1,4.142011834319527,21
SPAG6,4.142011834319527,21
RPL5,4.142011834319527,21
SLC1A7,4.142011834319527,21
HAS2,4.142011834319527,21
LRP10,4.142011834319527,21
TBXT,4.142011834319527,21
PLAGL1,4.142011834319527,21
ALG6,4.142011834319527,21
GRM2,4.142011834319527,21
COL10A1,4.142011834319527,21
FBXO7,4.142011834319527,21
TYRO3,4.142011834319527,21
LTK,4.142011834319527,21
MEF2C,4.142011834319527,21
SNX32,4.142011834319527,21
EPB42,4.142011834319527,21
ARMCX1,4.142011834319527,21
OR2M2,4.142011834319527,21
DGAT2L6,4.142011834319527,21
BGN,4.142011834319527,21
NDC1,4.142011834319527,21
MAPRE3,4.142011834319527,21
IL18RAP,4.142011834319527,21
RNGTT,4.142011834319527,21
LIPC,4.142011834319527,21
DDX23,4.142011834319527,21
SLC22A7,4.142011834319527,21
FAM155B,4.142011834319527,21
EDA2R,4.142011834319527,21
MAOA,4.142011834319527,21
ERMARD,4.142011834319527,21
DBN1,4.142011834319527,21
B4GALNT3,4.142011834319527,21
CYP2C8,4.142011834319527,21
PRKN,4.142011834319527,21
C3AR1,4.142011834319527,21
SYT14,4.142011834319527,21
CPNE2,4.142011834319527,21
PRIMPOL,4.142011834319527,21
GLS2,4.142011834319527,21
BTN3A2,4.142011834319527,21
DDC,4.142011834319527,21
CYP27B1,4.142011834319527,21
SLC15A1,4.142011834319527,21
USP2,4.142011834319527,21
ATP6V0A1,4.142011834319527,21
OR4K5,4.142011834319527,21
ICA1,4.142011834319527,21
ITFG1,4.142011834319527,21
RAI14,4.142011834319527,21
SPATA4,4.142011834319527,21
KLKB1,4.142011834319527,21
TIGD7,4.142011834319527,21
NOMO3,4.142011834319527,21
IL21R,4.142011834319527,21
C12orf66,4.142011834319527,21
TACR3,4.142011834319527,21
KEAP1,4.142011834319527,21
CXorf58,4.142011834319527,21
CES3,4.142011834319527,21
DIXDC1,4.142011834319527,21
TYRP1,4.142011834319527,21
MTRF1,4.142011834319527,21
NXPE4,4.142011834319527,21
MRS2,4.142011834319527,21
RFC3,4.142011834319527,21
GLA,4.142011834319527,21
ARL13A,4.142011834319527,21
NADSYN1,4.142011834319527,21
GTF2IRD2B,4.142011834319527,21
LRRC17,4.142011834319527,21
AGRN,4.142011834319527,21
TAOK3,4.142011834319527,21
COG4,4.142011834319527,21
ARHGAP15,4.142011834319527,21
FOXG1,4.142011834319527,21
IPO13,4.142011834319527,21
EED,4.142011834319527,21
RGS6,4.142011834319527,21
TYR,4.142011834319527,21
KRT16,4.142011834319527,21
ZNF140,4.142011834319527,21
PPP3CA,4.142011834319527,21
GATAD2B,4.142011834319527,21
AC004922.1,4.142011834319527,21
VWCE,4.142011834319527,21
RASSF9,4.142011834319527,21
CAPS2,4.142011834319527,21
TCAIM,4.142011834319527,21
DTNB,4.142011834319527,21
BAIAP2,4.142011834319527,21
RAP1GDS1,4.142011834319527,21
MBOAT1,4.142011834319527,21
PLK1,4.142011834319527,21
RELA,4.142011834319527,21
REPS2,4.142011834319527,21
MOSPD2,4.142011834319527,21
SREK1IP1,4.142011834319527,21
CCDC38,4.142011834319527,21
WSCD2,4.142011834319527,21
POLR3E,4.142011834319527,21
KLHL5,4.142011834319527,21
CAP2,4.142011834319527,21
MYF6,4.142011834319527,21
KIFC3,4.142011834319527,21
NFXL1,4.142011834319527,21
FCRL1,4.142011834319527,21
ASCC2,4.142011834319527,21
THOC5,4.142011834319527,21
EWSR1,4.142011834319527,21
C16orf46,4.142011834319527,21
MMP15,4.142011834319527,21
SEPTIN6,4.142011834319527,21
POGLUT2,4.142011834319527,21
RUNX2,4.142011834319527,21
PLEKHG7,4.142011834319527,21
MAGEA11,4.142011834319527,21
AIFM3,4.142011834319527,21
SYCP3,4.142011834319527,21
CCKAR,4.142011834319527,21
LDB2,4.142011834319527,21
MAN2B2,4.142011834319527,21
PPIL2,4.142011834319527,21
LINS1,4.142011834319527,21
NCF2,4.142011834319527,21
LAMP2,4.142011834319527,21
ZCWPW1,4.142011834319527,21
OR9G4,4.142011834319527,21
TRAP1,4.142011834319527,21
NLRC3,4.142011834319527,21
TRIM42,4.142011834319527,21
CHST5,4.142011834319527,21
PTPN6,4.142011834319527,21
CYP46A1,4.142011834319527,21
ZDHHC13,4.142011834319527,21
TCP11L1,4.142011834319527,21
SMO,4.142011834319527,21
RIOK2,4.142011834319527,21
FBXO30,4.142011834319527,21
SUSD5,4.142011834319527,21
MAK,4.142011834319527,21
ST7,4.142011834319527,21
OPLAH,4.142011834319527,21
DCBLD1,4.142011834319527,21
SYT10,4.142011834319527,21
BICD1,4.142011834319527,21
GAS6,4.142011834319527,21
RAPGEF3,4.142011834319527,21
ZNF18,4.142011834319527,21
SLC26A2,4.142011834319527,21
CCDC50,4.142011834319527,21
CLINT1,4.142011834319527,21
PREPL,4.142011834319527,21
SLC3A1,4.142011834319527,21
ABCG5,4.142011834319527,21
SERPINB1,4.142011834319527,21
PIGG,4.142011834319527,21
GNE,4.142011834319527,21
TEX47,4.142011834319527,21
APOBEC3D,4.142011834319527,21
CCNL1,4.142011834319527,21
TFRC,4.142011834319527,21
LRRC15,4.142011834319527,21
SLC10A3,4.142011834319527,21
AGK,4.142011834319527,21
CCKBR,4.142011834319527,21
TAF9B,4.142011834319527,21
OR2D3,4.142011834319527,21
ZBTB17,4.142011834319527,21
CYP7A1,4.142011834319527,21
TTC26,4.142011834319527,21
FAR1,4.142011834319527,21
FBXO15,4.142011834319527,21
FMO2,4.142011834319527,21
FMO3,4.142011834319527,21
TRIM24,4.142011834319527,21
MMP12,4.142011834319527,21
KCNC1,4.142011834319527,21
ETV1,4.142011834319527,21
SLC2A4,4.142011834319527,21
RFTN1,4.142011834319527,21
XPC,4.142011834319527,21
SYN2,4.142011834319527,21
GIT1,4.142011834319527,21
SAMSN1,4.142011834319527,21
PCMTD2,4.142011834319527,21
KLHL20,4.142011834319527,21
CFHR4,4.142011834319527,21
ECT2,4.142011834319527,21
ANAPC5,4.142011834319527,21
COLGALT2,4.142011834319527,21
SYN3,4.142011834319527,21
RTCB,4.142011834319527,21
GAL3ST1,4.142011834319527,21
TSR1,4.142011834319527,21
OSBPL9,4.142011834319527,21
KLC2,4.142011834319527,21
KCNQ1,4.142011834319527,21
CAMKK1,4.142011834319527,21
SERPINB2,4.142011834319527,21
SERPINB12,4.142011834319527,21
HSPA9,4.142011834319527,21
ACOX1,4.142011834319527,21
KIF19,4.142011834319527,21
DDX59,4.142011834319527,21
FZD2,4.142011834319527,21
TGFBI,4.142011834319527,21
SGCG,4.142011834319527,21
CLIC2,4.142011834319527,21
BRCC3,4.142011834319527,21
ZYX,4.142011834319527,21
C7orf25,4.142011834319527,21
ADRA1A,4.142011834319527,21
ATP13A2,4.142011834319527,21
B4GALT3,4.142011834319527,21
RCC2,4.142011834319527,21
BMP10,4.142011834319527,21
DSTYK,4.142011834319527,21
SULF2,4.142011834319527,21
PPM1E,4.142011834319527,21
SERINC3,4.142011834319527,21
SERTAD4,4.142011834319527,21
BMP2,4.142011834319527,21
TIAL1,4.142011834319527,21
SHTN1,4.142011834319527,21
MAPK8,4.142011834319527,21
RBAK,4.142011834319527,21
HS3ST5,4.142011834319527,21
SLC26A11,4.142011834319527,21
SENP2,4.142011834319527,21
HP1BP3,4.142011834319527,21
SRSF6,4.142011834319527,21
FBF1,4.142011834319527,21
TMPRSS7,4.142011834319527,21
OLFM4,4.142011834319527,21
LRCH1,4.142011834319527,21
CIP2A,4.142011834319527,21
MED15,4.142011834319527,21
ARVCF,4.142011834319527,21
SLC7A9,4.142011834319527,21
MOCOS,4.142011834319527,21
TTLL3,4.142011834319527,21
TAF5,4.142011834319527,21
SF1,4.142011834319527,21
DACH1,4.142011834319527,21
ZNF701,4.142011834319527,21
SLC25A52,4.142011834319527,21
DEPDC1B,4.142011834319527,21
DENND6A,4.142011834319527,21
TLE3,4.142011834319527,21
AGT,4.142011834319527,21
OR5T3,4.142011834319527,21
OR5B12,4.142011834319527,21
INCENP,4.142011834319527,21
PAX2,4.142011834319527,21
CCNE1,4.142011834319527,21
TTLL9,4.142011834319527,21
LBR,4.142011834319527,21
PAX1,4.142011834319527,21
RTN2,4.142011834319527,21
CLPTM1L,4.142011834319527,21
ZNF516,4.142011834319527,21
KHNYN,4.142011834319527,21
SLC6A19,4.142011834319527,21
CEP72,4.142011834319527,21
MAG,4.142011834319527,21
MIB1,4.142011834319527,21
MAP3K6,4.142011834319527,21
THEMIS2,4.142011834319527,21
KATNAL1,4.142011834319527,21
CHST1,4.142011834319527,21
ARFGAP2,4.142011834319527,21
TFEC,4.142011834319527,21
BFSP1,4.142011834319527,21
MC5R,4.142011834319527,21
KLF12,4.142011834319527,21
NOM1,4.142011834319527,21
ABCB8,4.142011834319527,21
PCGF3,4.142011834319527,21
NAP1L4,4.142011834319527,21
CTAGE6,4.142011834319527,21
OR52H1,4.142011834319527,21
GOT1L1,4.142011834319527,21
ZNF3,4.142011834319527,21
SLC39A8,4.142011834319527,21
CLK1,4.142011834319527,21
CCSER2,4.142011834319527,21
ARNTL,4.142011834319527,21
CD36,4.142011834319527,21
HECTD2,4.142011834319527,21
FAM189A2,4.142011834319527,21
MC4R,4.142011834319527,21
ZNF317,4.142011834319527,21
SAMM50,4.142011834319527,21
ZNF547,4.142011834319527,21
ZNF543,4.142011834319527,21
RBPJ,4.142011834319527,21
ADAM10,4.142011834319527,21
OR2T6,4.142011834319527,21
LARS2,4.142011834319527,21
FUT3,4.142011834319527,21
ZNF530,4.142011834319527,21
ACVR2B,4.142011834319527,21
ZGPAT,4.142011834319527,21
ADRA2B,4.142011834319527,21
IL1R2,4.142011834319527,21
ABRAXAS2,4.142011834319527,21
HGFAC,4.142011834319527,21
ACTL9,4.142011834319527,21
THRB,4.142011834319527,21
ZNF628,4.142011834319527,21
SLC1A6,4.142011834319527,21
NETO2,4.142011834319527,21
PHACTR3,4.142011834319527,21
TBC1D12,4.142011834319527,21
RASGEF1A,4.142011834319527,21
SH2D4A,4.142011834319527,21
PNLIP,4.142011834319527,21
PAOX,4.142011834319527,21
SHE,4.142011834319527,21
PGS1,4.142011834319527,21
FAM222B,4.142011834319527,21
FBXL2,4.142011834319527,21
KHSRP,4.142011834319527,21
FAM98A,4.142011834319527,21
AATF,4.142011834319527,21
KIR3DL3,4.142011834319527,21
LILRB3,4.142011834319527,21
FUT8,4.142011834319527,21
HSPA2,4.142011834319527,21
USHBP1,4.142011834319527,21
NCL,4.142011834319527,21
SLC2A9,4.142011834319527,21
SH3BP2,4.142011834319527,21
GSR,4.142011834319527,21
SLC5A7,4.142011834319527,21
ZNF124,4.142011834319527,21
TUSC3,4.142011834319527,21
SLC10A5,4.142011834319527,21
NOLC1,4.142011834319527,21
SCG2,4.142011834319527,21
CEACAM18,4.142011834319527,21
CAPN12,4.142011834319527,21
ZNF571,4.142011834319527,21
SDAD1,4.142011834319527,21
HADHA,4.142011834319527,21
DYRK1B,4.142011834319527,21
PAF1,4.142011834319527,21
CACNB1,4.142011834319527,21
PPARG,4.142011834319527,21
ESPNL,4.142011834319527,21
NSUN6,4.142011834319527,21
TRIM35,4.142011834319527,21
LRRTM1,4.142011834319527,21
ISG20L2,4.142011834319527,21
CRISPLD1,4.142011834319527,21
DHTKD1,4.142011834319527,21
SLC30A8,4.142011834319527,21
PROM2,4.142011834319527,21
DCSTAMP,4.142011834319527,21
RNF139,4.142011834319527,21
STAT5B,4.142011834319527,21
KLHL11,4.142011834319527,21
MCM10,4.142011834319527,21
PPWD1,4.142011834319527,21
RIPK2,4.142011834319527,21
CPNE3,4.142011834319527,21
VSTM4,4.142011834319527,21
TESK2,4.142011834319527,21
CFAP57,4.142011834319527,21
NBPF11,4.142011834319527,21
POLN,4.142011834319527,21
PHF13,4.142011834319527,21
CYP11B1,4.142011834319527,21
KCNV1,4.142011834319527,21
NFIB,4.142011834319527,21
MEN1,4.142011834319527,21
MAP4K1,4.142011834319527,21
ORC4,4.142011834319527,21
PSG2,4.142011834319527,21
CEACAM5,4.142011834319527,21
STAP1,4.142011834319527,21
PPP1R13L,4.142011834319527,21
PPP4R3A,4.142011834319527,21
ACADL,4.142011834319527,21
TTC8,4.142011834319527,21
WDR37,4.142011834319527,21
SEPHS1,4.142011834319527,21
AKNA,4.142011834319527,21
ZZZ3,4.142011834319527,21
LRRC8B,4.142011834319527,21
MCOLN2,4.142011834319527,21
SEMA4D,4.142011834319527,21
VIL1,4.142011834319527,21
PPP6R1,4.142011834319527,21
DENND1A,4.142011834319527,21
SLC27A4,4.142011834319527,21
SLC19A3,4.142011834319527,21
MFF,4.142011834319527,21
ANKZF1,4.142011834319527,21
CCDC8,4.142011834319527,21
EXD1,4.142011834319527,21
MUC7,4.142011834319527,21
SIGLEC11,4.142011834319527,21
ALDH8A1,4.142011834319527,21
DLST,4.142011834319527,21
LGMN,4.142011834319527,21
OVGP1,4.142011834319527,21
ZNF48,4.142011834319527,21
EXOC8,4.142011834319527,21
HNRNPU,4.142011834319527,21
PRICKLE2,4.142011834319527,21
ARHGAP18,4.142011834319527,21
STK26,4.142011834319527,21
ASB2,4.142011834319527,21
ETV6,4.142011834319527,21
SH2B1,4.142011834319527,21
AMPD2,4.142011834319527,21
IFNLR1,4.142011834319527,21
NKAPD1,4.142011834319527,21
SELE,3.9447731755424065,20
ZNF697,3.9447731755424065,20
TBX15,3.9447731755424065,20
TRIM45,3.9447731755424065,20
KRT33A,3.9447731755424065,20
LRRC32,3.9447731755424065,20
RFX5,3.9447731755424065,20
BIN1,3.9447731755424065,20
BAAT,3.9447731755424065,20
PLPPR1,3.9447731755424065,20
RPP25L,3.9447731755424065,20
KRT5,3.9447731755424065,20
TARS1,3.9447731755424065,20
KRT77,3.9447731755424065,20
GCM1,3.9447731755424065,20
RAD17,3.9447731755424065,20
SLC30A5,3.9447731755424065,20
HDAC7,3.9447731755424065,20
FAM151A,3.9447731755424065,20
LRP8,3.9447731755424065,20
SCP2,3.9447731755424065,20
CC2D1B,3.9447731755424065,20
MKS1,3.9447731755424065,20
SARS1,3.9447731755424065,20
ELAPOR1,3.9447731755424065,20
STXBP3,3.9447731755424065,20
SLC25A24,3.9447731755424065,20
TRIML1,3.9447731755424065,20
ITGB7,3.9447731755424065,20
GLCE,3.9447731755424065,20
RNF10,3.9447731755424065,20
MAPKAPK5,3.9447731755424065,20
F2R,3.9447731755424065,20
ALG10,3.9447731755424065,20
WNT2B,3.9447731755424065,20
COLGALT1,3.9447731755424065,20
PKP2,3.9447731755424065,20
SH2D7,3.9447731755424065,20
FAM172A,3.9447731755424065,20
NAB2,3.9447731755424065,20
TARS2,3.9447731755424065,20
ARSH,3.9447731755424065,20
PPARA,3.9447731755424065,20
RRM1,3.9447731755424065,20
TSPYL4,3.9447731755424065,20
GJA1,3.9447731755424065,20
TRIM38,3.9447731755424065,20
IK,3.9447731755424065,20
RIOK1,3.9447731755424065,20
CDYL,3.9447731755424065,20
WSCD1,3.9447731755424065,20
CPSF6,3.9447731755424065,20
TC2N,3.9447731755424065,20
CD40LG,3.9447731755424065,20
OR13H1,3.9447731755424065,20
FKBP10,3.9447731755424065,20
KRT33B,3.9447731755424065,20
MPL,3.9447731755424065,20
OLFM3,3.9447731755424065,20
S1PR1,3.9447731755424065,20
PALMD,3.9447731755424065,20
BMP3,3.9447731755424065,20
HCN3,3.9447731755424065,20
PRRT2,3.9447731755424065,20
CD19,3.9447731755424065,20
RABEP2,3.9447731755424065,20
THRA,3.9447731755424065,20
CSRNP1,3.9447731755424065,20
CDC37L1,3.9447731755424065,20
MOXD1,3.9447731755424065,20
HAUS7,3.9447731755424065,20
NSDHL,3.9447731755424065,20
MAGEA3,3.9447731755424065,20
UGT2B11,3.9447731755424065,20
POC1B-GALNT4,3.9447731755424065,20
PNCK,3.9447731755424065,20
TNNI3K,3.9447731755424065,20
DIRAS3,3.9447731755424065,20
ACKR4,3.9447731755424065,20
NEFH,3.9447731755424065,20
VAT1L,3.9447731755424065,20
NAE1,3.9447731755424065,20
TWNK,3.9447731755424065,20
MMRN2,3.9447731755424065,20
PARP10,3.9447731755424065,20
GALR1,3.9447731755424065,20
HORMAD1,3.9447731755424065,20
DDX52,3.9447731755424065,20
FBXO31,3.9447731755424065,20
FKBP4,3.9447731755424065,20
GLRA1,3.9447731755424065,20
TBC1D14,3.9447731755424065,20
WFS1,3.9447731755424065,20
IL17RA,3.9447731755424065,20
SPATA22,3.9447731755424065,20
P2RX1,3.9447731755424065,20
SLC19A1,3.9447731755424065,20
TACC3,3.9447731755424065,20
MAEA,3.9447731755424065,20
UCK2,3.9447731755424065,20
CASQ1,3.9447731755424065,20
CMTM5,3.9447731755424065,20
STKLD1,3.9447731755424065,20
CACNG3,3.9447731755424065,20
STRADA,3.9447731755424065,20
CYP20A1,3.9447731755424065,20
AGO3,3.9447731755424065,20
SNAPC4,3.9447731755424065,20
PRKCSH,3.9447731755424065,20
SENP5,3.9447731755424065,20
ALOX12,3.9447731755424065,20
SCYL3,3.9447731755424065,20
ZNF683,3.9447731755424065,20
MRPS30,3.9447731755424065,20
SLC2A6,3.9447731755424065,20
ADAMTS15,3.9447731755424065,20
APLP2,3.9447731755424065,20
TCHHL1,3.9447731755424065,20
LINGO4,3.9447731755424065,20
TEFM,3.9447731755424065,20
UBAP2L,3.9447731755424065,20
C1orf94,3.9447731755424065,20
EMC2,3.9447731755424065,20
EIF3E,3.9447731755424065,20
AP2M1,3.9447731755424065,20
SUDS3,3.9447731755424065,20
COPS3,3.9447731755424065,20
DLK1,3.9447731755424065,20
SLC22A23,3.9447731755424065,20
HSPA8,3.9447731755424065,20
SERPINC1,3.9447731755424065,20
ZMAT3,3.9447731755424065,20
CYTH3,3.9447731755424065,20
DHRS7B,3.9447731755424065,20
KHDC4,3.9447731755424065,20
FNBP1,3.9447731755424065,20
ENG,3.9447731755424065,20
LPAR1,3.9447731755424065,20
NFIL3,3.9447731755424065,20
RNF216,3.9447731755424065,20
NEDD9,3.9447731755424065,20
ZMYND12,3.9447731755424065,20
CASC3,3.9447731755424065,20
KPNA4,3.9447731755424065,20
CXADR,3.9447731755424065,20
TXNDC2,3.9447731755424065,20
GSDMC,3.9447731755424065,20
GALNTL5,3.9447731755424065,20
CYP11B2,3.9447731755424065,20
LDLRAP1,3.9447731755424065,20
CD55,3.9447731755424065,20
KRBA1,3.9447731755424065,20
CLK2,3.9447731755424065,20
DCST1,3.9447731755424065,20
TYW5,3.9447731755424065,20
LCK,3.9447731755424065,20
NR5A2,3.9447731755424065,20
P2RY14,3.9447731755424065,20
SLC15A4,3.9447731755424065,20
KRT14,3.9447731755424065,20
RAB40AL,3.9447731755424065,20
PAK1IP1,3.9447731755424065,20
MKX,3.9447731755424065,20
GDF10,3.9447731755424065,20
CLUL1,3.9447731755424065,20
THOC1,3.9447731755424065,20
MEF2D,3.9447731755424065,20
UBQLN4,3.9447731755424065,20
TOM1L2,3.9447731755424065,20
AOC3,3.9447731755424065,20
ZIC1,3.9447731755424065,20
PLSCR2,3.9447731755424065,20
TIPARP,3.9447731755424065,20
KCNAB1,3.9447731755424065,20
LMOD1,3.9447731755424065,20
SPO11,3.9447731755424065,20
UBTF,3.9447731755424065,20
SKA3,3.9447731755424065,20
EVI5L,3.9447731755424065,20
PRPF19,3.9447731755424065,20
ITGA3,3.9447731755424065,20
ZNF652,3.9447731755424065,20
OR10X1,3.9447731755424065,20
FCRL2,3.9447731755424065,20
SLC13A3,3.9447731755424065,20
BUD13,3.9447731755424065,20
KBTBD12,3.9447731755424065,20
NUP58,3.9447731755424065,20
LUC7L3,3.9447731755424065,20
CDH22,3.9447731755424065,20
STK4,3.9447731755424065,20
SLC17A3,3.9447731755424065,20
PDGFD,3.9447731755424065,20
SPOCK3,3.9447731755424065,20
TBX2,3.9447731755424065,20
KIAA1841,3.9447731755424065,20
RSC1A1,3.9447731755424065,20
GHR,3.9447731755424065,20
TRHR,3.9447731755424065,20
CA8,3.9447731755424065,20
CPVL,3.9447731755424065,20
ZNF311,3.9447731755424065,20
OR2B2,3.9447731755424065,20
OSGIN2,3.9447731755424065,20
GRIN2C,3.9447731755424065,20
SLC7A1,3.9447731755424065,20
ARSB,3.9447731755424065,20
ALCAM,3.9447731755424065,20
CEP97,3.9447731755424065,20
HLX,3.9447731755424065,20
PCMTD1,3.9447731755424065,20
SPIDR,3.9447731755424065,20
MINDY3,3.9447731755424065,20
PTPN20,3.9447731755424065,20
GP1BA,3.9447731755424065,20
RMC1,3.9447731755424065,20
OCLN,3.9447731755424065,20
CWC27,3.9447731755424065,20
ZNF529,3.9447731755424065,20
ABCB9,3.9447731755424065,20
ST3GAL3,3.9447731755424065,20
CTSC,3.9447731755424065,20
CCDC89,3.9447731755424065,20
ANKRD42,3.9447731755424065,20
NARS2,3.9447731755424065,20
ERV3-1,3.9447731755424065,20
CPOX,3.9447731755424065,20
METTL4,3.9447731755424065,20
GIT2,3.9447731755424065,20
LIPJ,3.9447731755424065,20
UAP1,3.9447731755424065,20
ASPA,3.9447731755424065,20
H6PD,3.9447731755424065,20
KIFC1,3.9447731755424065,20
ZMIZ2,3.9447731755424065,20
CAMK2B,3.9447731755424065,20
NR2C1,3.9447731755424065,20
CKAP4,3.9447731755424065,20
OR4K15,3.9447731755424065,20
OR4N2,3.9447731755424065,20
PARP2,3.9447731755424065,20
PXK,3.9447731755424065,20
POLR3A,3.9447731755424065,20
POGK,3.9447731755424065,20
SGSM2,3.9447731755424065,20
TDG,3.9447731755424065,20
TESMIN,3.9447731755424065,20
CPNE6,3.9447731755424065,20
SLC7A8,3.9447731755424065,20
GNL3,3.9447731755424065,20
TCP11,3.9447731755424065,20
KAT5,3.9447731755424065,20
FGD2,3.9447731755424065,20
SLC12A9,3.9447731755424065,20
UBOX5,3.9447731755424065,20
VPS16,3.9447731755424065,20
CLEC14A,3.9447731755424065,20
MIPOL1,3.9447731755424065,20
PTH1R,3.9447731755424065,20
CDC25A,3.9447731755424065,20
EPC1,3.9447731755424065,20
IDH3G,3.9447731755424065,20
SCRN3,3.9447731755424065,20
GAD1,3.9447731755424065,20
ZNF135,3.9447731755424065,20
CNOT6,3.9447731755424065,20
SLC6A7,3.9447731755424065,20
SLC22A10,3.9447731755424065,20
SLC22A8,3.9447731755424065,20
NPSR1,3.9447731755424065,20
ZNF619,3.9447731755424065,20
ADSS2,3.9447731755424065,20
ZNF692,3.9447731755424065,20
ITGB8,3.9447731755424065,20
EPN1,3.9447731755424065,20
GYG2,3.9447731755424065,20
AC244197.3,3.9447731755424065,20
LOXL4,3.9447731755424065,20
PRPH2,3.9447731755424065,20
LRRC8E,3.9447731755424065,20
OSGEPL1,3.9447731755424065,20
KLC4,3.9447731755424065,20
ARMC5,3.9447731755424065,20
QRFPR,3.9447731755424065,20
OR14K1,3.9447731755424065,20
ZNF695,3.9447731755424065,20
GTF2F1,3.9447731755424065,20
ZNF558,3.9447731755424065,20
METTL14,3.9447731755424065,20
NAA30,3.9447731755424065,20
ZNF823,3.9447731755424065,20
GCLC,3.9447731755424065,20
TMX2,3.9447731755424065,20
BTBD9,3.9447731755424065,20
FAM160B1,3.9447731755424065,20
PHF6,3.9447731755424065,20
SLC38A8,3.9447731755424065,20
TBR1,3.9447731755424065,20
SLC25A14,3.9447731755424065,20
LPL,3.9447731755424065,20
VEGFD,3.9447731755424065,20
OR8K3,3.9447731755424065,20
OR10AG1,3.9447731755424065,20
MANEA,3.9447731755424065,20
HOXC10,3.9447731755424065,20
LILRA4,3.9447731755424065,20
IRF4,3.9447731755424065,20
PRSS35,3.9447731755424065,20
TMPRSS12,3.9447731755424065,20
KARS1,3.9447731755424065,20
BAG3,3.9447731755424065,20
FAM13C,3.9447731755424065,20
MCRS1,3.9447731755424065,20
AP5Z1,3.9447731755424065,20
CACNB3,3.9447731755424065,20
HDAC2,3.9447731755424065,20
CDC40,3.9447731755424065,20
ZNF83,3.9447731755424065,20
ZNF320,3.9447731755424065,20
ZNF468,3.9447731755424065,20
EXTL1,3.9447731755424065,20
USO1,3.9447731755424065,20
THAP9,3.9447731755424065,20
SIGLEC12,3.9447731755424065,20
VSIG1,3.9447731755424065,20
RNF113A,3.9447731755424065,20
EPC2,3.9447731755424065,20
KYNU,3.9447731755424065,20
CCNT2,3.9447731755424065,20
PLCD1,3.9447731755424065,20
HTR4,3.9447731755424065,20
EXT2,3.9447731755424065,20
SIGLEC7,3.9447731755424065,20
DDX47,3.9447731755424065,20
PM20D1,3.9447731755424065,20
TNFAIP3,3.9447731755424065,20
PDHX,3.9447731755424065,20
TNMD,3.9447731755424065,20
CPXCR1,3.9447731755424065,20
CYSLTR1,3.9447731755424065,20
GYS1,3.9447731755424065,20
LPAR2,3.9447731755424065,20
RANBP3,3.9447731755424065,20
OR2M7,3.9447731755424065,20
GPR162,3.9447731755424065,20
ERCC1,3.9447731755424065,20
RFTN2,3.9447731755424065,20
RSPH3,3.9447731755424065,20
OPCML,3.9447731755424065,20
ZNF233,3.9447731755424065,20
ZNF223,3.9447731755424065,20
HIF3A,3.9447731755424065,20
ZNF155,3.9447731755424065,20
ZNF417,3.9447731755424065,20
ZNF385B,3.9447731755424065,20
ZNF816,3.9447731755424065,20
CCZ1B,3.9447731755424065,20
ANGEL2,3.9447731755424065,20
TMEM63A,3.9447731755424065,20
GPR39,3.9447731755424065,20
NR0B1,3.9447731755424065,20
SLC29A3,3.9447731755424065,20
CPNE9,3.9447731755424065,20
FAM110B,3.9447731755424065,20
SLC30A9,3.9447731755424065,20
GPR75,3.9447731755424065,20
TTC7A,3.9447731755424065,20
PROKR1,3.9447731755424065,20
CERS6,3.9447731755424065,20
ZNF222,3.9447731755424065,20
HINFP,3.9447731755424065,20
RIMKLA,3.9447731755424065,20
RSPH10B,3.9447731755424065,20
P2RY10,3.9447731755424065,20
LPAR4,3.9447731755424065,20
TRAIP,3.9447731755424065,20
GPATCH2,3.9447731755424065,20
TOX3,3.9447731755424065,20
TAF5L,3.9447731755424065,20
ITPKC,3.9447731755424065,20
FAM133A,3.9447731755424065,20
ITGB6,3.9447731755424065,20
CHRM5,3.9447731755424065,20
CSNK2A1,3.9447731755424065,20
RIN2,3.9447731755424065,20
PCSK2,3.9447731755424065,20
ISM1,3.9447731755424065,20
ANAPC4,3.9447731755424065,20
CLCNKB,3.9447731755424065,20
DNAJC16,3.9447731755424065,20
OR6B1,3.9447731755424065,20
TXNL1,3.9447731755424065,20
PRSS38,3.9447731755424065,20
GRB14,3.9447731755424065,20
CNBD2,3.9447731755424065,20
CCDC93,3.9447731755424065,20
GTDC1,3.9447731755424065,20
MCM6,3.9447731755424065,20
ZNF670,3.9447731755424065,20
SESN2,3.9447731755424065,20
TUBGCP4,3.9447731755424065,20
KLHL2,3.9447731755424065,20
OR52L1,3.9447731755424065,20
OR52N4,3.9447731755424065,20
BIRC3,3.9447731755424065,20
OR10A3,3.9447731755424065,20
LIPH,3.9447731755424065,20
TKT,3.9447731755424065,20
OR2D2,3.9447731755424065,20
CCT7,3.9447731755424065,20
ZNF146,3.9447731755424065,20
RNF168,3.9447731755424065,20
PFKFB2,3.9447731755424065,20
UBQLNL,3.9447731755424065,20
OR51B6,3.9447731755424065,20
CHRNA4,3.9447731755424065,20
COPS2,3.9447731755424065,20
POM121L12,3.9447731755424065,20
INTS14,3.9447731755424065,20
TCF12,3.9447731755424065,20
MAPK6,3.9447731755424065,20
GLUL,3.9447731755424065,20
IRF5,3.9447731755424065,20
IMPDH1,3.9447731755424065,20
AP3M2,3.9447731755424065,20
PROKR2,3.9447731755424065,20
LRP3,3.9447731755424065,20
M1AP,3.9447731755424065,20
ASB5,3.9447731755424065,20
OR13C3,3.9447731755424065,20
PDGFRL,3.9447731755424065,20
DPP3,3.9447731755424065,20
SCYL1,3.9447731755424065,20
ADA2,3.9447731755424065,20
GAB4,3.9447731755424065,20
ABCF3,3.9447731755424065,20
ZNF708,3.9447731755424065,20
ZNF672,3.9447731755424065,20
PPP3CC,3.9447731755424065,20
ZNF85,3.9447731755424065,20
ZNF93,3.9447731755424065,20
ZNF101,3.9447731755424065,20
IMMT,3.9447731755424065,20
CHAF1B,3.9447731755424065,20
NDUFC2,3.9447731755424065,20
BTBD16,3.9447731755424065,20
WDR93,3.9447731755424065,20
GNAT3,3.9447731755424065,20
SLC45A1,3.9447731755424065,20
ERRFI1,3.9447731755424065,20
ARHGAP19,3.9447731755424065,20
CPSF3,3.9447731755424065,20
ACSM2A,3.9447731755424065,20
ZNF266,3.9447731755424065,20
NIPA2,3.9447731755424065,20
ADGRE5,3.9447731755424065,20
AP1M1,3.9447731755424065,20
AKAP8L,3.9447731755424065,20
ZNF710,3.9447731755424065,20
INPP5J,3.9447731755424065,20
CC2D1A,3.9447731755424065,20
NUP50,3.9447731755424065,20
FBLN7,3.9447731755424065,20
GRAP2,3.9447731755424065,20
APOBEC3F,3.9447731755424065,20
LZTS2,3.9447731755424065,20
CD6,3.9447731755424065,20
DNAJC2,3.9447731755424065,20
TIMM17B,3.9447731755424065,20
CXorf21,3.9447731755424065,20
MAGEB4,3.9447731755424065,20
OR4A16,3.9447731755424065,20
APLNR,3.9447731755424065,20
OR9G1,3.9447731755424065,20
CPT1B,3.9447731755424065,20
DHPS,3.9447731755424065,20
PPM1G,3.9447731755424065,20
ARSL,3.9447731755424065,20
ARSD,3.9447731755424065,20
IL3RA,3.9447731755424065,20
TRIM51,3.9447731755424065,20
DIPK2B,3.9447731755424065,20
ZWILCH,3.9447731755424065,20
MRTFB,3.9447731755424065,20
RBBP7,3.9447731755424065,20
TMCC1,3.9447731755424065,20
FOXD4L4,3.9447731755424065,20
OR5H15,3.9447731755424065,20
G6PD,3.9447731755424065,20
CTSL,3.9447731755424065,20
TRMT10B,3.9447731755424065,20
ZBTB5,3.9447731755424065,20
ZNF169,3.9447731755424065,20
ASB11,3.9447731755424065,20
PGM1,3.9447731755424065,20
ERP44,3.9447731755424065,20
BICD2,3.9447731755424065,20
SPATA1,3.7475345167652856,19
CYP39A1,3.7475345167652856,19
PTGFRN,3.7475345167652856,19
OTUD6A,3.7475345167652856,19
FEM1B,3.7475345167652856,19
AMHR2,3.7475345167652856,19
OR8U1,3.7475345167652856,19
PIGA,3.7475345167652856,19
ZNF789,3.7475345167652856,19
CASQ2,3.7475345167652856,19
ZDHHC11,3.7475345167652856,19
PPP1R3F,3.7475345167652856,19
MLIP,3.7475345167652856,19
USP1,3.7475345167652856,19
ATXN7L2,3.7475345167652856,19
DGKE,3.7475345167652856,19
RBFOX2,3.7475345167652856,19
RTN4IP1,3.7475345167652856,19
ZCCHC8,3.7475345167652856,19
HOXC6,3.7475345167652856,19
CDKN2AIP,3.7475345167652856,19
PTPN9,3.7475345167652856,19
PSTPIP1,3.7475345167652856,19
OR5F1,3.7475345167652856,19
RASGRP2,3.7475345167652856,19
GPR87,3.7475345167652856,19
ITPRIPL1,3.7475345167652856,19
IL23R,3.7475345167652856,19
ZNF883,3.7475345167652856,19
ZNF618,3.7475345167652856,19
KIF12,3.7475345167652856,19
WDR1,3.7475345167652856,19
AP3D1,3.7475345167652856,19
SYT6,3.7475345167652856,19
TTC25,3.7475345167652856,19
ALG10B,3.7475345167652856,19
GFM2,3.7475345167652856,19
CLVS2,3.7475345167652856,19
SMPD2,3.7475345167652856,19
HDAC10,3.7475345167652856,19
NOL10,3.7475345167652856,19
ATP6V1A,3.7475345167652856,19
LRWD1,3.7475345167652856,19
CPSF7,3.7475345167652856,19
NR2F1,3.7475345167652856,19
FAM81B,3.7475345167652856,19
PPID,3.7475345167652856,19
OR6C65,3.7475345167652856,19
AMER2,3.7475345167652856,19
CDX2,3.7475345167652856,19
CCNA1,3.7475345167652856,19
PON2,3.7475345167652856,19
IKBIP,3.7475345167652856,19
OR7C1,3.7475345167652856,19
ARFGAP3,3.7475345167652856,19
TRMT1,3.7475345167652856,19
PATZ1,3.7475345167652856,19
CALR3,3.7475345167652856,19
SART1,3.7475345167652856,19
CHRM1,3.7475345167652856,19
TARS3,3.7475345167652856,19
TBC1D24,3.7475345167652856,19
RAI2,3.7475345167652856,19
MEIS2,3.7475345167652856,19
GPR34,3.7475345167652856,19
FTSJ1,3.7475345167652856,19
GALNT12,3.7475345167652856,19
PCK2,3.7475345167652856,19
PRORP,3.7475345167652856,19
PTGDR,3.7475345167652856,19
SRPK1,3.7475345167652856,19
CUL4A,3.7475345167652856,19
GPR161,3.7475345167652856,19
CFAP221,3.7475345167652856,19
INTS11,3.7475345167652856,19
GP2,3.7475345167652856,19
SCNN1B,3.7475345167652856,19
ZNF277,3.7475345167652856,19
GPR85,3.7475345167652856,19
BLNK,3.7475345167652856,19
SPATA20,3.7475345167652856,19
DYRK3,3.7475345167652856,19
CYP17A1,3.7475345167652856,19
WHAMM,3.7475345167652856,19
PCYOX1,3.7475345167652856,19
SPATA16,3.7475345167652856,19
ELL,3.7475345167652856,19
GTPBP10,3.7475345167652856,19
HIP1,3.7475345167652856,19
OR56A1,3.7475345167652856,19
MOGAT2,3.7475345167652856,19
SLC22A11,3.7475345167652856,19
ZNF207,3.7475345167652856,19
ZKSCAN4,3.7475345167652856,19
ZNF205,3.7475345167652856,19
SRL,3.7475345167652856,19
C16orf71,3.7475345167652856,19
SLC7A11,3.7475345167652856,19
GGA2,3.7475345167652856,19
OR14A16,3.7475345167652856,19
OR2L3,3.7475345167652856,19
KRT17,3.7475345167652856,19
FOXP3,3.7475345167652856,19
SEPTIN12,3.7475345167652856,19
INF2,3.7475345167652856,19
CRTC2,3.7475345167652856,19
AVPR1A,3.7475345167652856,19
SERPINA3,3.7475345167652856,19
BDKRB2,3.7475345167652856,19
PYROXD1,3.7475345167652856,19
OR51B4,3.7475345167652856,19
KRT32,3.7475345167652856,19
SPATA7,3.7475345167652856,19
SIL1,3.7475345167652856,19
GPR19,3.7475345167652856,19
PLBD1,3.7475345167652856,19
KLHL3,3.7475345167652856,19
L3MBTL2,3.7475345167652856,19
XRCC6,3.7475345167652856,19
ZFP57,3.7475345167652856,19
PRKAR1B,3.7475345167652856,19
UFD1,3.7475345167652856,19
CYP2E1,3.7475345167652856,19
NOX5,3.7475345167652856,19
PKLR,3.7475345167652856,19
DIO2,3.7475345167652856,19
TSPYL5,3.7475345167652856,19
UGT1A1,3.7475345167652856,19
HECTD3,3.7475345167652856,19
TOE1,3.7475345167652856,19
WARS2,3.7475345167652856,19
KRT34,3.7475345167652856,19
KRT38,3.7475345167652856,19
YES1,3.7475345167652856,19
MARCO,3.7475345167652856,19
ACOX2,3.7475345167652856,19
ARL13B,3.7475345167652856,19
VLDLR,3.7475345167652856,19
GLIS3,3.7475345167652856,19
UGT1A9,3.7475345167652856,19
SET,3.7475345167652856,19
FCGR1A,3.7475345167652856,19
IKZF3,3.7475345167652856,19
KRT27,3.7475345167652856,19
NRAS,3.7475345167652856,19
AMBN,3.7475345167652856,19
RUFY4,3.7475345167652856,19
ABHD14A-ACY1,3.7475345167652856,19
DNAJB11,3.7475345167652856,19
GP5,3.7475345167652856,19
RBM42,3.7475345167652856,19
RBM11,3.7475345167652856,19
CCT6A,3.7475345167652856,19
OR51A4,3.7475345167652856,19
PARP6,3.7475345167652856,19
RETSAT,3.7475345167652856,19
LPCAT2,3.7475345167652856,19
VRTN,3.7475345167652856,19
ACADM,3.7475345167652856,19
TRMT1L,3.7475345167652856,19
HSD17B11,3.7475345167652856,19
SOWAHB,3.7475345167652856,19
HFE,3.7475345167652856,19
ARMH3,3.7475345167652856,19
GABPA,3.7475345167652856,19
ZBTB46,3.7475345167652856,19
METAP1,3.7475345167652856,19
GPR141,3.7475345167652856,19
OR51M1,3.7475345167652856,19
TRIM5,3.7475345167652856,19
OR2L8,3.7475345167652856,19
PPAT,3.7475345167652856,19
LTBR,3.7475345167652856,19
COQ6,3.7475345167652856,19
ALDH6A1,3.7475345167652856,19
THOC6,3.7475345167652856,19
ALX1,3.7475345167652856,19
ATL1,3.7475345167652856,19
SPOCK2,3.7475345167652856,19
EGR4,3.7475345167652856,19
SLC28A2,3.7475345167652856,19
GTF2E2,3.7475345167652856,19
SLC35F3,3.7475345167652856,19
PRKCD,3.7475345167652856,19
WNT5A,3.7475345167652856,19
LRRC31,3.7475345167652856,19
STK17A,3.7475345167652856,19
PSMD12,3.7475345167652856,19
ARSG,3.7475345167652856,19
KCNJ2,3.7475345167652856,19
ACTR5,3.7475345167652856,19
CDK11B,3.7475345167652856,19
ESS2,3.7475345167652856,19
NF2,3.7475345167652856,19
BTNL3,3.7475345167652856,19
SRSF5,3.7475345167652856,19
TXNRD1,3.7475345167652856,19
PPP2R1B,3.7475345167652856,19
SLC6A8,3.7475345167652856,19
STRC,3.7475345167652856,19
ZBP1,3.7475345167652856,19
PMEPA1,3.7475345167652856,19
ELMO2,3.7475345167652856,19
BPIFB4,3.7475345167652856,19
ZBTB49,3.7475345167652856,19
CERS2,3.7475345167652856,19
MAT2B,3.7475345167652856,19
SPARC,3.7475345167652856,19
G3BP1,3.7475345167652856,19
NSUN7,3.7475345167652856,19
APBB2,3.7475345167652856,19
SMARCD1,3.7475345167652856,19
EHD4,3.7475345167652856,19
NDRG3,3.7475345167652856,19
CPZ,3.7475345167652856,19
ZNF777,3.7475345167652856,19
CAMK2G,3.7475345167652856,19
MYC,3.7475345167652856,19
B3GNT5,3.7475345167652856,19
TMPRSS11D,3.7475345167652856,19
SEMA3G,3.7475345167652856,19
IFIT2,3.7475345167652856,19
ATP6V1C1,3.7475345167652856,19
OPRM1,3.7475345167652856,19
PPP2R3C,3.7475345167652856,19
NECTIN4,3.7475345167652856,19
PELP1,3.7475345167652856,19
PAFAH1B1,3.7475345167652856,19
TUBA8,3.7475345167652856,19
DGCR2,3.7475345167652856,19
LSG1,3.7475345167652856,19
PIGZ,3.7475345167652856,19
CHAT,3.7475345167652856,19
NELFB,3.7475345167652856,19
PNPT1,3.7475345167652856,19
ACSS1,3.7475345167652856,19
RNF145,3.7475345167652856,19
ADRA1B,3.7475345167652856,19
PWWP2A,3.7475345167652856,19
SLC16A5,3.7475345167652856,19
NUP85,3.7475345167652856,19
CHEK1,3.7475345167652856,19
DDX54,3.7475345167652856,19
APBB1IP,3.7475345167652856,19
PHYH,3.7475345167652856,19
GABRP,3.7475345167652856,19
CENPB,3.7475345167652856,19
PADI3,3.7475345167652856,19
NXPE1,3.7475345167652856,19
BRD7,3.7475345167652856,19
TSC22D2,3.7475345167652856,19
OR52M1,3.7475345167652856,19
OR51G1,3.7475345167652856,19
PSEN2,3.7475345167652856,19
RARS2,3.7475345167652856,19
EPHX2,3.7475345167652856,19
CARD9,3.7475345167652856,19
ANKRD13A,3.7475345167652856,19
TRA2B,3.7475345167652856,19
GAS7,3.7475345167652856,19
TMPRSS3,3.7475345167652856,19
HSD17B3,3.7475345167652856,19
IFNAR1,3.7475345167652856,19
CYP2R1,3.7475345167652856,19
ZNF211,3.7475345167652856,19
PSG1,3.7475345167652856,19
PKNOX2,3.7475345167652856,19
PGGHG,3.7475345167652856,19
AGXT,3.7475345167652856,19
ECD,3.7475345167652856,19
WDR26,3.7475345167652856,19
ANGPT4,3.7475345167652856,19
TANK,3.7475345167652856,19
TIMD4,3.7475345167652856,19
PAH,3.7475345167652856,19
KRT84,3.7475345167652856,19
NSRP1,3.7475345167652856,19
UTP6,3.7475345167652856,19
CELF3,3.7475345167652856,19
AGPAT4,3.7475345167652856,19
EIF3B,3.7475345167652856,19
USH1C,3.7475345167652856,19
FAM20A,3.7475345167652856,19
WDR75,3.7475345167652856,19
LNPK,3.7475345167652856,19
FBXO46,3.7475345167652856,19
IGF2BP2,3.7475345167652856,19
RSRC2,3.7475345167652856,19
HCAR2,3.7475345167652856,19
BLMH,3.7475345167652856,19
KRT26,3.7475345167652856,19
BEND7,3.7475345167652856,19
DDX55,3.7475345167652856,19
BCAM,3.7475345167652856,19
SAAL1,3.7475345167652856,19
BABAM2,3.7475345167652856,19
SETD3,3.7475345167652856,19
GNA14,3.7475345167652856,19
MEPE,3.7475345167652856,19
KRT23,3.7475345167652856,19
NIPAL2,3.7475345167652856,19
FAM83G,3.7475345167652856,19
FOXN1,3.7475345167652856,19
PCDH8,3.7475345167652856,19
FOXD4L5,3.7475345167652856,19
KRT9,3.7475345167652856,19
UNK,3.7475345167652856,19
OR11H6,3.7475345167652856,19
PLAG1,3.7475345167652856,19
GAA,3.7475345167652856,19
P4HB,3.7475345167652856,19
CBLN4,3.7475345167652856,19
CSTF1,3.7475345167652856,19
SCFD2,3.7475345167652856,19
LMBR1,3.7475345167652856,19
PKM,3.7475345167652856,19
GLRX3,3.7475345167652856,19
PPP2R2D,3.7475345167652856,19
CDH5,3.7475345167652856,19
DPEP3,3.7475345167652856,19
CDK18,3.7475345167652856,19
AC109583.1,3.7475345167652856,19
ANKRD34B,3.7475345167652856,19
FEM1C,3.7475345167652856,19
FAM20B,3.7475345167652856,19
UGT2B28,3.7475345167652856,19
MUL1,3.7475345167652856,19
CD44,3.7475345167652856,19
KCNN4,3.7475345167652856,19
VIPAS39,3.7475345167652856,19
PDZD3,3.7475345167652856,19
DHRS7C,3.7475345167652856,19
COX10,3.7475345167652856,19
LMNA,3.7475345167652856,19
PIGK,3.7475345167652856,19
SSBP3,3.7475345167652856,19
RNLS,3.7475345167652856,19
INSYN2A,3.7475345167652856,19
KY,3.7475345167652856,19
SH2D3A,3.7475345167652856,19
DTL,3.7475345167652856,19
PIAS4,3.7475345167652856,19
ADAM11,3.7475345167652856,19
MAP3K14,3.7475345167652856,19
PCK1,3.7475345167652856,19
PAQR9,3.7475345167652856,19
RIN3,3.7475345167652856,19
ANKRD55,3.7475345167652856,19
PRPS1,3.7475345167652856,19
HAS3,3.7475345167652856,19
MYBPH,3.7475345167652856,19
TMEM255A,3.7475345167652856,19
AGTR2,3.7475345167652856,19
UQCRC1,3.7475345167652856,19
C1QTNF2,3.7475345167652856,19
ARR3,3.7475345167652856,19
SAMD4B,3.7475345167652856,19
PRR12,3.7475345167652856,19
BTN2A1,3.7475345167652856,19
MAN1C1,3.7475345167652856,19
SELENON,3.7475345167652856,19
SPTLC2,3.7475345167652856,19
CPO,3.7475345167652856,19
KCNG1,3.7475345167652856,19
PRAMEF4,3.7475345167652856,19
KCTD20,3.7475345167652856,19
DPY19L4,3.7475345167652856,19
CPQ,3.7475345167652856,19
KRBA2,3.7475345167652856,19
BTN3A3,3.7475345167652856,19
RASA3,3.7475345167652856,19
TRMT10A,3.7475345167652856,19
WDR43,3.7475345167652856,19
IKZF1,3.7475345167652856,19
POM121C,3.7475345167652856,19
IBSP,3.7475345167652856,19
CACNG7,3.7475345167652856,19
MAX,3.7475345167652856,19
SUPT20H,3.7475345167652856,19
COPG1,3.7475345167652856,19
RPTN,3.7475345167652856,19
SIK2,3.7475345167652856,19
ALG9,3.7475345167652856,19
BCO2,3.7475345167652856,19
IGF2BP3,3.7475345167652856,19
ARSK,3.7475345167652856,19
CSGALNACT2,3.7475345167652856,19
SSB,3.7475345167652856,19
TMCC2,3.7475345167652856,19
INAVA,3.7475345167652856,19
DTX3L,3.7475345167652856,19
DNAH12,3.7475345167652856,19
CCDC14,3.7475345167652856,19
SNX4,3.7475345167652856,19
BTN2A2,3.7475345167652856,19
FBXO40,3.7475345167652856,19
CKMT2,3.7475345167652856,19
SLF1,3.7475345167652856,19
SETD7,3.7475345167652856,19
THUMPD3,3.7475345167652856,19
TATDN2,3.7475345167652856,19
ELP2,3.7475345167652856,19
TNK1,3.7475345167652856,19
SPEM2,3.7475345167652856,19
HTR1E,3.7475345167652856,19
MBNL3,3.7475345167652856,19
AAAS,3.7475345167652856,19
OR10H2,3.7475345167652856,19
AC126283.2,3.7475345167652856,19
TAF1B,3.7475345167652856,19
MLPH,3.7475345167652856,19
KIR3DL1,3.7475345167652856,19
NEPRO,3.7475345167652856,19
RHBDF2,3.7475345167652856,19
CRTC1,3.7475345167652856,19
HLA-G,3.7475345167652856,19
ABCF1,3.7475345167652856,19
OR2J3,3.7475345167652856,19
OR5V1,3.7475345167652856,19
CREB5,3.7475345167652856,19
TMEM39A,3.7475345167652856,19
NXPE3,3.7475345167652856,19
LGALS8,3.7475345167652856,19
HOOK2,3.7475345167652856,19
SETMAR,3.7475345167652856,19
OR5AP2,3.7475345167652856,19
WDR48,3.7475345167652856,19
MON1B,3.7475345167652856,19
ATMIN,3.7475345167652856,19
TBX18,3.7475345167652856,19
ENC1,3.7475345167652856,19
GDF5,3.7475345167652856,19
RPH3A,3.7475345167652856,19
TRIM49,3.7475345167652856,19
DPY19L1,3.7475345167652856,19
SFRP4,3.7475345167652856,19
INHBA,3.7475345167652856,19
APOH,3.7475345167652856,19
PRKCA,3.7475345167652856,19
GZF1,3.7475345167652856,19
OR9Q2,3.7475345167652856,19
RHAG,3.7475345167652856,19
CILK1,3.7475345167652856,19
WTAP,3.7475345167652856,19
IL17RC,3.7475345167652856,19
HRH1,3.7475345167652856,19
ZNF232,3.7475345167652856,19
ADAMTS4,3.7475345167652856,19
ZC3H15,3.7475345167652856,19
PIAS2,3.7475345167652856,19
MRO,3.7475345167652856,19
AADACL3,3.7475345167652856,19
PIP4K2A,3.7475345167652856,19
ZPBP,3.7475345167652856,19
GAL3ST4,3.7475345167652856,19
TBC1D10A,3.7475345167652856,19
SUPT3H,3.7475345167652856,19
POPDC3,3.7475345167652856,19
TGFBR2,3.7475345167652856,19
PLA2G7,3.7475345167652856,19
ELOVL4,3.7475345167652856,19
RALBP1,3.7475345167652856,19
MACROD2,3.7475345167652856,19
TAF4B,3.7475345167652856,19
OR2G6,3.7475345167652856,19
SUSD4,3.7475345167652856,19
OR5H14,3.7475345167652856,19
SLC14A1,3.7475345167652856,19
C8B,3.7475345167652856,19
MAGEC2,3.7475345167652856,19
ZKSCAN8,3.7475345167652856,19
B3GALT1,3.7475345167652856,19
ZNF20,3.7475345167652856,19
KRT6A,3.7475345167652856,19
MICU3,3.7475345167652856,19
FFAR3,3.7475345167652856,19
SH3BP5,3.7475345167652856,19
ST8SIA5,3.7475345167652856,19
TERT,3.7475345167652856,19
LYN,3.7475345167652856,19
MISP,3.7475345167652856,19
IL22RA1,3.7475345167652856,19
MALT1,3.7475345167652856,19
SERPINB4,3.7475345167652856,19
ZNF181,3.7475345167652856,19
P2RY8,3.7475345167652856,19
ZBTB47,3.7475345167652856,19
PYGL,3.7475345167652856,19
FUT6,3.7475345167652856,19
SLC22A6,3.7475345167652856,19
MS4A8,3.7475345167652856,19
HCN2,3.7475345167652856,19
B3GALT2,3.7475345167652856,19
MYOC,3.7475345167652856,19
EEF1AKNMT,3.7475345167652856,19
GPA33,3.7475345167652856,19
NARS1,3.7475345167652856,19
CYRIA,3.7475345167652856,19
SPRED2,3.7475345167652856,19
CHAMP1,3.7475345167652856,19
OR4K1,3.7475345167652856,19
ENTPD1,3.7475345167652856,19
GDF6,3.7475345167652856,19
EOMES,3.7475345167652856,19
TELO2,3.7475345167652856,19
ZNF25,3.7475345167652856,19
CYP3A4,3.7475345167652856,19
DNAJC21,3.7475345167652856,19
ETV7,3.7475345167652856,19
STK38,3.7475345167652856,19
FCHSD2,3.7475345167652856,19
APPL2,3.7475345167652856,19
EMILIN3,3.7475345167652856,19
PGBD5,3.7475345167652856,19
TBCE,3.7475345167652856,19
SIRPA,3.7475345167652856,19
PTBP1,3.7475345167652856,19
CPNE5,3.7475345167652856,19
TBC1D22B,3.7475345167652856,19
MMP14,3.7475345167652856,19
PRMT5,3.7475345167652856,19
ZNF256,3.7475345167652856,19
LPAR3,3.7475345167652856,19
AK5,3.7475345167652856,19
DNAJB4,3.7475345167652856,19
RMI1,3.7475345167652856,19
PIAS3,3.7475345167652856,19
CDC14B,3.7475345167652856,19
SLC28A3,3.7475345167652856,19
GJC1,3.7475345167652856,19
ZNF622,3.7475345167652856,19
CYP1A2,3.7475345167652856,19
TESK1,3.7475345167652856,19
ANGPTL2,3.7475345167652856,19
PSMD5,3.7475345167652856,19
ETV4,3.7475345167652856,19
CCDC43,3.7475345167652856,19
ANXA8,3.5502958579881656,18
CTSV,3.5502958579881656,18
PTGER3,3.5502958579881656,18
HROB,3.5502958579881656,18
KIAA1958,3.5502958579881656,18
PTBP3,3.5502958579881656,18
ALDOB,3.5502958579881656,18
ENPP4,3.5502958579881656,18
RNF8,3.5502958579881656,18
KRT6B,3.5502958579881656,18
SLC18A1,3.5502958579881656,18
KRI1,3.5502958579881656,18
KANK2,3.5502958579881656,18
VPS4B,3.5502958579881656,18
DNAJC3,3.5502958579881656,18
TRIM56,3.5502958579881656,18
CYP3A5,3.5502958579881656,18
CYP3A43,3.5502958579881656,18
SLC6A12,3.5502958579881656,18
SDHA,3.5502958579881656,18
GFRAL,3.5502958579881656,18
TTLL6,3.5502958579881656,18
ITGB3,3.5502958579881656,18
OR5AR1,3.5502958579881656,18
XKRX,3.5502958579881656,18
CDK7,3.5502958579881656,18
MLF1,3.5502958579881656,18
HHAT,3.5502958579881656,18
RARB,3.5502958579881656,18
OXSM,3.5502958579881656,18
GPM6A,3.5502958579881656,18
MAP3K8,3.5502958579881656,18
PDE7A,3.5502958579881656,18
TMEM130,3.5502958579881656,18
GAS2L3,3.5502958579881656,18
RBM5,3.5502958579881656,18
FKBP5,3.5502958579881656,18
AP002748.5,3.5502958579881656,18
CCBE1,3.5502958579881656,18
MCM8,3.5502958579881656,18
KLHL18,3.5502958579881656,18
PIP5K1C,3.5502958579881656,18
ZIK1,3.5502958579881656,18
GNS,3.5502958579881656,18
DYRK2,3.5502958579881656,18
PTCD1,3.5502958579881656,18
PANK2,3.5502958579881656,18
TAF6L,3.5502958579881656,18
CEP44,3.5502958579881656,18
PCCB,3.5502958579881656,18
VPS45,3.5502958579881656,18
TRIB2,3.5502958579881656,18
CD247,3.5502958579881656,18
TOR1AIP1,3.5502958579881656,18
SMAD4,3.5502958579881656,18
TTC23L,3.5502958579881656,18
ZBTB45,3.5502958579881656,18
ZNF555,3.5502958579881656,18
CACTIN,3.5502958579881656,18
FMR1NB,3.5502958579881656,18
PNMA5,3.5502958579881656,18
NT5C2,3.5502958579881656,18
CA1,3.5502958579881656,18
TRIM58,3.5502958579881656,18
PWP1,3.5502958579881656,18
ANGPT1,3.5502958579881656,18
HMGCLL1,3.5502958579881656,18
SPNS3,3.5502958579881656,18
ADAM18,3.5502958579881656,18
ERO1B,3.5502958579881656,18
TRA2A,3.5502958579881656,18
FH,3.5502958579881656,18
FRMD6,3.5502958579881656,18
VN1R1,3.5502958579881656,18
ENPP5,3.5502958579881656,18
OLFML1,3.5502958579881656,18
STAC,3.5502958579881656,18
TIMM44,3.5502958579881656,18
DUXA,3.5502958579881656,18
VWA2,3.5502958579881656,18
BICDL1,3.5502958579881656,18
ZNF750,3.5502958579881656,18
USP14,3.5502958579881656,18
OR5K3,3.5502958579881656,18
ST3GAL6,3.5502958579881656,18
CLDN10,3.5502958579881656,18
PRSS23,3.5502958579881656,18
NUFIP2,3.5502958579881656,18
F2RL1,3.5502958579881656,18
GOT1,3.5502958579881656,18
ICAM3,3.5502958579881656,18
FOXRED2,3.5502958579881656,18
VN1R5,3.5502958579881656,18
OR8J3,3.5502958579881656,18
OR8H1,3.5502958579881656,18
FAM83C,3.5502958579881656,18
SREK1,3.5502958579881656,18
EIF4A1,3.5502958579881656,18
RXRG,3.5502958579881656,18
CASP10,3.5502958579881656,18
TRDMT1,3.5502958579881656,18
CCDC57,3.5502958579881656,18
TOMM70,3.5502958579881656,18
BTD,3.5502958579881656,18
MAP11,3.5502958579881656,18
OR4D10,3.5502958579881656,18
MCTS1,3.5502958579881656,18
IFIH1,3.5502958579881656,18
MAGEA8,3.5502958579881656,18
MOSPD1,3.5502958579881656,18
LRRC2,3.5502958579881656,18
HEXB,3.5502958579881656,18
CERT1,3.5502958579881656,18
POR,3.5502958579881656,18
ZC3H12A,3.5502958579881656,18
OR6C75,3.5502958579881656,18
ZNF341,3.5502958579881656,18
CLP1,3.5502958579881656,18
ADGRF2,3.5502958579881656,18
SLC22A2,3.5502958579881656,18
PELI2,3.5502958579881656,18
SLC35F4,3.5502958579881656,18
RBM44,3.5502958579881656,18
KIR2DL4,3.5502958579881656,18
CCDC174,3.5502958579881656,18
UGDH,3.5502958579881656,18
ABCE1,3.5502958579881656,18
TUBE1,3.5502958579881656,18
ZFP42,3.5502958579881656,18
OTOP2,3.5502958579881656,18
AKAP8,3.5502958579881656,18
RALYL,3.5502958579881656,18
SEMA6B,3.5502958579881656,18
NHLRC3,3.5502958579881656,18
CCDC106,3.5502958579881656,18
SYAP1,3.5502958579881656,18
PGLYRP2,3.5502958579881656,18
CHRNB3,3.5502958579881656,18
SLC12A8,3.5502958579881656,18
L3MBTL1,3.5502958579881656,18
SCRN1,3.5502958579881656,18
ERVFRD-1,3.5502958579881656,18
PHF10,3.5502958579881656,18
ACAT1,3.5502958579881656,18
PLA1A,3.5502958579881656,18
GATA3,3.5502958579881656,18
UBXN2B,3.5502958579881656,18
ITGB1,3.5502958579881656,18
IRAK2,3.5502958579881656,18
TMEFF2,3.5502958579881656,18
SENP3,3.5502958579881656,18
SERPINE3,3.5502958579881656,18
ALG11,3.5502958579881656,18
PDIA6,3.5502958579881656,18
GNA13,3.5502958579881656,18
WNT16,3.5502958579881656,18
KRT72,3.5502958579881656,18
SCUBE2,3.5502958579881656,18
HNRNPF,3.5502958579881656,18
SFXN4,3.5502958579881656,18
GRK5,3.5502958579881656,18
CATSPER3,3.5502958579881656,18
CHIT1,3.5502958579881656,18
ZFP1,3.5502958579881656,18
NEK7,3.5502958579881656,18
CBLL1,3.5502958579881656,18
RFC5,3.5502958579881656,18
ALPI,3.5502958579881656,18
HSD11B1,3.5502958579881656,18
MUC13,3.5502958579881656,18
ZNF322,3.5502958579881656,18
WDFY2,3.5502958579881656,18
DAPP1,3.5502958579881656,18
PAX3,3.5502958579881656,18
PROX2,3.5502958579881656,18
TMEM161A,3.5502958579881656,18
UGT1A10,3.5502958579881656,18
ALX4,3.5502958579881656,18
RNF146,3.5502958579881656,18
EPN3,3.5502958579881656,18
CADM2,3.5502958579881656,18
TONSL,3.5502958579881656,18
ZW10,3.5502958579881656,18
CADM1,3.5502958579881656,18
KCNA2,3.5502958579881656,18
RUBCNL,3.5502958579881656,18
MLLT1,3.5502958579881656,18
HDAC8,3.5502958579881656,18
BFAR,3.5502958579881656,18
KCNJ8,3.5502958579881656,18
FPR3,3.5502958579881656,18
PRDM8,3.5502958579881656,18
ATF5,3.5502958579881656,18
OR4C6,3.5502958579881656,18
NPEPPS,3.5502958579881656,18
PDE7B,3.5502958579881656,18
PRAMEF12,3.5502958579881656,18
ACTL8,3.5502958579881656,18
DPPA4,3.5502958579881656,18
TRIM75P,3.5502958579881656,18
TTC39C,3.5502958579881656,18
CABYR,3.5502958579881656,18
GCM2,3.5502958579881656,18
PAG1,3.5502958579881656,18
ATP6V0D2,3.5502958579881656,18
NUAK2,3.5502958579881656,18
CLDN18,3.5502958579881656,18
KCNJ16,3.5502958579881656,18
DDX51,3.5502958579881656,18
KPNA3,3.5502958579881656,18
EYA2,3.5502958579881656,18
PLEKHM3,3.5502958579881656,18
TULP2,3.5502958579881656,18
PNMA8B,3.5502958579881656,18
GPR108,3.5502958579881656,18
DDX19B,3.5502958579881656,18
ATG4A,3.5502958579881656,18
ATG9B,3.5502958579881656,18
UBE2E3,3.5502958579881656,18
P2RY12,3.5502958579881656,18
NUP62,3.5502958579881656,18
UGT2A2,3.5502958579881656,18
LIPF,3.5502958579881656,18
MYB,3.5502958579881656,18
TM7SF3,3.5502958579881656,18
LPCAT3,3.5502958579881656,18
CEP85,3.5502958579881656,18
MAB21L1,3.5502958579881656,18
TFAP2A,3.5502958579881656,18
WLS,3.5502958579881656,18
CADM3,3.5502958579881656,18
PTH2R,3.5502958579881656,18
CCDC60,3.5502958579881656,18
APCDD1,3.5502958579881656,18
SHMT1,3.5502958579881656,18
NEK8,3.5502958579881656,18
RXRA,3.5502958579881656,18
QSOX2,3.5502958579881656,18
PIGW,3.5502958579881656,18
MBNL1,3.5502958579881656,18
FAM189B,3.5502958579881656,18
NPLOC4,3.5502958579881656,18
LRRTM2,3.5502958579881656,18
TFAP2C,3.5502958579881656,18
PRKAG2,3.5502958579881656,18
PRMT3,3.5502958579881656,18
DMAP1,3.5502958579881656,18
OAT,3.5502958579881656,18
SLC25A2,3.5502958579881656,18
GALNT14,3.5502958579881656,18
LDHC,3.5502958579881656,18
DBX1,3.5502958579881656,18
POLL,3.5502958579881656,18
NRBP1,3.5502958579881656,18
WARS1,3.5502958579881656,18
DIO3,3.5502958579881656,18
KCTD18,3.5502958579881656,18
NTM,3.5502958579881656,18
MRPS31,3.5502958579881656,18
POU4F1,3.5502958579881656,18
POU2F3,3.5502958579881656,18
BRAT1,3.5502958579881656,18
PRPF18,3.5502958579881656,18
HSPA14,3.5502958579881656,18
FBXW5,3.5502958579881656,18
PABPC1,3.5502958579881656,18
TXK,3.5502958579881656,18
XRCC1,3.5502958579881656,18
UGT2A3,3.5502958579881656,18
DDX5,3.5502958579881656,18
HMBS,3.5502958579881656,18
POU4F3,3.5502958579881656,18
RHBDL3,3.5502958579881656,18
PSMD11,3.5502958579881656,18
ZNF512B,3.5502958579881656,18
OR2Y1,3.5502958579881656,18
RUFY1,3.5502958579881656,18
MGAT4B,3.5502958579881656,18
SLC7A7,3.5502958579881656,18
PPM1L,3.5502958579881656,18
MARK4,3.5502958579881656,18
MRGPRX4,3.5502958579881656,18
PRF1,3.5502958579881656,18
KATNB1,3.5502958579881656,18
DHX58,3.5502958579881656,18
EIF2B5,3.5502958579881656,18
PIPOX,3.5502958579881656,18
FCHSD1,3.5502958579881656,18
OR10G4,3.5502958579881656,18
CAMK1D,3.5502958579881656,18
RINT1,3.5502958579881656,18
ZMPSTE24,3.5502958579881656,18
GJA9,3.5502958579881656,18
OR4M1,3.5502958579881656,18
OR2F2,3.5502958579881656,18
UNC93A,3.5502958579881656,18
CHST12,3.5502958579881656,18
IQCE,3.5502958579881656,18
GZMA,3.5502958579881656,18
ABCB10,3.5502958579881656,18
GPR17,3.5502958579881656,18
OR51S1,3.5502958579881656,18
LUC7L2,3.5502958579881656,18
ZNF16,3.5502958579881656,18
KCNAB3,3.5502958579881656,18
BLZF1,3.5502958579881656,18
HRG,3.5502958579881656,18
SLC34A1,3.5502958579881656,18
RRP1B,3.5502958579881656,18
AGPAT3,3.5502958579881656,18
KDM7A,3.5502958579881656,18
C1GALT1C1,3.5502958579881656,18
OXNAD1,3.5502958579881656,18
COL13A1,3.5502958579881656,18
ACTC1,3.5502958579881656,18
PAK6,3.5502958579881656,18
BAHD1,3.5502958579881656,18
AKT2,3.5502958579881656,18
LBP,3.5502958579881656,18
TMEM87B,3.5502958579881656,18
PROC,3.5502958579881656,18
CMKLR1,3.5502958579881656,18
HAVCR2,3.5502958579881656,18
BOP1,3.5502958579881656,18
GGA3,3.5502958579881656,18
FASTKD2,3.5502958579881656,18
PEX12,3.5502958579881656,18
SGK3,3.5502958579881656,18
PLD3,3.5502958579881656,18
ETFDH,3.5502958579881656,18
OR52E2,3.5502958579881656,18
HAT1,3.5502958579881656,18
ZNF689,3.5502958579881656,18
PRR14,3.5502958579881656,18
OR52N1,3.5502958579881656,18
DCAF11,3.5502958579881656,18
KATNA1,3.5502958579881656,18
NCBP3,3.5502958579881656,18
ALOX15,3.5502958579881656,18
TMPRSS2,3.5502958579881656,18
OR1E2,3.5502958579881656,18
TPP1,3.5502958579881656,18
CLMP,3.5502958579881656,18
NEUROD1,3.5502958579881656,18
KCNJ5,3.5502958579881656,18
LPCAT4,3.5502958579881656,18
ECM1,3.5502958579881656,18
ZNF793,3.5502958579881656,18
IL18R1,3.5502958579881656,18
TUBB1,3.5502958579881656,18
FATE1,3.5502958579881656,18
LETM1,3.5502958579881656,18
CLIP3,3.5502958579881656,18
OTOP1,3.5502958579881656,18
TNIP1,3.5502958579881656,18
FAM114A2,3.5502958579881656,18
MTHFSD,3.5502958579881656,18
GBA3,3.5502958579881656,18
PCDH7,3.5502958579881656,18
TSSK2,3.5502958579881656,18
ARHGAP39,3.5502958579881656,18
CBFA2T2,3.5502958579881656,18
ZBTB43,3.5502958579881656,18
GALNS,3.5502958579881656,18
GAS8,3.5502958579881656,18
DRD1,3.5502958579881656,18
NOA1,3.5502958579881656,18
TMCC3,3.5502958579881656,18
SLC25A3,3.5502958579881656,18
FAM114A1,3.5502958579881656,18
ZNF280B,3.5502958579881656,18
CMIP,3.5502958579881656,18
TEAD4,3.5502958579881656,18
PEX2,3.5502958579881656,18
GALNT16,3.5502958579881656,18
RIC8B,3.5502958579881656,18
ADCYAP1R1,3.5502958579881656,18
DLAT,3.5502958579881656,18
SMYD5,3.5502958579881656,18
TAS2R38,3.5502958579881656,18
ZNF669,3.5502958579881656,18
GPR137B,3.5502958579881656,18
TBC1D10B,3.5502958579881656,18
EFNB1,3.5502958579881656,18
RIC3,3.5502958579881656,18
PAK1,3.5502958579881656,18
MAT1A,3.5502958579881656,18
ARMC9,3.5502958579881656,18
SMARCD2,3.5502958579881656,18
AMZ2,3.5502958579881656,18
ANXA9,3.5502958579881656,18
FBXO47,3.5502958579881656,18
LLGL2,3.5502958579881656,18
GPS1,3.5502958579881656,18
LONRF2,3.5502958579881656,18
GABPB1,3.5502958579881656,18
ARFGAP1,3.5502958579881656,18
LRIT3,3.5502958579881656,18
FRG2,3.5502958579881656,18
IQCG,3.5502958579881656,18
DRD3,3.5502958579881656,18
CEP55,3.5502958579881656,18
SF3A1,3.5502958579881656,18
CSNK2A2,3.5502958579881656,18
CDYL2,3.5502958579881656,18
MPP1,3.5502958579881656,18
DCAF4,3.5502958579881656,18
SERPINB9,3.5502958579881656,18
ACSS3,3.5502958579881656,18
C12orf29,3.5502958579881656,18
ELMO3,3.5502958579881656,18
LEO1,3.5502958579881656,18
RIPK4,3.5502958579881656,18
ZNF713,3.5502958579881656,18
TRIM21,3.5502958579881656,18
OR52I2,3.5502958579881656,18
OR51F2,3.5502958579881656,18
MMP2,3.5502958579881656,18
MAGEA12,3.5502958579881656,18
PDZK1,3.5502958579881656,18
SH3GLB1,3.5502958579881656,18
RAB3IP,3.5502958579881656,18
SCARB2,3.5502958579881656,18
IRX5,3.5502958579881656,18
AMFR,3.5502958579881656,18
CHORDC1,3.5502958579881656,18
DNAJC28,3.5502958579881656,18
ETS2,3.5502958579881656,18
MMEL1,3.5502958579881656,18
TMPRSS11A,3.5502958579881656,18
OR5H1,3.5502958579881656,18
OR5K2,3.5502958579881656,18
RALB,3.5502958579881656,18
VRK2,3.5502958579881656,18
API5,3.5502958579881656,18
CCDC33,3.5502958579881656,18
SLC1A1,3.5502958579881656,18
TTC39B,3.5502958579881656,18
GSDMA,3.5502958579881656,18
PSMD3,3.5502958579881656,18
SH3GL3,3.5502958579881656,18
INO80E,3.5502958579881656,18
SSH3,3.5502958579881656,18
CHKA,3.5502958579881656,18
GNPDA2,3.5502958579881656,18
ST8SIA4,3.5502958579881656,18
SLC16A10,3.5502958579881656,18
STAU1,3.5502958579881656,18
CHRNA5,3.5502958579881656,18
FGF5,3.5502958579881656,18
LRRC39,3.5502958579881656,18
IPP,3.5502958579881656,18
MTDH,3.5502958579881656,18
UGT1A8,3.5502958579881656,18
TRIM69,3.5502958579881656,18
COASY,3.5502958579881656,18
PML,3.5502958579881656,18
GPI,3.5502958579881656,18
ZUP1,3.5502958579881656,18
SLC22A16,3.5502958579881656,18
CTTNBP2NL,3.5502958579881656,18
PCED1A,3.5502958579881656,18
CPM,3.5502958579881656,18
CYP2D6,3.5502958579881656,18
MIEF1,3.5502958579881656,18
C6orf58,3.5502958579881656,18
PRB2,3.5502958579881656,18
GPRC5A,3.5502958579881656,18
SMAD5,3.5502958579881656,18
DPYSL4,3.5502958579881656,18
CYP26B1,3.5502958579881656,18
HMG20A,3.5502958579881656,18
TNFRSF8,3.5502958579881656,18
NUB1,3.5502958579881656,18
PIDD1,3.5502958579881656,18
ZNF714,3.5502958579881656,18
ENTPD4,3.5502958579881656,18
PORCN,3.5502958579881656,18
MYCN,3.5502958579881656,18
TRAF6,3.5502958579881656,18
KDM8,3.5502958579881656,18
FRG2C,3.5502958579881656,18
MAGIX,3.5502958579881656,18
ZDHHC23,3.5502958579881656,18
STEAP2,3.5502958579881656,18
P2RX6,3.5502958579881656,18
FBLN5,3.5502958579881656,18
VRK1,3.5502958579881656,18
PRL,3.5502958579881656,18
DCDC2,3.5502958579881656,18
APLF,3.5502958579881656,18
ZNF639,3.5502958579881656,18
XPNPEP1,3.5502958579881656,18
UGT2B17,3.5502958579881656,18
HTR3B,3.5502958579881656,18
CAPN1,3.5502958579881656,18
ADSS1,3.5502958579881656,18
JMJD7-PLA2G4B,3.5502958579881656,18
EIF2S3,3.5502958579881656,18
PCYT1B,3.5502958579881656,18
ETNPPL,3.5502958579881656,18
PNPLA4,3.5502958579881656,18
ATXN3L,3.5502958579881656,18
GPM6B,3.5502958579881656,18
ZRSR2,3.5502958579881656,18
ADAM8,3.5502958579881656,18
MNT,3.5502958579881656,18
PRC1,3.5502958579881656,18
C19orf57,3.5502958579881656,18
MCM5,3.5502958579881656,18
HAUS8,3.5502958579881656,18
LMNTD1,3.5502958579881656,18
TMCO5A,3.5502958579881656,18
ST8SIA2,3.5502958579881656,18
ACTL7B,3.5502958579881656,18
PUS3,3.5502958579881656,18
SPIC,3.5502958579881656,18
PLSCR5,3.5502958579881656,18
WBP1,3.5502958579881656,18
GABRD,3.5502958579881656,18
COLEC11,3.5502958579881656,18
SGCE,3.5502958579881656,18
KCNF1,3.5502958579881656,18
OLFM2,3.5502958579881656,18
NAPEPLD,3.5502958579881656,18
PSMC2,3.5502958579881656,18
COG5,3.5502958579881656,18
AP4M1,3.5502958579881656,18
OR10Q1,3.5502958579881656,18
OR5AK2,3.5502958579881656,18
FUT9,3.5502958579881656,18
PBXIP1,3.5502958579881656,18
SORBS3,3.5502958579881656,18
ZNF510,3.5502958579881656,18
PEX6,3.5502958579881656,18
OTC,3.5502958579881656,18
AKT1,3.5502958579881656,18
CUZD1,3.5502958579881656,18
GRK7,3.5502958579881656,18
PRKX,3.5502958579881656,18
SPAST,3.5502958579881656,18
SPDYA,3.5502958579881656,18
TRMT61B,3.5502958579881656,18
SLC33A1,3.5502958579881656,18
PGM5,3.5502958579881656,18
FIP1L1,3.5502958579881656,18
ELAVL1,3.5502958579881656,18
MOV10,3.5502958579881656,18
SLC16A1,3.5502958579881656,18
STAT5A,3.5502958579881656,18
GPR143,3.5502958579881656,18
ARNTL2,3.5502958579881656,18
TNFRSF19,3.5502958579881656,18
OR5D14,3.5502958579881656,18
FAM169A,3.5502958579881656,18
GCNT4,3.5502958579881656,18
TMEM132A,3.5502958579881656,18
SRSF12,3.5502958579881656,18
RIBC1,3.5502958579881656,18
LUM,3.5502958579881656,18
OR9K2,3.5502958579881656,18
OR6C1,3.5502958579881656,18
VEGFC,3.5502958579881656,18
KRT76,3.5502958579881656,18
PRCP,3.5502958579881656,18
SUSD1,3.5502958579881656,18
PYGO1,3.5502958579881656,18
SLCO2A1,3.5502958579881656,18
CEP63,3.5502958579881656,18
DBR1,3.5502958579881656,18
PPP6C,3.5502958579881656,18
ARHGAP27,3.5502958579881656,18
CIZ1,3.5502958579881656,18
TMEM171,3.5502958579881656,18
GPBP1,3.5502958579881656,18
ASIC1,3.5502958579881656,18
PIP5K1A,3.5502958579881656,18
SNX1,3.5502958579881656,18
MTSS2,3.5502958579881656,18
FGFBP1,3.5502958579881656,18
GLS,3.5502958579881656,18
ACKR3,3.5502958579881656,18
KRT4,3.5502958579881656,18
DUS4L-BCAP29,3.5502958579881656,18
CPN1,3.5502958579881656,18
LAP3,3.5502958579881656,18
PDYN,3.5502958579881656,18
NOP56,3.5502958579881656,18
BAIAP2L1,3.5502958579881656,18
DEF6,3.5502958579881656,18
VEZT,3.5502958579881656,18
DAG1,3.5502958579881656,18
SERPINB7,3.5502958579881656,18
LIPG,3.5502958579881656,18
SLC27A5,3.5502958579881656,18
GDA,3.5502958579881656,18
ST6GALNAC3,3.5502958579881656,18
UBAP1,3.5502958579881656,18
PRLR,3.5502958579881656,18
PRKACG,3.5502958579881656,18
ATCAY,3.5502958579881656,18
TRIP4,3.5502958579881656,18
NT5DC1,3.353057199211045,17
ELAVL2,3.353057199211045,17
ZBTB26,3.353057199211045,17
RABGGTB,3.353057199211045,17
OR13D1,3.353057199211045,17
PLPPR5,3.353057199211045,17
EME1,3.353057199211045,17
PARS2,3.353057199211045,17
OMA1,3.353057199211045,17
SKP2,3.353057199211045,17
MARCHF11,3.353057199211045,17
KRT6C,3.353057199211045,17
GLP1R,3.353057199211045,17
ISLR,3.353057199211045,17
ALDH1A2,3.353057199211045,17
MINDY2,3.353057199211045,17
EMB,3.353057199211045,17
CAPN11,3.353057199211045,17
BTG4,3.353057199211045,17
CIAO3,3.353057199211045,17
PCGF2,3.353057199211045,17
PRKAR1A,3.353057199211045,17
RARG,3.353057199211045,17
MFSD5,3.353057199211045,17
CHRNA3,3.353057199211045,17
AMIGO2,3.353057199211045,17
MCCC2,3.353057199211045,17
MRPS27,3.353057199211045,17
KLF8,3.353057199211045,17
LDHB,3.353057199211045,17
METTL25,3.353057199211045,17
BARHL2,3.353057199211045,17
SIPA1,3.353057199211045,17
ZNF57,3.353057199211045,17
PRR11,3.353057199211045,17
NASP,3.353057199211045,17
OR6C3,3.353057199211045,17
BORA,3.353057199211045,17
POC5,3.353057199211045,17
CRHBP,3.353057199211045,17
WDR41,3.353057199211045,17
WDR76,3.353057199211045,17
KLHL31,3.353057199211045,17
KERA,3.353057199211045,17
EID3,3.353057199211045,17
FASTKD3,3.353057199211045,17
ANKRD34A,3.353057199211045,17
KRT31,3.353057199211045,17
KRT13,3.353057199211045,17
KLC1,3.353057199211045,17
PHF19,3.353057199211045,17
LMF2,3.353057199211045,17
SIAH1,3.353057199211045,17
GJA5,3.353057199211045,17
KRT25,3.353057199211045,17
KRT28,3.353057199211045,17
FAXC,3.353057199211045,17
CDK16,3.353057199211045,17
DNAJC14,3.353057199211045,17
MMP19,3.353057199211045,17
KLHL42,3.353057199211045,17
FAR2,3.353057199211045,17
AMMECR1,3.353057199211045,17
LARGE2,3.353057199211045,17
SLC22A15,3.353057199211045,17
CHRND,3.353057199211045,17
CCDC47,3.353057199211045,17
NOL11,3.353057199211045,17
MAP2K6,3.353057199211045,17
C17orf80,3.353057199211045,17
SNX27,3.353057199211045,17
FMO5,3.353057199211045,17
PKN3,3.353057199211045,17
ZER1,3.353057199211045,17
CFAP157,3.353057199211045,17
SLC35D3,3.353057199211045,17
ZNF75A,3.353057199211045,17
PIGQ,3.353057199211045,17
MAB21L2,3.353057199211045,17
CTSO,3.353057199211045,17
FANCE,3.353057199211045,17
FAM98B,3.353057199211045,17
UBR7,3.353057199211045,17
SORT1,3.353057199211045,17
C4orf17,3.353057199211045,17
DKK2,3.353057199211045,17
SLC22A4,3.353057199211045,17
GDF9,3.353057199211045,17
ZDHHC8,3.353057199211045,17
DTX3,3.353057199211045,17
ARHGEF25,3.353057199211045,17
OS9,3.353057199211045,17
IGHE,3.353057199211045,17
OR1L3,3.353057199211045,17
MAPKAP1,3.353057199211045,17
KHDRBS3,3.353057199211045,17
GPR142,3.353057199211045,17
PNLIPRP2,3.353057199211045,17
FAM117B,3.353057199211045,17
IDH1,3.353057199211045,17
SLC24A5,3.353057199211045,17
HABP4,3.353057199211045,17
OR6N1,3.353057199211045,17
OR6N2,3.353057199211045,17
AHCY,3.353057199211045,17
ZSCAN31,3.353057199211045,17
E2F3,3.353057199211045,17
TBC1D7,3.353057199211045,17
TAB1,3.353057199211045,17
TAS2R50,3.353057199211045,17
OTX2,3.353057199211045,17
RCOR1,3.353057199211045,17
FBXO32,3.353057199211045,17
ANXA13,3.353057199211045,17
TRIB1,3.353057199211045,17
AC100868.1,3.353057199211045,17
DBH,3.353057199211045,17
ENTR1,3.353057199211045,17
NOXRED1,3.353057199211045,17
NEIL1,3.353057199211045,17
SLC30A7,3.353057199211045,17
FLAD1,3.353057199211045,17
RUSC1,3.353057199211045,17
SNW1,3.353057199211045,17
FOXJ2,3.353057199211045,17
ZNF705A,3.353057199211045,17
TDP1,3.353057199211045,17
SFPQ,3.353057199211045,17
SLC27A3,3.353057199211045,17
TDRKH,3.353057199211045,17
TTYH2,3.353057199211045,17
SUV39H2,3.353057199211045,17
ALDH1A1,3.353057199211045,17
SLC25A25,3.353057199211045,17
FGR,3.353057199211045,17
LGALS9,3.353057199211045,17
E4F1,3.353057199211045,17
ILDR2,3.353057199211045,17
CES5A,3.353057199211045,17
CCR3,3.353057199211045,17
CCN1,3.353057199211045,17
TEX13B,3.353057199211045,17
ABRAXAS1,3.353057199211045,17
CNOT6L,3.353057199211045,17
HEATR3,3.353057199211045,17
KDF1,3.353057199211045,17
CDADC1,3.353057199211045,17
HDGF,3.353057199211045,17
NCDN,3.353057199211045,17
RRM2B,3.353057199211045,17
DDX31,3.353057199211045,17
PDP1,3.353057199211045,17
CHST7,3.353057199211045,17
GNAO1,3.353057199211045,17
ADAL,3.353057199211045,17
RFPL3,3.353057199211045,17
RASD2,3.353057199211045,17
CAMK2A,3.353057199211045,17
FAM50A,3.353057199211045,17
MROH6,3.353057199211045,17
EEF1D,3.353057199211045,17
FLCN,3.353057199211045,17
OR6C74,3.353057199211045,17
NMT2,3.353057199211045,17
SUGCT,3.353057199211045,17
PTDSS1,3.353057199211045,17
HRH4,3.353057199211045,17
SEPSECS,3.353057199211045,17
TXNRD2,3.353057199211045,17
METAP2,3.353057199211045,17
CDH15,3.353057199211045,17
HP,3.353057199211045,17
ZNF70,3.353057199211045,17
GGT5,3.353057199211045,17
DMP1,3.353057199211045,17
FBXO5,3.353057199211045,17
RAD51AP1,3.353057199211045,17
STX8,3.353057199211045,17
OR10K2,3.353057199211045,17
CELF2,3.353057199211045,17
ADHFE1,3.353057199211045,17
NUDCD1,3.353057199211045,17
ZNF239,3.353057199211045,17
MTERF1,3.353057199211045,17
RAD18,3.353057199211045,17
DUSP22,3.353057199211045,17
FASLG,3.353057199211045,17
SLC17A2,3.353057199211045,17
FECH,3.353057199211045,17
TMEM181,3.353057199211045,17
PANK3,3.353057199211045,17
NAB1,3.353057199211045,17
SLAMF7,3.353057199211045,17
PRAMEF18,3.353057199211045,17
PACRG,3.353057199211045,17
VIM,3.353057199211045,17
RSPO2,3.353057199211045,17
C2CD2,3.353057199211045,17
SLC13A5,3.353057199211045,17
CORO1C,3.353057199211045,17
KLHL22,3.353057199211045,17
CCNJL,3.353057199211045,17
HAVCR1,3.353057199211045,17
SERPINB13,3.353057199211045,17
UHMK1,3.353057199211045,17
NCKIPSD,3.353057199211045,17
PSAP,3.353057199211045,17
IRAK1,3.353057199211045,17
TEX35,3.353057199211045,17
OR1A2,3.353057199211045,17
HDAC11,3.353057199211045,17
VBP1,3.353057199211045,17
IL9R,3.353057199211045,17
CCNL2,3.353057199211045,17
SUCLG1,3.353057199211045,17
PI15,3.353057199211045,17
PANK1,3.353057199211045,17
SLC37A2,3.353057199211045,17
TRIM27,3.353057199211045,17
MVK,3.353057199211045,17
RAD9B,3.353057199211045,17
NR1D2,3.353057199211045,17
TMX3,3.353057199211045,17
CD226,3.353057199211045,17
SOCS6,3.353057199211045,17
PPP2R2A,3.353057199211045,17
EIF4B,3.353057199211045,17
SCD,3.353057199211045,17
NXPH1,3.353057199211045,17
HUNK,3.353057199211045,17
RHOT1,3.353057199211045,17
HNF1B,3.353057199211045,17
MAML1,3.353057199211045,17
TMEM225,3.353057199211045,17
ADRB2,3.353057199211045,17
TSBP1,3.353057199211045,17
NPHS2,3.353057199211045,17
TOR1AIP2,3.353057199211045,17
TLE6,3.353057199211045,17
ZFR2,3.353057199211045,17
MAP2K2,3.353057199211045,17
LRRC47,3.353057199211045,17
SUFU,3.353057199211045,17
ANGPTL1,3.353057199211045,17
SHOX2,3.353057199211045,17
MFSD1,3.353057199211045,17
GTF2H3,3.353057199211045,17
APOBEC1,3.353057199211045,17
TNFAIP2,3.353057199211045,17
OR13C4,3.353057199211045,17
SCIN,3.353057199211045,17
SGSM3,3.353057199211045,17
ENTPD3,3.353057199211045,17
CFHR3,3.353057199211045,17
SLC38A11,3.353057199211045,17
TFDP3,3.353057199211045,17
CT55,3.353057199211045,17
ABRA,3.353057199211045,17
MFHAS1,3.353057199211045,17
ASNSD1,3.353057199211045,17
MPP3,3.353057199211045,17
ZFP64,3.353057199211045,17
BACE1,3.353057199211045,17
TXNDC5,3.353057199211045,17
DBNDD2,3.353057199211045,17
HAP1,3.353057199211045,17
YTHDF1,3.353057199211045,17
AADAC,3.353057199211045,17
XCR1,3.353057199211045,17
UTP4,3.353057199211045,17
RTL4,3.353057199211045,17
RHOBTB1,3.353057199211045,17
STAM,3.353057199211045,17
ASPHD2,3.353057199211045,17
ZNF319,3.353057199211045,17
DYNC1LI2,3.353057199211045,17
CDH3,3.353057199211045,17
PCIF1,3.353057199211045,17
NME9,3.353057199211045,17
ABTB1,3.353057199211045,17
ACAD9,3.353057199211045,17
HNRNPA2B1,3.353057199211045,17
HAO2,3.353057199211045,17
B4GALNT2,3.353057199211045,17
GK5,3.353057199211045,17
UBA5,3.353057199211045,17
SMPD3,3.353057199211045,17
CDHR5,3.353057199211045,17
SGPL1,3.353057199211045,17
ADGRG5,3.353057199211045,17
CD209,3.353057199211045,17
TCEAL6,3.353057199211045,17
HAPLN1,3.353057199211045,17
COL6A5,3.353057199211045,17
PDIA5,3.353057199211045,17
ZNF791,3.353057199211045,17
MMP20,3.353057199211045,17
ZNF391,3.353057199211045,17
C11orf65,3.353057199211045,17
GRAMD2B,3.353057199211045,17
RBPJL,3.353057199211045,17
NIM1K,3.353057199211045,17
SHCBP1,3.353057199211045,17
BROX,3.353057199211045,17
CCDC74B,3.353057199211045,17
SEMA3F,3.353057199211045,17
TRIM68,3.353057199211045,17
IDS,3.353057199211045,17
TAS2R39,3.353057199211045,17
ILDR1,3.353057199211045,17
PEPD,3.353057199211045,17
ZSCAN9,3.353057199211045,17
ZKSCAN3,3.353057199211045,17
KIF20A,3.353057199211045,17
STOML3,3.353057199211045,17
PRSS36,3.353057199211045,17
FUS,3.353057199211045,17
TGFB1I1,3.353057199211045,17
HPX,3.353057199211045,17
TBXAS1,3.353057199211045,17
PARP12,3.353057199211045,17
ADCK2,3.353057199211045,17
CPA1,3.353057199211045,17
GINS1,3.353057199211045,17
XKR7,3.353057199211045,17
OR51V1,3.353057199211045,17
DMPK,3.353057199211045,17
TBRG4,3.353057199211045,17
MBD2,3.353057199211045,17
STK40,3.353057199211045,17
MTMR2,3.353057199211045,17
AMDHD1,3.353057199211045,17
IQCB1,3.353057199211045,17
FUT10,3.353057199211045,17
OXSR1,3.353057199211045,17
ZNF654,3.353057199211045,17
YIPF6,3.353057199211045,17
GPR173,3.353057199211045,17
SLC13A4,3.353057199211045,17
AKR1D1,3.353057199211045,17
STK32C,3.353057199211045,17
CNPPD1,3.353057199211045,17
RNF113B,3.353057199211045,17
UBA3,3.353057199211045,17
CA5B,3.353057199211045,17
CCDC81,3.353057199211045,17
TBPL2,3.353057199211045,17
CHFR,3.353057199211045,17
B3GNT4,3.353057199211045,17
HCAR3,3.353057199211045,17
GABRR3,3.353057199211045,17
NAMPT,3.353057199211045,17
C3orf38,3.353057199211045,17
GNAL,3.353057199211045,17
MAGEH1,3.353057199211045,17
FBXO11,3.353057199211045,17
C2orf42,3.353057199211045,17
CYP26A1,3.353057199211045,17
RBM28,3.353057199211045,17
RFC4,3.353057199211045,17
EGR3,3.353057199211045,17
OR2M4,3.353057199211045,17
OR6S1,3.353057199211045,17
ZNF415,3.353057199211045,17
MBOAT7,3.353057199211045,17
SLC38A9,3.353057199211045,17
ARHGEF3,3.353057199211045,17
ZNF396,3.353057199211045,17
WDR46,3.353057199211045,17
HSPA1L,3.353057199211045,17
ASL,3.353057199211045,17
PHF7,3.353057199211045,17
NEK4,3.353057199211045,17
CDH24,3.353057199211045,17
APEH,3.353057199211045,17
LTA4H,3.353057199211045,17
RBM4B,3.353057199211045,17
GPCPD1,3.353057199211045,17
HAO1,3.353057199211045,17
BPIFB1,3.353057199211045,17
OR2T2,3.353057199211045,17
KRT20,3.353057199211045,17
SHQ1,3.353057199211045,17
CRY2,3.353057199211045,17
OR6K3,3.353057199211045,17
PQBP1,3.353057199211045,17
OR2Z1,3.353057199211045,17
OR2T1,3.353057199211045,17
UBA7,3.353057199211045,17
SIRPB1,3.353057199211045,17
MED16,3.353057199211045,17
ARHGAP45,3.353057199211045,17
HPF1,3.353057199211045,17
LGR5,3.353057199211045,17
FERMT3,3.353057199211045,17
LTBP3,3.353057199211045,17
EFEMP2,3.353057199211045,17
ZNF559-ZNF177,3.353057199211045,17
RSAD2,3.353057199211045,17
RNF133,3.353057199211045,17
OR5M10,3.353057199211045,17
SLC41A3,3.353057199211045,17
SERPINB10,3.353057199211045,17
CNOT11,3.353057199211045,17
DDX1,3.353057199211045,17
OSR1,3.353057199211045,17
GPATCH3,3.353057199211045,17
ZNF846,3.353057199211045,17
MEPCE,3.353057199211045,17
ASB9,3.353057199211045,17
ZNF134,3.353057199211045,17
OGFR,3.353057199211045,17
BNIPL,3.353057199211045,17
IMPDH2,3.353057199211045,17
CXCR6,3.353057199211045,17
CCR2,3.353057199211045,17
L2HGDH,3.353057199211045,17
C18orf54,3.353057199211045,17
UBB,3.353057199211045,17
ZNF30,3.353057199211045,17
TIMP3,3.353057199211045,17
ZSCAN25,3.353057199211045,17
TRIM4,3.353057199211045,17
ZKSCAN1,3.353057199211045,17
SLC43A3,3.353057199211045,17
OR4D11,3.353057199211045,17
OR5W2,3.353057199211045,17
SLC30A6,3.353057199211045,17
STRN,3.353057199211045,17
TFAP4,3.353057199211045,17
EFCAB12,3.353057199211045,17
RFX1,3.353057199211045,17
GLB1,3.353057199211045,17
MSMO1,3.353057199211045,17
PPP1R32,3.353057199211045,17
TFEB,3.353057199211045,17
UTP11,3.353057199211045,17
ZNF655,3.353057199211045,17
PSMC6,3.353057199211045,17
ATG7,3.353057199211045,17
RAVER1,3.353057199211045,17
GLYATL2,3.353057199211045,17
PATL1,3.353057199211045,17
ANXA10,3.353057199211045,17
CEACAM20,3.353057199211045,17
LCLAT1,3.353057199211045,17
PRAME,3.353057199211045,17
SMS,3.353057199211045,17
CXCR3,3.353057199211045,17
TSGA10IP,3.353057199211045,17
VPS33B,3.353057199211045,17
ASB7,3.353057199211045,17
CRBN,3.353057199211045,17
MAP1S,3.353057199211045,17
ADGRE3,3.353057199211045,17
OR6Q1,3.353057199211045,17
KPNA5,3.353057199211045,17
MFSD8,3.353057199211045,17
PDE4A,3.353057199211045,17
ERO1A,3.353057199211045,17
KIAA0930,3.353057199211045,17
IL27RA,3.353057199211045,17
CRY1,3.353057199211045,17
PROZ,3.353057199211045,17
ASB4,3.353057199211045,17
CCDC116,3.353057199211045,17
CPEB1,3.353057199211045,17
SUOX,3.353057199211045,17
GABRR2,3.353057199211045,17
OR5J2,3.353057199211045,17
AP002512.3,3.353057199211045,17
OR5M8,3.353057199211045,17
ACOT9,3.353057199211045,17
ZSCAN2,3.353057199211045,17
RHCG,3.353057199211045,17
UPB1,3.353057199211045,17
MCMBP,3.353057199211045,17
TAF7,3.353057199211045,17
TTC31,3.353057199211045,17
RGPD1,3.353057199211045,17
DNAJA4,3.353057199211045,17
STAMBP,3.353057199211045,17
CRACDL,3.353057199211045,17
MUC20,3.353057199211045,17
AADACL4,3.353057199211045,17
PRAMEF14,3.353057199211045,17
RABGEF1,3.353057199211045,17
OR51Q1,3.353057199211045,17
SRPK2,3.353057199211045,17
KRT2,3.353057199211045,17
KRT8,3.353057199211045,17
LETMD1,3.353057199211045,17
TMEM101,3.353057199211045,17
PGM3,3.353057199211045,17
PPA2,3.353057199211045,17
UGT1A5,3.353057199211045,17
P4HA3,3.353057199211045,17
CARNS1,3.353057199211045,17
MMP21,3.353057199211045,17
CHID1,3.353057199211045,17
SMARCD3,3.353057199211045,17
CFAP298-TCP10L,3.353057199211045,17
HPN,3.353057199211045,17
PRODH2,3.353057199211045,17
CD33,3.353057199211045,17
COMP,3.353057199211045,17
NEU2,3.353057199211045,17
ZNF430,3.353057199211045,17
LSM14A,3.353057199211045,17
ZNF28,3.353057199211045,17
DDO,3.353057199211045,17
GPR63,3.353057199211045,17
CYP2S1,3.353057199211045,17
TEX9,3.353057199211045,17
RORA,3.353057199211045,17
USP3,3.353057199211045,17
EIF4A2,3.353057199211045,17
HSPA13,3.353057199211045,17
DDX56,3.353057199211045,17
MMP10,3.353057199211045,17
GRXCR1,3.353057199211045,17
PRKAG3,3.353057199211045,17
ZNF875,3.353057199211045,17
VRK3,3.353057199211045,17
SYT3,3.353057199211045,17
NR1H3,3.353057199211045,17
CCDC59,3.353057199211045,17
GSN,3.353057199211045,17
GRSF1,3.353057199211045,17
FAHD2B,3.353057199211045,17
MRPS5,3.353057199211045,17
ARID5A,3.353057199211045,17
SLC17A9,3.353057199211045,17
EEPD1,3.353057199211045,17
CASP2,3.353057199211045,17
ZNF260,3.353057199211045,17
PNMA8A,3.353057199211045,17
STRN4,3.353057199211045,17
SNRNP70,3.353057199211045,17
ACCS,3.353057199211045,17
ZNF408,3.353057199211045,17
HEY2,3.353057199211045,17
SLU7,3.353057199211045,17
RNF25,3.353057199211045,17
CYP27A1,3.353057199211045,17
MYEF2,3.353057199211045,17
MTNR1B,3.353057199211045,17
OR56A3,3.353057199211045,17
AC004593.2,3.353057199211045,17
RALA,3.353057199211045,17
IL1RL2,3.353057199211045,17
XG,3.353057199211045,17
TRIP10,3.353057199211045,17
SSBP2,3.353057199211045,17
CYTH2,3.353057199211045,17
PRMT1,3.353057199211045,17
CAPZA3,3.353057199211045,17
VNN3,3.353057199211045,17
ATIC,3.353057199211045,17
PLEKHB2,3.353057199211045,17
TFCP2L1,3.353057199211045,17
LRP2BP,3.353057199211045,17
AKR1C4,3.353057199211045,17
TNNT3,3.353057199211045,17
ARHGEF19,3.353057199211045,17
OR8G1,3.353057199211045,17
OR8B8,3.353057199211045,17
TRMT6,3.353057199211045,17
PUS10,3.353057199211045,17
TASP1,3.353057199211045,17
BPIFB3,3.353057199211045,17
ACADSB,3.353057199211045,17
YBX3,3.353057199211045,17
TMEM108,3.353057199211045,17
EIF5,3.353057199211045,17
ANXA11,3.353057199211045,17
HTR7,3.353057199211045,17
TAS2R7,3.353057199211045,17
ACRBP,3.353057199211045,17
UBXN11,3.353057199211045,17
DNTTIP2,3.353057199211045,17
PSG7,3.353057199211045,17
PSG4,3.353057199211045,17
TRAK2,3.353057199211045,17
OR10H5,3.353057199211045,17
JAM3,3.353057199211045,17
MRGPRX3,3.353057199211045,17
GTF2H1,3.353057199211045,17
SNX9,3.353057199211045,17
ZNF324B,3.353057199211045,17
MZF1,3.353057199211045,17
ACVR1C,3.353057199211045,17
C19orf47,3.353057199211045,17
CYP2A7,3.353057199211045,17
LZTS3,3.353057199211045,17
MEOX2,3.353057199211045,17
ZNF143,3.353057199211045,17
ZNF620,3.353057199211045,17
ESAM,3.353057199211045,17
ZNF419,3.353057199211045,17
CLEC4F,3.353057199211045,17
GPR119,3.353057199211045,17
FLI1,3.353057199211045,17
FOXK1,3.353057199211045,17
UBQLN1,3.353057199211045,17
SPTLC1,3.353057199211045,17
AOPEP,3.353057199211045,17
MFSD6L,3.353057199211045,17
MGAT3,3.353057199211045,17
TRMO,3.353057199211045,17
DCAF12,3.353057199211045,17
MYORG,3.353057199211045,17
TMEM8B,3.353057199211045,17
ZNF513,3.353057199211045,17
CA9,3.353057199211045,17
FOXD4L3,3.353057199211045,17
CYP2C18,3.353057199211045,17
GCNT1,3.353057199211045,17
CBX1,3.155818540433925,16
SAXO1,3.155818540433925,16
ZSCAN26,3.155818540433925,16
TMPRSS13,3.155818540433925,16
TULP1,3.155818540433925,16
AUH,3.155818540433925,16
GKAP1,3.155818540433925,16
OR8D2,3.155818540433925,16
ETS1,3.155818540433925,16
SCRN2,3.155818540433925,16
KCNA10,3.155818540433925,16
EXTL2,3.155818540433925,16
HSF5,3.155818540433925,16
ZYG11B,3.155818540433925,16
KREMEN1,3.155818540433925,16
RPS6,3.155818540433925,16
PPM1J,3.155818540433925,16
DNAJC7,3.155818540433925,16
EPS8L3,3.155818540433925,16
VMP1,3.155818540433925,16
TMEM144,3.155818540433925,16
TMA16,3.155818540433925,16
ZBTB22,3.155818540433925,16
FZD4,3.155818540433925,16
CLPTM1,3.155818540433925,16
SUGP1,3.155818540433925,16
TSG101,3.155818540433925,16
DDI2,3.155818540433925,16
CCZ1,3.155818540433925,16
RAD1,3.155818540433925,16
MCAM,3.155818540433925,16
ZNF230,3.155818540433925,16
GORASP2,3.155818540433925,16
NDN,3.155818540433925,16
CEACAM8,3.155818540433925,16
ADAMTS8,3.155818540433925,16
OR2A14,3.155818540433925,16
ZDHHC4,3.155818540433925,16
CLBA1,3.155818540433925,16
TRAM1L1,3.155818540433925,16
ISL1,3.155818540433925,16
LRRN4,3.155818540433925,16
PAX8,3.155818540433925,16
OR10A2,3.155818540433925,16
MFRP,3.155818540433925,16
NOP53,3.155818540433925,16
CRX,3.155818540433925,16
CARD8,3.155818540433925,16
FUCA2,3.155818540433925,16
ENAH,3.155818540433925,16
ZNF621,3.155818540433925,16
EML2,3.155818540433925,16
SLC1A5,3.155818540433925,16
KLK13,3.155818540433925,16
MAP3K11,3.155818540433925,16
FBXO41,3.155818540433925,16
OTUD5,3.155818540433925,16
SQOR,3.155818540433925,16
PANX1,3.155818540433925,16
OR52E6,3.155818540433925,16
HOXA3,3.155818540433925,16
PLA2G4F,3.155818540433925,16
IL1R1,3.155818540433925,16
SERPINA12,3.155818540433925,16
HNRNPLL,3.155818540433925,16
CHRNA1,3.155818540433925,16
CXorf65,3.155818540433925,16
ITGB1BP2,3.155818540433925,16
MACROH2A1,3.155818540433925,16
XKR6,3.155818540433925,16
TAAR6,3.155818540433925,16
GMEB2,3.155818540433925,16
UCKL1,3.155818540433925,16
BCAP31,3.155818540433925,16
OR51I2,3.155818540433925,16
UBQLN3,3.155818540433925,16
OR56B1,3.155818540433925,16
FCGR2A,3.155818540433925,16
ZNF566,3.155818540433925,16
CYP24A1,3.155818540433925,16
HRC,3.155818540433925,16
SLC6A16,3.155818540433925,16
FLT3LG,3.155818540433925,16
TXLNA,3.155818540433925,16
STRA6,3.155818540433925,16
SNAP25,3.155818540433925,16
CCNG1,3.155818540433925,16
UBE3D,3.155818540433925,16
ATAD3B,3.155818540433925,16
JAM2,3.155818540433925,16
LANCL2,3.155818540433925,16
OR51E1,3.155818540433925,16
LSAMP,3.155818540433925,16
FGF7,3.155818540433925,16
DTWD1,3.155818540433925,16
LGALS4,3.155818540433925,16
HNRNPH1,3.155818540433925,16
KDM1A,3.155818540433925,16
CATSPER4,3.155818540433925,16
KBTBD4,3.155818540433925,16
UNC5CL,3.155818540433925,16
DAW1,3.155818540433925,16
UTP3,3.155818540433925,16
PEF1,3.155818540433925,16
ASZ1,3.155818540433925,16
TCIRG1,3.155818540433925,16
CTTN,3.155818540433925,16
TBL2,3.155818540433925,16
RIC8A,3.155818540433925,16
DEAF1,3.155818540433925,16
ASIC3,3.155818540433925,16
ANXA5,3.155818540433925,16
TRABD2A,3.155818540433925,16
TCF7L1,3.155818540433925,16
SSX5,3.155818540433925,16
VN1R2,3.155818540433925,16
AKAP5,3.155818540433925,16
ZBTB25,3.155818540433925,16
PPP1R36,3.155818540433925,16
GRK6,3.155818540433925,16
MESD,3.155818540433925,16
RFPL1,3.155818540433925,16
ARID3B,3.155818540433925,16
DUSP11,3.155818540433925,16
DPY19L3,3.155818540433925,16
PPM1F,3.155818540433925,16
ZNF550,3.155818540433925,16
LRFN4,3.155818540433925,16
SLC38A4,3.155818540433925,16
GPR22,3.155818540433925,16
TUBA1A,3.155818540433925,16
TROAP,3.155818540433925,16
PPHLN1,3.155818540433925,16
TBKBP1,3.155818540433925,16
TINAGL1,3.155818540433925,16
TSPAN7,3.155818540433925,16
DUSP21,3.155818540433925,16
OR5L2,3.155818540433925,16
OR5M11,3.155818540433925,16
PPM1A,3.155818540433925,16
SIX1,3.155818540433925,16
SNAPC1,3.155818540433925,16
RTP5,3.155818540433925,16
ANTXR1,3.155818540433925,16
APOL3,3.155818540433925,16
FKBP8,3.155818540433925,16
CDK14,3.155818540433925,16
PLEKHA1,3.155818540433925,16
C10orf120,3.155818540433925,16
POLDIP2,3.155818540433925,16
VPS51,3.155818540433925,16
P2RX3,3.155818540433925,16
TAAR8,3.155818540433925,16
QTRT1,3.155818540433925,16
ZNF625,3.155818540433925,16
RNF150,3.155818540433925,16
SEPTIN3,3.155818540433925,16
CCDC105,3.155818540433925,16
SSTR3,3.155818540433925,16
SLC5A5,3.155818540433925,16
NEUROG3,3.155818540433925,16
PLAU,3.155818540433925,16
CLEC17A,3.155818540433925,16
MGAT2,3.155818540433925,16
FLRT1,3.155818540433925,16
SGPP1,3.155818540433925,16
LILRA2,3.155818540433925,16
AZGP1,3.155818540433925,16
LRRC1,3.155818540433925,16
STX3,3.155818540433925,16
RNF41,3.155818540433925,16
IGSF5,3.155818540433925,16
FAM9B,3.155818540433925,16
RAB6B,3.155818540433925,16
NAPG,3.155818540433925,16
CCDC151,3.155818540433925,16
TCEANC,3.155818540433925,16
CTSW,3.155818540433925,16
OR7C2,3.155818540433925,16
ARRDC4,3.155818540433925,16
FBXL19,3.155818540433925,16
SLC27A1,3.155818540433925,16
SLC17A5,3.155818540433925,16
SPANXN2,3.155818540433925,16
UBP1,3.155818540433925,16
VILL,3.155818540433925,16
ASIC5,3.155818540433925,16
TRIM60,3.155818540433925,16
ZNF460,3.155818540433925,16
MMAA,3.155818540433925,16
RAB3IL1,3.155818540433925,16
SF3A3,3.155818540433925,16
SCCPDH,3.155818540433925,16
CDKL1,3.155818540433925,16
CAMK2D,3.155818540433925,16
SUSD2,3.155818540433925,16
OR2B11,3.155818540433925,16
OR2M5,3.155818540433925,16
HACL1,3.155818540433925,16
PIGV,3.155818540433925,16
SULT6B1,3.155818540433925,16
PMPCB,3.155818540433925,16
PI4K2A,3.155818540433925,16
PYROXD2,3.155818540433925,16
LRCH4,3.155818540433925,16
ZDHHC2,3.155818540433925,16
CYP8B1,3.155818540433925,16
ZCWPW2,3.155818540433925,16
ZNF586,3.155818540433925,16
MAGT1,3.155818540433925,16
YARS1,3.155818540433925,16
BSCL2,3.155818540433925,16
ARRDC3,3.155818540433925,16
TBC1D20,3.155818540433925,16
SLC26A6,3.155818540433925,16
TPH2,3.155818540433925,16
SLC22A12,3.155818540433925,16
IP6K3,3.155818540433925,16
ABHD4,3.155818540433925,16
OR1M1,3.155818540433925,16
DRAXIN,3.155818540433925,16
PRAMEF10,3.155818540433925,16
MATN3,3.155818540433925,16
LDAH,3.155818540433925,16
CDR2,3.155818540433925,16
ZC3HC1,3.155818540433925,16
THAP5,3.155818540433925,16
ING3,3.155818540433925,16
RAPSN,3.155818540433925,16
OR4C16,3.155818540433925,16
OR4P4,3.155818540433925,16
ALDH3B1,3.155818540433925,16
NT5DC3,3.155818540433925,16
HSPA12B,3.155818540433925,16
PIGU,3.155818540433925,16
OTULIN,3.155818540433925,16
OR2T3,3.155818540433925,16
KRT10,3.155818540433925,16
NCEH1,3.155818540433925,16
ETV5,3.155818540433925,16
AQP9,3.155818540433925,16
MR1,3.155818540433925,16
MFSD4A,3.155818540433925,16
OR2AK2,3.155818540433925,16
MIB2,3.155818540433925,16
NOP9,3.155818540433925,16
MATK,3.155818540433925,16
MUC21,3.155818540433925,16
RPN2,3.155818540433925,16
TEX55,3.155818540433925,16
ACTR3,3.155818540433925,16
KIF22,3.155818540433925,16
CFAP20DC,3.155818540433925,16
PDE12,3.155818540433925,16
RBM34,3.155818540433925,16
PPP4R2,3.155818540433925,16
IL17RB,3.155818540433925,16
MKKS,3.155818540433925,16
TAP2,3.155818540433925,16
PHF1,3.155818540433925,16
NELFE,3.155818540433925,16
MAPK14,3.155818540433925,16
PNPLA1,3.155818540433925,16
CPNE1,3.155818540433925,16
MROH8,3.155818540433925,16
DOK4,3.155818540433925,16
DDX39B,3.155818540433925,16
ZBTB18,3.155818540433925,16
DCP1A,3.155818540433925,16
SYT9,3.155818540433925,16
AKR1B15,3.155818540433925,16
CREB3L2,3.155818540433925,16
IFIT1B,3.155818540433925,16
GHSR,3.155818540433925,16
NCR1,3.155818540433925,16
OR5K4,3.155818540433925,16
OR5K1,3.155818540433925,16
PSMD6,3.155818540433925,16
CABLES1,3.155818540433925,16
ZNF165,3.155818540433925,16
OR12D2,3.155818540433925,16
CFAP300,3.155818540433925,16
CDC25C,3.155818540433925,16
EPSTI1,3.155818540433925,16
TIMMDC1,3.155818540433925,16
PGAM4,3.155818540433925,16
LMCD1,3.155818540433925,16
STX4,3.155818540433925,16
TRIM11,3.155818540433925,16
OR52B6,3.155818540433925,16
OR2AG2,3.155818540433925,16
SFTPD,3.155818540433925,16
LRIT2,3.155818540433925,16
NARF,3.155818540433925,16
SPATA17,3.155818540433925,16
GPR12,3.155818540433925,16
DDI1,3.155818540433925,16
ZNF561,3.155818540433925,16
PLTP,3.155818540433925,16
FAM149A,3.155818540433925,16
MON1A,3.155818540433925,16
SEMA3B,3.155818540433925,16
ZNF398,3.155818540433925,16
ANXA7,3.155818540433925,16
SYNPO2L,3.155818540433925,16
EAF2,3.155818540433925,16
PARP3,3.155818540433925,16
TRIM17,3.155818540433925,16
SSTR2,3.155818540433925,16
USH1G,3.155818540433925,16
MINDY4,3.155818540433925,16
SPPL2B,3.155818540433925,16
PITX1,3.155818540433925,16
MYOT,3.155818540433925,16
CTSE,3.155818540433925,16
GPR139,3.155818540433925,16
SLC25A23,3.155818540433925,16
OIT3,3.155818540433925,16
CTSA,3.155818540433925,16
PNPLA3,3.155818540433925,16
LSP1,3.155818540433925,16
CCDC74A,3.155818540433925,16
C4BPB,3.155818540433925,16
KCNK2,3.155818540433925,16
GSK3B,3.155818540433925,16
RHO,3.155818540433925,16
HTRA2,3.155818540433925,16
CPA3,3.155818540433925,16
BCAS1,3.155818540433925,16
APOA4,3.155818540433925,16
TMEM25,3.155818540433925,16
GLT1D1,3.155818540433925,16
ZNF35,3.155818540433925,16
NUP62CL,3.155818540433925,16
RNF32,3.155818540433925,16
KRT85,3.155818540433925,16
CLEC4A,3.155818540433925,16
BUB3,3.155818540433925,16
SLC45A3,3.155818540433925,16
ALG5,3.155818540433925,16
RANBP9,3.155818540433925,16
HARS1,3.155818540433925,16
ABI3,3.155818540433925,16
SERPINI1,3.155818540433925,16
TNS4,3.155818540433925,16
KRT35,3.155818540433925,16
CRAT,3.155818540433925,16
SMAP2,3.155818540433925,16
ZNF684,3.155818540433925,16
PNMA2,3.155818540433925,16
AGAP4,3.155818540433925,16
PHYHIPL,3.155818540433925,16
IFRD2,3.155818540433925,16
MBLAC2,3.155818540433925,16
AC006059.2,3.155818540433925,16
ZNF660,3.155818540433925,16
PLCD3,3.155818540433925,16
MMD,3.155818540433925,16
CPB1,3.155818540433925,16
TADA2A,3.155818540433925,16
CRLF3,3.155818540433925,16
OSGEP,3.155818540433925,16
MAN1B1,3.155818540433925,16
HNF4G,3.155818540433925,16
NR1D1,3.155818540433925,16
TIGD6,3.155818540433925,16
CRISPLD2,3.155818540433925,16
ZNF77,3.155818540433925,16
CETN2,3.155818540433925,16
KLHL17,3.155818540433925,16
ACTR1A,3.155818540433925,16
LMAN2L,3.155818540433925,16
THEG,3.155818540433925,16
FAAP100,3.155818540433925,16
IQCJ-SCHIP1,3.155818540433925,16
METTL17,3.155818540433925,16
RARS1,3.155818540433925,16
CCDC42,3.155818540433925,16
HLCS,3.155818540433925,16
ZNF554,3.155818540433925,16
ZNF556,3.155818540433925,16
DEF8,3.155818540433925,16
DOK6,3.155818540433925,16
SRPK3,3.155818540433925,16
CDK8,3.155818540433925,16
RTRAF,3.155818540433925,16
PPCS,3.155818540433925,16
PCSK9,3.155818540433925,16
OR11G2,3.155818540433925,16
SAMD7,3.155818540433925,16
ANKRD45,3.155818540433925,16
OLFML3,3.155818540433925,16
ATP1B1,3.155818540433925,16
FRK,3.155818540433925,16
ACBD5,3.155818540433925,16
SLC16A12,3.155818540433925,16
ERICH5,3.155818540433925,16
CD46,3.155818540433925,16
OR2T27,3.155818540433925,16
ALDH2,3.155818540433925,16
FBXW8,3.155818540433925,16
PXN,3.155818540433925,16
HTR3C,3.155818540433925,16
MRPL39,3.155818540433925,16
DCPS,3.155818540433925,16
FUT4,3.155818540433925,16
CACYBP,3.155818540433925,16
SLC2A13,3.155818540433925,16
OR10T2,3.155818540433925,16
REC8,3.155818540433925,16
NPAS3,3.155818540433925,16
CYP2W1,3.155818540433925,16
CALN1,3.155818540433925,16
PLEKHG5,3.155818540433925,16
NOL9,3.155818540433925,16
FBXO9,3.155818540433925,16
OR1A1,3.155818540433925,16
ARRB2,3.155818540433925,16
CCDC190,3.155818540433925,16
NUF2,3.155818540433925,16
STAR,3.155818540433925,16
TACC1,3.155818540433925,16
CEPT1,3.155818540433925,16
FAXDC2,3.155818540433925,16
CHRNA9,3.155818540433925,16
MSTN,3.155818540433925,16
DHX33,3.155818540433925,16
PIMREG,3.155818540433925,16
PHF23,3.155818540433925,16
TMCO4,3.155818540433925,16
RASSF4,3.155818540433925,16
FAM83H,3.155818540433925,16
OPTN,3.155818540433925,16
POTEA,3.155818540433925,16
BTBD8,3.155818540433925,16
TCTN1,3.155818540433925,16
IFNAR2,3.155818540433925,16
CPN2,3.155818540433925,16
DAO,3.155818540433925,16
STX11,3.155818540433925,16
EFNB3,3.155818540433925,16
CD1A,3.155818540433925,16
OR6K6,3.155818540433925,16
ZMYND11,3.155818540433925,16
YTHDF3,3.155818540433925,16
TRIM55,3.155818540433925,16
SLC40A1,3.155818540433925,16
PDE6B,3.155818540433925,16
NELFA,3.155818540433925,16
PRMT2,3.155818540433925,16
TCF7,3.155818540433925,16
FOXA1,3.155818540433925,16
EZR,3.155818540433925,16
ANXA6,3.155818540433925,16
CCDC69,3.155818540433925,16
TFB1M,3.155818540433925,16
CCDC28A,3.155818540433925,16
RAP1GAP,3.155818540433925,16
BIN2,3.155818540433925,16
RPS6KA1,3.155818540433925,16
PARP15,3.155818540433925,16
KCTD1,3.155818540433925,16
TCEA3,3.155818540433925,16
NIPAL3,3.155818540433925,16
IL22RA2,3.155818540433925,16
VPS9D1,3.155818540433925,16
SLC38A7,3.155818540433925,16
DDX19A,3.155818540433925,16
OR2V2,3.155818540433925,16
NDUFA9,3.155818540433925,16
PCYOX1L,3.155818540433925,16
PABPC4,3.155818540433925,16
LGALS3BP,3.155818540433925,16
C1QTNF1,3.155818540433925,16
BOLL,3.155818540433925,16
PRCC,3.155818540433925,16
AZIN1,3.155818540433925,16
FAM78A,3.155818540433925,16
ALDH4A1,3.155818540433925,16
LGI1,3.155818540433925,16
RRNAD1,3.155818540433925,16
CD1E,3.155818540433925,16
SLAIN2,3.155818540433925,16
C16orf70,3.155818540433925,16
LAG3,3.155818540433925,16
TMLHE,3.155818540433925,16
SLC38A6,3.155818540433925,16
CHGA,3.155818540433925,16
SASH3,3.155818540433925,16
ZNF394,3.155818540433925,16
DSCC1,3.155818540433925,16
CERCAM,3.155818540433925,16
GLE1,3.155818540433925,16
EPN2,3.155818540433925,16
FLOT2,3.155818540433925,16
RRAGC,3.155818540433925,16
CCER1,3.155818540433925,16
DGAT2,3.155818540433925,16
RBMXL1,3.155818540433925,16
ADIPOR1,3.155818540433925,16
PNKD,3.155818540433925,16
LIN7A,3.155818540433925,16
PRSS53,3.155818540433925,16
ASPG,3.155818540433925,16
SQLE,3.155818540433925,16
SYT12,3.155818540433925,16
OR10G7,3.155818540433925,16
SLC17A7,3.155818540433925,16
EDNRB,3.155818540433925,16
ZNF225,3.155818540433925,16
OR9A4,3.155818540433925,16
AP1M2,3.155818540433925,16
AZIN2,3.155818540433925,16
GTPBP1,3.155818540433925,16
GOLM2,3.155818540433925,16
ENTHD1,3.155818540433925,16
CHI3L1,3.155818540433925,16
PDHA2,3.155818540433925,16
RAB11FIP2,3.155818540433925,16
BAG5,3.155818540433925,16
DERA,3.155818540433925,16
SRMS,3.155818540433925,16
TMEM87A,3.155818540433925,16
RSPO1,3.155818540433925,16
LRRC27,3.155818540433925,16
SLC35G3,3.155818540433925,16
ZNF517,3.155818540433925,16
SEPTIN5,3.155818540433925,16
IKZF5,3.155818540433925,16
ZNF34,3.155818540433925,16
A4GALT,3.155818540433925,16
PACSIN2,3.155818540433925,16
UST,3.155818540433925,16
CDC23,3.155818540433925,16
RIMKLB,3.155818540433925,16
RRAGD,3.155818540433925,16
ALPP,3.155818540433925,16
POLG2,3.155818540433925,16
SELENBP1,3.155818540433925,16
GPR107,3.155818540433925,16
CERK,3.155818540433925,16
MAGEB18,3.155818540433925,16
PITX2,3.155818540433925,16
CASKIN1,3.155818540433925,16
CEP170B,3.155818540433925,16
ATE1,3.155818540433925,16
FOXR2,3.155818540433925,16
HENMT1,3.155818540433925,16
RXYLT1,3.155818540433925,16
NDE1,3.155818540433925,16
MOK,3.155818540433925,16
RAB40A,3.155818540433925,16
POC1B,3.155818540433925,16
TESPA1,3.155818540433925,16
CYP4A22,3.155818540433925,16
CHIA,3.155818540433925,16
WHRN,3.155818540433925,16
SPATA6L,3.155818540433925,16
CIART,3.155818540433925,16
KRT39,3.155818540433925,16
SLC25A46,3.155818540433925,16
BVES,3.155818540433925,16
PRXL2A,3.155818540433925,16
SESN1,3.155818540433925,16
PGGT1B,3.155818540433925,16
FTMT,3.155818540433925,16
KIAA0825,3.155818540433925,16
TEDC2,3.155818540433925,16
GFAP,3.155818540433925,16
HNRNPK,3.155818540433925,16
FANCG,3.155818540433925,16
KLF4,3.155818540433925,16
STEAP3,3.155818540433925,16
DBF4B,3.155818540433925,16
AKR1C2,3.155818540433925,16
PAIP1,3.155818540433925,16
RNF180,3.155818540433925,16
SPATS2,3.155818540433925,16
ENPP6,3.155818540433925,16
PAQR5,3.155818540433925,16
CSAD,3.155818540433925,16
SCG3,3.155818540433925,16
MARVELD2,3.155818540433925,16
IGHG2,3.155818540433925,16
PJVK,3.155818540433925,16
ZNF671,3.155818540433925,16
A1BG,3.155818540433925,16
U2AF2,3.155818540433925,16
GSX2,3.155818540433925,16
OR4A5,3.155818540433925,16
CYP4B1,3.155818540433925,16
OMD,3.155818540433925,16
NCF4,3.155818540433925,16
KYAT3,3.155818540433925,16
TSTD2,3.155818540433925,16
DNAJB5,3.155818540433925,16
LARP4,3.155818540433925,16
NPTN,3.155818540433925,16
ASPN,3.155818540433925,16
YIF1A,2.9585798816568047,15
SLC25A51,2.9585798816568047,15
ZPR1,2.9585798816568047,15
RNASEH2B,2.9585798816568047,15
NEK3,2.9585798816568047,15
PLCXD2,2.9585798816568047,15
TGOLN2,2.9585798816568047,15
GGN,2.9585798816568047,15
HMGB3,2.9585798816568047,15
VGLL3,2.9585798816568047,15
GRAMD1A,2.9585798816568047,15
DGLUCY,2.9585798816568047,15
PRPSAP1,2.9585798816568047,15
KRTAP27-1,2.9585798816568047,15
FKTN,2.9585798816568047,15
MFSD14B,2.9585798816568047,15
GOPC,2.9585798816568047,15
TPD52L1,2.9585798816568047,15
FOXO3,2.9585798816568047,15
ZC3H10,2.9585798816568047,15
LCORL,2.9585798816568047,15
TARBP2,2.9585798816568047,15
TIGIT,2.9585798816568047,15
UMPS,2.9585798816568047,15
OR4L1,2.9585798816568047,15
RFT1,2.9585798816568047,15
CLEC7A,2.9585798816568047,15
CRISP3,2.9585798816568047,15
ZBTB6,2.9585798816568047,15
PTGR1,2.9585798816568047,15
SH3GL2,2.9585798816568047,15
RNF144A,2.9585798816568047,15
CRYZL1,2.9585798816568047,15
CEBPE,2.9585798816568047,15
AVPR2,2.9585798816568047,15
SPATA13,2.9585798816568047,15
LCP1,2.9585798816568047,15
A4GNT,2.9585798816568047,15
PODXL2,2.9585798816568047,15
TEC,2.9585798816568047,15
CCDC54,2.9585798816568047,15
FCGR2B,2.9585798816568047,15
OR5H2,2.9585798816568047,15
SH3RF2,2.9585798816568047,15
SURF6,2.9585798816568047,15
PRPS1L1,2.9585798816568047,15
NUP42,2.9585798816568047,15
CEACAM1,2.9585798816568047,15
PSG6,2.9585798816568047,15
ZNF324,2.9585798816568047,15
KRT74,2.9585798816568047,15
KRT79,2.9585798816568047,15
CAMK1G,2.9585798816568047,15
GGPS1,2.9585798816568047,15
TSPYL6,2.9585798816568047,15
BRMS1L,2.9585798816568047,15
NGDN,2.9585798816568047,15
KCNJ13,2.9585798816568047,15
DDX39A,2.9585798816568047,15
CADM4,2.9585798816568047,15
IRGC,2.9585798816568047,15
ZNF45,2.9585798816568047,15
AURKC,2.9585798816568047,15
DNAAF3,2.9585798816568047,15
OR10H4,2.9585798816568047,15
IL2RB,2.9585798816568047,15
ENDOU,2.9585798816568047,15
VDR,2.9585798816568047,15
RYK,2.9585798816568047,15
TCTN2,2.9585798816568047,15
SUCNR1,2.9585798816568047,15
MLEC,2.9585798816568047,15
DDOST,2.9585798816568047,15
GCG,2.9585798816568047,15
TSNARE1,2.9585798816568047,15
CCNE2,2.9585798816568047,15
TRAF3,2.9585798816568047,15
RNPEP,2.9585798816568047,15
WIF1,2.9585798816568047,15
BHMT,2.9585798816568047,15
STARD4,2.9585798816568047,15
LYPD6B,2.9585798816568047,15
AJAP1,2.9585798816568047,15
SLC2A5,2.9585798816568047,15
NTF3,2.9585798816568047,15
TBC1D13,2.9585798816568047,15
SUCLA2,2.9585798816568047,15
PSKH2,2.9585798816568047,15
MTERF3,2.9585798816568047,15
ACP5,2.9585798816568047,15
PRPS2,2.9585798816568047,15
APOBEC3B,2.9585798816568047,15
CALCOCO2,2.9585798816568047,15
GPRC5D,2.9585798816568047,15
MYNN,2.9585798816568047,15
SDSL,2.9585798816568047,15
VSIG10,2.9585798816568047,15
SELPLG,2.9585798816568047,15
NTN4,2.9585798816568047,15
OR4D5,2.9585798816568047,15
SCARB1,2.9585798816568047,15
CA11,2.9585798816568047,15
VPS26C,2.9585798816568047,15
LANCL3,2.9585798816568047,15
AVL9,2.9585798816568047,15
AOAH,2.9585798816568047,15
SEC61A2,2.9585798816568047,15
ATAT1,2.9585798816568047,15
C6orf15,2.9585798816568047,15
RASIP1,2.9585798816568047,15
GPR32,2.9585798816568047,15
FPR2,2.9585798816568047,15
ARSA,2.9585798816568047,15
WBP2NL,2.9585798816568047,15
DNAAF2,2.9585798816568047,15
GDF3,2.9585798816568047,15
ACADS,2.9585798816568047,15
FAS,2.9585798816568047,15
ZNF141,2.9585798816568047,15
STT3B,2.9585798816568047,15
FBXW12,2.9585798816568047,15
ARIH2,2.9585798816568047,15
ZNF501,2.9585798816568047,15
KLHDC1,2.9585798816568047,15
ZC4H2,2.9585798816568047,15
ZNF395,2.9585798816568047,15
ZNF704,2.9585798816568047,15
ACTR10,2.9585798816568047,15
SERPINA6,2.9585798816568047,15
PTER,2.9585798816568047,15
SLC5A6,2.9585798816568047,15
HSPBAP1,2.9585798816568047,15
POLR1F,2.9585798816568047,15
RASL11A,2.9585798816568047,15
C1QTNF9B,2.9585798816568047,15
OR10G8,2.9585798816568047,15
B3GAT1,2.9585798816568047,15
GPR15,2.9585798816568047,15
ABHD17B,2.9585798816568047,15
DPRX,2.9585798816568047,15
CCDC9,2.9585798816568047,15
LRG1,2.9585798816568047,15
PFKFB3,2.9585798816568047,15
TPST1,2.9585798816568047,15
YY2,2.9585798816568047,15
STXBP2,2.9585798816568047,15
CLEC4M,2.9585798816568047,15
RNF26,2.9585798816568047,15
NOP14,2.9585798816568047,15
OR5M3,2.9585798816568047,15
EPYC,2.9585798816568047,15
CBY2,2.9585798816568047,15
NMUR1,2.9585798816568047,15
TRMT5,2.9585798816568047,15
PDCD1,2.9585798816568047,15
ARL8B,2.9585798816568047,15
UGT1A7,2.9585798816568047,15
RAB4A,2.9585798816568047,15
TMPRSS9,2.9585798816568047,15
LMNB2,2.9585798816568047,15
TRIM39,2.9585798816568047,15
SGCZ,2.9585798816568047,15
STRA8,2.9585798816568047,15
BAG4,2.9585798816568047,15
FUZ,2.9585798816568047,15
PSG3,2.9585798816568047,15
AIMP2,2.9585798816568047,15
ACHE,2.9585798816568047,15
ZWINT,2.9585798816568047,15
MORN1,2.9585798816568047,15
DFFB,2.9585798816568047,15
KRR1,2.9585798816568047,15
AASDHPPT,2.9585798816568047,15
CLDN25,2.9585798816568047,15
SPNS1,2.9585798816568047,15
CENPL,2.9585798816568047,15
ZIC5,2.9585798816568047,15
CARS2,2.9585798816568047,15
SERPINB3,2.9585798816568047,15
ANGPTL3,2.9585798816568047,15
ZNHIT6,2.9585798816568047,15
CTSH,2.9585798816568047,15
ABCF2,2.9585798816568047,15
DMTN,2.9585798816568047,15
OR13A1,2.9585798816568047,15
MS4A3,2.9585798816568047,15
TNFRSF11A,2.9585798816568047,15
ENO1,2.9585798816568047,15
SLC2A7,2.9585798816568047,15
CEACAM4,2.9585798816568047,15
HS2ST1,2.9585798816568047,15
USP46,2.9585798816568047,15
NDUFA10,2.9585798816568047,15
RIOX1,2.9585798816568047,15
TSPAN17,2.9585798816568047,15
GADL1,2.9585798816568047,15
CLEC12A,2.9585798816568047,15
CCNB1IP1,2.9585798816568047,15
ZNF410,2.9585798816568047,15
INTS12,2.9585798816568047,15
LEF1,2.9585798816568047,15
CSNK1G1,2.9585798816568047,15
CAP1,2.9585798816568047,15
CAMKK2,2.9585798816568047,15
FLYWCH1,2.9585798816568047,15
WNT2,2.9585798816568047,15
FEZF1,2.9585798816568047,15
PRKAR2B,2.9585798816568047,15
KLHL14,2.9585798816568047,15
RPRD1A,2.9585798816568047,15
FBXO42,2.9585798816568047,15
RAB39B,2.9585798816568047,15
MAU2,2.9585798816568047,15
ZNF200,2.9585798816568047,15
GMPR,2.9585798816568047,15
RNF44,2.9585798816568047,15
HNRNPAB,2.9585798816568047,15
C9orf135,2.9585798816568047,15
PRPF31,2.9585798816568047,15
NOS1AP,2.9585798816568047,15
ZNF474,2.9585798816568047,15
OR2H2,2.9585798816568047,15
AFG1L,2.9585798816568047,15
TSPAN5,2.9585798816568047,15
STRADB,2.9585798816568047,15
KLF7,2.9585798816568047,15
C2orf80,2.9585798816568047,15
IKZF2,2.9585798816568047,15
OR1I1,2.9585798816568047,15
DTWD2,2.9585798816568047,15
CBFA2T3,2.9585798816568047,15
ZNF519,2.9585798816568047,15
CELA3A,2.9585798816568047,15
C1QC,2.9585798816568047,15
CCT4,2.9585798816568047,15
PECR,2.9585798816568047,15
METTL3,2.9585798816568047,15
ISYNA1,2.9585798816568047,15
RPS3A,2.9585798816568047,15
BTBD6,2.9585798816568047,15
SERPINA11,2.9585798816568047,15
EVX2,2.9585798816568047,15
IFNG,2.9585798816568047,15
NPY4R,2.9585798816568047,15
GLRB,2.9585798816568047,15
SLC25A31,2.9585798816568047,15
LIPA,2.9585798816568047,15
TSPAN12,2.9585798816568047,15
PTPN18,2.9585798816568047,15
PWWP3A,2.9585798816568047,15
SLC37A3,2.9585798816568047,15
CPA4,2.9585798816568047,15
HPGD,2.9585798816568047,15
OR2F1,2.9585798816568047,15
CSAG3,2.9585798816568047,15
RUNX3,2.9585798816568047,15
EYA3,2.9585798816568047,15
PHF21B,2.9585798816568047,15
FAM199X,2.9585798816568047,15
RAP2C,2.9585798816568047,15
OTUD3,2.9585798816568047,15
SLC35G5,2.9585798816568047,15
IRF9,2.9585798816568047,15
LIMS2,2.9585798816568047,15
MTA3,2.9585798816568047,15
ZNF587,2.9585798816568047,15
SVOPL,2.9585798816568047,15
OTULINL,2.9585798816568047,15
TRIM41,2.9585798816568047,15
DCAF15,2.9585798816568047,15
PDK1,2.9585798816568047,15
AVEN,2.9585798816568047,15
DPF3,2.9585798816568047,15
FBRS,2.9585798816568047,15
OR6M1,2.9585798816568047,15
DPF2,2.9585798816568047,15
GASK1B,2.9585798816568047,15
CYTIP,2.9585798816568047,15
BCL2L11,2.9585798816568047,15
ATP6V1D,2.9585798816568047,15
ARG2,2.9585798816568047,15
OPN4,2.9585798816568047,15
ORC5,2.9585798816568047,15
GPRC5C,2.9585798816568047,15
CD300C,2.9585798816568047,15
C14orf28,2.9585798816568047,15
SNX6,2.9585798816568047,15
KANSL2,2.9585798816568047,15
ELOVL7,2.9585798816568047,15
RANBP3L,2.9585798816568047,15
TMX1,2.9585798816568047,15
SLC25A21,2.9585798816568047,15
KRT80,2.9585798816568047,15
CHST10,2.9585798816568047,15
ACTA2,2.9585798816568047,15
IFIT1,2.9585798816568047,15
PNKP,2.9585798816568047,15
NPY2R,2.9585798816568047,15
OR7E24,2.9585798816568047,15
ZNF121,2.9585798816568047,15
UBXN6,2.9585798816568047,15
ZFP69B,2.9585798816568047,15
SLFNL1,2.9585798816568047,15
ASTL,2.9585798816568047,15
SULT1C2,2.9585798816568047,15
ZNF773,2.9585798816568047,15
SLC13A2,2.9585798816568047,15
CCDC122,2.9585798816568047,15
PDIA4,2.9585798816568047,15
SERGEF,2.9585798816568047,15
SEPTIN10,2.9585798816568047,15
MFAP1,2.9585798816568047,15
SPATA5L1,2.9585798816568047,15
ACTL6B,2.9585798816568047,15
APPBP2,2.9585798816568047,15
FDPS,2.9585798816568047,15
SYT11,2.9585798816568047,15
DHRS9,2.9585798816568047,15
WIPI1,2.9585798816568047,15
SLC25A28,2.9585798816568047,15
LDHAL6B,2.9585798816568047,15
LACTB,2.9585798816568047,15
CD82,2.9585798816568047,15
XRCC4,2.9585798816568047,15
HMGCS1,2.9585798816568047,15
FGFR1OP2,2.9585798816568047,15
FGD4,2.9585798816568047,15
PSMC1,2.9585798816568047,15
SIRPB2,2.9585798816568047,15
CENPU,2.9585798816568047,15
AFAP1L2,2.9585798816568047,15
RAB24,2.9585798816568047,15
UBLCP1,2.9585798816568047,15
CDK6,2.9585798816568047,15
CYP51A1,2.9585798816568047,15
TMOD3,2.9585798816568047,15
CTBP2,2.9585798816568047,15
PCED1B,2.9585798816568047,15
ARIH1,2.9585798816568047,15
ST3GAL5,2.9585798816568047,15
SHOX,2.9585798816568047,15
CYP4A11,2.9585798816568047,15
ACOT11,2.9585798816568047,15
B4GALT4,2.9585798816568047,15
HYAL2,2.9585798816568047,15
HTRA4,2.9585798816568047,15
PCSK4,2.9585798816568047,15
MBP,2.9585798816568047,15
APBA3,2.9585798816568047,15
SLC52A3,2.9585798816568047,15
PACSIN3,2.9585798816568047,15
TMEM59L,2.9585798816568047,15
PCBP3,2.9585798816568047,15
PPP2CA,2.9585798816568047,15
PLSCR4,2.9585798816568047,15
CD5,2.9585798816568047,15
TGM5,2.9585798816568047,15
YTHDF2,2.9585798816568047,15
CCDC68,2.9585798816568047,15
ACSF2,2.9585798816568047,15
CYP2J2,2.9585798816568047,15
HARS2,2.9585798816568047,15
SSUH2,2.9585798816568047,15
COLQ,2.9585798816568047,15
RFC2,2.9585798816568047,15
GTF2I,2.9585798816568047,15
FGL2,2.9585798816568047,15
TDRD10,2.9585798816568047,15
SLC35B1,2.9585798816568047,15
PRB4,2.9585798816568047,15
TMEM184C,2.9585798816568047,15
STYK1,2.9585798816568047,15
OR8K1,2.9585798816568047,15
TMEM185A,2.9585798816568047,15
RNPEPL1,2.9585798816568047,15
DPYS,2.9585798816568047,15
RAB41,2.9585798816568047,15
CD207,2.9585798816568047,15
SLC25A15,2.9585798816568047,15
PHKG1,2.9585798816568047,15
OR51T1,2.9585798816568047,15
OR51A2,2.9585798816568047,15
FZD9,2.9585798816568047,15
PSTK,2.9585798816568047,15
POTEH,2.9585798816568047,15
DQX1,2.9585798816568047,15
TMUB2,2.9585798816568047,15
ASIC2,2.9585798816568047,15
NOP2,2.9585798816568047,15
TMEM44,2.9585798816568047,15
ABAT,2.9585798816568047,15
SSX1,2.9585798816568047,15
DKK3,2.9585798816568047,15
CCDC142,2.9585798816568047,15
TRIM62,2.9585798816568047,15
CTSF,2.9585798816568047,15
CPA6,2.9585798816568047,15
GNAT2,2.9585798816568047,15
CSF1,2.9585798816568047,15
CHI3L2,2.9585798816568047,15
CLCC1,2.9585798816568047,15
DES,2.9585798816568047,15
PID1,2.9585798816568047,15
HPD,2.9585798816568047,15
STIM1,2.9585798816568047,15
WEE1,2.9585798816568047,15
OR52N2,2.9585798816568047,15
HYKK,2.9585798816568047,15
CFAP161,2.9585798816568047,15
SNUPN,2.9585798816568047,15
DCAF17,2.9585798816568047,15
CERS4,2.9585798816568047,15
FBXL17,2.9585798816568047,15
TRIM6-TRIM34,2.9585798816568047,15
OR52E8,2.9585798816568047,15
CEP131,2.9585798816568047,15
LRRC45,2.9585798816568047,15
CST1,2.9585798816568047,15
PLAGL2,2.9585798816568047,15
UXS1,2.9585798816568047,15
HGD,2.9585798816568047,15
GRB7,2.9585798816568047,15
TUBG2,2.9585798816568047,15
WIPF2,2.9585798816568047,15
C2orf73,2.9585798816568047,15
CLHC1,2.9585798816568047,15
RIT2,2.9585798816568047,15
GNB3,2.9585798816568047,15
OR6C6,2.9585798816568047,15
OR7G1,2.9585798816568047,15
HAPLN3,2.9585798816568047,15
VWC2L,2.9585798816568047,15
CEACAM7,2.9585798816568047,15
GAP43,2.9585798816568047,15
TMBIM4,2.9585798816568047,15
BNIP1,2.9585798816568047,15
ALPG,2.9585798816568047,15
SAG,2.9585798816568047,15
TNFRSF21,2.9585798816568047,15
SEMA4B,2.9585798816568047,15
OR11H12,2.9585798816568047,15
RAB40C,2.9585798816568047,15
ANKS3,2.9585798816568047,15
OR14I1,2.9585798816568047,15
TMEM214,2.9585798816568047,15
GORAB,2.9585798816568047,15
NECAB1,2.9585798816568047,15
OR52A1,2.9585798816568047,15
POLM,2.9585798816568047,15
NR2F2,2.9585798816568047,15
TTC23,2.9585798816568047,15
DTX1,2.9585798816568047,15
OR4F6,2.9585798816568047,15
OR4F15,2.9585798816568047,15
WFIKKN1,2.9585798816568047,15
PPP1CB,2.9585798816568047,15
SF3B4,2.9585798816568047,15
FLVCR1,2.9585798816568047,15
TGFB2,2.9585798816568047,15
OSR2,2.9585798816568047,15
FBXL18,2.9585798816568047,15
GGT7,2.9585798816568047,15
OR2C1,2.9585798816568047,15
MAGEA1,2.9585798816568047,15
GPR153,2.9585798816568047,15
KCNJ1,2.9585798816568047,15
CA10,2.9585798816568047,15
CYP1B1,2.9585798816568047,15
ENKUR,2.9585798816568047,15
PUDP,2.9585798816568047,15
IFIT3,2.9585798816568047,15
DLL3,2.9585798816568047,15
CRNN,2.9585798816568047,15
ACTB,2.9585798816568047,15
MUTYH,2.9585798816568047,15
KCNJ11,2.9585798816568047,15
KLK8,2.9585798816568047,15
SRP68,2.9585798816568047,15
N4BP3,2.9585798816568047,15
COL23A1,2.9585798816568047,15
CLK4,2.9585798816568047,15
C2CD2L,2.9585798816568047,15
LDOC1,2.9585798816568047,15
CCDC96,2.9585798816568047,15
CXorf56,2.9585798816568047,15
BMP6,2.9585798816568047,15
CDKL4,2.9585798816568047,15
TDP2,2.9585798816568047,15
MMP28,2.9585798816568047,15
UEVLD,2.9585798816568047,15
CYRIB,2.9585798816568047,15
ZBTB8A,2.9585798816568047,15
ZNF362,2.9585798816568047,15
CDT1,2.9585798816568047,15
ACTL6A,2.9585798816568047,15
GPR45,2.9585798816568047,15
PSMC5,2.9585798816568047,15
FAM83D,2.9585798816568047,15
TOX2,2.9585798816568047,15
IL10RA,2.9585798816568047,15
KLF17,2.9585798816568047,15
ERLIN1,2.9585798816568047,15
ALLC,2.9585798816568047,15
KLF11,2.9585798816568047,15
MFSD11,2.9585798816568047,15
RRN3,2.9585798816568047,15
TBL3,2.9585798816568047,15
MSTO1,2.9585798816568047,15
ALDH3A1,2.9585798816568047,15
WSB1,2.9585798816568047,15
IFNGR1,2.9585798816568047,15
NMT1,2.9585798816568047,15
MATN4,2.9585798816568047,15
PIGT,2.9585798816568047,15
SHPK,2.9585798816568047,15
MMP8,2.9585798816568047,15
OCIAD1,2.9585798816568047,15
ST13,2.9585798816568047,15
OR2G2,2.9585798816568047,15
GPRC5B,2.9585798816568047,15
CACUL1,2.9585798816568047,15
LDHAL6A,2.9585798816568047,15
KIFC2,2.9585798816568047,15
MTRES1,2.9585798816568047,15
DDB2,2.9585798816568047,15
HSF2,2.9585798816568047,15
NTAN1,2.9585798816568047,15
ASB16,2.9585798816568047,15
MC3R,2.9585798816568047,15
AIDA,2.9585798816568047,15
RMND5A,2.9585798816568047,15
GLMP,2.9585798816568047,15
SCML4,2.9585798816568047,15
FCER1A,2.9585798816568047,15
SERPINE2,2.9585798816568047,15
AGFG1,2.9585798816568047,15
ETV3L,2.9585798816568047,15
ACKR1,2.9585798816568047,15
MTG2,2.9585798816568047,15
SLC39A4,2.9585798816568047,15
ZNF768,2.9585798816568047,15
FGF14,2.9585798816568047,15
ALDOA,2.9585798816568047,15
FAM76B,2.9585798816568047,15
RTP4,2.9585798816568047,15
FAF2,2.9585798816568047,15
BPHL,2.9585798816568047,15
CORO1A,2.9585798816568047,15
ADGRG3,2.9585798816568047,15
EPHX1,2.9585798816568047,15
FTO,2.9585798816568047,15
HNRNPDL,2.9585798816568047,15
NPNT,2.9585798816568047,15
ATL3,2.9585798816568047,15
PISD,2.9585798816568047,15
SYNDIG1,2.9585798816568047,15
CAAP1,2.9585798816568047,15
OR5A1,2.9585798816568047,15
SPACA1,2.9585798816568047,15
OR8I2,2.9585798816568047,15
OR5R1,2.9585798816568047,15
SERINC1,2.9585798816568047,15
OR4C3,2.9585798816568047,15
NSMF,2.9585798816568047,15
TUBB8,2.9585798816568047,15
SOX7,2.9585798816568047,15
EMCN,2.9585798816568047,15
KIAA0895L,2.9585798816568047,15
SLC7A6,2.9585798816568047,15
RSPRY1,2.9585798816568047,15
NAPB,2.9585798816568047,15
BFSP2,2.9585798816568047,15
MS4A10,2.9585798816568047,15
GOLGA6A,2.9585798816568047,15
CDCA7,2.9585798816568047,15
ERMN,2.9585798816568047,15
ZNF174,2.9585798816568047,15
RAB11FIP4,2.9585798816568047,15
NLE1,2.9585798816568047,15
TNFAIP1,2.9585798816568047,15
FNBP1L,2.9585798816568047,15
CD244,2.9585798816568047,15
ITLN2,2.9585798816568047,15
OR52N5,2.9585798816568047,15
OPN5,2.9585798816568047,15
OR5B17,2.9585798816568047,15
TCN1,2.9585798816568047,15
GTPBP2,2.9585798816568047,15
AQP7,2.9585798816568047,15
CDS2,2.9585798816568047,15
FST,2.9585798816568047,15
VPS4A,2.9585798816568047,15
CCDC113,2.9585798816568047,15
PDP2,2.9585798816568047,15
MFAP5,2.9585798816568047,15
RING1,2.9585798816568047,15
GRK2,2.9585798816568047,15
DPEP2,2.9585798816568047,15
NIT1,2.9585798816568047,15
IFT52,2.9585798816568047,15
GPR137,2.9585798816568047,15
CCDC86,2.9585798816568047,15
ALDH9A1,2.9585798816568047,15
MRPL47,2.9585798816568047,15
ILKAP,2.9585798816568047,15
NFIA,2.9585798816568047,15
AVPR1B,2.9585798816568047,15
SYT1,2.9585798816568047,15
NUDT6,2.9585798816568047,15
RRH,2.9585798816568047,15
MAPKAPK2,2.9585798816568047,15
ADAT1,2.9585798816568047,15
RPE,2.9585798816568047,15
TMEM245,2.9585798816568047,15
OR1K1,2.9585798816568047,15
SYVN1,2.9585798816568047,15
PLAAT4,2.9585798816568047,15
SERPINF1,2.9585798816568047,15
NEGR1,2.9585798816568047,15
KCTD14,2.9585798816568047,15
SNRPN,2.9585798816568047,15
FMOD,2.9585798816568047,15
REN,2.9585798816568047,15
RO60,2.9585798816568047,15
LHX4,2.9585798816568047,15
CLEC18B,2.9585798816568047,15
MLKL,2.9585798816568047,15
GPR4,2.9585798816568047,15
ZNF79,2.9585798816568047,15
RNF169,2.9585798816568047,15
ZNF526,2.9585798816568047,15
OGFOD2,2.9585798816568047,15
UNKL,2.9585798816568047,15
CCNF,2.9585798816568047,15
CENPN,2.9585798816568047,15
WDR4,2.9585798816568047,15
NAIF1,2.9585798816568047,15
ZBTB9,2.9585798816568047,15
PPARD,2.9585798816568047,15
MOCS1,2.9585798816568047,15
APOBEC2,2.9585798816568047,15
SLC37A1,2.9585798816568047,15
FAM118B,2.9585798816568047,15
YAP1,2.9585798816568047,15
ADA,2.9585798816568047,15
MAPK8IP1,2.9585798816568047,15
FHL5,2.9585798816568047,15
PIP5K1B,2.9585798816568047,15
GPALPP1,2.9585798816568047,15
POGLUT1,2.9585798816568047,15
IL20RA,2.9585798816568047,15
TAAR9,2.9585798816568047,15
CDK5RAP1,2.9585798816568047,15
LPIN3,2.9585798816568047,15
RORB,2.7613412228796843,14
PGAP6,2.7613412228796843,14
ZNF367,2.7613412228796843,14
LAMP5,2.7613412228796843,14
MOCS3,2.7613412228796843,14
ACP7,2.7613412228796843,14
NFS1,2.7613412228796843,14
SH3BP5L,2.7613412228796843,14
IL11RA,2.7613412228796843,14
MTAP,2.7613412228796843,14
S1PR3,2.7613412228796843,14
P2RY6,2.7613412228796843,14
TIPIN,2.7613412228796843,14
STAC3,2.7613412228796843,14
NR2E3,2.7613412228796843,14
NT5DC2,2.7613412228796843,14
ABHD6,2.7613412228796843,14
KCNMB2,2.7613412228796843,14
ACTR8,2.7613412228796843,14
WDR82,2.7613412228796843,14
GSTA2,2.7613412228796843,14
PRPF4,2.7613412228796843,14
CYP2F1,2.7613412228796843,14
CHGB,2.7613412228796843,14
PDGFC,2.7613412228796843,14
ELMOD2,2.7613412228796843,14
ALDH3B2,2.7613412228796843,14
NMNAT2,2.7613412228796843,14
CCR7,2.7613412228796843,14
NIBAN2,2.7613412228796843,14
IGHG4,2.7613412228796843,14
GPR37L1,2.7613412228796843,14
LAMP1,2.7613412228796843,14
ACSF3,2.7613412228796843,14
RPA1,2.7613412228796843,14
METTL2B,2.7613412228796843,14
AMBP,2.7613412228796843,14
CHODL,2.7613412228796843,14
LHFPL5,2.7613412228796843,14
CRKL,2.7613412228796843,14
C12orf60,2.7613412228796843,14
CIBAR2,2.7613412228796843,14
PTGS1,2.7613412228796843,14
ELL3,2.7613412228796843,14
HSPD1,2.7613412228796843,14
NIF3L1,2.7613412228796843,14
STK17B,2.7613412228796843,14
KATNBL1,2.7613412228796843,14
B2M,2.7613412228796843,14
CTH,2.7613412228796843,14
AREG,2.7613412228796843,14
HCAR1,2.7613412228796843,14
MEDAG,2.7613412228796843,14
TNFSF11,2.7613412228796843,14
PDGFB,2.7613412228796843,14
CYB5R3,2.7613412228796843,14
INPP5K,2.7613412228796843,14
IL10RB,2.7613412228796843,14
HS3ST3A1,2.7613412228796843,14
OR3A3,2.7613412228796843,14
HASPIN,2.7613412228796843,14
RPRD1B,2.7613412228796843,14
SLC6A18,2.7613412228796843,14
CCT5,2.7613412228796843,14
PBX1,2.7613412228796843,14
PSMD7,2.7613412228796843,14
CCDC91,2.7613412228796843,14
FCN2,2.7613412228796843,14
CHKB,2.7613412228796843,14
CCNA2,2.7613412228796843,14
ADH1B,2.7613412228796843,14
TIGAR,2.7613412228796843,14
ASGR2,2.7613412228796843,14
YBX2,2.7613412228796843,14
CTBS,2.7613412228796843,14
GTF2B,2.7613412228796843,14
USF1,2.7613412228796843,14
PGC,2.7613412228796843,14
BEST1,2.7613412228796843,14
POLR2C,2.7613412228796843,14
ADGRG1,2.7613412228796843,14
RCOR3,2.7613412228796843,14
FCMR,2.7613412228796843,14
C11orf80,2.7613412228796843,14
VWA7,2.7613412228796843,14
BCO1,2.7613412228796843,14
CHST4,2.7613412228796843,14
RFWD3,2.7613412228796843,14
PSMC3,2.7613412228796843,14
SLC43A1,2.7613412228796843,14
OR4C46,2.7613412228796843,14
APOL2,2.7613412228796843,14
ELF5,2.7613412228796843,14
ANAPC2,2.7613412228796843,14
ELK1,2.7613412228796843,14
TRIM15,2.7613412228796843,14
GPX6,2.7613412228796843,14
DNAJB13,2.7613412228796843,14
SLC35F2,2.7613412228796843,14
DUS2,2.7613412228796843,14
RAB3C,2.7613412228796843,14
MS4A4A,2.7613412228796843,14
DUSP10,2.7613412228796843,14
UPP2,2.7613412228796843,14
ADSL,2.7613412228796843,14
SGF29,2.7613412228796843,14
TUFM,2.7613412228796843,14
TBX6,2.7613412228796843,14
MRPL1,2.7613412228796843,14
MAPK10,2.7613412228796843,14
C5orf38,2.7613412228796843,14
SEPTIN1,2.7613412228796843,14
TPCN2,2.7613412228796843,14
PES1,2.7613412228796843,14
APOL6,2.7613412228796843,14
SPEM1,2.7613412228796843,14
FICD,2.7613412228796843,14
OR5AN1,2.7613412228796843,14
OR8K5,2.7613412228796843,14
RSPO3,2.7613412228796843,14
MLX,2.7613412228796843,14
RARA,2.7613412228796843,14
AMD1,2.7613412228796843,14
RPF2,2.7613412228796843,14
CCN6,2.7613412228796843,14
KCNJ10,2.7613412228796843,14
ADAM15,2.7613412228796843,14
GBA,2.7613412228796843,14
CD1B,2.7613412228796843,14
TCFL5,2.7613412228796843,14
TNFSF13B,2.7613412228796843,14
ST8SIA6,2.7613412228796843,14
ABI1,2.7613412228796843,14
GORASP1,2.7613412228796843,14
CLDN1,2.7613412228796843,14
SGCD,2.7613412228796843,14
IGLON5,2.7613412228796843,14
UTP15,2.7613412228796843,14
HOMER1,2.7613412228796843,14
IFTAP,2.7613412228796843,14
OR11A1,2.7613412228796843,14
ART3,2.7613412228796843,14
NUP54,2.7613412228796843,14
SGCB,2.7613412228796843,14
SMYD3,2.7613412228796843,14
OR2G3,2.7613412228796843,14
HS3ST4,2.7613412228796843,14
NSMCE1,2.7613412228796843,14
HOXB13,2.7613412228796843,14
PHB,2.7613412228796843,14
RFPL4B,2.7613412228796843,14
MMADHC,2.7613412228796843,14
UBIAD1,2.7613412228796843,14
CCDC34,2.7613412228796843,14
SGK2,2.7613412228796843,14
TMPRSS4,2.7613412228796843,14
DMBX1,2.7613412228796843,14
SLC35F6,2.7613412228796843,14
TUBB6,2.7613412228796843,14
HEYL,2.7613412228796843,14
PPT1,2.7613412228796843,14
GTSE1,2.7613412228796843,14
RSL1D1,2.7613412228796843,14
CKAP2L,2.7613412228796843,14
ADAP2,2.7613412228796843,14
HMBOX1,2.7613412228796843,14
PRPSAP2,2.7613412228796843,14
HOXB3,2.7613412228796843,14
FAM83E,2.7613412228796843,14
GPR20,2.7613412228796843,14
PEX3,2.7613412228796843,14
EIF3M,2.7613412228796843,14
CAT,2.7613412228796843,14
ZNF302,2.7613412228796843,14
MRPL38,2.7613412228796843,14
TMC8,2.7613412228796843,14
IFIT5,2.7613412228796843,14
OR6X1,2.7613412228796843,14
FOXR1,2.7613412228796843,14
ABCG4,2.7613412228796843,14
PPP2R2C,2.7613412228796843,14
AUP1,2.7613412228796843,14
UTP18,2.7613412228796843,14
OR4D1,2.7613412228796843,14
DAPK3,2.7613412228796843,14
GLIS1,2.7613412228796843,14
TMIGD3,2.7613412228796843,14
CBX3,2.7613412228796843,14
OVCH2,2.7613412228796843,14
MMP24,2.7613412228796843,14
EEF1A2,2.7613412228796843,14
PEX11B,2.7613412228796843,14
QPCT,2.7613412228796843,14
ITPRIP,2.7613412228796843,14
IKBKG,2.7613412228796843,14
INHA,2.7613412228796843,14
DNAJA3,2.7613412228796843,14
DHRSX,2.7613412228796843,14
HADHB,2.7613412228796843,14
THEM5,2.7613412228796843,14
PLD4,2.7613412228796843,14
TMEM97,2.7613412228796843,14
OTUD6B,2.7613412228796843,14
BLVRA,2.7613412228796843,14
CCM2,2.7613412228796843,14
NGRN,2.7613412228796843,14
SETD4,2.7613412228796843,14
PPM1B,2.7613412228796843,14
NPRL3,2.7613412228796843,14
NCK1,2.7613412228796843,14
LMAN2,2.7613412228796843,14
OR8D4,2.7613412228796843,14
OR13F1,2.7613412228796843,14
FOSL2,2.7613412228796843,14
GABPB2,2.7613412228796843,14
SOCS7,2.7613412228796843,14
DGKQ,2.7613412228796843,14
ITFG2,2.7613412228796843,14
SIGLEC9,2.7613412228796843,14
HAAO,2.7613412228796843,14
DYNC2LI1,2.7613412228796843,14
KAT8,2.7613412228796843,14
AGBL4,2.7613412228796843,14
TNFRSF1A,2.7613412228796843,14
GJB6,2.7613412228796843,14
TRMT12,2.7613412228796843,14
ECEL1,2.7613412228796843,14
UGT1A6,2.7613412228796843,14
PLIN1,2.7613412228796843,14
FAM160B2,2.7613412228796843,14
F7,2.7613412228796843,14
PSEN1,2.7613412228796843,14
GOLPH3L,2.7613412228796843,14
INPP5A,2.7613412228796843,14
IGFBP1,2.7613412228796843,14
OR6A2,2.7613412228796843,14
KLHL7,2.7613412228796843,14
ZC2HC1A,2.7613412228796843,14
CA2,2.7613412228796843,14
PIP4K2B,2.7613412228796843,14
CNTD1,2.7613412228796843,14
G6PC,2.7613412228796843,14
SMARCE1,2.7613412228796843,14
CD2,2.7613412228796843,14
GDAP2,2.7613412228796843,14
LACTB2,2.7613412228796843,14
ERLEC1,2.7613412228796843,14
PAK2,2.7613412228796843,14
AHCYL1,2.7613412228796843,14
DENND2D,2.7613412228796843,14
BPIFA1,2.7613412228796843,14
SNX33,2.7613412228796843,14
RHOG,2.7613412228796843,14
OR51F1,2.7613412228796843,14
TRMT11,2.7613412228796843,14
OR51B2,2.7613412228796843,14
OR56A4,2.7613412228796843,14
CARNMT1,2.7613412228796843,14
KLRF1,2.7613412228796843,14
OR1J1,2.7613412228796843,14
NUP35,2.7613412228796843,14
LMNB1,2.7613412228796843,14
NOL4L,2.7613412228796843,14
CA14,2.7613412228796843,14
RWDD3,2.7613412228796843,14
ATXN7L3,2.7613412228796843,14
HEXD,2.7613412228796843,14
ADPRHL1,2.7613412228796843,14
HOXD3,2.7613412228796843,14
TAS2R42,2.7613412228796843,14
ADPGK,2.7613412228796843,14
CD276,2.7613412228796843,14
INSYN1,2.7613412228796843,14
PON3,2.7613412228796843,14
ACMSD,2.7613412228796843,14
CLVS1,2.7613412228796843,14
SEPTIN7,2.7613412228796843,14
LHX5,2.7613412228796843,14
KRT19,2.7613412228796843,14
GPR61,2.7613412228796843,14
DHCR24,2.7613412228796843,14
SLC22A18,2.7613412228796843,14
DTX2,2.7613412228796843,14
AK4,2.7613412228796843,14
PGLYRP4,2.7613412228796843,14
OPRD1,2.7613412228796843,14
SMCO3,2.7613412228796843,14
TAS2R14,2.7613412228796843,14
KRCC1,2.7613412228796843,14
PPP1R7,2.7613412228796843,14
LARP6,2.7613412228796843,14
OR6B2,2.7613412228796843,14
SUN3,2.7613412228796843,14
DOK1,2.7613412228796843,14
LRRC56,2.7613412228796843,14
RPAP2,2.7613412228796843,14
AC011462.1,2.7613412228796843,14
ABHD16B,2.7613412228796843,14
SCPEP1,2.7613412228796843,14
TTC39A,2.7613412228796843,14
TMEM59,2.7613412228796843,14
SLC35A5,2.7613412228796843,14
NCLN,2.7613412228796843,14
SNPH,2.7613412228796843,14
SHC4,2.7613412228796843,14
POLD2,2.7613412228796843,14
VSIG4,2.7613412228796843,14
CKMT1A,2.7613412228796843,14
CTDSPL2,2.7613412228796843,14
PPP1R42,2.7613412228796843,14
SYTL1,2.7613412228796843,14
WASF2,2.7613412228796843,14
TPRA1,2.7613412228796843,14
BMPR1B,2.7613412228796843,14
CSNK1A1,2.7613412228796843,14
FOXK2,2.7613412228796843,14
C10orf88,2.7613412228796843,14
TRMT44,2.7613412228796843,14
CUTC,2.7613412228796843,14
CNNM3,2.7613412228796843,14
CIPC,2.7613412228796843,14
TKFC,2.7613412228796843,14
OR4D6,2.7613412228796843,14
MS4A1,2.7613412228796843,14
TCEAL5,2.7613412228796843,14
RPUSD2,2.7613412228796843,14
MAP2K5,2.7613412228796843,14
NAGLU,2.7613412228796843,14
FAAH,2.7613412228796843,14
DAP3,2.7613412228796843,14
RHBG,2.7613412228796843,14
THAP4,2.7613412228796843,14
KPNA2,2.7613412228796843,14
ZFYVE27,2.7613412228796843,14
TMEM217,2.7613412228796843,14
CASP3,2.7613412228796843,14
GALK2,2.7613412228796843,14
GZMK,2.7613412228796843,14
KPTN,2.7613412228796843,14
PPP2R5C,2.7613412228796843,14
ANKDD1A,2.7613412228796843,14
RPL4,2.7613412228796843,14
NSFL1C,2.7613412228796843,14
PPIE,2.7613412228796843,14
PTN,2.7613412228796843,14
COPS6,2.7613412228796843,14
CC2D2B,2.7613412228796843,14
HIBCH,2.7613412228796843,14
ACER1,2.7613412228796843,14
SH3GL1,2.7613412228796843,14
RNF157,2.7613412228796843,14
NCK2,2.7613412228796843,14
EDAR,2.7613412228796843,14
FBXO4,2.7613412228796843,14
TRIM7,2.7613412228796843,14
NANOG,2.7613412228796843,14
GATM,2.7613412228796843,14
CWF19L1,2.7613412228796843,14
HIF1AN,2.7613412228796843,14
CCDC17,2.7613412228796843,14
ZNF783,2.7613412228796843,14
GBX1,2.7613412228796843,14
C8orf74,2.7613412228796843,14
ACTR3B,2.7613412228796843,14
SHH,2.7613412228796843,14
VIPR2,2.7613412228796843,14
P3H1,2.7613412228796843,14
SLC2A1,2.7613412228796843,14
HS1BP3,2.7613412228796843,14
BRD9,2.7613412228796843,14
GALNT6,2.7613412228796843,14
BRIX1,2.7613412228796843,14
NADK2,2.7613412228796843,14
KCNC3,2.7613412228796843,14
OR10K1,2.7613412228796843,14
BCL10,2.7613412228796843,14
RHBDL2,2.7613412228796843,14
BPGM,2.7613412228796843,14
TMEM150C,2.7613412228796843,14
SLC35G1,2.7613412228796843,14
ZSCAN22,2.7613412228796843,14
ZNF584,2.7613412228796843,14
CALR,2.7613412228796843,14
EPOR,2.7613412228796843,14
RCOR2,2.7613412228796843,14
OR52E4,2.7613412228796843,14
STAM2,2.7613412228796843,14
VTI1B,2.7613412228796843,14
SMOC1,2.7613412228796843,14
SCMH1,2.7613412228796843,14
YBX1,2.7613412228796843,14
ZNF212,2.7613412228796843,14
TAS2R60,2.7613412228796843,14
IMPA2,2.7613412228796843,14
PAFAH2,2.7613412228796843,14
FCAR,2.7613412228796843,14
TECR,2.7613412228796843,14
GNB4,2.7613412228796843,14
SELENOP,2.7613412228796843,14
ANKH,2.7613412228796843,14
SCML1,2.7613412228796843,14
MORF4L2,2.7613412228796843,14
IL13RA2,2.7613412228796843,14
OR10A7,2.7613412228796843,14
PRRT3,2.7613412228796843,14
OR2AE1,2.7613412228796843,14
KCNQ4,2.7613412228796843,14
SNIP1,2.7613412228796843,14
SERPINA4,2.7613412228796843,14
OLA1,2.7613412228796843,14
HSP90AA1,2.7613412228796843,14
H1-8,2.7613412228796843,14
DPH1,2.7613412228796843,14
KIFBP,2.7613412228796843,14
EVA1C,2.7613412228796843,14
IKZF4,2.7613412228796843,14
RBMS2,2.7613412228796843,14
GAPT,2.7613412228796843,14
H1-1,2.7613412228796843,14
FAM126A,2.7613412228796843,14
TRGC2,2.7613412228796843,14
OR2A25,2.7613412228796843,14
ZNF282,2.7613412228796843,14
CPA5,2.7613412228796843,14
ADCK1,2.7613412228796843,14
KCNK13,2.7613412228796843,14
OR10H1,2.7613412228796843,14
AKTIP,2.7613412228796843,14
ZDHHC1,2.7613412228796843,14
WWOX,2.7613412228796843,14
OPN1SW,2.7613412228796843,14
TSPAN14,2.7613412228796843,14
CETN1,2.7613412228796843,14
ALPL,2.7613412228796843,14
PSMA8,2.7613412228796843,14
OGFRL1,2.7613412228796843,14
OR10G2,2.7613412228796843,14
COQ10B,2.7613412228796843,14
ZBTB48,2.7613412228796843,14
OR52A5,2.7613412228796843,14
PLOD1,2.7613412228796843,14
GLIS2,2.7613412228796843,14
SERPINB6,2.7613412228796843,14
SPACA3,2.7613412228796843,14
TMEM26,2.7613412228796843,14
CHST8,2.7613412228796843,14
KCNN1,2.7613412228796843,14
ONECUT2,2.7613412228796843,14
SLAMF9,2.7613412228796843,14
LMX1A,2.7613412228796843,14
PPM1K,2.7613412228796843,14
ADH6,2.7613412228796843,14
SLC10A7,2.7613412228796843,14
FAM161B,2.7613412228796843,14
ZC2HC1C,2.7613412228796843,14
FOS,2.7613412228796843,14
SPATA21,2.7613412228796843,14
ZFP36L1,2.7613412228796843,14
CHPF,2.7613412228796843,14
ATP4B,2.7613412228796843,14
TMEM255B,2.7613412228796843,14
TTC5,2.7613412228796843,14
HOXA7,2.7613412228796843,14
ELOVL6,2.7613412228796843,14
SEPTIN11,2.7613412228796843,14
KLHDC7A,2.7613412228796843,14
MFSD2A,2.7613412228796843,14
STPG1,2.7613412228796843,14
TTYH1,2.7613412228796843,14
B4GALT6,2.7613412228796843,14
ZNF24,2.7613412228796843,14
TARDBP,2.7613412228796843,14
SCLY,2.7613412228796843,14
COQ3,2.7613412228796843,14
CAPN15,2.7613412228796843,14
TMEM176B,2.7613412228796843,14
SGMS1,2.7613412228796843,14
NDUFAF7,2.7613412228796843,14
LRFN3,2.7613412228796843,14
KLK4,2.7613412228796843,14
OR6Y1,2.7613412228796843,14
GPR83,2.7613412228796843,14
SLC10A4,2.7613412228796843,14
GLIPR1L2,2.7613412228796843,14
ASB1,2.7613412228796843,14
OR6B3,2.7613412228796843,14
FNTB,2.7613412228796843,14
PPIP5K1,2.7613412228796843,14
KLK1,2.7613412228796843,14
PHLDB3,2.7613412228796843,14
FNDC4,2.7613412228796843,14
SPANXN3,2.7613412228796843,14
IPMK,2.7613412228796843,14
TNFRSF10D,2.7613412228796843,14
SLC25A43,2.7613412228796843,14
SLC25A5,2.7613412228796843,14
CBLN2,2.7613412228796843,14
ZADH2,2.7613412228796843,14
RENBP,2.7613412228796843,14
PRAMEF8,2.7613412228796843,14
NNMT,2.7613412228796843,14
ELMOD1,2.7613412228796843,14
SPP2,2.7613412228796843,14
C1orf127,2.7613412228796843,14
FTHL17,2.7613412228796843,14
MAGEB16,2.7613412228796843,14
TGIF2LX,2.7613412228796843,14
ACTR6,2.7613412228796843,14
BSX,2.7613412228796843,14
AP5M1,2.7613412228796843,14
TADA3,2.7613412228796843,14
CCR5,2.7613412228796843,14
ATG4B,2.7613412228796843,14
SCTR,2.7613412228796843,14
C1orf105,2.7613412228796843,14
MRPS18B,2.7613412228796843,14
CNOT7,2.7613412228796843,14
PPP5C,2.7613412228796843,14
NAPSA,2.7613412228796843,14
ACP4,2.7613412228796843,14
MFSD2B,2.7613412228796843,14
CHRNA7,2.7613412228796843,14
SPHK2,2.7613412228796843,14
SSX3,2.7613412228796843,14
CCND2,2.7613412228796843,14
CLDN16,2.7613412228796843,14
CHPT1,2.7613412228796843,14
CLNK,2.7613412228796843,14
RNF14,2.7613412228796843,14
CD200R1L,2.7613412228796843,14
NUCB1,2.7613412228796843,14
TCEA1,2.7613412228796843,14
TUBAL3,2.7613412228796843,14
BPNT2,2.7613412228796843,14
OLAH,2.7613412228796843,14
FUT5,2.7613412228796843,14
RNF34,2.7613412228796843,14
ZNF562,2.7613412228796843,14
GGH,2.7613412228796843,14
CDC123,2.7613412228796843,14
ASB3,2.7613412228796843,14
AHSA1,2.7613412228796843,14
NDOR1,2.7613412228796843,14
ABHD5,2.7613412228796843,14
DYNC1LI1,2.7613412228796843,14
IL17RE,2.7613412228796843,14
KDELR1,2.7613412228796843,14
GPR135,2.7613412228796843,14
PAX4,2.7613412228796843,14
TCAF2,2.7613412228796843,14
GIMAP1,2.7613412228796843,14
MTA2,2.7613412228796843,14
ESPN,2.7613412228796843,14
ZBTB34,2.7613412228796843,14
DOLK,2.7613412228796843,14
OR52D1,2.7613412228796843,14
ARMC12,2.7613412228796843,14
ZNF653,2.7613412228796843,14
TXLNG,2.7613412228796843,14
DLL4,2.7613412228796843,14
CFHR2,2.7613412228796843,14
KCNK16,2.7613412228796843,14
STXBP6,2.7613412228796843,14
KCTD10,2.7613412228796843,14
GLT8D2,2.7613412228796843,14
SERPINA1,2.7613412228796843,14
KRTAP10-5,2.7613412228796843,14
SIRT4,2.7613412228796843,14
CRHR2,2.7613412228796843,14
FAM122A,2.7613412228796843,14
TMEM143,2.7613412228796843,14
KCNJ14,2.7613412228796843,14
H3-5,2.7613412228796843,14
LILRA6,2.7613412228796843,14
FANK1,2.7613412228796843,14
PPP1R15B,2.7613412228796843,14
SLC29A4,2.7613412228796843,14
EXD2,2.7613412228796843,14
OASL,2.7613412228796843,14
UGT3A1,2.7613412228796843,14
C3orf62,2.7613412228796843,14
IP6K1,2.7613412228796843,14
SLC8B1,2.7613412228796843,14
TMEM119,2.7613412228796843,14
SPATS1,2.7613412228796843,14
GNAQ,2.7613412228796843,14
SNX31,2.7613412228796843,14
TEX33,2.7613412228796843,14
SLC35G2,2.7613412228796843,14
SNRNP35,2.7613412228796843,14
RILPL1,2.7613412228796843,14
TMPRSS5,2.7613412228796843,14
APMAP,2.7613412228796843,14
SPATA2,2.7613412228796843,14
ETNK1,2.7613412228796843,14
ULBP2,2.7613412228796843,14
FRS3,2.7613412228796843,14
KMT5A,2.7613412228796843,14
CRYL1,2.7613412228796843,14
TEX26,2.7613412228796843,14
TMEM74,2.7613412228796843,14
ERF,2.7613412228796843,14
FFAR2,2.7613412228796843,14
TAAR2,2.7613412228796843,14
NIT2,2.7613412228796843,14
PRSS16,2.7613412228796843,14
OR2J2,2.7613412228796843,14
GNL1,2.7613412228796843,14
BCKDHB,2.7613412228796843,14
ACTA1,2.7613412228796843,14
QARS1,2.7613412228796843,14
NPRL2,2.7613412228796843,14
ATXN10,2.7613412228796843,14
PSG11,2.7613412228796843,14
APOL5,2.7613412228796843,14
GAS2L1,2.7613412228796843,14
PROSER3,2.7613412228796843,14
CDK10,2.7613412228796843,14
PKNOX1,2.7613412228796843,14
LRRC3,2.7613412228796843,14
KRTAP10-11,2.7613412228796843,14
WRAP73,2.7613412228796843,14
MRPS22,2.7613412228796843,14
ACP3,2.7613412228796843,14
RRP9,2.7613412228796843,14
SLC10A6,2.7613412228796843,14
ZIC4,2.7613412228796843,14
ACVRL1,2.7613412228796843,14
DMC1,2.7613412228796843,14
PTCD2,2.7613412228796843,14
RRAGA,2.7613412228796843,14
MLLT3,2.7613412228796843,14
OR2T4,2.7613412228796843,14
ALDH1B1,2.7613412228796843,14
ZNF436,2.7613412228796843,14
CD86,2.7613412228796843,14
METTL21C,2.7613412228796843,14
CYSLTR2,2.7613412228796843,14
FAM124A,2.7613412228796843,14
USP39,2.7613412228796843,14
OR4K17,2.7613412228796843,14
POU1F1,2.7613412228796843,14
MBNL2,2.7613412228796843,14
GPR18,2.7613412228796843,14
LMAN1L,2.7613412228796843,14
EDN3,2.7613412228796843,14
OR6F1,2.7613412228796843,14
NSF,2.7613412228796843,14
HSF2BP,2.7613412228796843,14
KRTAP10-4,2.7613412228796843,14
SLC52A1,2.7613412228796843,14
ZDHHC7,2.7613412228796843,14
EEF1G,2.7613412228796843,14
PPP3R2,2.7613412228796843,14
TTPAL,2.7613412228796843,14
GABRR1,2.7613412228796843,14
UBE2J1,2.7613412228796843,14
SLC25A30,2.7613412228796843,14
CPB2,2.7613412228796843,14
HCLS1,2.7613412228796843,14
PPIL6,2.7613412228796843,14
METTL24,2.7613412228796843,14
ZDHHC16,2.7613412228796843,14
ZC3H12D,2.7613412228796843,14
BPI,2.564102564102564,13
MRPL2,2.564102564102564,13
BLK,2.564102564102564,13
FAM209A,2.564102564102564,13
FAM98C,2.564102564102564,13
NUTM2G,2.564102564102564,13
KLF9,2.564102564102564,13
PDCL,2.564102564102564,13
RSPH14,2.564102564102564,13
NEMP1,2.564102564102564,13
INHBC,2.564102564102564,13
IRX3,2.564102564102564,13
GFOD2,2.564102564102564,13
UPK1A,2.564102564102564,13
ACTL7A,2.564102564102564,13
SLC2A11,2.564102564102564,13
SOX11,2.564102564102564,13
PTK6,2.564102564102564,13
SLC35C2,2.564102564102564,13
DMKN,2.564102564102564,13
PRR19,2.564102564102564,13
HESX1,2.564102564102564,13
AGTR1,2.564102564102564,13
SP7,2.564102564102564,13
OSBPL11,2.564102564102564,13
ROPN1B,2.564102564102564,13
TEX30,2.564102564102564,13
FAM155A,2.564102564102564,13
ITM2B,2.564102564102564,13
C20orf96,2.564102564102564,13
TRIB3,2.564102564102564,13
NMNAT1,2.564102564102564,13
CCDC185,2.564102564102564,13
ART4,2.564102564102564,13
FRMD1,2.564102564102564,13
TMEM184A,2.564102564102564,13
OR5C1,2.564102564102564,13
GPR171,2.564102564102564,13
EIF2D,2.564102564102564,13
SLC35E1,2.564102564102564,13
ZDHHC20,2.564102564102564,13
FAIM,2.564102564102564,13
PRR23B,2.564102564102564,13
SLC49A4,2.564102564102564,13
HNRNPC,2.564102564102564,13
TRAV12-1,2.564102564102564,13
GPNMB,2.564102564102564,13
GNA12,2.564102564102564,13
GLCCI1,2.564102564102564,13
IFNA14,2.564102564102564,13
OR1B1,2.564102564102564,13
SVOP,2.564102564102564,13
RPL6,2.564102564102564,13
HSPB8,2.564102564102564,13
GOLM1,2.564102564102564,13
PCBP4,2.564102564102564,13
DCUN1D4,2.564102564102564,13
HAX1,2.564102564102564,13
SLC38A1,2.564102564102564,13
ZPLD1,2.564102564102564,13
PRRC1,2.564102564102564,13
KCTD6,2.564102564102564,13
RBM23,2.564102564102564,13
PSMB11,2.564102564102564,13
FPGS,2.564102564102564,13
GFI1B,2.564102564102564,13
NR6A1,2.564102564102564,13
Z83844.2,2.564102564102564,13
PICK1,2.564102564102564,13
DSTN,2.564102564102564,13
HS6ST3,2.564102564102564,13
TXNIP,2.564102564102564,13
TINF2,2.564102564102564,13
SOCS2,2.564102564102564,13
WDFY1,2.564102564102564,13
ART1,2.564102564102564,13
SINHCAF,2.564102564102564,13
PXYLP1,2.564102564102564,13
P2RY13,2.564102564102564,13
PAICS,2.564102564102564,13
LAIR1,2.564102564102564,13
OR7A17,2.564102564102564,13
CRYBA4,2.564102564102564,13
SLC35B2,2.564102564102564,13
PACSIN1,2.564102564102564,13
AP1S2,2.564102564102564,13
MCHR1,2.564102564102564,13
CRYGB,2.564102564102564,13
SACM1L,2.564102564102564,13
CCR9,2.564102564102564,13
TBCCD1,2.564102564102564,13
IFFO1,2.564102564102564,13
YY1,2.564102564102564,13
BTNL2,2.564102564102564,13
RGS14,2.564102564102564,13
USP49,2.564102564102564,13
CEL,2.564102564102564,13
DMWD,2.564102564102564,13
SRP54,2.564102564102564,13
GXYLT2,2.564102564102564,13
TAS2R8,2.564102564102564,13
SH3GLB2,2.564102564102564,13
TBCEL,2.564102564102564,13
SERPINE1,2.564102564102564,13
NR1H2,2.564102564102564,13
PANX2,2.564102564102564,13
IMP4,2.564102564102564,13
CA13,2.564102564102564,13
AKR1E2,2.564102564102564,13
ZNF80,2.564102564102564,13
SLAIN1,2.564102564102564,13
NTNG2,2.564102564102564,13
SLC25A6,2.564102564102564,13
PFKFB4,2.564102564102564,13
MKRN2,2.564102564102564,13
POLE2,2.564102564102564,13
TRAM2,2.564102564102564,13
OR2A7,2.564102564102564,13
IQCD,2.564102564102564,13
MS4A5,2.564102564102564,13
C8orf58,2.564102564102564,13
FBXL12,2.564102564102564,13
PLIN3,2.564102564102564,13
ZNRF4,2.564102564102564,13
PLP1,2.564102564102564,13
TCEAL2,2.564102564102564,13
MOS,2.564102564102564,13
GCK,2.564102564102564,13
TAS2R16,2.564102564102564,13
GDI2,2.564102564102564,13
RUVBL2,2.564102564102564,13
BCAT2,2.564102564102564,13
EHF,2.564102564102564,13
WNT5B,2.564102564102564,13
TRAFD1,2.564102564102564,13
NUP37,2.564102564102564,13
CHST11,2.564102564102564,13
TNIP2,2.564102564102564,13
NR1I2,2.564102564102564,13
CLDND1,2.564102564102564,13
SLC22A13,2.564102564102564,13
CCR8,2.564102564102564,13
NPAS1,2.564102564102564,13
CCDC114,2.564102564102564,13
NET1,2.564102564102564,13
SDCBP,2.564102564102564,13
TTI2,2.564102564102564,13
AC013477.1,2.564102564102564,13
CBLIF,2.564102564102564,13
EMD,2.564102564102564,13
RPL10,2.564102564102564,13
RCSD1,2.564102564102564,13
UGT1A4,2.564102564102564,13
EIF1AX,2.564102564102564,13
GPR55,2.564102564102564,13
NAP1L1,2.564102564102564,13
TRIM43,2.564102564102564,13
YIPF7,2.564102564102564,13
PI4K2B,2.564102564102564,13
DELE1,2.564102564102564,13
OPN1LW,2.564102564102564,13
EOGT,2.564102564102564,13
NAXD,2.564102564102564,13
OXGR1,2.564102564102564,13
CRYZ,2.564102564102564,13
ASB17,2.564102564102564,13
CRADD,2.564102564102564,13
OR2B6,2.564102564102564,13
WDR61,2.564102564102564,13
LONRF1,2.564102564102564,13
ANKRD49,2.564102564102564,13
IDO2,2.564102564102564,13
PDK4,2.564102564102564,13
NFIC,2.564102564102564,13
GIPC3,2.564102564102564,13
CCDC121,2.564102564102564,13
DHDH,2.564102564102564,13
RSPH6A,2.564102564102564,13
ZBTB7A,2.564102564102564,13
EIF2S1,2.564102564102564,13
TMEM82,2.564102564102564,13
CLCNKA,2.564102564102564,13
RAD51B,2.564102564102564,13
PNMA1,2.564102564102564,13
CELA1,2.564102564102564,13
CLYBL,2.564102564102564,13
ARGLU1,2.564102564102564,13
VGLL1,2.564102564102564,13
TBP,2.564102564102564,13
SNX8,2.564102564102564,13
DKK1,2.564102564102564,13
SLC16A9,2.564102564102564,13
GJD4,2.564102564102564,13
OR5P2,2.564102564102564,13
CDC42EP3,2.564102564102564,13
SYT17,2.564102564102564,13
NT5C3A,2.564102564102564,13
TNFAIP6,2.564102564102564,13
MDM2,2.564102564102564,13
PGD,2.564102564102564,13
GRXCR2,2.564102564102564,13
LRRC10,2.564102564102564,13
CASP4,2.564102564102564,13
UBC,2.564102564102564,13
WDR89,2.564102564102564,13
DUSP26,2.564102564102564,13
PSMA7,2.564102564102564,13
TMEM145,2.564102564102564,13
PSG9,2.564102564102564,13
RNF125,2.564102564102564,13
C18orf25,2.564102564102564,13
RPS6KL1,2.564102564102564,13
SLC23A3,2.564102564102564,13
SERPINA5,2.564102564102564,13
ONECUT1,2.564102564102564,13
PAQR8,2.564102564102564,13
TRAF3IP2,2.564102564102564,13
TAAR1,2.564102564102564,13
MOAP1,2.564102564102564,13
AIMP1,2.564102564102564,13
CASP9,2.564102564102564,13
RAB3A,2.564102564102564,13
DDX49,2.564102564102564,13
TMEM30A,2.564102564102564,13
GPR6,2.564102564102564,13
SLC35F1,2.564102564102564,13
SMOC2,2.564102564102564,13
LUC7L,2.564102564102564,13
VPS26A,2.564102564102564,13
FAAP24,2.564102564102564,13
DHCR7,2.564102564102564,13
RPS6KB2,2.564102564102564,13
EDNRA,2.564102564102564,13
SFRP2,2.564102564102564,13
CNOT2,2.564102564102564,13
ZNF534,2.564102564102564,13
ITLN1,2.564102564102564,13
RPL3L,2.564102564102564,13
ABHD16A,2.564102564102564,13
ATF6B,2.564102564102564,13
P4HA1,2.564102564102564,13
GHITM,2.564102564102564,13
SPNS2,2.564102564102564,13
WDR45B,2.564102564102564,13
BZW2,2.564102564102564,13
HHIPL1,2.564102564102564,13
WDR20,2.564102564102564,13
CAVIN2,2.564102564102564,13
SEC61A1,2.564102564102564,13
CFAP92,2.564102564102564,13
TOX4,2.564102564102564,13
INPP1,2.564102564102564,13
DHDDS,2.564102564102564,13
MC2R,2.564102564102564,13
IMPACT,2.564102564102564,13
SAMD8,2.564102564102564,13
LRRC30,2.564102564102564,13
HNRNPH3,2.564102564102564,13
MTERF4,2.564102564102564,13
UGT1A3,2.564102564102564,13
TDO2,2.564102564102564,13
LRRC71,2.564102564102564,13
CBLN1,2.564102564102564,13
CHST6,2.564102564102564,13
BANP,2.564102564102564,13
TMEM209,2.564102564102564,13
OR6V1,2.564102564102564,13
OR2A5,2.564102564102564,13
TOM1,2.564102564102564,13
RNF19B,2.564102564102564,13
RHCE,2.564102564102564,13
PDIK1L,2.564102564102564,13
ASPSCR1,2.564102564102564,13
PTAFR,2.564102564102564,13
ECSIT,2.564102564102564,13
LILRA5,2.564102564102564,13
LILRB4,2.564102564102564,13
BEST2,2.564102564102564,13
GCDH,2.564102564102564,13
DARS1,2.564102564102564,13
VEGFB,2.564102564102564,13
RPS6KA4,2.564102564102564,13
ARHGAP11B,2.564102564102564,13
C12orf56,2.564102564102564,13
PPP2R5B,2.564102564102564,13
SLC25A45,2.564102564102564,13
MUS81,2.564102564102564,13
MFAP3L,2.564102564102564,13
TEPSIN,2.564102564102564,13
OR7A10,2.564102564102564,13
RGR,2.564102564102564,13
GIMAP4,2.564102564102564,13
TRBV4-1,2.564102564102564,13
NOCT,2.564102564102564,13
TMEM139,2.564102564102564,13
ELAVL4,2.564102564102564,13
TENT5C,2.564102564102564,13
ESR2,2.564102564102564,13
SOCS4,2.564102564102564,13
ATG14,2.564102564102564,13
CCDC65,2.564102564102564,13
IRX4,2.564102564102564,13
NR4A1,2.564102564102564,13
KRT83,2.564102564102564,13
CRELD1,2.564102564102564,13
C14orf93,2.564102564102564,13
LCMT2,2.564102564102564,13
NKPD1,2.564102564102564,13
KLK15,2.564102564102564,13
MYL9,2.564102564102564,13
EXD3,2.564102564102564,13
PIP4K2C,2.564102564102564,13
SHF,2.564102564102564,13
TAS2R40,2.564102564102564,13
TRMT9B,2.564102564102564,13
RTF2,2.564102564102564,13
TREX2,2.564102564102564,13
F12,2.564102564102564,13
THAP6,2.564102564102564,13
ANKRD7,2.564102564102564,13
RNF148,2.564102564102564,13
MOGAT3,2.564102564102564,13
SFXN3,2.564102564102564,13
CYP2C9,2.564102564102564,13
SH2D1A,2.564102564102564,13
PRR16,2.564102564102564,13
CCNH,2.564102564102564,13
SNX18,2.564102564102564,13
MRPS35,2.564102564102564,13
ERGIC2,2.564102564102564,13
RNF138,2.564102564102564,13
CDR1,2.564102564102564,13
PLEKHO2,2.564102564102564,13
KASH5,2.564102564102564,13
EBNA1BP2,2.564102564102564,13
KCNG3,2.564102564102564,13
ZFP69,2.564102564102564,13
GIMAP7,2.564102564102564,13
GIMAP2,2.564102564102564,13
ASAH1,2.564102564102564,13
ERMAP,2.564102564102564,13
CREBRF,2.564102564102564,13
P2RY1,2.564102564102564,13
TGFB3,2.564102564102564,13
VPS37C,2.564102564102564,13
LPXN,2.564102564102564,13
B3GALNT1,2.564102564102564,13
RALGPS1,2.564102564102564,13
UNC93B1,2.564102564102564,13
FOXL1,2.564102564102564,13
BDKRB1,2.564102564102564,13
PSAPL1,2.564102564102564,13
EFCAB14,2.564102564102564,13
GPC1,2.564102564102564,13
HPDL,2.564102564102564,13
SLC39A11,2.564102564102564,13
ANKRD22,2.564102564102564,13
ANKRD1,2.564102564102564,13
CPEB3,2.564102564102564,13
FFAR4,2.564102564102564,13
WNT7A,2.564102564102564,13
WWTR1,2.564102564102564,13
GNB2,2.564102564102564,13
IGHG3,2.564102564102564,13
MTNR1A,2.564102564102564,13
ALKBH3,2.564102564102564,13
GAS2,2.564102564102564,13
CAMLG,2.564102564102564,13
SPOCK1,2.564102564102564,13
LAMP3,2.564102564102564,13
PDCD10,2.564102564102564,13
ZNF280D,2.564102564102564,13
GCOM1,2.564102564102564,13
TMEM39B,2.564102564102564,13
OR6C4,2.564102564102564,13
LSM11,2.564102564102564,13
SLC22A5,2.564102564102564,13
BCS1L,2.564102564102564,13
LRRC3B,2.564102564102564,13
GNRHR,2.564102564102564,13
RBMXL2,2.564102564102564,13
IRAK4,2.564102564102564,13
ESX1,2.564102564102564,13
GPR132,2.564102564102564,13
GPR78,2.564102564102564,13
RBM22,2.564102564102564,13
STK32A,2.564102564102564,13
ADCYAP1,2.564102564102564,13
PLEKHS1,2.564102564102564,13
PRLHR,2.564102564102564,13
OR4D2,2.564102564102564,13
SLC29A1,2.564102564102564,13
STK11,2.564102564102564,13
CELF6,2.564102564102564,13
HEXA,2.564102564102564,13
TSPAN6,2.564102564102564,13
RRAS2,2.564102564102564,13
ELOVL3,2.564102564102564,13
KLF15,2.564102564102564,13
CAMKV,2.564102564102564,13
LETM2,2.564102564102564,13
CNDP2,2.564102564102564,13
IL6R,2.564102564102564,13
VXN,2.564102564102564,13
KCNIP1,2.564102564102564,13
CIAO2A,2.564102564102564,13
SHISA3,2.564102564102564,13
FAM151B,2.564102564102564,13
AICDA,2.564102564102564,13
SSX7,2.564102564102564,13
PAGE5,2.564102564102564,13
SH3BGRL,2.564102564102564,13
GDAP1,2.564102564102564,13
PMP2,2.564102564102564,13
UTP23,2.564102564102564,13
DLX3,2.564102564102564,13
MPPE1,2.564102564102564,13
GRPR,2.564102564102564,13
NAGK,2.564102564102564,13
SPATA6,2.564102564102564,13
ABHD3,2.564102564102564,13
LRRC37A,2.564102564102564,13
TBX21,2.564102564102564,13
NADK,2.564102564102564,13
CCDC77,2.564102564102564,13
RBBP4,2.564102564102564,13
IDO1,2.564102564102564,13
PTPN2,2.564102564102564,13
SS18,2.564102564102564,13
MIER2,2.564102564102564,13
BUD23,2.564102564102564,13
ZNF133,2.564102564102564,13
OGFOD3,2.564102564102564,13
NACC2,2.564102564102564,13
DIPK1B,2.564102564102564,13
OR10A5,2.564102564102564,13
RBFA,2.564102564102564,13
SLX4IP,2.564102564102564,13
AK8,2.564102564102564,13
PA2G4,2.564102564102564,13
STX1B,2.564102564102564,13
AKAP10,2.564102564102564,13
OPRL1,2.564102564102564,13
DNAJC5B,2.564102564102564,13
ERAS,2.564102564102564,13
TALDO1,2.564102564102564,13
AC005833.1,2.564102564102564,13
SCNN1A,2.564102564102564,13
CLK3,2.564102564102564,13
TMEM266,2.564102564102564,13
HOMER2,2.564102564102564,13
ANXA1,2.564102564102564,13
ATP6AP2,2.564102564102564,13
RGN,2.564102564102564,13
CRTC3,2.564102564102564,13
CLUAP1,2.564102564102564,13
MYCL,2.564102564102564,13
BSDC1,2.564102564102564,13
THUMPD2,2.564102564102564,13
KRT15,2.564102564102564,13
ST6GALNAC5,2.564102564102564,13
CD53,2.564102564102564,13
PENK,2.564102564102564,13
GGCT,2.564102564102564,13
KLF10,2.564102564102564,13
PHGDH,2.564102564102564,13
CANT1,2.564102564102564,13
MOG,2.564102564102564,13
PIP4P1,2.564102564102564,13
CRACR2B,2.564102564102564,13
DCTN4,2.564102564102564,13
SLC36A2,2.564102564102564,13
RCVRN,2.564102564102564,13
LPGAT1,2.564102564102564,13
TMEM71,2.564102564102564,13
IL33,2.564102564102564,13
ABHD12,2.564102564102564,13
CTSK,2.564102564102564,13
PRUNE1,2.564102564102564,13
ABHD17A,2.564102564102564,13
TBX20,2.564102564102564,13
LY96,2.564102564102564,13
DCAF7,2.564102564102564,13
SLC4A1AP,2.564102564102564,13
ZNF597,2.564102564102564,13
TRUB1,2.564102564102564,13
CYTH1,2.564102564102564,13
ZSCAN18,2.564102564102564,13
RASGEF1C,2.564102564102564,13
MYLK4,2.564102564102564,13
SIX2,2.564102564102564,13
RGMA,2.564102564102564,13
DCLRE1B,2.564102564102564,13
CDC6,2.564102564102564,13
PGAP2,2.564102564102564,13
IRF1,2.564102564102564,13
LOX,2.564102564102564,13
OXER1,2.564102564102564,13
MAP3K7CL,2.564102564102564,13
TRAF7,2.564102564102564,13
WNT3A,2.564102564102564,13
RAB9A,2.564102564102564,13
PDZD7,2.564102564102564,13
DRG1,2.564102564102564,13
FOXN2,2.564102564102564,13
IPPK,2.564102564102564,13
NIBAN3,2.564102564102564,13
ODR4,2.564102564102564,13
CIBAR1,2.564102564102564,13
TMEFF1,2.564102564102564,13
PLEKHO1,2.564102564102564,13
ANP32E,2.564102564102564,13
TMOD4,2.564102564102564,13
THUMPD1,2.564102564102564,13
EARS2,2.564102564102564,13
KRT40,2.564102564102564,13
ALG12,2.564102564102564,13
NCAPH2,2.564102564102564,13
MORN5,2.564102564102564,13
C17orf78,2.564102564102564,13
SMYD2,2.564102564102564,13
CPT2,2.564102564102564,13
DEPTOR,2.564102564102564,13
OAZ3,2.564102564102564,13
MRGPRX1,2.564102564102564,13
FDXR,2.564102564102564,13
SUN5,2.564102564102564,13
SULT1C4,2.564102564102564,13
RFFL,2.564102564102564,13
CES4A,2.564102564102564,13
MARCHF4,2.564102564102564,13
OR12D3,2.564102564102564,13
MMP27,2.564102564102564,13
TREH,2.564102564102564,13
ZMYND10,2.564102564102564,13
POGLUT3,2.564102564102564,13
SEMG1,2.564102564102564,13
NT5C1A,2.564102564102564,13
RIMS3,2.564102564102564,13
B4GALT2,2.564102564102564,13
FAM187B,2.564102564102564,13
AWAT1,2.564102564102564,13
APOOL,2.564102564102564,13
CHTOP,2.564102564102564,13
CREB3L4,2.564102564102564,13
RHPN1,2.564102564102564,13
IL4I1,2.564102564102564,13
PTGIS,2.564102564102564,13
SIGLEC5,2.564102564102564,13
XPNPEP3,2.564102564102564,13
MAP2K1,2.564102564102564,13
STOML1,2.564102564102564,13
TTLL12,2.564102564102564,13
PARVG,2.564102564102564,13
BCCIP,2.564102564102564,13
TH,2.564102564102564,13
LYVE1,2.564102564102564,13
SDE2,2.564102564102564,13
ANKS4B,2.564102564102564,13
CDK11A,2.564102564102564,13
OR4X1,2.564102564102564,13
PUF60,2.564102564102564,13
CHAD,2.564102564102564,13
AMIGO1,2.564102564102564,13
NT5E,2.564102564102564,13
ZNF32,2.564102564102564,13
POMGNT2,2.564102564102564,13
CDC42EP1,2.564102564102564,13
PDLIM1,2.564102564102564,13
CCDC189,2.564102564102564,13
BCL7C,2.564102564102564,13
AMMECR1L,2.564102564102564,13
FAM209B,2.564102564102564,13
ERAL1,2.564102564102564,13
ZPBP2,2.564102564102564,13
CHST9,2.564102564102564,13
CDK5RAP3,2.564102564102564,13
MYLIP,2.564102564102564,13
APOBEC4,2.564102564102564,13
TCF19,2.564102564102564,13
MICB,2.564102564102564,13
SLC36A3,2.564102564102564,13
H1-4,2.564102564102564,13
RMND1,2.564102564102564,13
SUGT1,2.564102564102564,13
HIRIP3,2.564102564102564,13
GDPD3,2.564102564102564,13
TRIM48,2.564102564102564,13
OR10J1,2.564102564102564,13
FCRL6,2.564102564102564,13
BEGAIN,2.564102564102564,13
TSPYL1,2.564102564102564,13
MS4A12,2.564102564102564,13
SSTR5,2.564102564102564,13
GRIN1,2.564102564102564,13
STYXL1,2.564102564102564,13
ZNF467,2.564102564102564,13
PPP1R18,2.564102564102564,13
OR2B3,2.564102564102564,13
C11orf42,2.564102564102564,13
OR4A47,2.564102564102564,13
MKNK1,2.564102564102564,13
RBMS1,2.564102564102564,13
MAPRE1,2.564102564102564,13
AC068580.4,2.564102564102564,13
KHDC3L,2.564102564102564,13
CELF1,2.564102564102564,13
EDEM1,2.564102564102564,13
SERPING1,2.564102564102564,13
OR9Q1,2.564102564102564,13
PGK2,2.564102564102564,13
OR10V1,2.564102564102564,13
GSS,2.564102564102564,13
ADAM33,2.564102564102564,13
OR3A2,2.564102564102564,13
ANGPTL5,2.564102564102564,13
CRYBB1,2.564102564102564,13
HORMAD2,2.564102564102564,13
CES2,2.564102564102564,13
PRMT7,2.564102564102564,13
TRAF3IP3,2.564102564102564,13
PACC1,2.564102564102564,13
GPR21,2.564102564102564,13
SLC30A10,2.564102564102564,13
MEGF9,2.564102564102564,13
GATA5,2.564102564102564,13
GRAMD4,2.564102564102564,13
SSR4,2.564102564102564,13
SLC15A3,2.564102564102564,13
HSD17B7,2.564102564102564,13
LRRC52,2.564102564102564,13
STX5,2.564102564102564,13
SLC43A2,2.564102564102564,13
TMEM237,2.564102564102564,13
STRAP,2.564102564102564,13
ANAPC7,2.564102564102564,13
HLA-DQA2,2.564102564102564,13
ARRB1,2.564102564102564,13
PBX2,2.564102564102564,13
SEC14L2,2.564102564102564,13
SEC14L4,2.564102564102564,13
OR4S2,2.564102564102564,13
SMTNL1,2.564102564102564,13
TIGD3,2.564102564102564,13
CLPB,2.564102564102564,13
ADIPOR2,2.564102564102564,13
PIR,2.564102564102564,13
MAD2L1,2.564102564102564,13
ADH4,2.564102564102564,13
GTF2H4,2.564102564102564,13
KLRC4,2.564102564102564,13
NTN1,2.564102564102564,13
COPS4,2.564102564102564,13
RXRB,2.564102564102564,13
BAK1,2.564102564102564,13
MX1,2.564102564102564,13
IFNGR2,2.564102564102564,13
SLC47A1,2.564102564102564,13
LGALS9B,2.564102564102564,13
PSMB6,2.564102564102564,13
CHRNE,2.564102564102564,13
METTL16,2.564102564102564,13
SLC41A2,2.564102564102564,13
PTPN7,2.564102564102564,13
TMPRSS6,2.564102564102564,13
TBX10,2.564102564102564,13
ATG16L2,2.564102564102564,13
OR11H4,2.564102564102564,13
CYB5R1,2.564102564102564,13
ADORA2A,2.564102564102564,13
HSDL1,2.564102564102564,13
TADA1,2.564102564102564,13
SLC19A2,2.564102564102564,13
METTL18,2.564102564102564,13
OXCT2,2.564102564102564,13
C9orf43,2.564102564102564,13
EIF2S2,2.564102564102564,13
OR4E2,2.564102564102564,13
JPH4,2.564102564102564,13
CMA1,2.564102564102564,13
SMYD4,2.564102564102564,13
NPL,2.564102564102564,13
NPIPB15,2.564102564102564,13
LAD1,2.564102564102564,13
CHMP2A,2.564102564102564,13
PRDM12,2.564102564102564,13
CPNE7,2.564102564102564,13
OR8G2P,2.564102564102564,13
FZD5,2.564102564102564,13
CS,2.564102564102564,13
ZNF138,2.564102564102564,13
CDK5,2.564102564102564,13
ST6GALNAC4,2.564102564102564,13
ZNF76,2.564102564102564,13
C6orf89,2.564102564102564,13
NFYA,2.564102564102564,13
TMEM183A,2.564102564102564,13
UCHL5,2.564102564102564,13
KCNK15,2.564102564102564,13
B4GAT1,2.564102564102564,13
MRAP2,2.564102564102564,13
RELT,2.564102564102564,13
LDHA,2.564102564102564,13
POLR1E,2.564102564102564,13
ZDHHC14,2.564102564102564,13
LRRC19,2.564102564102564,13
TFB2M,2.564102564102564,13
NANS,2.564102564102564,13
OR10P1,2.564102564102564,13
IFNA8,2.564102564102564,13
RGS17,2.564102564102564,13
LAYN,2.564102564102564,13
CYB561A3,2.564102564102564,13
LRRC23,2.366863905325444,12
CDK20,2.366863905325444,12
OR10W1,2.366863905325444,12
RNH1,2.366863905325444,12
RAD23B,2.366863905325444,12
NIPSNAP3B,2.366863905325444,12
OR13C9,2.366863905325444,12
IFNA17,2.366863905325444,12
ALG2,2.366863905325444,12
CORO2A,2.366863905325444,12
MEF2A,2.366863905325444,12
FEZF2,2.366863905325444,12
MIP,2.366863905325444,12
C16orf78,2.366863905325444,12
RHOA,2.366863905325444,12
TXNDC8,2.366863905325444,12
ODC1,2.366863905325444,12
ELOVL2,2.366863905325444,12
MAS1L,2.366863905325444,12
SLC7A10,2.366863905325444,12
SIM2,2.366863905325444,12
PRKACA,2.366863905325444,12
ZBTB32,2.366863905325444,12
DMRTC2,2.366863905325444,12
CD79A,2.366863905325444,12
PSG8,2.366863905325444,12
IL1RAP,2.366863905325444,12
CCDC92,2.366863905325444,12
OGFOD1,2.366863905325444,12
PPP1CA,2.366863905325444,12
GGT1,2.366863905325444,12
CTU2,2.366863905325444,12
NME7,2.366863905325444,12
CAVIN4,2.366863905325444,12
OR13C5,2.366863905325444,12
FBP1,2.366863905325444,12
ERGIC3,2.366863905325444,12
MMAB,2.366863905325444,12
CFHR1,2.366863905325444,12
DYNC2I2,2.366863905325444,12
SPOUT1,2.366863905325444,12
FBXL20,2.366863905325444,12
EGLN2,2.366863905325444,12
DGAT1,2.366863905325444,12
ELK4,2.366863905325444,12
WNT7B,2.366863905325444,12
DENND6B,2.366863905325444,12
TRAF2,2.366863905325444,12
IL20,2.366863905325444,12
LDHD,2.366863905325444,12
RNF141,2.366863905325444,12
ACD,2.366863905325444,12
BLOC1S5,2.366863905325444,12
SCARF1,2.366863905325444,12
SLC16A13,2.366863905325444,12
SHBG,2.366863905325444,12
GGT6,2.366863905325444,12
GYPA,2.366863905325444,12
ARL6IP4,2.366863905325444,12
DRGX,2.366863905325444,12
IRF2BP2,2.366863905325444,12
B3GALNT2,2.366863905325444,12
SNX20,2.366863905325444,12
N6AMT1,2.366863905325444,12
EIF3D,2.366863905325444,12
SPINDOC,2.366863905325444,12
SNX30,2.366863905325444,12
FCGR3A,2.366863905325444,12
ZBTB3,2.366863905325444,12
B3GALT4,2.366863905325444,12
NEU3,2.366863905325444,12
TAF1D,2.366863905325444,12
PAFAH1B2,2.366863905325444,12
PLA2G15,2.366863905325444,12
GLYAT,2.366863905325444,12
MTO1,2.366863905325444,12
RNF167,2.366863905325444,12
RAB11A,2.366863905325444,12
DENND11,2.366863905325444,12
TREM1,2.366863905325444,12
DLK2,2.366863905325444,12
RSPH9,2.366863905325444,12
LRRC55,2.366863905325444,12
ZNF552,2.366863905325444,12
MOCS2,2.366863905325444,12
NR1I3,2.366863905325444,12
OR3A1,2.366863905325444,12
SNAI1,2.366863905325444,12
CLEC3A,2.366863905325444,12
PITPNB,2.366863905325444,12
FCAMR,2.366863905325444,12
SNX17,2.366863905325444,12
PTAR1,2.366863905325444,12
HMGXB4,2.366863905325444,12
APOL1,2.366863905325444,12
CYTH4,2.366863905325444,12
UCK1,2.366863905325444,12
RAB18,2.366863905325444,12
IRX6,2.366863905325444,12
CETP,2.366863905325444,12
CMPK1,2.366863905325444,12
PRKRA,2.366863905325444,12
TCEA2,2.366863905325444,12
EIF5A,2.366863905325444,12
APTX,2.366863905325444,12
CNTF,2.366863905325444,12
OOEP,2.366863905325444,12
TRIP13,2.366863905325444,12
ASB12,2.366863905325444,12
SPP1,2.366863905325444,12
FAM193B,2.366863905325444,12
H2BC1,2.366863905325444,12
CEP57L1,2.366863905325444,12
XKR5,2.366863905325444,12
LRRC42,2.366863905325444,12
PPP4C,2.366863905325444,12
KCNJ9,2.366863905325444,12
ABI2,2.366863905325444,12
GID8,2.366863905325444,12
SLC52A2,2.366863905325444,12
TMEM121,2.366863905325444,12
CALHM5,2.366863905325444,12
QRSL1,2.366863905325444,12
RPP38,2.366863905325444,12
PRDM13,2.366863905325444,12
IDUA,2.366863905325444,12
GFOD1,2.366863905325444,12
GPX5,2.366863905325444,12
SOX10,2.366863905325444,12
MICALL1,2.366863905325444,12
PYCR2,2.366863905325444,12
NAAA,2.366863905325444,12
COX7B,2.366863905325444,12
PTGES3L-AARSD1,2.366863905325444,12
TNFRSF13B,2.366863905325444,12
LDLRAD4,2.366863905325444,12
CPLX4,2.366863905325444,12
DIO1,2.366863905325444,12
PRG3,2.366863905325444,12
RCN1,2.366863905325444,12
ARF1,2.366863905325444,12
OR1C1,2.366863905325444,12
OR2W3,2.366863905325444,12
OR2T10,2.366863905325444,12
CCNB1,2.366863905325444,12
ARMCX6,2.366863905325444,12
RNF207,2.366863905325444,12
TMEM45B,2.366863905325444,12
ACTBL2,2.366863905325444,12
RUNDC3A,2.366863905325444,12
MSI2,2.366863905325444,12
TPBG,2.366863905325444,12
CWC25,2.366863905325444,12
PPP1R1B,2.366863905325444,12
C1orf100,2.366863905325444,12
TUBB4B,2.366863905325444,12
DNAAF5,2.366863905325444,12
HJV,2.366863905325444,12
INKA2,2.366863905325444,12
TMIGD1,2.366863905325444,12
ST3GAL1,2.366863905325444,12
TRIM63,2.366863905325444,12
TSPAN18,2.366863905325444,12
SGTA,2.366863905325444,12
SLC16A4,2.366863905325444,12
METTL15,2.366863905325444,12
ECRG4,2.366863905325444,12
PDK2,2.366863905325444,12
LIM2,2.366863905325444,12
OTP,2.366863905325444,12
GOLGA6B,2.366863905325444,12
AURKA,2.366863905325444,12
CASP14,2.366863905325444,12
ZNF274,2.366863905325444,12
IHH,2.366863905325444,12
RETREG2,2.366863905325444,12
OR14J1,2.366863905325444,12
UPK2,2.366863905325444,12
HOATZ,2.366863905325444,12
SCN3B,2.366863905325444,12
SQSTM1,2.366863905325444,12
GFI1,2.366863905325444,12
FAM166C,2.366863905325444,12
IGBP1P2,2.366863905325444,12
RXFP4,2.366863905325444,12
RELB,2.366863905325444,12
RAET1E,2.366863905325444,12
ANKMY2,2.366863905325444,12
FERD3L,2.366863905325444,12
PSMD4,2.366863905325444,12
PREB,2.366863905325444,12
HS3ST2,2.366863905325444,12
STAC2,2.366863905325444,12
PTX4,2.366863905325444,12
MLST8,2.366863905325444,12
SELENOO,2.366863905325444,12
ALG1,2.366863905325444,12
DNASE1L1,2.366863905325444,12
RMDN2,2.366863905325444,12
ATL2,2.366863905325444,12
DIPK1A,2.366863905325444,12
DBT,2.366863905325444,12
MTRF1L,2.366863905325444,12
TMEM198,2.366863905325444,12
BMI1,2.366863905325444,12
BICDL2,2.366863905325444,12
SELENOI,2.366863905325444,12
SEMA4G,2.366863905325444,12
LYAR,2.366863905325444,12
UCHL1,2.366863905325444,12
H2AP,2.366863905325444,12
LYSMD4,2.366863905325444,12
MSLN,2.366863905325444,12
IBA57,2.366863905325444,12
CEACAM21,2.366863905325444,12
RGS4,2.366863905325444,12
GPR31,2.366863905325444,12
OR6C70,2.366863905325444,12
OR2AG1,2.366863905325444,12
CA3,2.366863905325444,12
CPPED1,2.366863905325444,12
OR7D4,2.366863905325444,12
TAS1R3,2.366863905325444,12
SERPINB11,2.366863905325444,12
TUBB2B,2.366863905325444,12
FAM234A,2.366863905325444,12
OR7G3,2.366863905325444,12
STARD3,2.366863905325444,12
GHDC,2.366863905325444,12
CAVIN1,2.366863905325444,12
KRT222,2.366863905325444,12
ICAM5,2.366863905325444,12
HIBADH,2.366863905325444,12
RWDD2B,2.366863905325444,12
DNAJB2,2.366863905325444,12
MLXIPL,2.366863905325444,12
OR6T1,2.366863905325444,12
OR8B3,2.366863905325444,12
MSANTD2,2.366863905325444,12
HYLS1,2.366863905325444,12
PRDX4,2.366863905325444,12
STX2,2.366863905325444,12
PNPLA2,2.366863905325444,12
SGSH,2.366863905325444,12
AAR2,2.366863905325444,12
TM9SF4,2.366863905325444,12
BPIFB6,2.366863905325444,12
SHROOM1,2.366863905325444,12
GFRA3,2.366863905325444,12
TRAM1,2.366863905325444,12
CNOT9,2.366863905325444,12
PNO1,2.366863905325444,12
ZNF213,2.366863905325444,12
HLA-B,2.366863905325444,12
WASF1,2.366863905325444,12
PGPEP1L,2.366863905325444,12
HMOX2,2.366863905325444,12
SPIN3,2.366863905325444,12
BTBD1,2.366863905325444,12
GSTM2,2.366863905325444,12
MTIF3,2.366863905325444,12
SCNM1,2.366863905325444,12
RPF1,2.366863905325444,12
FPGT,2.366863905325444,12
SLC11A1,2.366863905325444,12
RGS20,2.366863905325444,12
PNP,2.366863905325444,12
TCTEX1D1,2.366863905325444,12
SERBP1,2.366863905325444,12
CLRN3,2.366863905325444,12
CAPG,2.366863905325444,12
SLC34A3,2.366863905325444,12
SFR1,2.366863905325444,12
CCDC103,2.366863905325444,12
PRNP,2.366863905325444,12
ATP5F1A,2.366863905325444,12
HAUS1,2.366863905325444,12
OR56B4,2.366863905325444,12
TAS2R9,2.366863905325444,12
OTX1,2.366863905325444,12
WDR92,2.366863905325444,12
EPCAM,2.366863905325444,12
SPESP1,2.366863905325444,12
TMEM175,2.366863905325444,12
OAS1,2.366863905325444,12
COPS7A,2.366863905325444,12
SPRY4,2.366863905325444,12
FGF6,2.366863905325444,12
GMCL1,2.366863905325444,12
ASPRV1,2.366863905325444,12
BBS4,2.366863905325444,12
LOXL1,2.366863905325444,12
REG3A,2.366863905325444,12
SP2,2.366863905325444,12
NRG2,2.366863905325444,12
RNF165,2.366863905325444,12
RPL17-C18orf32,2.366863905325444,12
ZP3,2.366863905325444,12
SKAP1,2.366863905325444,12
PDCD7,2.366863905325444,12
OR51D1,2.366863905325444,12
DNAJC18,2.366863905325444,12
GCNT3,2.366863905325444,12
FAH,2.366863905325444,12
GEM,2.366863905325444,12
CLTRN,2.366863905325444,12
SFXN5,2.366863905325444,12
INO80B,2.366863905325444,12
TSR2,2.366863905325444,12
DPH2,2.366863905325444,12
TRIM25,2.366863905325444,12
WNT3,2.366863905325444,12
NFU1,2.366863905325444,12
ANXA4,2.366863905325444,12
BDH1,2.366863905325444,12
TMEM207,2.366863905325444,12
CASP6,2.366863905325444,12
TAS2R20,2.366863905325444,12
SLC27A2,2.366863905325444,12
RPA4,2.366863905325444,12
BEX5,2.366863905325444,12
BEX1,2.366863905325444,12
MFSD13A,2.366863905325444,12
SFXN2,2.366863905325444,12
TRIM50,2.366863905325444,12
FKBP6,2.366863905325444,12
STN1,2.366863905325444,12
PBK,2.366863905325444,12
IQCF1,2.366863905325444,12
C1orf43,2.366863905325444,12
CHCHD3,2.366863905325444,12
ULK3,2.366863905325444,12
EQTN,2.366863905325444,12
MS4A13,2.366863905325444,12
RMDN3,2.366863905325444,12
BECN1,2.366863905325444,12
LRRC46,2.366863905325444,12
ZDHHC6,2.366863905325444,12
KCNK18,2.366863905325444,12
CD40,2.366863905325444,12
CCNJ,2.366863905325444,12
LDB1,2.366863905325444,12
CBX6,2.366863905325444,12
EIF3I,2.366863905325444,12
MXI1,2.366863905325444,12
FRMD8,2.366863905325444,12
RTP2,2.366863905325444,12
SETD6,2.366863905325444,12
OMG,2.366863905325444,12
NAT2,2.366863905325444,12
MAK16,2.366863905325444,12
ST8SIA1,2.366863905325444,12
KCTD9,2.366863905325444,12
RNFT1,2.366863905325444,12
KLHDC10,2.366863905325444,12
RBCK1,2.366863905325444,12
RPIA,2.366863905325444,12
DAPK2,2.366863905325444,12
CAPRIN1,2.366863905325444,12
ALG3,2.366863905325444,12
STARD7,2.366863905325444,12
GLDN,2.366863905325444,12
SDR16C5,2.366863905325444,12
SPATA9,2.366863905325444,12
OR4F17,2.366863905325444,12
RHOXF2,2.366863905325444,12
LRIT1,2.366863905325444,12
PEX19,2.366863905325444,12
SDF4,2.366863905325444,12
MINPP1,2.366863905325444,12
UBE2K,2.366863905325444,12
FAM167A,2.366863905325444,12
CLDN15,2.366863905325444,12
WDR54,2.366863905325444,12
PLXDC1,2.366863905325444,12
DCUN1D1,2.366863905325444,12
ACOT2,2.366863905325444,12
PRG2,2.366863905325444,12
OR5B21,2.366863905325444,12
HTR6,2.366863905325444,12
GJC3,2.366863905325444,12
MBD3,2.366863905325444,12
TTC33,2.366863905325444,12
GMNN,2.366863905325444,12
DPH6,2.366863905325444,12
VAMP7,2.366863905325444,12
SPATA2L,2.366863905325444,12
PDLIM7,2.366863905325444,12
MAPK9,2.366863905325444,12
ADH1A,2.366863905325444,12
PLCXD3,2.366863905325444,12
GPER1,2.366863905325444,12
ZSCAN1,2.366863905325444,12
GET3,2.366863905325444,12
ZCCHC9,2.366863905325444,12
UBTD1,2.366863905325444,12
RGS21,2.366863905325444,12
PLEKHA8,2.366863905325444,12
INSIG2,2.366863905325444,12
PALM,2.366863905325444,12
TRMT2A,2.366863905325444,12
SSBP1,2.366863905325444,12
PRSS37,2.366863905325444,12
CNTFR,2.366863905325444,12
ENPP7,2.366863905325444,12
TSSK3,2.366863905325444,12
RND1,2.366863905325444,12
LMBR1L,2.366863905325444,12
NPR3,2.366863905325444,12
CAPSL,2.366863905325444,12
SSU72P8,2.366863905325444,12
TTC24,2.366863905325444,12
TRAPPC13,2.366863905325444,12
ALDH7A1,2.366863905325444,12
NRF1,2.366863905325444,12
ST6GALNAC1,2.366863905325444,12
HDAC1,2.366863905325444,12
RHD,2.366863905325444,12
CSNK1D,2.366863905325444,12
SMPDL3B,2.366863905325444,12
KIR2DL3,2.366863905325444,12
MED26,2.366863905325444,12
NFIX,2.366863905325444,12
ASF1B,2.366863905325444,12
RAB6D,2.366863905325444,12
UBXN4,2.366863905325444,12
EHD1,2.366863905325444,12
SRSF10,2.366863905325444,12
INSM2,2.366863905325444,12
BBS5,2.366863905325444,12
CTLA4,2.366863905325444,12
STK16,2.366863905325444,12
EIF4E2,2.366863905325444,12
DOK3,2.366863905325444,12
HSD17B6,2.366863905325444,12
GPR182,2.366863905325444,12
HOXC8,2.366863905325444,12
AGA,2.366863905325444,12
FYTTD1,2.366863905325444,12
NSMCE4A,2.366863905325444,12
SERPINA9,2.366863905325444,12
CHN1,2.366863905325444,12
EVL,2.366863905325444,12
FBP2,2.366863905325444,12
CCNK,2.366863905325444,12
PLBD2,2.366863905325444,12
ABHD18,2.366863905325444,12
RDH5,2.366863905325444,12
OXA1L,2.366863905325444,12
CFLAR,2.366863905325444,12
FLACC1,2.366863905325444,12
TENT5B,2.366863905325444,12
HTR1D,2.366863905325444,12
TUBB2A,2.366863905325444,12
SIRT5,2.366863905325444,12
ZNF688,2.366863905325444,12
MYOZ1,2.366863905325444,12
GTPBP3,2.366863905325444,12
TNNT1,2.366863905325444,12
SERPINH1,2.366863905325444,12
NDUFV1,2.366863905325444,12
TAS2R41,2.366863905325444,12
CUEDC1,2.366863905325444,12
TIMM21,2.366863905325444,12
INHBE,2.366863905325444,12
DNAJB14,2.366863905325444,12
VSX2,2.366863905325444,12
ABCD4,2.366863905325444,12
NHLH1,2.366863905325444,12
LMF1,2.366863905325444,12
SPSB3,2.366863905325444,12
TACR2,2.366863905325444,12
MICU1,2.366863905325444,12
FBXO25,2.366863905325444,12
SLC35G6,2.366863905325444,12
AGPAT5,2.366863905325444,12
TMBIM1,2.366863905325444,12
DNPEP,2.366863905325444,12
WDR12,2.366863905325444,12
METTL6,2.366863905325444,12
SLC18B1,2.366863905325444,12
CXCR2,2.366863905325444,12
CRPPA,2.366863905325444,12
MEX3C,2.366863905325444,12
PRAMEF6,2.366863905325444,12
VTA1,2.366863905325444,12
NAT1,2.366863905325444,12
MEIS1,2.366863905325444,12
CAMKMT,2.366863905325444,12
CD248,2.366863905325444,12
SLC29A2,2.366863905325444,12
MFSD9,2.366863905325444,12
TAMM41,2.366863905325444,12
BCKDK,2.366863905325444,12
IL26,2.366863905325444,12
FRS2,2.366863905325444,12
NKX6-1,2.366863905325444,12
TMEM19,2.366863905325444,12
CCNQ,2.366863905325444,12
KDSR,2.366863905325444,12
TMEM79,2.366863905325444,12
GUK1,2.366863905325444,12
KLK12,2.366863905325444,12
AC011455.2,2.366863905325444,12
LRFN1,2.366863905325444,12
SLC30A3,2.366863905325444,12
ERICH1,2.366863905325444,12
FAM122B,2.366863905325444,12
NUSAP1,2.366863905325444,12
ACOT4,2.366863905325444,12
SLC22A14,2.366863905325444,12
VIPR1,2.366863905325444,12
GPD1L,2.366863905325444,12
RNASE9,2.366863905325444,12
NDUFAF1,2.366863905325444,12
MRI1,2.366863905325444,12
PCOLCE,2.366863905325444,12
CCDC6,2.366863905325444,12
HDGFL1,2.366863905325444,12
CREM,2.366863905325444,12
POLR3D,2.366863905325444,12
SLC25A27,2.366863905325444,12
ZNF488,2.366863905325444,12
CDKN1B,2.366863905325444,12
TMEM120A,2.366863905325444,12
IRS2,2.366863905325444,12
SPRY2,2.366863905325444,12
GPR183,2.366863905325444,12
SGPP2,2.366863905325444,12
FAM124B,2.366863905325444,12
OR10R2,2.366863905325444,12
OR10Z1,2.366863905325444,12
ENDOD1,2.366863905325444,12
C11orf24,2.366863905325444,12
PHOX2B,2.366863905325444,12
GMFB,2.366863905325444,12
ABT1,2.366863905325444,12
TRGC1,2.366863905325444,12
METTL27,2.366863905325444,12
OR52K1,2.366863905325444,12
OR8B12,2.366863905325444,12
OR2L13,2.366863905325444,12
IFT57,2.366863905325444,12
WDR53,2.366863905325444,12
AZI2,2.366863905325444,12
OR4N5,2.366863905325444,12
AKR1C3,2.366863905325444,12
CLU,2.366863905325444,12
SCARA5,2.366863905325444,12
NPM2,2.366863905325444,12
CCRL2,2.366863905325444,12
SFXN1,2.366863905325444,12
TRIM13,2.366863905325444,12
APOA5,2.366863905325444,12
SCN2B,2.366863905325444,12
TTPA,2.366863905325444,12
ARMC1,2.366863905325444,12
MTFR1,2.366863905325444,12
PMPCA,2.366863905325444,12
CDSN,2.366863905325444,12
RDH8,2.366863905325444,12
TCEAL4,2.366863905325444,12
TMEM31,2.366863905325444,12
TSC22D3,2.366863905325444,12
UBXN8,2.366863905325444,12
RAB2A,2.366863905325444,12
IGHD,2.366863905325444,12
GPR176,2.366863905325444,12
KCNA7,2.366863905325444,12
IZUMO2,2.366863905325444,12
HSD17B14,2.366863905325444,12
LIN7B,2.366863905325444,12
TBC1D17,2.366863905325444,12
FBXW9,2.366863905325444,12
CCDC51,2.366863905325444,12
SHISA5,2.366863905325444,12
ACAP3,2.366863905325444,12
LRR1,2.366863905325444,12
DCTD,2.366863905325444,12
GJA3,2.366863905325444,12
C1QTNF9,2.366863905325444,12
COPS5,2.366863905325444,12
OR2S2,2.366863905325444,12
IL12A,2.366863905325444,12
COLEC10,2.366863905325444,12
HERPUD2,2.366863905325444,12
SPDYE1,2.366863905325444,12
IZUMO1,2.366863905325444,12
IRF2BP1,2.366863905325444,12
SH2B3,2.366863905325444,12
TEAD1,2.366863905325444,12
PUS1,2.366863905325444,12
UBE2Q1,2.366863905325444,12
TSN,2.366863905325444,12
CLEC9A,2.366863905325444,12
TMEM52B,2.366863905325444,12
C3orf33,2.366863905325444,12
PRKAB1,2.366863905325444,12
PRR5-ARHGAP8,2.366863905325444,12
CCDC61,2.366863905325444,12
KLK6,2.366863905325444,12
PLCXD1,2.366863905325444,12
AKR1C1,2.366863905325444,12
CRYGS,2.366863905325444,12
AHSG,2.366863905325444,12
PGAM5,2.366863905325444,12
RGS2,2.366863905325444,12
TRAC,2.366863905325444,12
SLC25A17,2.366863905325444,12
EAPP,2.366863905325444,12
TNFSF18,2.366863905325444,12
CIRBP,2.366863905325444,12
ANKLE1,2.366863905325444,12
WDR38,2.366863905325444,12
SPATC1,2.366863905325444,12
TMEM120B,2.366863905325444,12
ZFAND5,2.366863905325444,12
NDUFAF6,2.366863905325444,12
EIF3G,2.366863905325444,12
BHLHE40,2.366863905325444,12
CCR4,2.366863905325444,12
SLC39A2,2.366863905325444,12
HYAL1,2.366863905325444,12
ASB10,2.366863905325444,12
CKM,2.366863905325444,12
VN1R4,2.366863905325444,12
NACC1,2.366863905325444,12
CD177,2.366863905325444,12
C19orf18,2.366863905325444,12
ZNF227,2.366863905325444,12
CEACAM19,2.366863905325444,12
CARM1,2.366863905325444,12
P2RX7,2.366863905325444,12
SLC25A38,2.366863905325444,12
TMEM201,2.366863905325444,12
PRDX6,2.366863905325444,12
KRT78,2.366863905325444,12
GPD1,2.366863905325444,12
CHDH,2.366863905325444,12
OR1L8,2.366863905325444,12
TOR2A,2.366863905325444,12
TOR1B,2.366863905325444,12
ODF1,2.366863905325444,12
ASS1,2.366863905325444,12
CCDC157,2.366863905325444,12
CSNK1E,2.366863905325444,12
NAA10,2.366863905325444,12
RAD23A,2.366863905325444,12
TTLL8,2.366863905325444,12
MBIP,2.366863905325444,12
CSPG5,2.366863905325444,12
RUVBL1,2.366863905325444,12
EEFSEC,2.366863905325444,12
RPN1,2.366863905325444,12
HMCES,2.366863905325444,12
TRAV19,2.366863905325444,12
IGSF11,2.366863905325444,12
TMEM38A,2.366863905325444,12
SDR9C7,2.366863905325444,12
KCNMB4,2.366863905325444,12
SLA,2.366863905325444,12
NDUFA8,2.366863905325444,12
TJAP1,2.366863905325444,12
RPL18A,2.366863905325444,12
GLYCTK,2.366863905325444,12
EEF1A1,2.366863905325444,12
FCRLA,2.366863905325444,12
NFE2,2.366863905325444,12
GPR84,2.366863905325444,12
CD47,2.366863905325444,12
GRK1,2.366863905325444,12
PHF11,2.366863905325444,12
GCSAM,2.366863905325444,12
CCDC127,2.366863905325444,12
SUCLG2,2.366863905325444,12
SKI,2.366863905325444,12
GSTA1,2.366863905325444,12
ETFBKMT,2.366863905325444,12
CD34,2.366863905325444,12
ARHGEF16,2.366863905325444,12
SUMF1,2.366863905325444,12
ZNF268,2.366863905325444,12
MGLL,2.366863905325444,12
CNKSR3,2.366863905325444,12
STOML2,2.366863905325444,12
MSANTD3,2.366863905325444,12
OR13C8,2.366863905325444,12
NFKBID,2.366863905325444,12
TP53TG5,2.366863905325444,12
COL26A1,2.366863905325444,12
RMND5B,2.366863905325444,12
CRACR2A,2.366863905325444,12
NSMCE2,2.366863905325444,12
FBXO28,2.366863905325444,12
ART5,2.366863905325444,12
CMSS1,2.366863905325444,12
ZNF330,2.366863905325444,12
HELT,2.366863905325444,12
NSUN3,2.366863905325444,12
ELF3,2.366863905325444,12
KLRC2,2.366863905325444,12
SLC25A40,2.366863905325444,12
HSD17B2,2.366863905325444,12
KRTAP26-1,2.366863905325444,12
TSSK6,2.366863905325444,12
KCNK5,2.366863905325444,12
RNF2,2.366863905325444,12
LAX1,2.366863905325444,12
SOX13,2.366863905325444,12
FASTK,2.366863905325444,12
SIRT2,2.366863905325444,12
BEND6,2.366863905325444,12
CREB3,2.366863905325444,12
CD80,2.366863905325444,12
FSTL1,2.366863905325444,12
SLC25A41,2.1696252465483234,11
C11orf16,2.1696252465483234,11
FITM2,2.1696252465483234,11
TOMM34,2.1696252465483234,11
ACY3,2.1696252465483234,11
MYOD1,2.1696252465483234,11
ATG13,2.1696252465483234,11
RGP1,2.1696252465483234,11
PPP1R3C,2.1696252465483234,11
PXDC1,2.1696252465483234,11
CDNF,2.1696252465483234,11
MICALL2,2.1696252465483234,11
LHX2,2.1696252465483234,11
RRP1,2.1696252465483234,11
UQCRFS1,2.1696252465483234,11
CBX4,2.1696252465483234,11
NKD2,2.1696252465483234,11
DMRTB1,2.1696252465483234,11
JMJD4,2.1696252465483234,11
GSTT2B,2.1696252465483234,11
CCDC184,2.1696252465483234,11
SLC30A2,2.1696252465483234,11
ABO,2.1696252465483234,11
OLR1,2.1696252465483234,11
FAM50B,2.1696252465483234,11
ASMT,2.1696252465483234,11
NTPCR,2.1696252465483234,11
CCDC149,2.1696252465483234,11
SRD5A3,2.1696252465483234,11
EVA1A,2.1696252465483234,11
CRTAM,2.1696252465483234,11
PIH1D2,2.1696252465483234,11
ADTRP,2.1696252465483234,11
RASSF6,2.1696252465483234,11
TMEM35A,2.1696252465483234,11
FOXRED1,2.1696252465483234,11
HUS1B,2.1696252465483234,11
GPR3,2.1696252465483234,11
TRAT1,2.1696252465483234,11
CXorf38,2.1696252465483234,11
PRAMEF2,2.1696252465483234,11
PSME3IP1,2.1696252465483234,11
AMZ1,2.1696252465483234,11
FAIM2,2.1696252465483234,11
GPAA1,2.1696252465483234,11
CYC1,2.1696252465483234,11
DERL1,2.1696252465483234,11
CEACAM3,2.1696252465483234,11
PSMF1,2.1696252465483234,11
FXYD5,2.1696252465483234,11
TIMM50,2.1696252465483234,11
TAFA5,2.1696252465483234,11
QPCTL,2.1696252465483234,11
DMAC2,2.1696252465483234,11
ARMC6,2.1696252465483234,11
PIK3IP1,2.1696252465483234,11
REXO4,2.1696252465483234,11
MYMK,2.1696252465483234,11
OR8A1,2.1696252465483234,11
ECHS1,2.1696252465483234,11
DENND10,2.1696252465483234,11
KITLG,2.1696252465483234,11
PKP3,2.1696252465483234,11
RAB39A,2.1696252465483234,11
ARCN1,2.1696252465483234,11
TM4SF4,2.1696252465483234,11
OR6C68,2.1696252465483234,11
ERGIC1,2.1696252465483234,11
ZACN,2.1696252465483234,11
CBLC,2.1696252465483234,11
LENG1,2.1696252465483234,11
ERCC2,2.1696252465483234,11
ADORA1,2.1696252465483234,11
NUCKS1,2.1696252465483234,11
SYP,2.1696252465483234,11
WNT9A,2.1696252465483234,11
DCP1B,2.1696252465483234,11
PCYT1A,2.1696252465483234,11
RANBP10,2.1696252465483234,11
IFNA13,2.1696252465483234,11
OR10C1,2.1696252465483234,11
PLA2G12B,2.1696252465483234,11
FAM8A1,2.1696252465483234,11
RNF144B,2.1696252465483234,11
AC008676.3,2.1696252465483234,11
ENOPH1,2.1696252465483234,11
HRH2,2.1696252465483234,11
TAF8,2.1696252465483234,11
C5AR2,2.1696252465483234,11
SULT2A1,2.1696252465483234,11
CNN1,2.1696252465483234,11
EIF3H,2.1696252465483234,11
GSTZ1,2.1696252465483234,11
ORM1,2.1696252465483234,11
OR1J4,2.1696252465483234,11
FZD8,2.1696252465483234,11
DOK2,2.1696252465483234,11
DPPA3,2.1696252465483234,11
KLRC1,2.1696252465483234,11
STK38L,2.1696252465483234,11
OR52J3,2.1696252465483234,11
CLEC4E,2.1696252465483234,11
BSPRY,2.1696252465483234,11
PLAC8L1,2.1696252465483234,11
GEMIN8,2.1696252465483234,11
MRPL4,2.1696252465483234,11
FCGRT,2.1696252465483234,11
LENG9,2.1696252465483234,11
HTRA3,2.1696252465483234,11
LY6K,2.1696252465483234,11
GML,2.1696252465483234,11
NCR2,2.1696252465483234,11
SHFL,2.1696252465483234,11
KLK7,2.1696252465483234,11
ALYREF,2.1696252465483234,11
GSG1,2.1696252465483234,11
FAM153B,2.1696252465483234,11
CALML3,2.1696252465483234,11
POU5F1,2.1696252465483234,11
OR2H1,2.1696252465483234,11
PRRX1,2.1696252465483234,11
NTF4,2.1696252465483234,11
ELSPBP1,2.1696252465483234,11
CABP5,2.1696252465483234,11
HSD17B10,2.1696252465483234,11
AKAP14,2.1696252465483234,11
CREB3L3,2.1696252465483234,11
SLC25A53,2.1696252465483234,11
MED27,2.1696252465483234,11
RS1,2.1696252465483234,11
TPRN,2.1696252465483234,11
CTAGE15,2.1696252465483234,11
USP17L2,2.1696252465483234,11
PPIAL4G,2.1696252465483234,11
S100Z,2.1696252465483234,11
OR10A4,2.1696252465483234,11
SRSF11,2.1696252465483234,11
UBE2A,2.1696252465483234,11
TMEM187,2.1696252465483234,11
PSMG1,2.1696252465483234,11
IL21,2.1696252465483234,11
NRIP2,2.1696252465483234,11
DAOA,2.1696252465483234,11
DECR1,2.1696252465483234,11
DCANP1,2.1696252465483234,11
THPO,2.1696252465483234,11
TMEM126B,2.1696252465483234,11
TNFRSF10B,2.1696252465483234,11
MLN,2.1696252465483234,11
CCR6,2.1696252465483234,11
FFAR1,2.1696252465483234,11
SYNE4,2.1696252465483234,11
TMEM64,2.1696252465483234,11
FAM131B,2.1696252465483234,11
KLK5,2.1696252465483234,11
TMED7-TICAM2,2.1696252465483234,11
HIKESHI,2.1696252465483234,11
OR2AT4,2.1696252465483234,11
DDAH2,2.1696252465483234,11
PSKH1,2.1696252465483234,11
APOBEC3G,2.1696252465483234,11
NAF1,2.1696252465483234,11
TMEM192,2.1696252465483234,11
YARS2,2.1696252465483234,11
YAF2,2.1696252465483234,11
SKA1,2.1696252465483234,11
PBX4,2.1696252465483234,11
ADAD2,2.1696252465483234,11
ITPK1,2.1696252465483234,11
HAUS4,2.1696252465483234,11
C18orf21,2.1696252465483234,11
ELAC1,2.1696252465483234,11
RAB27B,2.1696252465483234,11
TNFRSF1B,2.1696252465483234,11
KAZN,2.1696252465483234,11
NAGS,2.1696252465483234,11
SPINT2,2.1696252465483234,11
KRT7,2.1696252465483234,11
CLDN22,2.1696252465483234,11
TMEM156,2.1696252465483234,11
FGF1,2.1696252465483234,11
RETREG1,2.1696252465483234,11
PDLIM3,2.1696252465483234,11
GUCD1,2.1696252465483234,11
SLC39A9,2.1696252465483234,11
C4B,2.1696252465483234,11
CCDC25,2.1696252465483234,11
NPBWR1,2.1696252465483234,11
NUDCD3,2.1696252465483234,11
RSU1,2.1696252465483234,11
HACD1,2.1696252465483234,11
EFCAB1,2.1696252465483234,11
RBM17,2.1696252465483234,11
PRTFDC1,2.1696252465483234,11
GLT6D1,2.1696252465483234,11
DBNL,2.1696252465483234,11
RPA2,2.1696252465483234,11
KIR2DL1,2.1696252465483234,11
ABHD8,2.1696252465483234,11
LIX1,2.1696252465483234,11
GZMH,2.1696252465483234,11
ISM2,2.1696252465483234,11
LCAT,2.1696252465483234,11
DUSP4,2.1696252465483234,11
PPP2CB,2.1696252465483234,11
PCGF6,2.1696252465483234,11
BAIAP2L2,2.1696252465483234,11
HNRNPA1,2.1696252465483234,11
HMOX1,2.1696252465483234,11
IMPA1,2.1696252465483234,11
ZNF446,2.1696252465483234,11
ZBTB12,2.1696252465483234,11
MS4A15,2.1696252465483234,11
SLC25A18,2.1696252465483234,11
CCDC3,2.1696252465483234,11
RHBDD2,2.1696252465483234,11
GNAI1,2.1696252465483234,11
TRIM10,2.1696252465483234,11
REC114,2.1696252465483234,11
OR2T8,2.1696252465483234,11
ZSCAN5A,2.1696252465483234,11
GJA4,2.1696252465483234,11
SLC25A10,2.1696252465483234,11
USP18,2.1696252465483234,11
RAB36,2.1696252465483234,11
AADAT,2.1696252465483234,11
NAA20,2.1696252465483234,11
ATP5F1B,2.1696252465483234,11
TRBV19,2.1696252465483234,11
PAAF1,2.1696252465483234,11
ZNF763,2.1696252465483234,11
METTL2A,2.1696252465483234,11
AQP12A,2.1696252465483234,11
CSH2,2.1696252465483234,11
UBE2NL,2.1696252465483234,11
TAZ,2.1696252465483234,11
MICOS13,2.1696252465483234,11
STC1,2.1696252465483234,11
C1QTNF3,2.1696252465483234,11
FBXO16,2.1696252465483234,11
ATAD1,2.1696252465483234,11
PLA2G2E,2.1696252465483234,11
TTC4,2.1696252465483234,11
P2RY2,2.1696252465483234,11
TUBG1,2.1696252465483234,11
AATK,2.1696252465483234,11
PSTPIP2,2.1696252465483234,11
POLA2,2.1696252465483234,11
CDK9,2.1696252465483234,11
STARD10,2.1696252465483234,11
PDGFA,2.1696252465483234,11
TTYH3,2.1696252465483234,11
EPO,2.1696252465483234,11
ARID3A,2.1696252465483234,11
WDR18,2.1696252465483234,11
CYP4X1,2.1696252465483234,11
RAD51C,2.1696252465483234,11
PRPF38A,2.1696252465483234,11
TMEM74B,2.1696252465483234,11
AFMID,2.1696252465483234,11
RPS6KB1,2.1696252465483234,11
GINM1,2.1696252465483234,11
CEP43,2.1696252465483234,11
TSGA13,2.1696252465483234,11
GPR82,2.1696252465483234,11
UXT,2.1696252465483234,11
TRIP6,2.1696252465483234,11
RNF170,2.1696252465483234,11
RBM48,2.1696252465483234,11
CDK4,2.1696252465483234,11
ADH7,2.1696252465483234,11
RAB30,2.1696252465483234,11
CXCL1,2.1696252465483234,11
STBD1,2.1696252465483234,11
SGCA,2.1696252465483234,11
VSIG2,2.1696252465483234,11
ATF7,2.1696252465483234,11
DR1,2.1696252465483234,11
ENOSF1,2.1696252465483234,11
MAVS,2.1696252465483234,11
ZNF397,2.1696252465483234,11
SP6,2.1696252465483234,11
OR1D5,2.1696252465483234,11
FAM102B,2.1696252465483234,11
CHIC2,2.1696252465483234,11
MYF5,2.1696252465483234,11
TEAD3,2.1696252465483234,11
KCNK17,2.1696252465483234,11
AL441992.2,2.1696252465483234,11
KRTAP13-1,2.1696252465483234,11
ZNF565,2.1696252465483234,11
OTUB2,2.1696252465483234,11
GLIPR1,2.1696252465483234,11
PAWR,2.1696252465483234,11
MITD1,2.1696252465483234,11
CRYAB,2.1696252465483234,11
PACRGL,2.1696252465483234,11
FGF23,2.1696252465483234,11
KRT36,2.1696252465483234,11
WDR77,2.1696252465483234,11
DNASE2B,2.1696252465483234,11
XRCC2,2.1696252465483234,11
LRRC18,2.1696252465483234,11
TMEM204,2.1696252465483234,11
MDFIC,2.1696252465483234,11
ULBP1,2.1696252465483234,11
ZNF385A,2.1696252465483234,11
NTS,2.1696252465483234,11
POPDC2,2.1696252465483234,11
TFG,2.1696252465483234,11
TM7SF2,2.1696252465483234,11
RDH13,2.1696252465483234,11
KLRK1,2.1696252465483234,11
TMED2,2.1696252465483234,11
ADRM1,2.1696252465483234,11
TREML2,2.1696252465483234,11
CNP,2.1696252465483234,11
TIMP2,2.1696252465483234,11
MINDY1,2.1696252465483234,11
TPGS2,2.1696252465483234,11
LEXM,2.1696252465483234,11
EBPL,2.1696252465483234,11
SNX15,2.1696252465483234,11
SLC37A4,2.1696252465483234,11
DEPDC4,2.1696252465483234,11
SC5D,2.1696252465483234,11
OR10S1,2.1696252465483234,11
GP6,2.1696252465483234,11
LRRC34,2.1696252465483234,11
NMD3,2.1696252465483234,11
ST6GAL1,2.1696252465483234,11
MSS51,2.1696252465483234,11
AP3M1,2.1696252465483234,11
CD300LB,2.1696252465483234,11
TBC1D3B,2.1696252465483234,11
VPS72,2.1696252465483234,11
LHX1,2.1696252465483234,11
CDR2L,2.1696252465483234,11
CST2,2.1696252465483234,11
WFDC8,2.1696252465483234,11
POLR3C,2.1696252465483234,11
ZNF785,2.1696252465483234,11
TMEM98,2.1696252465483234,11
LCE2C,2.1696252465483234,11
TUBD1,2.1696252465483234,11
KCNS1,2.1696252465483234,11
RINL,2.1696252465483234,11
SLC25A16,2.1696252465483234,11
RPP40,2.1696252465483234,11
PROP1,2.1696252465483234,11
RTP1,2.1696252465483234,11
FGF12,2.1696252465483234,11
IGF1,2.1696252465483234,11
PDHB,2.1696252465483234,11
FOXN4,2.1696252465483234,11
POFUT1,2.1696252465483234,11
LHX6,2.1696252465483234,11
ARID3C,2.1696252465483234,11
WNT10B,2.1696252465483234,11
TGDS,2.1696252465483234,11
RAD51D,2.1696252465483234,11
SPANXN5,2.1696252465483234,11
GNAI3,2.1696252465483234,11
ILF2,2.1696252465483234,11
VEZF1,2.1696252465483234,11
OR7G2,2.1696252465483234,11
LYPLA2,2.1696252465483234,11
NUDT17,2.1696252465483234,11
AMACR,2.1696252465483234,11
B4GALT5,2.1696252465483234,11
MAGEA6,2.1696252465483234,11
BCL2L14,2.1696252465483234,11
ARHGDIB,2.1696252465483234,11
OR52K2,2.1696252465483234,11
BCL7A,2.1696252465483234,11
ZCRB1,2.1696252465483234,11
SOX2,2.1696252465483234,11
STXBP4,2.1696252465483234,11
TMEM100,2.1696252465483234,11
OR2A2,2.1696252465483234,11
COPG2,2.1696252465483234,11
GALT,2.1696252465483234,11
RABL6,2.1696252465483234,11
TRBV5-1,2.1696252465483234,11
OR9A2,2.1696252465483234,11
NUDT12,2.1696252465483234,11
SFTPA2,2.1696252465483234,11
DYDC2,2.1696252465483234,11
MSL1,2.1696252465483234,11
SHC2,2.1696252465483234,11
IRX2,2.1696252465483234,11
MKRN1,2.1696252465483234,11
CNN3,2.1696252465483234,11
FRRS1,2.1696252465483234,11
HTR3E,2.1696252465483234,11
TBC1D10C,2.1696252465483234,11
BCAT1,2.1696252465483234,11
C12orf71,2.1696252465483234,11
RNF13,2.1696252465483234,11
PRICKLE4,2.1696252465483234,11
RRP36,2.1696252465483234,11
FOXD4L6,2.1696252465483234,11
OR9I1,2.1696252465483234,11
LSM14B,2.1696252465483234,11
FNDC11,2.1696252465483234,11
MRM1,2.1696252465483234,11
TMEM163,2.1696252465483234,11
FCGR2C,2.1696252465483234,11
LIPN,2.1696252465483234,11
LECT2,2.1696252465483234,11
LIPT1,2.1696252465483234,11
ACAT2,2.1696252465483234,11
FAM117A,2.1696252465483234,11
P2RX4,2.1696252465483234,11
METTL21A,2.1696252465483234,11
DAZL,2.1696252465483234,11
UBE2E2,2.1696252465483234,11
OR4K14,2.1696252465483234,11
EIF2B1,2.1696252465483234,11
RFESD,2.1696252465483234,11
SCAMP3,2.1696252465483234,11
SLAMF6,2.1696252465483234,11
ATP1B2,2.1696252465483234,11
AURKB,2.1696252465483234,11
UNC119,2.1696252465483234,11
RNF130,2.1696252465483234,11
RNF112,2.1696252465483234,11
ZBTB2,2.1696252465483234,11
ATF1,2.1696252465483234,11
TMEM45A,2.1696252465483234,11
NIPAL4,2.1696252465483234,11
GJB7,2.1696252465483234,11
CGAS,2.1696252465483234,11
ZNF8,2.1696252465483234,11
UBE2N,2.1696252465483234,11
SNAPC3,2.1696252465483234,11
NFKBIL1,2.1696252465483234,11
GPR160,2.1696252465483234,11
DUSP19,2.1696252465483234,11
CHRNB1,2.1696252465483234,11
OR10J5,2.1696252465483234,11
TAPT1,2.1696252465483234,11
MYL10,2.1696252465483234,11
DLD,2.1696252465483234,11
ESD,2.1696252465483234,11
SHISA2,2.1696252465483234,11
GSX1,2.1696252465483234,11
STIMATE,2.1696252465483234,11
PCBP2,2.1696252465483234,11
GTF2E1,2.1696252465483234,11
NMNAT3,2.1696252465483234,11
SLC25A36,2.1696252465483234,11
ATG3,2.1696252465483234,11
CLRN1,2.1696252465483234,11
TFPI2,2.1696252465483234,11
AP1AR,2.1696252465483234,11
B3GALT5,2.1696252465483234,11
SLC16A11,2.1696252465483234,11
KRTAP24-1,2.1696252465483234,11
FGFRL1,2.1696252465483234,11
OR5AC2,2.1696252465483234,11
C3orf56,2.1696252465483234,11
ATOH1,2.1696252465483234,11
COQ8B,2.1696252465483234,11
SERHL2,2.1696252465483234,11
TGIF1,2.1696252465483234,11
TMEM268,2.1696252465483234,11
ENO2,2.1696252465483234,11
P2RX5,2.1696252465483234,11
HS3ST3B1,2.1696252465483234,11
OR1E1,2.1696252465483234,11
CA5A,2.1696252465483234,11
GPR52,2.1696252465483234,11
RPH3AL,2.1696252465483234,11
CLIC6,2.1696252465483234,11
GET1-SH3BGR,2.1696252465483234,11
STX18,2.1696252465483234,11
GOSR1,2.1696252465483234,11
KIAA1191,2.1696252465483234,11
RCL1,2.1696252465483234,11
ITGBL1,2.1696252465483234,11
PELI3,2.1696252465483234,11
DCUN1D2,2.1696252465483234,11
FAM3D,2.1696252465483234,11
DVL1,2.1696252465483234,11
PRKCZ,2.1696252465483234,11
RGS13,2.1696252465483234,11
BID,2.1696252465483234,11
GNB1L,2.1696252465483234,11
PITPNA,2.1696252465483234,11
SELL,2.1696252465483234,11
WNT8B,2.1696252465483234,11
KRTAP13-3,2.1696252465483234,11
OLIG2,2.1696252465483234,11
CSRP2,2.1696252465483234,11
SLC35A1,2.1696252465483234,11
APIP,2.1696252465483234,11
LDLRAD3,2.1696252465483234,11
PRR5L,2.1696252465483234,11
OLIG3,2.1696252465483234,11
RCN3,2.1696252465483234,11
BST1,2.1696252465483234,11
RSAD1,2.1696252465483234,11
TOM1L1,2.1696252465483234,11
CD300LF,2.1696252465483234,11
DHFR2,2.1696252465483234,11
TNNI1,2.1696252465483234,11
PRDM7,2.1696252465483234,11
LHX8,2.1696252465483234,11
TAS2R3,2.1696252465483234,11
NOSIP,2.1696252465483234,11
PRKAB2,2.1696252465483234,11
PCGF5,2.1696252465483234,11
HYAL3,2.1696252465483234,11
NCALD,2.1696252465483234,11
OR1L1,2.1696252465483234,11
SLC35D1,2.1696252465483234,11
IL24,2.1696252465483234,11
DDN,2.1696252465483234,11
CFDP1,2.1696252465483234,11
ST3GAL2,2.1696252465483234,11
TMEM81,2.1696252465483234,11
AGFG2,2.1696252465483234,11
GZMB,2.1696252465483234,11
EGLN3,2.1696252465483234,11
CRLF2,2.1696252465483234,11
RPLP0,2.1696252465483234,11
TIMP4,2.1696252465483234,11
SYT13,2.1696252465483234,11
PEX16,2.1696252465483234,11
CREB3L1,2.1696252465483234,11
CNMD,2.1696252465483234,11
NUDT10,2.1696252465483234,11
WT1,2.1696252465483234,11
NDRG4,2.1696252465483234,11
MLYCD,2.1696252465483234,11
HPR,2.1696252465483234,11
GSDMD,2.1696252465483234,11
SBDS,2.1696252465483234,11
C17orf97,2.1696252465483234,11
CTNS,2.1696252465483234,11
TPRG1L,2.1696252465483234,11
SAV1,2.1696252465483234,11
WIPI2,2.1696252465483234,11
SNTB1,2.1696252465483234,11
C8orf76,2.1696252465483234,11
CNR2,2.1696252465483234,11
GRHL3,2.1696252465483234,11
ZDHHC18,2.1696252465483234,11
HEBP2,2.1696252465483234,11
ELP6,2.1696252465483234,11
SLC25A20,2.1696252465483234,11
LIMD1,2.1696252465483234,11
CCR1,2.1696252465483234,11
VASH1,2.1696252465483234,11
GRN,2.1696252465483234,11
GDPD1,2.1696252465483234,11
TECTB,2.1696252465483234,11
RFPL2,2.1696252465483234,11
OR4X2,2.1696252465483234,11
DDX6,2.1696252465483234,11
AIFM2,2.1696252465483234,11
CHRNG,2.1696252465483234,11
CSHL1,2.1696252465483234,11
GPR180,2.1696252465483234,11
VPS36,2.1696252465483234,11
FBXO6,2.1696252465483234,11
RAET1L,2.1696252465483234,11
ASB6,2.1696252465483234,11
PLAUR,2.1696252465483234,11
SIX5,2.1696252465483234,11
C1RL,2.1696252465483234,11
GPT2,2.1696252465483234,11
BPNT1,2.1696252465483234,11
MTARC2,2.1696252465483234,11
GLT8D1,2.1696252465483234,11
CIDEA,2.1696252465483234,11
SDR42E1,2.1696252465483234,11
FKRP,2.1696252465483234,11
UROD,2.1696252465483234,11
NUP43,2.1696252465483234,11
CAB39,2.1696252465483234,11
MRPS11,2.1696252465483234,11
PLEK2,2.1696252465483234,11
RDH12,2.1696252465483234,11
OR2W1,2.1696252465483234,11
EXOG,2.1696252465483234,11
IGHV5-51,2.1696252465483234,11
BEST4,2.1696252465483234,11
GRTP1,2.1696252465483234,11
COQ9,2.1696252465483234,11
DESI2,2.1696252465483234,11
CCDC102A,2.1696252465483234,11
RAET1G,2.1696252465483234,11
IPCEF1,2.1696252465483234,11
OR10G3,2.1696252465483234,11
GULP1,2.1696252465483234,11
RIPK3,2.1696252465483234,11
MAS1,2.1696252465483234,11
PARVA,2.1696252465483234,11
BTBD10,2.1696252465483234,11
C7orf26,2.1696252465483234,11
SERPINA10,2.1696252465483234,11
OSTM1,2.1696252465483234,11
SULT1A2,2.1696252465483234,11
SULT1A1,2.1696252465483234,11
CEP20,2.1696252465483234,11
CCDC172,2.1696252465483234,11
EIF4H,2.1696252465483234,11
KCTD7,2.1696252465483234,11
ACKR2,2.1696252465483234,11
STING1,2.1696252465483234,11
ODF3L2,2.1696252465483234,11
OR2T34,2.1696252465483234,11
DCUN1D3,2.1696252465483234,11
TRAPPC12,2.1696252465483234,11
MARCHF5,2.1696252465483234,11
TCF3,2.1696252465483234,11
OR51G2,2.1696252465483234,11
MMP26,2.1696252465483234,11
PLEKHA3,2.1696252465483234,11
PNLIPRP1,2.1696252465483234,11
SNX7,2.1696252465483234,11
RNASE7,2.1696252465483234,11
FKBP14,2.1696252465483234,11
FAM168B,2.1696252465483234,11
CENPH,2.1696252465483234,11
AKR7A2,2.1696252465483234,11
MTMR14,2.1696252465483234,11
EMC3,2.1696252465483234,11
HNMT,2.1696252465483234,11
INHBB,2.1696252465483234,11
OR52W1,2.1696252465483234,11
TMEM9,2.1696252465483234,11
PRR22,2.1696252465483234,11
OR1N2,2.1696252465483234,11
ITGB1BP1,2.1696252465483234,11
C16orf89,2.1696252465483234,11
AAMP,2.1696252465483234,11
TMEM86A,2.1696252465483234,11
ULBP3,2.1696252465483234,11
TMEM242,2.1696252465483234,11
PSMD14,2.1696252465483234,11
CHMP7,2.1696252465483234,11
IGHV3-23,2.1696252465483234,11
PRKACB,2.1696252465483234,11
TEDDM1,2.1696252465483234,11
MRPS9,2.1696252465483234,11
CCNB2,2.1696252465483234,11
FAM81A,2.1696252465483234,11
FOXS1,2.1696252465483234,11
DONSON,2.1696252465483234,11
GMPPA,2.1696252465483234,11
FAM107B,2.1696252465483234,11
PLPPR2,2.1696252465483234,11
HMG20B,2.1696252465483234,11
SEPTIN8,2.1696252465483234,11
RPL11,2.1696252465483234,11
ARL4A,2.1696252465483234,11
ANKRD23,2.1696252465483234,11
AKR1B10,2.1696252465483234,11
TCAF1,2.1696252465483234,11
COMMD10,2.1696252465483234,11
VAX2,2.1696252465483234,11
AQP1,2.1696252465483234,11
LRRC28,2.1696252465483234,11
MEIOB,2.1696252465483234,11
ZNF774,2.1696252465483234,11
TNFRSF17,2.1696252465483234,11
EXOC3L4,2.1696252465483234,11
PIF1,2.1696252465483234,11
ATXN3,2.1696252465483234,11
PGF,2.1696252465483234,11
PSMD10,2.1696252465483234,11
ATG10,2.1696252465483234,11
PEX13,2.1696252465483234,11
SERTAD2,2.1696252465483234,11
CENPP,2.1696252465483234,11
GNPTG,2.1696252465483234,11
MRGPRF,2.1696252465483234,11
EDC3,2.1696252465483234,11
GJB4,2.1696252465483234,11
GTF2F2,2.1696252465483234,11
TMEM106B,2.1696252465483234,11
KIF25,2.1696252465483234,11
CA12,2.1696252465483234,11
ZCCHC13,2.1696252465483234,11
FHL2,2.1696252465483234,11
TAF1A,2.1696252465483234,11
LIMS1,2.1696252465483234,11
CHMP3,2.1696252465483234,11
D2HGDH,2.1696252465483234,11
TPRKB,2.1696252465483234,11
GCSAML,2.1696252465483234,11
RRM2,2.1696252465483234,11
MEMO1,2.1696252465483234,11
SLC35B3,2.1696252465483234,11
ANXA2,2.1696252465483234,11
IDH3A,2.1696252465483234,11
PLP2,2.1696252465483234,11
SAXO2,2.1696252465483234,11
MDH1,2.1696252465483234,11
TEX101,2.1696252465483234,11
PLGRKT,2.1696252465483234,11
ALKBH6,2.1696252465483234,11
APCDD1L,2.1696252465483234,11
FAM217B,2.1696252465483234,11
TMEM135,2.1696252465483234,11
TULP3,2.1696252465483234,11
OR13C2,2.1696252465483234,11
TEKT4,2.1696252465483234,11
CIR1,2.1696252465483234,11
PPIF,2.1696252465483234,11
TSPAN2,2.1696252465483234,11
FADS3,2.1696252465483234,11
ALKBH8,2.1696252465483234,11
POU2AF1,2.1696252465483234,11
THYN1,2.1696252465483234,11
SPIN1,2.1696252465483234,11
PSAT1,2.1696252465483234,11
DMRTA1,1.9723865877712032,10
SH3D21,1.9723865877712032,10
MPZL2,1.9723865877712032,10
GAL3ST3,1.9723865877712032,10
NSA2,1.9723865877712032,10
OPN3,1.9723865877712032,10
RHOU,1.9723865877712032,10
THAP7,1.9723865877712032,10
MGME1,1.9723865877712032,10
NUMBL,1.9723865877712032,10
CCDC97,1.9723865877712032,10
TGFB1,1.9723865877712032,10
PCNA,1.9723865877712032,10
NEK6,1.9723865877712032,10
OR2K2,1.9723865877712032,10
HSDL2,1.9723865877712032,10
ALKBH2,1.9723865877712032,10
CRISP1,1.9723865877712032,10
CLDN17,1.9723865877712032,10
ECI2,1.9723865877712032,10
SNRNP48,1.9723865877712032,10
TMOD2,1.9723865877712032,10
CCNDBP1,1.9723865877712032,10
DUOXA2,1.9723865877712032,10
ENTPD8,1.9723865877712032,10
RGPD2,1.9723865877712032,10
MAB21L4,1.9723865877712032,10
TBC1D21,1.9723865877712032,10
ACTG2,1.9723865877712032,10
MTHFD2,1.9723865877712032,10
CEACAM16,1.9723865877712032,10
C1orf52,1.9723865877712032,10
ODF3L1,1.9723865877712032,10
ETFA,1.9723865877712032,10
NPVF,1.9723865877712032,10
PELI1,1.9723865877712032,10
HOXD8,1.9723865877712032,10
KCTD15,1.9723865877712032,10
USF2,1.9723865877712032,10
DPM1,1.9723865877712032,10
TMEM65,1.9723865877712032,10
RLBP1,1.9723865877712032,10
MTX2,1.9723865877712032,10
FANCL,1.9723865877712032,10
PSMB2,1.9723865877712032,10
RPUSD4,1.9723865877712032,10
HOXD4,1.9723865877712032,10
PAK4,1.9723865877712032,10
PDCD2,1.9723865877712032,10
FABP1,1.9723865877712032,10
TMEM202,1.9723865877712032,10
TRIM72,1.9723865877712032,10
ARFIP1,1.9723865877712032,10
SKAP2,1.9723865877712032,10
RAC2,1.9723865877712032,10
KRBOX4,1.9723865877712032,10
ABHD2,1.9723865877712032,10
RNPS1,1.9723865877712032,10
OGN,1.9723865877712032,10
PKMYT1,1.9723865877712032,10
ASCC1,1.9723865877712032,10
SPG21,1.9723865877712032,10
HACD3,1.9723865877712032,10
USP50,1.9723865877712032,10
SPPL2A,1.9723865877712032,10
GPR68,1.9723865877712032,10
MED6,1.9723865877712032,10
RAD51,1.9723865877712032,10
LRRC57,1.9723865877712032,10
LMO2,1.9723865877712032,10
TRIM44,1.9723865877712032,10
OR5B3,1.9723865877712032,10
CSNK1G2,1.9723865877712032,10
CDX1,1.9723865877712032,10
CELA3B,1.9723865877712032,10
NUDC,1.9723865877712032,10
ACTR1B,1.9723865877712032,10
TRIM65,1.9723865877712032,10
GGA1,1.9723865877712032,10
MOB3C,1.9723865877712032,10
PIGM,1.9723865877712032,10
DNAH6,1.9723865877712032,10
PRSS55,1.9723865877712032,10
TMEM68,1.9723865877712032,10
MAP2K7,1.9723865877712032,10
LCMT1,1.9723865877712032,10
CBX8,1.9723865877712032,10
SIRT7,1.9723865877712032,10
FAM118A,1.9723865877712032,10
SEPTIN2,1.9723865877712032,10
APC2,1.9723865877712032,10
RNF115,1.9723865877712032,10
MYCT1,1.9723865877712032,10
KNSTRN,1.9723865877712032,10
HMX2,1.9723865877712032,10
H4C7,1.9723865877712032,10
NTMT1,1.9723865877712032,10
GTPBP6,1.9723865877712032,10
FAM228A,1.9723865877712032,10
TRIT1,1.9723865877712032,10
C16orf72,1.9723865877712032,10
TMED8,1.9723865877712032,10
HS6ST1,1.9723865877712032,10
KCNIP3,1.9723865877712032,10
PLA2G2C,1.9723865877712032,10
SH2D5,1.9723865877712032,10
CIDEC,1.9723865877712032,10
SLC35A4,1.9723865877712032,10
RBM4,1.9723865877712032,10
DEDD2,1.9723865877712032,10
FOXD4L1,1.9723865877712032,10
RTCA,1.9723865877712032,10
FEM1A,1.9723865877712032,10
CD70,1.9723865877712032,10
CBWD2,1.9723865877712032,10
GCA,1.9723865877712032,10
CMPK2,1.9723865877712032,10
SCO1,1.9723865877712032,10
IGSF6,1.9723865877712032,10
HHEX,1.9723865877712032,10
MYL1,1.9723865877712032,10
TMEM169,1.9723865877712032,10
UPP1,1.9723865877712032,10
C1orf131,1.9723865877712032,10
IRF2BPL,1.9723865877712032,10
IL27,1.9723865877712032,10
IGHG1,1.9723865877712032,10
CALHM6,1.9723865877712032,10
ASB13,1.9723865877712032,10
LYSMD1,1.9723865877712032,10
DNAJC27,1.9723865877712032,10
ASB18,1.9723865877712032,10
CD38,1.9723865877712032,10
CDCP2,1.9723865877712032,10
CASP7,1.9723865877712032,10
SLC30A1,1.9723865877712032,10
TATDN3,1.9723865877712032,10
CENPQ,1.9723865877712032,10
PRIM2,1.9723865877712032,10
OR8D1,1.9723865877712032,10
CYB5R2,1.9723865877712032,10
NBPF3,1.9723865877712032,10
MPPED1,1.9723865877712032,10
OR5P3,1.9723865877712032,10
SSC4D,1.9723865877712032,10
CLEC3B,1.9723865877712032,10
KLHDC8B,1.9723865877712032,10
UNC80,1.9723865877712032,10
NLRP6,1.9723865877712032,10
ZMAT4,1.9723865877712032,10
FOXF1,1.9723865877712032,10
SLC7A5,1.9723865877712032,10
RPL13A,1.9723865877712032,10
SCAMP5,1.9723865877712032,10
CXCR1,1.9723865877712032,10
ALKBH1,1.9723865877712032,10
CCNYL1,1.9723865877712032,10
CRYGC,1.9723865877712032,10
BDNF,1.9723865877712032,10
PHKG2,1.9723865877712032,10
H3-4,1.9723865877712032,10
GCAT,1.9723865877712032,10
HSF4,1.9723865877712032,10
EXOC3L1,1.9723865877712032,10
ECHDC2,1.9723865877712032,10
DDX28,1.9723865877712032,10
BAMBI,1.9723865877712032,10
TOLLIP,1.9723865877712032,10
JKAMP,1.9723865877712032,10
MNAT1,1.9723865877712032,10
C22orf31,1.9723865877712032,10
ANKRD10,1.9723865877712032,10
JMJD6,1.9723865877712032,10
RBAK-RBAKDN,1.9723865877712032,10
SMG9,1.9723865877712032,10
PPME1,1.9723865877712032,10
CEP57,1.9723865877712032,10
MMP1,1.9723865877712032,10
LYPLAL1,1.9723865877712032,10
TCN2,1.9723865877712032,10
ATP1B3,1.9723865877712032,10
PDLIM4,1.9723865877712032,10
ANKRD54,1.9723865877712032,10
GJB1,1.9723865877712032,10
RCAN3,1.9723865877712032,10
HCRTR1,1.9723865877712032,10
GPR137C,1.9723865877712032,10
CNIH1,1.9723865877712032,10
C3orf84,1.9723865877712032,10
ZFAND2B,1.9723865877712032,10
ICA1L,1.9723865877712032,10
DUSP5,1.9723865877712032,10
SLC35E4,1.9723865877712032,10
ISX,1.9723865877712032,10
OR1S2,1.9723865877712032,10
MS4A6E,1.9723865877712032,10
HSCB,1.9723865877712032,10
GOT2,1.9723865877712032,10
FOXC2,1.9723865877712032,10
SNAI3,1.9723865877712032,10
UQCRB,1.9723865877712032,10
TMEM61,1.9723865877712032,10
CUEDC2,1.9723865877712032,10
MORF4L1,1.9723865877712032,10
RNASE10,1.9723865877712032,10
IQCC,1.9723865877712032,10
KCTD4,1.9723865877712032,10
ITM2C,1.9723865877712032,10
KLHDC2,1.9723865877712032,10
ACAA1,1.9723865877712032,10
IGFBP7,1.9723865877712032,10
ALOX5AP,1.9723865877712032,10
ZSCAN21,1.9723865877712032,10
DHRS1,1.9723865877712032,10
NXN,1.9723865877712032,10
INSL6,1.9723865877712032,10
SLC41A1,1.9723865877712032,10
RASSF5,1.9723865877712032,10
LACC1,1.9723865877712032,10
TERF2IP,1.9723865877712032,10
ZNF821,1.9723865877712032,10
SPDYE3,1.9723865877712032,10
C7orf61,1.9723865877712032,10
ZNF589,1.9723865877712032,10
VGLL4,1.9723865877712032,10
CHCHD4,1.9723865877712032,10
KCTD13,1.9723865877712032,10
HSD17B12,1.9723865877712032,10
SLC36A1,1.9723865877712032,10
IGFBP4,1.9723865877712032,10
CACNG4,1.9723865877712032,10
IGFLR1,1.9723865877712032,10
VASP,1.9723865877712032,10
RGS8,1.9723865877712032,10
DHRS12,1.9723865877712032,10
NECAB2,1.9723865877712032,10
MYADM,1.9723865877712032,10
MAMSTR,1.9723865877712032,10
KTI12,1.9723865877712032,10
CCDC71,1.9723865877712032,10
GNAI2,1.9723865877712032,10
NDUFS4,1.9723865877712032,10
HNRNPA3,1.9723865877712032,10
TMCO6,1.9723865877712032,10
METTL1,1.9723865877712032,10
BCL2L13,1.9723865877712032,10
MAPK1,1.9723865877712032,10
CXCL16,1.9723865877712032,10
FAM78B,1.9723865877712032,10
NEURL1,1.9723865877712032,10
PDZD11,1.9723865877712032,10
KRTAP13-2,1.9723865877712032,10
AC097636.1,1.9723865877712032,10
IQCF2,1.9723865877712032,10
SMR3A,1.9723865877712032,10
DDIT4L,1.9723865877712032,10
GPN1,1.9723865877712032,10
REG1A,1.9723865877712032,10
TAAR5,1.9723865877712032,10
MRGPRX2,1.9723865877712032,10
FANCF,1.9723865877712032,10
CEP19,1.9723865877712032,10
TNFSF4,1.9723865877712032,10
ZBTB37,1.9723865877712032,10
FAM71D,1.9723865877712032,10
ENTPD5,1.9723865877712032,10
UBTD2,1.9723865877712032,10
ZNF250,1.9723865877712032,10
CLRN2,1.9723865877712032,10
KLF5,1.9723865877712032,10
APOF,1.9723865877712032,10
TPPP2,1.9723865877712032,10
TRAV10,1.9723865877712032,10
DNASE1L3,1.9723865877712032,10
HEMK1,1.9723865877712032,10
TEX264,1.9723865877712032,10
RGS1,1.9723865877712032,10
EIF4E1B,1.9723865877712032,10
STMN4,1.9723865877712032,10
CALHM1,1.9723865877712032,10
OPRPN,1.9723865877712032,10
HLA-DPB1,1.9723865877712032,10
SERPINF2,1.9723865877712032,10
RSPH1,1.9723865877712032,10
LRRC58,1.9723865877712032,10
SDCBP2,1.9723865877712032,10
IGHV1OR21-1,1.9723865877712032,10
GSG1L,1.9723865877712032,10
H3C11,1.9723865877712032,10
HSD3B1,1.9723865877712032,10
SLC2A8,1.9723865877712032,10
GPS2,1.9723865877712032,10
OTOP3,1.9723865877712032,10
ARL14,1.9723865877712032,10
AIPL1,1.9723865877712032,10
CD84,1.9723865877712032,10
AC005324.2,1.9723865877712032,10
MTX1,1.9723865877712032,10
SNRPA,1.9723865877712032,10
TMEM47,1.9723865877712032,10
TNFRSF25,1.9723865877712032,10
ANKRD2,1.9723865877712032,10
SOX14,1.9723865877712032,10
FBXO45,1.9723865877712032,10
SPRYD3,1.9723865877712032,10
LNP1,1.9723865877712032,10
SYNPR,1.9723865877712032,10
ZBED2,1.9723865877712032,10
CD200,1.9723865877712032,10
GYG1,1.9723865877712032,10
PTP4A3,1.9723865877712032,10
CD68,1.9723865877712032,10
MPDU1,1.9723865877712032,10
SOX15,1.9723865877712032,10
TMEM199,1.9723865877712032,10
PIGS,1.9723865877712032,10
CORO6,1.9723865877712032,10
CCT8,1.9723865877712032,10
ODF4,1.9723865877712032,10
KRT81,1.9723865877712032,10
ACER2,1.9723865877712032,10
OR5B2,1.9723865877712032,10
OR5L1,1.9723865877712032,10
TMX4,1.9723865877712032,10
RYBP,1.9723865877712032,10
MS4A6A,1.9723865877712032,10
MS4A7,1.9723865877712032,10
ADPRH,1.9723865877712032,10
C17orf98,1.9723865877712032,10
PNMT,1.9723865877712032,10
RPS7,1.9723865877712032,10
ING2,1.9723865877712032,10
MED7,1.9723865877712032,10
CCNC,1.9723865877712032,10
DLX2,1.9723865877712032,10
OR1S1,1.9723865877712032,10
SLC46A1,1.9723865877712032,10
POLB,1.9723865877712032,10
SPPL3,1.9723865877712032,10
C3orf14,1.9723865877712032,10
GLYATL1,1.9723865877712032,10
OR4S1,1.9723865877712032,10
HOXD10,1.9723865877712032,10
PLD6,1.9723865877712032,10
DRG2,1.9723865877712032,10
GPATCH4,1.9723865877712032,10
SH2D2A,1.9723865877712032,10
VAPB,1.9723865877712032,10
PTPN1,1.9723865877712032,10
GSTK1,1.9723865877712032,10
ARL15,1.9723865877712032,10
TMEM11,1.9723865877712032,10
RIMS4,1.9723865877712032,10
GPR151,1.9723865877712032,10
ARL5A,1.9723865877712032,10
CYBRD1,1.9723865877712032,10
VEGFA,1.9723865877712032,10
FCER2,1.9723865877712032,10
MBD3L1,1.9723865877712032,10
COPRS,1.9723865877712032,10
HSD3B2,1.9723865877712032,10
REG4,1.9723865877712032,10
OTUB1,1.9723865877712032,10
CABP2,1.9723865877712032,10
PTF1A,1.9723865877712032,10
PLAAT1,1.9723865877712032,10
TAS2R30,1.9723865877712032,10
HOXA6,1.9723865877712032,10
TESC,1.9723865877712032,10
ALDOC,1.9723865877712032,10
SPATA32,1.9723865877712032,10
ARHGEF35,1.9723865877712032,10
KLF14,1.9723865877712032,10
SAE1,1.9723865877712032,10
SIGLEC14,1.9723865877712032,10
NACA2,1.9723865877712032,10
PBLD,1.9723865877712032,10
H3C12,1.9723865877712032,10
ENKD1,1.9723865877712032,10
DTNBP1,1.9723865877712032,10
TPRG1,1.9723865877712032,10
IL1B,1.9723865877712032,10
IFNA5,1.9723865877712032,10
KCNE2,1.9723865877712032,10
AIRE,1.9723865877712032,10
STX17,1.9723865877712032,10
OR13J1,1.9723865877712032,10
DSN1,1.9723865877712032,10
C1QTNF6,1.9723865877712032,10
CDC25B,1.9723865877712032,10
IGLV3-10,1.9723865877712032,10
HPRT1,1.9723865877712032,10
EIF3F,1.9723865877712032,10
PSMA1,1.9723865877712032,10
PDCL2,1.9723865877712032,10
FAM71C,1.9723865877712032,10
LIAS,1.9723865877712032,10
OR8G5,1.9723865877712032,10
ATF4,1.9723865877712032,10
NBPF9,1.9723865877712032,10
CYB561,1.9723865877712032,10
OSER1,1.9723865877712032,10
KLHDC3,1.9723865877712032,10
POLR1C,1.9723865877712032,10
GPR89B,1.9723865877712032,10
CCDC78,1.9723865877712032,10
GSTA5,1.9723865877712032,10
TENT5A,1.9723865877712032,10
FAM71F1,1.9723865877712032,10
RBM7,1.9723865877712032,10
SNX21,1.9723865877712032,10
TNFSF15,1.9723865877712032,10
OR1L6,1.9723865877712032,10
UGCG,1.9723865877712032,10
PGAP3,1.9723865877712032,10
GPR89A,1.9723865877712032,10
CBX2,1.9723865877712032,10
HM13,1.9723865877712032,10
MYL2,1.9723865877712032,10
NOC4L,1.9723865877712032,10
SIAH3,1.9723865877712032,10
PHYHD1,1.9723865877712032,10
C21orf62,1.9723865877712032,10
SPHK1,1.9723865877712032,10
EFCAB11,1.9723865877712032,10
RCHY1,1.9723865877712032,10
IFT46,1.9723865877712032,10
CXCR5,1.9723865877712032,10
CARD17,1.9723865877712032,10
DCAF16,1.9723865877712032,10
EI24,1.9723865877712032,10
PHB2,1.9723865877712032,10
IFI35,1.9723865877712032,10
NECAB3,1.9723865877712032,10
PRR14L,1.9723865877712032,10
PARVB,1.9723865877712032,10
SYT15,1.9723865877712032,10
PRSS8,1.9723865877712032,10
VIP,1.9723865877712032,10
RNASET2,1.9723865877712032,10
PPP1R3B,1.9723865877712032,10
POLR3F,1.9723865877712032,10
CD300LG,1.9723865877712032,10
LSM12,1.9723865877712032,10
FN3K,1.9723865877712032,10
NDUFAF5,1.9723865877712032,10
BYSL,1.9723865877712032,10
TOB1,1.9723865877712032,10
DPH5,1.9723865877712032,10
RCE1,1.9723865877712032,10
PIM1,1.9723865877712032,10
TSPO2,1.9723865877712032,10
TLCD1,1.9723865877712032,10
UBE2U,1.9723865877712032,10
STEAP1,1.9723865877712032,10
SNF8,1.9723865877712032,10
PLPPR3,1.9723865877712032,10
GTPBP8,1.9723865877712032,10
CDC37,1.9723865877712032,10
CCNY,1.9723865877712032,10
PEG10,1.9723865877712032,10
TAFA2,1.9723865877712032,10
ALDH3A2,1.9723865877712032,10
RNF217,1.9723865877712032,10
IL36B,1.9723865877712032,10
GUCA1C,1.9723865877712032,10
DIPK2A,1.9723865877712032,10
CCNI,1.9723865877712032,10
NIPA1,1.9723865877712032,10
EIF4A3,1.9723865877712032,10
OSTF1,1.9723865877712032,10
VPS29,1.9723865877712032,10
ECHDC1,1.9723865877712032,10
PSG5,1.9723865877712032,10
SAMD11,1.9723865877712032,10
MCUR1,1.9723865877712032,10
NUDT9,1.9723865877712032,10
EIF3K,1.9723865877712032,10
SPDYC,1.9723865877712032,10
ST6GALNAC6,1.9723865877712032,10
CNPY4,1.9723865877712032,10
CDC20,1.9723865877712032,10
JSRP1,1.9723865877712032,10
MUCL3,1.9723865877712032,10
PAGE3,1.9723865877712032,10
H3C3,1.9723865877712032,10
IL6,1.9723865877712032,10
TEKT2,1.9723865877712032,10
TRIM47,1.9723865877712032,10
RNASEH2A,1.9723865877712032,10
TMEM50A,1.9723865877712032,10
ZSWIM1,1.9723865877712032,10
KCNJ15,1.9723865877712032,10
SLC39A5,1.9723865877712032,10
COQ10A,1.9723865877712032,10
PRIM1,1.9723865877712032,10
NPS,1.9723865877712032,10
B3GNT3,1.9723865877712032,10
RNF175,1.9723865877712032,10
TNFSF14,1.9723865877712032,10
EXO5,1.9723865877712032,10
ARRDC1,1.9723865877712032,10
FCN3,1.9723865877712032,10
SYT5,1.9723865877712032,10
MRPL24,1.9723865877712032,10
IGKV1D-42,1.9723865877712032,10
NOL7,1.9723865877712032,10
TMEM178A,1.9723865877712032,10
BEX4,1.9723865877712032,10
GTSF1,1.9723865877712032,10
LACRT,1.9723865877712032,10
TPST2,1.9723865877712032,10
CHCHD6,1.9723865877712032,10
C7orf33,1.9723865877712032,10
FIBP,1.9723865877712032,10
HDHD5,1.9723865877712032,10
MDH2,1.9723865877712032,10
MEF2B,1.9723865877712032,10
WNT4,1.9723865877712032,10
RNASE11,1.9723865877712032,10
CD99L2,1.9723865877712032,10
GDNF,1.9723865877712032,10
SLC25A4,1.9723865877712032,10
HMGB2,1.9723865877712032,10
SPCS3,1.9723865877712032,10
PPIB,1.9723865877712032,10
WNT11,1.9723865877712032,10
CABP4,1.9723865877712032,10
GOLPH3,1.9723865877712032,10
VSTM1,1.9723865877712032,10
DPP7,1.9723865877712032,10
TNFRSF10C,1.9723865877712032,10
SNX16,1.9723865877712032,10
HLA-DMA,1.9723865877712032,10
C11orf54,1.9723865877712032,10
CCDC24,1.9723865877712032,10
C4orf51,1.9723865877712032,10
CETN3,1.9723865877712032,10
BTF3,1.9723865877712032,10
AMN1,1.9723865877712032,10
BHMT2,1.9723865877712032,10
SSR3,1.9723865877712032,10
ROM1,1.9723865877712032,10
MYG1,1.9723865877712032,10
TUBA1C,1.9723865877712032,10
SPRY3,1.9723865877712032,10
STARD6,1.9723865877712032,10
HNRNPCL1,1.9723865877712032,10
CELA2B,1.9723865877712032,10
SERINC5,1.9723865877712032,10
FAM102A,1.9723865877712032,10
TNFRSF9,1.9723865877712032,10
SLC25A33,1.9723865877712032,10
POP4,1.9723865877712032,10
PCYT2,1.9723865877712032,10
TMEM164,1.9723865877712032,10
GOLGA8A,1.9723865877712032,10
KLK11,1.9723865877712032,10
TRIM54,1.9723865877712032,10
TMEM106C,1.9723865877712032,10
CDO1,1.9723865877712032,10
EIF2B2,1.9723865877712032,10
IGHA1,1.9723865877712032,10
LCN1,1.9723865877712032,10
RAB38,1.9723865877712032,10
ZFAND1,1.9723865877712032,10
SLC10A2,1.9723865877712032,10
SLC39A7,1.9723865877712032,10
TRIL,1.9723865877712032,10
SHB,1.9723865877712032,10
C5orf24,1.9723865877712032,10
SLC25A48,1.9723865877712032,10
FAM131A,1.9723865877712032,10
SEC62,1.9723865877712032,10
RTN4RL2,1.9723865877712032,10
ACRV1,1.9723865877712032,10
CLIC1,1.9723865877712032,10
KCTD21,1.9723865877712032,10
MRPL32,1.9723865877712032,10
BARX2,1.9723865877712032,10
MTX3,1.9723865877712032,10
PLIN5,1.9723865877712032,10
THAP3,1.9723865877712032,10
IL1RL1,1.9723865877712032,10
UBAC1,1.9723865877712032,10
NKAIN3,1.9723865877712032,10
ISOC1,1.9723865877712032,10
REG3G,1.9723865877712032,10
ASB14,1.9723865877712032,10
C3orf52,1.9723865877712032,10
PLSCR1,1.9723865877712032,10
GPBP1L1,1.9723865877712032,10
C5orf15,1.9723865877712032,10
FOSB,1.9723865877712032,10
CTAG2,1.9723865877712032,10
CCN3,1.9723865877712032,10
UBE2W,1.9723865877712032,10
PI16,1.9723865877712032,10
HOXA13,1.9723865877712032,10
FUT1,1.9723865877712032,10
STX19,1.9723865877712032,10
CHP2,1.9723865877712032,10
PRB3,1.9723865877712032,10
VDAC1,1.9723865877712032,10
H1-3,1.9723865877712032,10
RAC1,1.9723865877712032,10
FUT11,1.9723865877712032,10
PWWP2B,1.9723865877712032,10
PIM2,1.9723865877712032,10
HLA-A,1.9723865877712032,10
CALB1,1.9723865877712032,10
PIGC,1.9723865877712032,10
DUSP9,1.9723865877712032,10
GOLT1B,1.9723865877712032,10
YIPF3,1.9723865877712032,10
MIGA2,1.9723865877712032,10
OXTR,1.9723865877712032,10
HCCS,1.9723865877712032,10
DOC2A,1.9723865877712032,10
SSMEM1,1.9723865877712032,10
DBX2,1.9723865877712032,10
SLC38A2,1.9723865877712032,10
PLPP1,1.9723865877712032,10
ACP2,1.9723865877712032,10
SLC39A13,1.9723865877712032,10
ANGPTL4,1.9723865877712032,10
TCEAL8,1.9723865877712032,10
OTOR,1.9723865877712032,10
RPL26L1,1.9723865877712032,10
PSME2,1.9723865877712032,10
CNN2,1.9723865877712032,10
CYGB,1.9723865877712032,10
EDEM2,1.9723865877712032,10
RHEX,1.9723865877712032,10
TSKU,1.9723865877712032,10
PAGE1,1.9723865877712032,10
MTARC1,1.9723865877712032,10
SLC51A,1.9723865877712032,10
VPS26B,1.9723865877712032,10
DMRT3,1.9723865877712032,10
WDR31,1.9723865877712032,10
TM4SF19,1.9723865877712032,10
NAPA,1.9723865877712032,10
MCAT,1.9723865877712032,10
SAMD12,1.9723865877712032,10
NCCRP1,1.9723865877712032,10
FBL,1.9723865877712032,10
TEX29,1.9723865877712032,10
OR7A5,1.9723865877712032,10
POLR1G,1.9723865877712032,10
OPA3,1.9723865877712032,10
LYPD5,1.9723865877712032,10
TNNI3,1.9723865877712032,10
TMEM184B,1.9723865877712032,10
OR1L4,1.9723865877712032,10
SURF4,1.9723865877712032,10
OR10G9,1.9723865877712032,10
FAM24A,1.9723865877712032,10
PDCD4,1.9723865877712032,10
YIPF5,1.9723865877712032,10
FDXACB1,1.9723865877712032,10
RHOXF2B,1.9723865877712032,10
HS3ST1,1.9723865877712032,10
OPN1MW,1.9723865877712032,10
CX3CR1,1.9723865877712032,10
S1PR2,1.9723865877712032,10
ST3GAL4,1.9723865877712032,10
MGAT1,1.9723865877712032,10
TRIM52,1.9723865877712032,10
CACNG5,1.9723865877712032,10
DEGS1,1.9723865877712032,10
LITAF,1.9723865877712032,10
OR6C76,1.9723865877712032,10
ATG5,1.9723865877712032,10
NRSN2,1.9723865877712032,10
EIPR1,1.9723865877712032,10
CNIH3,1.9723865877712032,10
NUTM2A,1.9723865877712032,10
C9orf152,1.9723865877712032,10
GATA2,1.9723865877712032,10
GDAP1L1,1.9723865877712032,10
C9orf64,1.9723865877712032,10
RAB23,1.9723865877712032,10
OR52I1,1.9723865877712032,10
SLC35D2,1.9723865877712032,10
SPAG8,1.9723865877712032,10
DNAJB12,1.9723865877712032,10
CRP,1.9723865877712032,10
KLF6,1.9723865877712032,10
TCTE3,1.9723865877712032,10
ACOT8,1.9723865877712032,10
EEF1AKMT1,1.9723865877712032,10
CLDN8,1.9723865877712032,10
H2AC11,1.9723865877712032,10
H2BC14,1.9723865877712032,10
KIAA0895,1.9723865877712032,10
BOLA3,1.9723865877712032,10
SSBP4,1.9723865877712032,10
TIA1,1.9723865877712032,10
XPA,1.9723865877712032,10
HACD4,1.9723865877712032,10
C1orf198,1.9723865877712032,10
RASSF8,1.9723865877712032,10
SLC2A10,1.9723865877712032,10
YIF1B,1.9723865877712032,10
IFNB1,1.9723865877712032,10
PTHLH,1.9723865877712032,10
HTRA1,1.9723865877712032,10
LRMDA,1.9723865877712032,10
FAM83F,1.7751479289940828,9
BRICD5,1.7751479289940828,9
SH2B2,1.7751479289940828,9
KRTAP5-11,1.7751479289940828,9
MRPL50,1.7751479289940828,9
CD72,1.7751479289940828,9
ACAD8,1.7751479289940828,9
CARD18,1.7751479289940828,9
ANKRD20A2P,1.7751479289940828,9
MECR,1.7751479289940828,9
CD3D,1.7751479289940828,9
TAGLN,1.7751479289940828,9
C6orf62,1.7751479289940828,9
IFNA16,1.7751479289940828,9
KCNK4,1.7751479289940828,9
OR8B4,1.7751479289940828,9
GSTA3,1.7751479289940828,9
CD274,1.7751479289940828,9
GPN3,1.7751479289940828,9
LIN37,1.7751479289940828,9
SOD1,1.7751479289940828,9
AQP10,1.7751479289940828,9
ZFP36,1.7751479289940828,9
NFYC,1.7751479289940828,9
RGL4,1.7751479289940828,9
E2F6,1.7751479289940828,9
SUMF2,1.7751479289940828,9
ATP6V1E1,1.7751479289940828,9
POLR2F,1.7751479289940828,9
POMP,1.7751479289940828,9
MSX2,1.7751479289940828,9
FOXI1,1.7751479289940828,9
ZDHHC19,1.7751479289940828,9
SMCO1,1.7751479289940828,9
CCDC90B,1.7751479289940828,9
UBE2V2,1.7751479289940828,9
ANP32B,1.7751479289940828,9
MARCHF8,1.7751479289940828,9
MSRB2,1.7751479289940828,9
TBATA,1.7751479289940828,9
DDIT4,1.7751479289940828,9
NHLRC1,1.7751479289940828,9
THG1L,1.7751479289940828,9
B3GNT9,1.7751479289940828,9
TMED6,1.7751479289940828,9
IMMP2L,1.7751479289940828,9
SLC25A22,1.7751479289940828,9
CFAP299,1.7751479289940828,9
MOB1B,1.7751479289940828,9
CTXN3,1.7751479289940828,9
H4C9,1.7751479289940828,9
PPP1R14C,1.7751479289940828,9
NDFIP1,1.7751479289940828,9
EMG1,1.7751479289940828,9
CNOT8,1.7751479289940828,9
LRTM2,1.7751479289940828,9
OR51L1,1.7751479289940828,9
FAM53C,1.7751479289940828,9
CXXC5,1.7751479289940828,9
CD27,1.7751479289940828,9
FAM222A,1.7751479289940828,9
POU5F2,1.7751479289940828,9
AGMAT,1.7751479289940828,9
RERG,1.7751479289940828,9
TNFSF8,1.7751479289940828,9
C1QTNF4,1.7751479289940828,9
PPT2,1.7751479289940828,9
FAM166A,1.7751479289940828,9
PLPP7,1.7751479289940828,9
NME5,1.7751479289940828,9
PPIC,1.7751479289940828,9
AS3MT,1.7751479289940828,9
TSPAN10,1.7751479289940828,9
OR4C11,1.7751479289940828,9
PYGO2,1.7751479289940828,9
NKIRAS1,1.7751479289940828,9
APOD,1.7751479289940828,9
B3GAT3,1.7751479289940828,9
CSKMT,1.7751479289940828,9
LHX3,1.7751479289940828,9
PSMB5,1.7751479289940828,9
LGALS9C,1.7751479289940828,9
ANP32D,1.7751479289940828,9
AEBP2,1.7751479289940828,9
POTEM,1.7751479289940828,9
CGRRF1,1.7751479289940828,9
NUBP2,1.7751479289940828,9
PABPN1L,1.7751479289940828,9
PATE1,1.7751479289940828,9
H2AJ,1.7751479289940828,9
SRSF8,1.7751479289940828,9
TP53I11,1.7751479289940828,9
ARMC10,1.7751479289940828,9
CENATAC,1.7751479289940828,9
RWDD4,1.7751479289940828,9
DRAM2,1.7751479289940828,9
ZNF276,1.7751479289940828,9
PIRT,1.7751479289940828,9
H1-0,1.7751479289940828,9
ANAPC15,1.7751479289940828,9
AAMDC,1.7751479289940828,9
LYSMD3,1.7751479289940828,9
SGTB,1.7751479289940828,9
NLN,1.7751479289940828,9
ANKRA2,1.7751479289940828,9
WDR83,1.7751479289940828,9
OR1F1,1.7751479289940828,9
SS18L1,1.7751479289940828,9
FADS1,1.7751479289940828,9
DNASE2,1.7751479289940828,9
SHMT2,1.7751479289940828,9
PPIH,1.7751479289940828,9
SHISAL2A,1.7751479289940828,9
CDRT4,1.7751479289940828,9
PYCR1,1.7751479289940828,9
ANGPTL6,1.7751479289940828,9
OR6C2,1.7751479289940828,9
RIN1,1.7751479289940828,9
BRMS1,1.7751479289940828,9
UCP2,1.7751479289940828,9
C5orf22,1.7751479289940828,9
DNAJB8,1.7751479289940828,9
ARGFX,1.7751479289940828,9
FAM162A,1.7751479289940828,9
TAS2R1,1.7751479289940828,9
S100A4,1.7751479289940828,9
RGS16,1.7751479289940828,9
IGKV6D-41,1.7751479289940828,9
SPRING1,1.7751479289940828,9
GPHB5,1.7751479289940828,9
RAB1B,1.7751479289940828,9
ZFAND3,1.7751479289940828,9
ZNF296,1.7751479289940828,9
KLK2,1.7751479289940828,9
PTPA,1.7751479289940828,9
PEX7,1.7751479289940828,9
ARL6,1.7751479289940828,9
CCDC58,1.7751479289940828,9
CCNG2,1.7751479289940828,9
CACNG1,1.7751479289940828,9
OR7D2,1.7751479289940828,9
EDARADD,1.7751479289940828,9
SEC13,1.7751479289940828,9
SEC22C,1.7751479289940828,9
GLIPR2,1.7751479289940828,9
IGF2,1.7751479289940828,9
MEIS3,1.7751479289940828,9
C21orf91,1.7751479289940828,9
COQ4,1.7751479289940828,9
ICAM2,1.7751479289940828,9
CARD16,1.7751479289940828,9
TCEAL3,1.7751479289940828,9
ERI3,1.7751479289940828,9
ANXA3,1.7751479289940828,9
PAQR3,1.7751479289940828,9
NAA11,1.7751479289940828,9
SMTNL2,1.7751479289940828,9
NMI,1.7751479289940828,9
THAP1,1.7751479289940828,9
MAJIN,1.7751479289940828,9
SULT4A1,1.7751479289940828,9
MIOX,1.7751479289940828,9
AMELX,1.7751479289940828,9
FBXO39,1.7751479289940828,9
SIRPD,1.7751479289940828,9
OR1N1,1.7751479289940828,9
DNAJC24,1.7751479289940828,9
FBXL14,1.7751479289940828,9
MANSC1,1.7751479289940828,9
ODAM,1.7751479289940828,9
MTHFD2L,1.7751479289940828,9
PARM1,1.7751479289940828,9
NIPAL1,1.7751479289940828,9
TM4SF1,1.7751479289940828,9
MED20,1.7751479289940828,9
MRPS10,1.7751479289940828,9
MRPL16,1.7751479289940828,9
NFKBIE,1.7751479289940828,9
PLAAT3,1.7751479289940828,9
PSMB7,1.7751479289940828,9
TPI1,1.7751479289940828,9
IGHV1-45,1.7751479289940828,9
MGST1,1.7751479289940828,9
MORN3,1.7751479289940828,9
DRAM1,1.7751479289940828,9
LRPAP1,1.7751479289940828,9
NSG1,1.7751479289940828,9
RNF212,1.7751479289940828,9
GUCA1A,1.7751479289940828,9
SIAH2,1.7751479289940828,9
PLSCR3,1.7751479289940828,9
TMEM92,1.7751479289940828,9
ANKRD33,1.7751479289940828,9
BTNL9,1.7751479289940828,9
OR4D9,1.7751479289940828,9
DDRGK1,1.7751479289940828,9
MAGEF1,1.7751479289940828,9
NODAL,1.7751479289940828,9
SRC,1.7751479289940828,9
RHEB,1.7751479289940828,9
UNG,1.7751479289940828,9
SDS,1.7751479289940828,9
HTR3D,1.7751479289940828,9
FKBP7,1.7751479289940828,9
CREB1,1.7751479289940828,9
GDF11,1.7751479289940828,9
MRPL10,1.7751479289940828,9
ATP6V1E2,1.7751479289940828,9
HARBI1,1.7751479289940828,9
ARG1,1.7751479289940828,9
MTCH2,1.7751479289940828,9
GRWD1,1.7751479289940828,9
EXOC3L2,1.7751479289940828,9
TIMM23,1.7751479289940828,9
ZDHHC21,1.7751479289940828,9
PLIN2,1.7751479289940828,9
IL20RB,1.7751479289940828,9
HMGB1,1.7751479289940828,9
COPZ1,1.7751479289940828,9
LHFPL6,1.7751479289940828,9
C12orf65,1.7751479289940828,9
FBXO48,1.7751479289940828,9
GKN2,1.7751479289940828,9
RABL2A,1.7751479289940828,9
CTDSP1,1.7751479289940828,9
MTFR2,1.7751479289940828,9
KLHL21,1.7751479289940828,9
ADCK5,1.7751479289940828,9
MVD,1.7751479289940828,9
RNASE6,1.7751479289940828,9
RAB28,1.7751479289940828,9
MCUB,1.7751479289940828,9
CLN5,1.7751479289940828,9
C1QTNF7,1.7751479289940828,9
THOC7,1.7751479289940828,9
ARL6IP5,1.7751479289940828,9
EBLN2,1.7751479289940828,9
BPIFA2,1.7751479289940828,9
NKX2-2,1.7751479289940828,9
HTATIP2,1.7751479289940828,9
DIMT1,1.7751479289940828,9
TMEM190,1.7751479289940828,9
LEMD2,1.7751479289940828,9
KCNE4,1.7751479289940828,9
FKBP3,1.7751479289940828,9
TCTN3,1.7751479289940828,9
ACOT7,1.7751479289940828,9
MFAP2,1.7751479289940828,9
C4orf45,1.7751479289940828,9
DMRT1,1.7751479289940828,9
MAPKAPK3,1.7751479289940828,9
TMEM52,1.7751479289940828,9
H2BC5,1.7751479289940828,9
CLEC10A,1.7751479289940828,9
REPIN1,1.7751479289940828,9
E2F2,1.7751479289940828,9
RCC1,1.7751479289940828,9
OGG1,1.7751479289940828,9
RPUSD3,1.7751479289940828,9
B3GNT7,1.7751479289940828,9
C3orf22,1.7751479289940828,9
GTF3A,1.7751479289940828,9
IL5,1.7751479289940828,9
GPT,1.7751479289940828,9
CFL2,1.7751479289940828,9
NFKBIA,1.7751479289940828,9
IP6K2,1.7751479289940828,9
DALRD3,1.7751479289940828,9
EXOSC7,1.7751479289940828,9
FRZB,1.7751479289940828,9
PRKAG1,1.7751479289940828,9
FAM220A,1.7751479289940828,9
KLC3,1.7751479289940828,9
MYPOP,1.7751479289940828,9
EPM2A,1.7751479289940828,9
PDPN,1.7751479289940828,9
TMPPE,1.7751479289940828,9
CATIP,1.7751479289940828,9
EEF1B2,1.7751479289940828,9
TEX44,1.7751479289940828,9
PSMA3,1.7751479289940828,9
KCNRG,1.7751479289940828,9
CSNK1A1L,1.7751479289940828,9
CCL20,1.7751479289940828,9
ANGPTL7,1.7751479289940828,9
TDRP,1.7751479289940828,9
GSPT1,1.7751479289940828,9
DRC3,1.7751479289940828,9
FBLIM1,1.7751479289940828,9
TAF10,1.7751479289940828,9
CHRFAM7A,1.7751479289940828,9
IVD,1.7751479289940828,9
CAV2,1.7751479289940828,9
UNC50,1.7751479289940828,9
PDCL3,1.7751479289940828,9
LHFPL4,1.7751479289940828,9
DCK,1.7751479289940828,9
FITM1,1.7751479289940828,9
SAR1B,1.7751479289940828,9
GPR1,1.7751479289940828,9
TMEM244,1.7751479289940828,9
PFN4,1.7751479289940828,9
KCNK3,1.7751479289940828,9
RGMB,1.7751479289940828,9
LYPD3,1.7751479289940828,9
TOR3A,1.7751479289940828,9
RMDN1,1.7751479289940828,9
IGHV3-16,1.7751479289940828,9
IGKV1-5,1.7751479289940828,9
FIZ1,1.7751479289940828,9
TERB2,1.7751479289940828,9
SORD,1.7751479289940828,9
ELMOD3,1.7751479289940828,9
MTFMT,1.7751479289940828,9
TMEM127,1.7751479289940828,9
RSRP1,1.7751479289940828,9
TMEM176A,1.7751479289940828,9
CCN2,1.7751479289940828,9
ISL2,1.7751479289940828,9
SCAMP2,1.7751479289940828,9
COMMD4,1.7751479289940828,9
CNRIP1,1.7751479289940828,9
GIMAP5,1.7751479289940828,9
IGFBP2,1.7751479289940828,9
SNTN,1.7751479289940828,9
AGR2,1.7751479289940828,9
NMS,1.7751479289940828,9
EGLN1,1.7751479289940828,9
P4HTM,1.7751479289940828,9
C9orf78,1.7751479289940828,9
FABP9,1.7751479289940828,9
SLC25A32,1.7751479289940828,9
SPIN4,1.7751479289940828,9
OR52B4,1.7751479289940828,9
CRYGA,1.7751479289940828,9
AP3S1,1.7751479289940828,9
PSMA2,1.7751479289940828,9
TPK1,1.7751479289940828,9
GALM,1.7751479289940828,9
C16orf90,1.7751479289940828,9
SCARF2,1.7751479289940828,9
CRYBB3,1.7751479289940828,9
CIB2,1.7751479289940828,9
RGS11,1.7751479289940828,9
GEMIN6,1.7751479289940828,9
MIEF2,1.7751479289940828,9
SNTA1,1.7751479289940828,9
PEX11A,1.7751479289940828,9
TLCD4,1.7751479289940828,9
NHEJ1,1.7751479289940828,9
MAPK1IP1L,1.7751479289940828,9
ABHD11,1.7751479289940828,9
SIX3,1.7751479289940828,9
PRR30,1.7751479289940828,9
NXPH3,1.7751479289940828,9
BMERB1,1.7751479289940828,9
ARL6IP1,1.7751479289940828,9
NTHL1,1.7751479289940828,9
NPFFR1,1.7751479289940828,9
YIPF4,1.7751479289940828,9
FEZ2,1.7751479289940828,9
ACR,1.7751479289940828,9
NTSR2,1.7751479289940828,9
LAPTM4A,1.7751479289940828,9
ABHD1,1.7751479289940828,9
POLDIP3,1.7751479289940828,9
ARPIN,1.7751479289940828,9
ROGDI,1.7751479289940828,9
PDZD9,1.7751479289940828,9
TSPAN32,1.7751479289940828,9
NCF1,1.7751479289940828,9
RCC1L,1.7751479289940828,9
SPDYE5,1.7751479289940828,9
TDGF1,1.7751479289940828,9
KLHL30,1.7751479289940828,9
ASPHD1,1.7751479289940828,9
AQP8,1.7751479289940828,9
CYB5D2,1.7751479289940828,9
VTN,1.7751479289940828,9
TRAF4,1.7751479289940828,9
ADK,1.7751479289940828,9
ZNHIT2,1.7751479289940828,9
PURG,1.7751479289940828,9
RASSF1,1.7751479289940828,9
PLEKHA2,1.7751479289940828,9
FAM107A,1.7751479289940828,9
TMEM40,1.7751479289940828,9
CMTM8,1.7751479289940828,9
CTDSPL,1.7751479289940828,9
SIRT3,1.7751479289940828,9
KRTAP5-1,1.7751479289940828,9
IGHV3OR16-8,1.7751479289940828,9
RUSF1,1.7751479289940828,9
MFNG,1.7751479289940828,9
PRSS54,1.7751479289940828,9
CMTM2,1.7751479289940828,9
DNAJB7,1.7751479289940828,9
NTSR1,1.7751479289940828,9
KCNJ6,1.7751479289940828,9
MPG,1.7751479289940828,9
KRT24,1.7751479289940828,9
B3GNTL1,1.7751479289940828,9
GSTO1,1.7751479289940828,9
APOL4,1.7751479289940828,9
TXN2,1.7751479289940828,9
OSM,1.7751479289940828,9
ATP6V0D1,1.7751479289940828,9
ATF3,1.7751479289940828,9
CBX5,1.7751479289940828,9
TSPAN8,1.7751479289940828,9
TSNAX,1.7751479289940828,9
TEPP,1.7751479289940828,9
USB1,1.7751479289940828,9
SOCS3,1.7751479289940828,9
DHODH,1.7751479289940828,9
FA2H,1.7751479289940828,9
SHISA4,1.7751479289940828,9
RFLNB,1.7751479289940828,9
RHOJ,1.7751479289940828,9
SRR,1.7751479289940828,9
CRK,1.7751479289940828,9
IRAK1BP1,1.7751479289940828,9
CD28,1.7751479289940828,9
MYOG,1.7751479289940828,9
MDM4,1.7751479289940828,9
MARVELD3,1.7751479289940828,9
YOD1,1.7751479289940828,9
TERF2,1.7751479289940828,9
IGLL1,1.7751479289940828,9
VSIG8,1.7751479289940828,9
BMP8A,1.7751479289940828,9
C1orf146,1.7751479289940828,9
EIF5A2,1.7751479289940828,9
SRI,1.7751479289940828,9
HSD17B8,1.7751479289940828,9
RPL22L1,1.7751479289940828,9
MEAK7,1.7751479289940828,9
KIAA0513,1.7751479289940828,9
IGHV3-73,1.7751479289940828,9
NABP1,1.7751479289940828,9
SRP14,1.7751479289940828,9
ADRB3,1.7751479289940828,9
RGS18,1.7751479289940828,9
KRTAP10-7,1.7751479289940828,9
FAM207A,1.7751479289940828,9
PPOX,1.7751479289940828,9
LIPK,1.7751479289940828,9
FGL1,1.7751479289940828,9
FGF17,1.7751479289940828,9
PHYHIP,1.7751479289940828,9
FIS1,1.7751479289940828,9
HOGA1,1.7751479289940828,9
CPSF4,1.7751479289940828,9
FNDC8,1.7751479289940828,9
SLC25A35,1.7751479289940828,9
NDEL1,1.7751479289940828,9
TRIM16,1.7751479289940828,9
CTSZ,1.7751479289940828,9
RPAIN,1.7751479289940828,9
MMP25,1.7751479289940828,9
CDK5R1,1.7751479289940828,9
PEDS1-UBE2V1,1.7751479289940828,9
PRSS1,1.7751479289940828,9
PHYKPL,1.7751479289940828,9
MRNIP,1.7751479289940828,9
COMMD8,1.7751479289940828,9
NEUROG2,1.7751479289940828,9
CHAC2,1.7751479289940828,9
CHST13,1.7751479289940828,9
RARRES1,1.7751479289940828,9
RASL10B,1.7751479289940828,9
CCL3L3,1.7751479289940828,9
PMM2,1.7751479289940828,9
CFC1,1.7751479289940828,9
RSKR,1.7751479289940828,9
DUSP3,1.7751479289940828,9
DHRS13,1.7751479289940828,9
C17orf75,1.7751479289940828,9
KCNAB2,1.7751479289940828,9
SAMD14,1.7751479289940828,9
SDC4,1.7751479289940828,9
DNTTIP1,1.7751479289940828,9
WFIKKN2,1.7751479289940828,9
GIMAP6,1.7751479289940828,9
TAS2R4,1.7751479289940828,9
CLEC5A,1.7751479289940828,9
CTHRC1,1.7751479289940828,9
TAS2R46,1.7751479289940828,9
CEP41,1.7751479289940828,9
RAB22A,1.7751479289940828,9
NOTUM,1.7751479289940828,9
C1QL2,1.7751479289940828,9
RNF114,1.7751479289940828,9
GALK1,1.7751479289940828,9
ST6GALNAC2,1.7751479289940828,9
ZNF830,1.7751479289940828,9
RAB31,1.7751479289940828,9
EPHX3,1.7751479289940828,9
NRBF2,1.7751479289940828,9
GPANK1,1.7751479289940828,9
OR2A12,1.7751479289940828,9
RANGAP1,1.7751479289940828,9
PGLYRP3,1.7751479289940828,9
S100A7L2,1.7751479289940828,9
HAPLN4,1.7751479289940828,9
R3HDML,1.7751479289940828,9
CD320,1.7751479289940828,9
RAB8A,1.7751479289940828,9
EVI2B,1.7751479289940828,9
AL133500.1,1.7751479289940828,9
MMGT1,1.7751479289940828,9
PPIAL4A,1.7751479289940828,9
SFTPB,1.7751479289940828,9
ITPRIPL2,1.7751479289940828,9
CRYM,1.7751479289940828,9
SEPHS2,1.7751479289940828,9
DDX41,1.7751479289940828,9
AC242842.3,1.7751479289940828,9
GSDMB,1.7751479289940828,9
DEFB118,1.7751479289940828,9
CCM2L,1.7751479289940828,9
HRH3,1.7751479289940828,9
CCL7,1.7751479289940828,9
THEM4,1.7751479289940828,9
LCE2B,1.7751479289940828,9
SEH1L,1.7751479289940828,9
SNX5,1.7751479289940828,9
OVOL2,1.7751479289940828,9
EN2,1.7751479289940828,9
CNPY1,1.7751479289940828,9
ZNF22,1.7751479289940828,9
MSMB,1.7751479289940828,9
PRR35,1.7751479289940828,9
RPS2,1.7751479289940828,9
NUDT13,1.7751479289940828,9
MVB12A,1.7751479289940828,9
RUNDC1,1.7751479289940828,9
MAB21L3,1.7751479289940828,9
CST5,1.7751479289940828,9
DUSP15,1.7751479289940828,9
CTSS,1.7751479289940828,9
IDH3B,1.7751479289940828,9
BUD31,1.7751479289940828,9
LYPD4,1.7751479289940828,9
LYZL1,1.7751479289940828,9
SLC25A37,1.7751479289940828,9
STX7,1.7751479289940828,9
FDFT1,1.7751479289940828,9
FAM53B,1.7751479289940828,9
CST4,1.7751479289940828,9
ANKRD29,1.7751479289940828,9
ANKRD40,1.7751479289940828,9
DDAH1,1.7751479289940828,9
CYB561D1,1.7751479289940828,9
HVCN1,1.7751479289940828,9
DERL3,1.7751479289940828,9
PSMG2,1.7751479289940828,9
ZNF691,1.7751479289940828,9
VPS37A,1.7751479289940828,9
NFATC2IP,1.7751479289940828,9
HPGDS,1.7751479289940828,9
LSMEM1,1.7751479289940828,9
TSC22D4,1.7751479289940828,9
CDKN2C,1.7751479289940828,9
YIPF1,1.7751479289940828,9
GRIN3B,1.7751479289940828,9
ADAMTSL5,1.7751479289940828,9
CELF5,1.7751479289940828,9
STC2,1.7751479289940828,9
UBE2Z,1.7751479289940828,9
PPP1R9B,1.7751479289940828,9
TYMP,1.7751479289940828,9
PRADC1,1.7751479289940828,9
TMED5,1.7751479289940828,9
ARHGEF38,1.7751479289940828,9
PDZK1IP1,1.7751479289940828,9
CD58,1.7751479289940828,9
SLAMF8,1.7751479289940828,9
TFAP2E,1.7751479289940828,9
OSCP1,1.7751479289940828,9
ZNF524,1.7751479289940828,9
ATG4D,1.7751479289940828,9
SERINC2,1.7751479289940828,9
VWA1,1.7751479289940828,9
RPS8,1.7751479289940828,9
GH2,1.7751479289940828,9
PITPNC1,1.7751479289940828,9
SPANXB1,1.7751479289940828,9
TEX45,1.7751479289940828,9
CAPZB,1.7751479289940828,9
PLA2G5,1.7751479289940828,9
PINK1,1.7751479289940828,9
GATA6,1.7751479289940828,9
C1QA,1.7751479289940828,9
HSF1,1.7751479289940828,9
CACNG6,1.7751479289940828,9
TFPT,1.7751479289940828,9
FKBPL,1.7751479289940828,9
TNFRSF10A,1.7751479289940828,9
MRPL15,1.7751479289940828,9
CCL4,1.7751479289940828,9
SIRPG,1.7751479289940828,9
KHDRBS1,1.7751479289940828,9
MATN1,1.7751479289940828,9
BABAM1,1.7751479289940828,9
SPSB1,1.7751479289940828,9
TRAV6,1.7751479289940828,9
NUDT5,1.7751479289940828,9
WFDC3,1.7751479289940828,9
ICMT,1.7751479289940828,9
PARK7,1.7751479289940828,9
PGAM2,1.7751479289940828,9
EFS,1.7751479289940828,9
IL25,1.7751479289940828,9
DFFA,1.7751479289940828,9
SLC25A42,1.7751479289940828,9
TSEN34,1.7751479289940828,9
CDIPT,1.7751479289940828,9
DPF1,1.7751479289940828,9
NDUFV2,1.7751479289940828,9
VAPA,1.7751479289940828,9
DNAJC5G,1.7751479289940828,9
RBKS,1.7751479289940828,9
GRINA,1.7751479289940828,9
DIPK1C,1.7751479289940828,9
RGS5,1.7751479289940828,9
EFHD1,1.7751479289940828,9
GNG4,1.7751479289940828,9
RDH10,1.7751479289940828,9
LANCL1,1.7751479289940828,9
GYPE,1.7751479289940828,9
F2RL2,1.7751479289940828,9
BARHL1,1.7751479289940828,9
WTIP,1.7751479289940828,9
TREM2,1.7751479289940828,9
CALU,1.7751479289940828,9
ERI1,1.7751479289940828,9
CENPO,1.7751479289940828,9
IRF3,1.7751479289940828,9
FUT2,1.7751479289940828,9
NAGA,1.7751479289940828,9
MTCH1,1.7751479289940828,9
AK3,1.7751479289940828,9
PLEKHF2,1.7751479289940828,9
GINS3,1.7751479289940828,9
S1PR4,1.7751479289940828,9
ROPN1,1.7751479289940828,9
GNA15,1.7751479289940828,9
XAGE2,1.7751479289940828,9
SPIN2A,1.7751479289940828,9
STAP2,1.7751479289940828,9
IFI30,1.7751479289940828,9
VCX,1.7751479289940828,9
FGF21,1.7751479289940828,9
C5AR1,1.7751479289940828,9
NFAM1,1.7751479289940828,9
RIBC2,1.7751479289940828,9
TSPAN16,1.7751479289940828,9
RDH16,1.7751479289940828,9
RAB14,1.7751479289940828,9
RBM18,1.7751479289940828,9
OR1J2,1.7751479289940828,9
PPP1CC,1.7751479289940828,9
AIF1L,1.7751479289940828,9
TPM3,1.7751479289940828,9
NYX,1.7751479289940828,9
CLEC4G,1.7751479289940828,9
TCEAL9,1.7751479289940828,9
MSRB3,1.7751479289940828,9
TST,1.7751479289940828,9
EFNA4,1.7751479289940828,9
ALKBH4,1.7751479289940828,9
UBE2D1,1.7751479289940828,9
SEC22A,1.7751479289940828,9
NRN1,1.7751479289940828,9
H1-2,1.7751479289940828,9
MRPL14,1.7751479289940828,9
HOMER3,1.7751479289940828,9
RNASEH1,1.7751479289940828,9
VASH2,1.7751479289940828,9
HSH2D,1.7751479289940828,9
JOSD1,1.7751479289940828,9
AJUBA,1.7751479289940828,9
INA,1.7751479289940828,9
TIMP1,1.7751479289940828,9
RAB9B,1.7751479289940828,9
CSN1S1,1.7751479289940828,9
AKIRIN2,1.7751479289940828,9
TSSC4,1.7751479289940828,9
ARMT1,1.7751479289940828,9
MOB3B,1.7751479289940828,9
NDUFB6,1.7751479289940828,9
CHMP5,1.7751479289940828,9
EIF6,1.7751479289940828,9
SPAG4,1.7751479289940828,9
EFNA5,1.7751479289940828,9
SNCG,1.7751479289940828,9
DHH,1.7751479289940828,9
CSTL1,1.7751479289940828,9
CST11,1.7751479289940828,9
SPRED3,1.7751479289940828,9
RGS10,1.7751479289940828,9
H3C6,1.7751479289940828,9
CD3G,1.7751479289940828,9
NAT8,1.7751479289940828,9
RAB5A,1.7751479289940828,9
CD200R1,1.7751479289940828,9
C3orf70,1.7751479289940828,9
C11orf87,1.7751479289940828,9
DNAJC12,1.7751479289940828,9
ZBTB44,1.7751479289940828,9
CEACAM6,1.7751479289940828,9
ZNF880,1.7751479289940828,9
TRIM8,1.7751479289940828,9
COX15,1.7751479289940828,9
DCDC2B,1.7751479289940828,9
VPS11,1.7751479289940828,9
REXO2,1.5779092702169626,8
CLDN19,1.5779092702169626,8
LY86,1.5779092702169626,8
EEF1E1,1.5779092702169626,8
GCNT2,1.5779092702169626,8
CCDC153,1.5779092702169626,8
GSTM3,1.5779092702169626,8
TPMT,1.5779092702169626,8
SPINK13,1.5779092702169626,8
FADD,1.5779092702169626,8
TMEM109,1.5779092702169626,8
TMEM126A,1.5779092702169626,8
OAF,1.5779092702169626,8
PSMD13,1.5779092702169626,8
RACK1,1.5779092702169626,8
TIRAP,1.5779092702169626,8
RAD52,1.5779092702169626,8
CD300E,1.5779092702169626,8
AZU1,1.5779092702169626,8
NOP16,1.5779092702169626,8
CD81,1.5779092702169626,8
CREBL2,1.5779092702169626,8
GPX3,1.5779092702169626,8
RAB27A,1.5779092702169626,8
GDE1,1.5779092702169626,8
MMP7,1.5779092702169626,8
H4C6,1.5779092702169626,8
H3C8,1.5779092702169626,8
TRGV9,1.5779092702169626,8
CCDC70,1.5779092702169626,8
PIANP,1.5779092702169626,8
RELL2,1.5779092702169626,8
ZMAT2,1.5779092702169626,8
CLEC4C,1.5779092702169626,8
TSPAN9,1.5779092702169626,8
ERP27,1.5779092702169626,8
KLRB1,1.5779092702169626,8
KIN,1.5779092702169626,8
MAFK,1.5779092702169626,8
REEP3,1.5779092702169626,8
AEN,1.5779092702169626,8
OR51I1,1.5779092702169626,8
TAPBPL,1.5779092702169626,8
COX6C,1.5779092702169626,8
TRIM40,1.5779092702169626,8
LHFPL3,1.5779092702169626,8
POMK,1.5779092702169626,8
CLEC4D,1.5779092702169626,8
HLA-E,1.5779092702169626,8
C6orf136,1.5779092702169626,8
ZNF641,1.5779092702169626,8
LRRC73,1.5779092702169626,8
DIRAS2,1.5779092702169626,8
TMOD1,1.5779092702169626,8
TMEM38B,1.5779092702169626,8
CABP1,1.5779092702169626,8
PPIL1,1.5779092702169626,8
TREML1,1.5779092702169626,8
CXCL12,1.5779092702169626,8
TAS2R19,1.5779092702169626,8
HLA-DPA1,1.5779092702169626,8
CWC15,1.5779092702169626,8
AP5B1,1.5779092702169626,8
ISY1-RAB43,1.5779092702169626,8
ELOVL1,1.5779092702169626,8
DKKL1,1.5779092702169626,8
IDNK,1.5779092702169626,8
TXNDC15,1.5779092702169626,8
TUBA1B,1.5779092702169626,8
TMEM267,1.5779092702169626,8
PELO,1.5779092702169626,8
HSPA1A,1.5779092702169626,8
HLA-DQA1,1.5779092702169626,8
HOXC4,1.5779092702169626,8
TSFM,1.5779092702169626,8
KRT82,1.5779092702169626,8
ATPSCKMT,1.5779092702169626,8
CERS5,1.5779092702169626,8
HSFX1,1.5779092702169626,8
SAP30,1.5779092702169626,8
PRAMEF5,1.5779092702169626,8
LZTFL1,1.5779092702169626,8
FRG1,1.5779092702169626,8
HLA-DOA,1.5779092702169626,8
RAB20,1.5779092702169626,8
PIP4P2,1.5779092702169626,8
TATDN1,1.5779092702169626,8
LYNX1,1.5779092702169626,8
POLR1D,1.5779092702169626,8
KRTAP19-8,1.5779092702169626,8
RAB5B,1.5779092702169626,8
IGLV3-27,1.5779092702169626,8
TMEM154,1.5779092702169626,8
ADH5,1.5779092702169626,8
GAR1,1.5779092702169626,8
ATP23,1.5779092702169626,8
TNFSF12-TNFSF13,1.5779092702169626,8
NT5C3B,1.5779092702169626,8
FADS6,1.5779092702169626,8
RHOT2,1.5779092702169626,8
RAP1A,1.5779092702169626,8
NIPSNAP2,1.5779092702169626,8
TMEM70,1.5779092702169626,8
CBLN3,1.5779092702169626,8
NDUFS8,1.5779092702169626,8
JCHAIN,1.5779092702169626,8
EREG,1.5779092702169626,8
KCNIP4,1.5779092702169626,8
AQP5,1.5779092702169626,8
TAMALIN,1.5779092702169626,8
FAM168A,1.5779092702169626,8
PLEKHB1,1.5779092702169626,8
MRPL45,1.5779092702169626,8
PSME3,1.5779092702169626,8
PPP1R2,1.5779092702169626,8
FAM216A,1.5779092702169626,8
CYTL1,1.5779092702169626,8
PGAM1,1.5779092702169626,8
UBE2L6,1.5779092702169626,8
PSMD9,1.5779092702169626,8
IL31,1.5779092702169626,8
PDLIM2,1.5779092702169626,8
CHST14,1.5779092702169626,8
TPM1,1.5779092702169626,8
AAGAB,1.5779092702169626,8
PTX3,1.5779092702169626,8
WSB2,1.5779092702169626,8
UNC119B,1.5779092702169626,8
OR1Q1,1.5779092702169626,8
PRDX2,1.5779092702169626,8
ORAI2,1.5779092702169626,8
PXMP2,1.5779092702169626,8
MRAS,1.5779092702169626,8
RAN,1.5779092702169626,8
SELENOT,1.5779092702169626,8
PPP1R17,1.5779092702169626,8
TRBV24-1,1.5779092702169626,8
CCS,1.5779092702169626,8
RAD9A,1.5779092702169626,8
PPP1R3D,1.5779092702169626,8
EDDM3A,1.5779092702169626,8
QTRT2,1.5779092702169626,8
TMEM155,1.5779092702169626,8
UBXN1,1.5779092702169626,8
MMP11,1.5779092702169626,8
TTLL10,1.5779092702169626,8
RNASE2,1.5779092702169626,8
ETNK2,1.5779092702169626,8
NTN3,1.5779092702169626,8
PRRT1,1.5779092702169626,8
ZNHIT1,1.5779092702169626,8
RNF182,1.5779092702169626,8
UQCRC2,1.5779092702169626,8
ZC3H8,1.5779092702169626,8
MRPL44,1.5779092702169626,8
ATP5PB,1.5779092702169626,8
DHRS2,1.5779092702169626,8
PSME1,1.5779092702169626,8
GMPPB,1.5779092702169626,8
TMEM115,1.5779092702169626,8
GMPR2,1.5779092702169626,8
NR5A1,1.5779092702169626,8
LTB4R,1.5779092702169626,8
GEMIN2,1.5779092702169626,8
FBXO33,1.5779092702169626,8
TTC1,1.5779092702169626,8
H1-5,1.5779092702169626,8
LTA,1.5779092702169626,8
COG8,1.5779092702169626,8
COX4I2,1.5779092702169626,8
CDC42,1.5779092702169626,8
UBL4A,1.5779092702169626,8
POU3F2,1.5779092702169626,8
SYT7,1.5779092702169626,8
SLC49A3,1.5779092702169626,8
DMAC2L,1.5779092702169626,8
LYZL4,1.5779092702169626,8
CAMP,1.5779092702169626,8
CXCL3,1.5779092702169626,8
GPR157,1.5779092702169626,8
UBE2E1,1.5779092702169626,8
LRRC14B,1.5779092702169626,8
PRSS58,1.5779092702169626,8
ADPRM,1.5779092702169626,8
PTGER2,1.5779092702169626,8
PRKAR2A,1.5779092702169626,8
CAMK1,1.5779092702169626,8
COPS8,1.5779092702169626,8
FADS2,1.5779092702169626,8
OR8B2,1.5779092702169626,8
RHOQ,1.5779092702169626,8
DECR2,1.5779092702169626,8
RDH11,1.5779092702169626,8
FBXO36,1.5779092702169626,8
OCEL1,1.5779092702169626,8
IFI27L2,1.5779092702169626,8
TTC19,1.5779092702169626,8
MSRA,1.5779092702169626,8
TMEM165,1.5779092702169626,8
ZNF775,1.5779092702169626,8
TP53I13,1.5779092702169626,8
DCTN2,1.5779092702169626,8
MREG,1.5779092702169626,8
ARPC2,1.5779092702169626,8
BATF,1.5779092702169626,8
TMEM51,1.5779092702169626,8
FIBIN,1.5779092702169626,8
LRAT,1.5779092702169626,8
SLC25A47,1.5779092702169626,8
C2orf69,1.5779092702169626,8
HOXD13,1.5779092702169626,8
HOXD12,1.5779092702169626,8
PHOSPHO2,1.5779092702169626,8
METTL5,1.5779092702169626,8
PTTG1,1.5779092702169626,8
SLC39A14,1.5779092702169626,8
CTBP1,1.5779092702169626,8
HSPB9,1.5779092702169626,8
DNAJC25,1.5779092702169626,8
ALAD,1.5779092702169626,8
MRTO4,1.5779092702169626,8
AGER,1.5779092702169626,8
FCER1G,1.5779092702169626,8
C11orf49,1.5779092702169626,8
RWDD1,1.5779092702169626,8
RAB6C,1.5779092702169626,8
METAP1D,1.5779092702169626,8
NSMCE3,1.5779092702169626,8
METTL8,1.5779092702169626,8
CSN3,1.5779092702169626,8
WASHC3,1.5779092702169626,8
COX11,1.5779092702169626,8
TWSG1,1.5779092702169626,8
DPPA2,1.5779092702169626,8
PLEKHF1,1.5779092702169626,8
CBX7,1.5779092702169626,8
MIER3,1.5779092702169626,8
PCMT1,1.5779092702169626,8
NAXE,1.5779092702169626,8
PARP16,1.5779092702169626,8
MRPL35,1.5779092702169626,8
GNB5,1.5779092702169626,8
DCTN6,1.5779092702169626,8
TRH,1.5779092702169626,8
TAFA1,1.5779092702169626,8
PLPP2,1.5779092702169626,8
MFAP3,1.5779092702169626,8
DLX4,1.5779092702169626,8
ZFYVE19,1.5779092702169626,8
NOB1,1.5779092702169626,8
IYD,1.5779092702169626,8
C1orf174,1.5779092702169626,8
MRPL19,1.5779092702169626,8
REG1B,1.5779092702169626,8
TMEM150A,1.5779092702169626,8
MPI,1.5779092702169626,8
UBE2Q2,1.5779092702169626,8
C19orf12,1.5779092702169626,8
ADRA1D,1.5779092702169626,8
NECAP2,1.5779092702169626,8
PAQR7,1.5779092702169626,8
CMTM6,1.5779092702169626,8
AQP12B,1.5779092702169626,8
C1QL3,1.5779092702169626,8
MS4A2,1.5779092702169626,8
MLC1,1.5779092702169626,8
RAB1A,1.5779092702169626,8
MRPL46,1.5779092702169626,8
PKDCC,1.5779092702169626,8
MPND,1.5779092702169626,8
ARFIP2,1.5779092702169626,8
TMEM42,1.5779092702169626,8
OR4F4,1.5779092702169626,8
MRPL28,1.5779092702169626,8
IL32,1.5779092702169626,8
NENF,1.5779092702169626,8
NREP,1.5779092702169626,8
HEY1,1.5779092702169626,8
R3HDM4,1.5779092702169626,8
TEX43,1.5779092702169626,8
NMRAL1,1.5779092702169626,8
SMARCB1,1.5779092702169626,8
XAGE5,1.5779092702169626,8
SNX12,1.5779092702169626,8
EMP2,1.5779092702169626,8
PRM2,1.5779092702169626,8
CGREF1,1.5779092702169626,8
GIPR,1.5779092702169626,8
KMT5C,1.5779092702169626,8
AL035461.3,1.5779092702169626,8
IGKV3-7,1.5779092702169626,8
POU3F3,1.5779092702169626,8
GREM2,1.5779092702169626,8
RAB10,1.5779092702169626,8
SLC66A3,1.5779092702169626,8
ACAA2,1.5779092702169626,8
METTL9,1.5779092702169626,8
TMEM18,1.5779092702169626,8
RAB40B,1.5779092702169626,8
SH3YL1,1.5779092702169626,8
SLC25A11,1.5779092702169626,8
HOXA4,1.5779092702169626,8
GHRHR,1.5779092702169626,8
ZNF707,1.5779092702169626,8
UBE2R2,1.5779092702169626,8
C16orf92,1.5779092702169626,8
MAPK3,1.5779092702169626,8
GPX2,1.5779092702169626,8
FOXD3,1.5779092702169626,8
PPM1N,1.5779092702169626,8
IL15,1.5779092702169626,8
SNAP47,1.5779092702169626,8
MSI1,1.5779092702169626,8
GJB2,1.5779092702169626,8
CLEC1A,1.5779092702169626,8
GABARAPL1,1.5779092702169626,8
POU6F1,1.5779092702169626,8
PPIA,1.5779092702169626,8
H2AZ2,1.5779092702169626,8
CMTM4,1.5779092702169626,8
E2F4,1.5779092702169626,8
C1orf74,1.5779092702169626,8
B3GNT6,1.5779092702169626,8
GLIPR1L1,1.5779092702169626,8
CD37,1.5779092702169626,8
C1orf216,1.5779092702169626,8
AKT1S1,1.5779092702169626,8
CHRNA10,1.5779092702169626,8
HUS1,1.5779092702169626,8
MED22,1.5779092702169626,8
TSPAN33,1.5779092702169626,8
STX6,1.5779092702169626,8
IFNA2,1.5779092702169626,8
MRPS17,1.5779092702169626,8
OR52R1,1.5779092702169626,8
DHRS4L2,1.5779092702169626,8
OR1D2,1.5779092702169626,8
OR1G1,1.5779092702169626,8
TRGV3,1.5779092702169626,8
SYCE1,1.5779092702169626,8
CCL24,1.5779092702169626,8
NRBP2,1.5779092702169626,8
LZIC,1.5779092702169626,8
EBAG9,1.5779092702169626,8
C9orf50,1.5779092702169626,8
SETD9,1.5779092702169626,8
ROPN1L,1.5779092702169626,8
ZSCAN16,1.5779092702169626,8
RILP,1.5779092702169626,8
MRPL3,1.5779092702169626,8
C1orf226,1.5779092702169626,8
MAIP1,1.5779092702169626,8
ADORA2B,1.5779092702169626,8
PMVK,1.5779092702169626,8
KCTD11,1.5779092702169626,8
TBC1D28,1.5779092702169626,8
OR11L1,1.5779092702169626,8
C4orf33,1.5779092702169626,8
PARD6B,1.5779092702169626,8
PROCA1,1.5779092702169626,8
CRYBA1,1.5779092702169626,8
CD48,1.5779092702169626,8
GSTO2,1.5779092702169626,8
C1orf189,1.5779092702169626,8
IGKV1-12,1.5779092702169626,8
C1QB,1.5779092702169626,8
PRMT6,1.5779092702169626,8
HSPBP1,1.5779092702169626,8
ZNF497,1.5779092702169626,8
CCN5,1.5779092702169626,8
FCF1,1.5779092702169626,8
IGHV4-28,1.5779092702169626,8
PI3,1.5779092702169626,8
SEC61B,1.5779092702169626,8
CAPZA1,1.5779092702169626,8
CLDN14,1.5779092702169626,8
DTD1,1.5779092702169626,8
UBE2G2,1.5779092702169626,8
S100B,1.5779092702169626,8
TAFA3,1.5779092702169626,8
SCN1B,1.5779092702169626,8
LCE5A,1.5779092702169626,8
RPL19,1.5779092702169626,8
ACP6,1.5779092702169626,8
APH1A,1.5779092702169626,8
CCL3,1.5779092702169626,8
LIX1L,1.5779092702169626,8
FZD1,1.5779092702169626,8
SLC25A1,1.5779092702169626,8
PRDX3,1.5779092702169626,8
CFAP77,1.5779092702169626,8
VTCN1,1.5779092702169626,8
RBM8A,1.5779092702169626,8
OAZ2,1.5779092702169626,8
QPRT,1.5779092702169626,8
ZFPM1,1.5779092702169626,8
NPTX2,1.5779092702169626,8
CRHR1,1.5779092702169626,8
MBTD1,1.5779092702169626,8
HOXB7,1.5779092702169626,8
AQP3,1.5779092702169626,8
ARL2,1.5779092702169626,8
TSPAN1,1.5779092702169626,8
ATPAF1,1.5779092702169626,8
CRYBB2,1.5779092702169626,8
CTSG,1.5779092702169626,8
CENPT,1.5779092702169626,8
EMID1,1.5779092702169626,8
MRGPRD,1.5779092702169626,8
TMEM53,1.5779092702169626,8
S100A7,1.5779092702169626,8
TMEM177,1.5779092702169626,8
MMACHC,1.5779092702169626,8
CSH1,1.5779092702169626,8
TMCO2,1.5779092702169626,8
RD3,1.5779092702169626,8
KCTD2,1.5779092702169626,8
JPT1,1.5779092702169626,8
SLC25A19,1.5779092702169626,8
AANAT,1.5779092702169626,8
TMEM104,1.5779092702169626,8
SLC66A1,1.5779092702169626,8
SUSD3,1.5779092702169626,8
RPS25,1.5779092702169626,8
ARF3,1.5779092702169626,8
GBGT1,1.5779092702169626,8
MRPS2,1.5779092702169626,8
FCRLB,1.5779092702169626,8
SYNGR2,1.5779092702169626,8
CCDC28B,1.5779092702169626,8
GJB5,1.5779092702169626,8
GNB1,1.5779092702169626,8
UBXN10,1.5779092702169626,8
TCEANC2,1.5779092702169626,8
STPG4,1.5779092702169626,8
CCDC183,1.5779092702169626,8
PTGDS,1.5779092702169626,8
IDI1,1.5779092702169626,8
ELP4,1.5779092702169626,8
ANKRD16,1.5779092702169626,8
NDUFB11,1.5779092702169626,8
PPM1M,1.5779092702169626,8
TMEM259,1.5779092702169626,8
KANK3,1.5779092702169626,8
CGB8,1.5779092702169626,8
AKR1B1,1.5779092702169626,8
AKR7L,1.5779092702169626,8
AKR7A3,1.5779092702169626,8
GALE,1.5779092702169626,8
HMGCL,1.5779092702169626,8
SLC10A1,1.5779092702169626,8
MED28,1.5779092702169626,8
CXCL5,1.5779092702169626,8
NUDT11,1.5779092702169626,8
KCNMB3,1.5779092702169626,8
CABS1,1.5779092702169626,8
C4orf19,1.5779092702169626,8
OR2T35,1.5779092702169626,8
H2AC14,1.5779092702169626,8
EVX1,1.5779092702169626,8
PEX14,1.5779092702169626,8
C1orf158,1.5779092702169626,8
RER1,1.5779092702169626,8
SMIM21,1.5779092702169626,8
SCD5,1.5779092702169626,8
INSL4,1.5779092702169626,8
ATP5F1C,1.5779092702169626,8
GLUD1,1.5779092702169626,8
CRYBA2,1.5779092702169626,8
CT45A1,1.5779092702169626,8
PLA2G2F,1.5779092702169626,8
RNF152,1.5779092702169626,8
CCDC159,1.5779092702169626,8
CABLES2,1.5779092702169626,8
KRTAP5-8,1.5779092702169626,8
CCDC130,1.5779092702169626,8
GIPC1,1.5779092702169626,8
NPTXR,1.5779092702169626,8
MRM3,1.5779092702169626,8
TBXA2R,1.5779092702169626,8
TRIR,1.5779092702169626,8
OR4K13,1.5779092702169626,8
STYX,1.5779092702169626,8
FGF8,1.5779092702169626,8
EME2,1.5779092702169626,8
RBM3,1.5779092702169626,8
CIB3,1.5779092702169626,8
EIF3L,1.5779092702169626,8
YPEL1,1.5779092702169626,8
IGLV3-25,1.5779092702169626,8
IL10,1.5779092702169626,8
IGHV3-20,1.5779092702169626,8
HSD3B7,1.5779092702169626,8
SRP19,1.5779092702169626,8
FARS2,1.5779092702169626,8
KRTAP10-6,1.5779092702169626,8
GPR42,1.5779092702169626,8
RRP15,1.5779092702169626,8
CABCOCO1,1.5779092702169626,8
SAR1A,1.5779092702169626,8
FRG2B,1.5779092702169626,8
IRF7,1.5779092702169626,8
LRTM1,1.5779092702169626,8
CHMP4B,1.5779092702169626,8
MCU,1.5779092702169626,8
SPIB,1.5779092702169626,8
JOSD2,1.5779092702169626,8
TMEM147,1.5779092702169626,8
ISG20,1.5779092702169626,8
SAMD1,1.5779092702169626,8
EFCAB2,1.5779092702169626,8
SCAMP1,1.5779092702169626,8
TGIF2,1.5779092702169626,8
CST9L,1.5779092702169626,8
SPRR3,1.5779092702169626,8
OR52B2,1.5779092702169626,8
STUB1,1.5779092702169626,8
PARD6G,1.5779092702169626,8
PAQR6,1.5779092702169626,8
CLN8,1.5779092702169626,8
TK1,1.5779092702169626,8
FAM131C,1.5779092702169626,8
RBBP8NL,1.5779092702169626,8
CLDN12,1.5779092702169626,8
IRGQ,1.5779092702169626,8
IFT43,1.5779092702169626,8
SULT2B1,1.5779092702169626,8
ZNF114,1.5779092702169626,8
DEFA6,1.5779092702169626,8
PIH1D1,1.5779092702169626,8
BAX,1.5779092702169626,8
CGB7,1.5779092702169626,8
PLAC8,1.5779092702169626,8
MED4,1.5779092702169626,8
NRIP3,1.5779092702169626,8
BBOX1,1.5779092702169626,8
SLC30A4,1.5779092702169626,8
IFNA6,1.5779092702169626,8
SMU1,1.5779092702169626,8
NFKBIB,1.5779092702169626,8
DLX1,1.5779092702169626,8
RPL24,1.5779092702169626,8
EIF2B4,1.5779092702169626,8
SUPT7L,1.5779092702169626,8
H1-6,1.5779092702169626,8
GLI4,1.5779092702169626,8
BIN3,1.5779092702169626,8
FRRS1L,1.5779092702169626,8
CD151,1.5779092702169626,8
RCAN2,1.5779092702169626,8
DCTN3,1.5779092702169626,8
IL22,1.5779092702169626,8
SBSN,1.5779092702169626,8
NCBP2L,1.5779092702169626,8
RTL8B,1.5779092702169626,8
C1GALT1C1L,1.5779092702169626,8
LRRC25,1.5779092702169626,8
DNAJC22,1.5779092702169626,8
NOXO1,1.5779092702169626,8
NT5M,1.5779092702169626,8
CCNO,1.5779092702169626,8
ZGLP1,1.5779092702169626,8
RPL28,1.5779092702169626,8
CDKN1A,1.5779092702169626,8
SMAD6,1.5779092702169626,8
PDCD1LG2,1.5779092702169626,8
ZDHHC12,1.5779092702169626,8
NKD1,1.5779092702169626,8
IFNA21,1.5779092702169626,8
SFRP1,1.5779092702169626,8
STK35,1.5779092702169626,8
MOB3A,1.5779092702169626,8
OAZ1,1.5779092702169626,8
MFSD12,1.5779092702169626,8
SLC66A2,1.5779092702169626,8
MAPK8IP2,1.5779092702169626,8
VCX3A,1.5779092702169626,8
SARAF,1.5779092702169626,8
SLC16A3,1.5779092702169626,8
METRNL,1.5779092702169626,8
DIRAS1,1.5779092702169626,8
STX1A,1.5779092702169626,8
ARC,1.5779092702169626,8
IGKV5-2,1.5779092702169626,8
DUS1L,1.5779092702169626,8
IGKV1D-43,1.5779092702169626,8
CDK3,1.5779092702169626,8
RAB37,1.5779092702169626,8
ENDOV,1.5779092702169626,8
C10orf53,1.5779092702169626,8
FNTA,1.5779092702169626,8
YWHAB,1.5779092702169626,8
SLPI,1.5779092702169626,8
MRPS12,1.5779092702169626,8
NOVA2,1.5779092702169626,8
RNF121,1.5779092702169626,8
SAC3D1,1.5779092702169626,8
NUDT16,1.5779092702169626,8
NIPSNAP3A,1.5779092702169626,8
RTP3,1.5779092702169626,8
RAB5C,1.5779092702169626,8
TNNC2,1.5779092702169626,8
MYDGF,1.5779092702169626,8
TTL,1.5779092702169626,8
LYPD1,1.5779092702169626,8
RETREG3,1.5779092702169626,8
NIFK,1.5779092702169626,8
SNAI2,1.5779092702169626,8
ERLIN2,1.5779092702169626,8
LSM1,1.5779092702169626,8
LALBA,1.5779092702169626,8
GPR26,1.5779092702169626,8
FOLR3,1.5779092702169626,8
GPR152,1.5779092702169626,8
MYEOV,1.5779092702169626,8
RDM1,1.5779092702169626,8
ASGR1,1.5779092702169626,8
TNFSF13,1.5779092702169626,8
LIN7C,1.5779092702169626,8
ARL14EP,1.5779092702169626,8
RTL10,1.5779092702169626,8
SNAP29,1.5779092702169626,8
KRTAP10-10,1.5779092702169626,8
ANKRD53,1.5779092702169626,8
PAX9,1.5779092702169626,8
OR8S1,1.5779092702169626,8
ZFP36L2,1.5779092702169626,8
SPINK7,1.5779092702169626,8
ALG14,1.5779092702169626,8
GALNT9,1.5779092702169626,8
RPL21,1.5779092702169626,8
N4BP2L1,1.5779092702169626,8
SRRD,1.5779092702169626,8
FAM237A,1.5779092702169626,8
PKIA,1.5779092702169626,8
TPD52,1.5779092702169626,8
SULT1C3,1.5779092702169626,8
CAPZA2,1.5779092702169626,8
APOBEC3H,1.5779092702169626,8
SYNGR1,1.5779092702169626,8
C16orf54,1.5779092702169626,8
C22orf23,1.5779092702169626,8
LRRC29,1.5779092702169626,8
CAPNS2,1.5779092702169626,8
YWHAH,1.5779092702169626,8
CACNG2,1.5779092702169626,8
KLHDC8A,1.5779092702169626,8
SYF2,1.5779092702169626,8
PDC,1.5779092702169626,8
TAGLN3,1.5779092702169626,8
DCTN5,1.5779092702169626,8
FAM204A,1.5779092702169626,8
LHPP,1.5779092702169626,8
KRTAP5-5,1.5779092702169626,8
FAM241B,1.5779092702169626,8
SDC2,1.5779092702169626,8
PDSS1,1.5779092702169626,8
IGFALS,1.5779092702169626,8
SLC9A3R2,1.5779092702169626,8
TRMU,1.5779092702169626,8
ZNF500,1.5779092702169626,8
PRSS21,1.5779092702169626,8
UPK1B,1.5779092702169626,8
KCNK1,1.5779092702169626,8
NGFR,1.5779092702169626,8
C8orf33,1.5779092702169626,8
CBWD1,1.5779092702169626,8
MID1IP1,1.5779092702169626,8
AMDHD2,1.5779092702169626,8
KCTD5,1.5779092702169626,8
SAT1,1.5779092702169626,8
GAL3ST2,1.5779092702169626,8
NTAQ1,1.5779092702169626,8
GRAMD2A,1.5779092702169626,8
RPS4X,1.5779092702169626,8
MAPK15,1.5779092702169626,8
PAEP,1.5779092702169626,8
LPAR5,1.5779092702169626,8
RRAS,1.5779092702169626,8
FUNDC1,1.5779092702169626,8
PLEKHN1,1.5779092702169626,8
CXCL9,1.5779092702169626,8
GNRH1,1.5779092702169626,8
H2BW1,1.5779092702169626,8
HAUS2,1.5779092702169626,8
IGHV3-7,1.5779092702169626,8
PSMB1,1.5779092702169626,8
EMX2,1.5779092702169626,8
C14orf119,1.5779092702169626,8
CDKN3,1.5779092702169626,8
DEFB106B,1.5779092702169626,8
ICAM1,1.5779092702169626,8
FAM9C,1.5779092702169626,8
CX3CL1,1.5779092702169626,8
AQP6,1.5779092702169626,8
TMEM182,1.5779092702169626,8
KLRD1,1.5779092702169626,8
ING4,1.5779092702169626,8
TRNAU1AP,1.5779092702169626,8
SNRNP40,1.5779092702169626,8
RILPL2,1.5779092702169626,8
NCS1,1.5779092702169626,8
EXOSC2,1.5779092702169626,8
TCF21,1.5779092702169626,8
MLNR,1.5779092702169626,8
EFNB2,1.5779092702169626,8
LEFTY1,1.5779092702169626,8
C1orf35,1.5779092702169626,8
PRND,1.5779092702169626,8
CZIB,1.5779092702169626,8
RNF4,1.5779092702169626,8
COQ5,1.5779092702169626,8
DENR,1.5779092702169626,8
LMX1B,1.5779092702169626,8
POC1A,1.5779092702169626,8
CNPY3,1.5779092702169626,8
ADAT2,1.5779092702169626,8
FABP2,1.5779092702169626,8
C5orf51,1.5779092702169626,8
GNAT1,1.5779092702169626,8
ZNF740,1.5779092702169626,8
DOK7,1.5779092702169626,8
TPPP,1.5779092702169626,8
B3GAT2,1.5779092702169626,8
LGALS12,1.5779092702169626,8
SDHC,1.3806706114398422,7
TLCD5,1.3806706114398422,7
FXYD6,1.3806706114398422,7
TIMM17A,1.3806706114398422,7
ADIPOQ,1.3806706114398422,7
PCNP,1.3806706114398422,7
JAML,1.3806706114398422,7
METTL7B,1.3806706114398422,7
ARF4,1.3806706114398422,7
STIMATE-MUSTN1,1.3806706114398422,7
HEPACAM,1.3806706114398422,7
KRTAP19-4,1.3806706114398422,7
FAM153A,1.3806706114398422,7
FBXO27,1.3806706114398422,7
NDUFS7,1.3806706114398422,7
PRB1,1.3806706114398422,7
MCM9,1.3806706114398422,7
IL12B,1.3806706114398422,7
ZNF346,1.3806706114398422,7
RHNO1,1.3806706114398422,7
DPPA5,1.3806706114398422,7
GLRX,1.3806706114398422,7
C11orf1,1.3806706114398422,7
FAM170A,1.3806706114398422,7
VAT1,1.3806706114398422,7
VOPP1,1.3806706114398422,7
H2BC3,1.3806706114398422,7
H2AC1,1.3806706114398422,7
TMEM123,1.3806706114398422,7
POLR2M,1.3806706114398422,7
IGHV3-43,1.3806706114398422,7
M6PR,1.3806706114398422,7
HOXC13,1.3806706114398422,7
GNPDA1,1.3806706114398422,7
MLF2,1.3806706114398422,7
DUSP1,1.3806706114398422,7
TRAPPC6B,1.3806706114398422,7
AC023055.1,1.3806706114398422,7
GRPEL2,1.3806706114398422,7
PRELID2,1.3806706114398422,7
AQP4,1.3806706114398422,7
ACTG1,1.3806706114398422,7
CDK2,1.3806706114398422,7
ARL1,1.3806706114398422,7
MARCHF9,1.3806706114398422,7
ACBD7,1.3806706114398422,7
LCN12,1.3806706114398422,7
SURF2,1.3806706114398422,7
ZFAND2A,1.3806706114398422,7
ADAP1,1.3806706114398422,7
CD69,1.3806706114398422,7
VMA21,1.3806706114398422,7
NME6,1.3806706114398422,7
CD14,1.3806706114398422,7
MRPS25,1.3806706114398422,7
PM20D2,1.3806706114398422,7
MAF,1.3806706114398422,7
IFNA10,1.3806706114398422,7
PIP,1.3806706114398422,7
VSTM2A,1.3806706114398422,7
FAM221B,1.3806706114398422,7
MAD2L1BP,1.3806706114398422,7
FXN,1.3806706114398422,7
CBWD3,1.3806706114398422,7
FLOT1,1.3806706114398422,7
BIK,1.3806706114398422,7
TACSTD2,1.3806706114398422,7
CLDN20,1.3806706114398422,7
SRF,1.3806706114398422,7
RBPMS,1.3806706114398422,7
H3C4,1.3806706114398422,7
DRAP1,1.3806706114398422,7
APOM,1.3806706114398422,7
FABP6,1.3806706114398422,7
INMT,1.3806706114398422,7
HOXA10,1.3806706114398422,7
HOXA5,1.3806706114398422,7
SNX10,1.3806706114398422,7
ARHGEF39,1.3806706114398422,7
PPP1R16A,1.3806706114398422,7
SMAD9,1.3806706114398422,7
RFXAP,1.3806706114398422,7
CLEC2B,1.3806706114398422,7
SLCO1B3-SLCO1B7,1.3806706114398422,7
SMPX,1.3806706114398422,7
RNF5,1.3806706114398422,7
DNAJB1,1.3806706114398422,7
CMTM3,1.3806706114398422,7
TRAV9-2,1.3806706114398422,7
GTF2H2C,1.3806706114398422,7
LY75-CD302,1.3806706114398422,7
PAIP2B,1.3806706114398422,7
SRD5A2,1.3806706114398422,7
H3-3A,1.3806706114398422,7
PHAX,1.3806706114398422,7
ZIC2,1.3806706114398422,7
MGP,1.3806706114398422,7
AGPAT1,1.3806706114398422,7
EGFL8,1.3806706114398422,7
C2,1.3806706114398422,7
LAMTOR1,1.3806706114398422,7
NR0B2,1.3806706114398422,7
RPS18,1.3806706114398422,7
MAPRE2,1.3806706114398422,7
COX16,1.3806706114398422,7
DNAJB9,1.3806706114398422,7
RAB17,1.3806706114398422,7
ELOC,1.3806706114398422,7
HLA-DMB,1.3806706114398422,7
LLPH,1.3806706114398422,7
CPLANE2,1.3806706114398422,7
HAND2,1.3806706114398422,7
TRAV22,1.3806706114398422,7
CLPSL1,1.3806706114398422,7
RAB11FIP3,1.3806706114398422,7
TAPBP,1.3806706114398422,7
MAFB,1.3806706114398422,7
SPANXN1,1.3806706114398422,7
CCDC124,1.3806706114398422,7
TUFT1,1.3806706114398422,7
TOR1A,1.3806706114398422,7
RERGL,1.3806706114398422,7
MRPL18,1.3806706114398422,7
BPIFB2,1.3806706114398422,7
SPRY1,1.3806706114398422,7
PRSS48,1.3806706114398422,7
DRICH1,1.3806706114398422,7
MRPL40,1.3806706114398422,7
KRTAP10-8,1.3806706114398422,7
GET1,1.3806706114398422,7
SURF1,1.3806706114398422,7
ZFP41,1.3806706114398422,7
BCL2A1,1.3806706114398422,7
PIP5KL1,1.3806706114398422,7
FBXL16,1.3806706114398422,7
TSR3,1.3806706114398422,7
CSK,1.3806706114398422,7
BLOC1S6,1.3806706114398422,7
OSTC,1.3806706114398422,7
BDH2,1.3806706114398422,7
THAP2,1.3806706114398422,7
COQ2,1.3806706114398422,7
TPD52L2,1.3806706114398422,7
NQO1,1.3806706114398422,7
CINP,1.3806706114398422,7
TCL1B,1.3806706114398422,7
SUSD6,1.3806706114398422,7
C4A,1.3806706114398422,7
MEIG1,1.3806706114398422,7
AC245033.1,1.3806706114398422,7
GLOD5,1.3806706114398422,7
C9orf153,1.3806706114398422,7
TEX37,1.3806706114398422,7
YWHAE,1.3806706114398422,7
HINT3,1.3806706114398422,7
CSN2,1.3806706114398422,7
SLC35E3,1.3806706114398422,7
NUBP1,1.3806706114398422,7
RAB21,1.3806706114398422,7
ACOT6,1.3806706114398422,7
VMO1,1.3806706114398422,7
CENPBD1,1.3806706114398422,7
DPEP1,1.3806706114398422,7
EEF2KMT,1.3806706114398422,7
HCFC1R1,1.3806706114398422,7
DCUN1D5,1.3806706114398422,7
PLAAT5,1.3806706114398422,7
TPD52L3,1.3806706114398422,7
TERF1,1.3806706114398422,7
MYL6B,1.3806706114398422,7
PTTG2,1.3806706114398422,7
TMEM33,1.3806706114398422,7
NFYB,1.3806706114398422,7
NDUFB5,1.3806706114398422,7
MFSD10,1.3806706114398422,7
PPTC7,1.3806706114398422,7
KRTAP5-9,1.3806706114398422,7
CCDC134,1.3806706114398422,7
GRAP,1.3806706114398422,7
GOLT1A,1.3806706114398422,7
GLOD4,1.3806706114398422,7
CIAO1,1.3806706114398422,7
OVOL1,1.3806706114398422,7
FOXH1,1.3806706114398422,7
IFNW1,1.3806706114398422,7
POP5,1.3806706114398422,7
SPTSSB,1.3806706114398422,7
KDELR2,1.3806706114398422,7
DNAJB6,1.3806706114398422,7
MNX1,1.3806706114398422,7
CLIC5,1.3806706114398422,7
SDHAF3,1.3806706114398422,7
DLX5,1.3806706114398422,7
HINT1,1.3806706114398422,7
SYCE2,1.3806706114398422,7
SHD,1.3806706114398422,7
NPTX1,1.3806706114398422,7
KIR2DS4,1.3806706114398422,7
CIAPIN1,1.3806706114398422,7
CLN3,1.3806706114398422,7
RPL3,1.3806706114398422,7
CD83,1.3806706114398422,7
IDI2,1.3806706114398422,7
RPL7,1.3806706114398422,7
KLRC3,1.3806706114398422,7
ZFPL1,1.3806706114398422,7
OARD1,1.3806706114398422,7
FOSL1,1.3806706114398422,7
ZNRD2,1.3806706114398422,7
P2RX2,1.3806706114398422,7
LGALS14,1.3806706114398422,7
NANOS3,1.3806706114398422,7
PLA2G12A,1.3806706114398422,7
LRRC75B,1.3806706114398422,7
SNRPD3,1.3806706114398422,7
ZMAT5,1.3806706114398422,7
FGF3,1.3806706114398422,7
NACA,1.3806706114398422,7
NGF,1.3806706114398422,7
TRAV27,1.3806706114398422,7
EXOSC8,1.3806706114398422,7
ABHD10,1.3806706114398422,7
SLC25A26,1.3806706114398422,7
GPX8,1.3806706114398422,7
NDRG2,1.3806706114398422,7
ACER3,1.3806706114398422,7
FAM163A,1.3806706114398422,7
GNPNAT1,1.3806706114398422,7
ABHD12B,1.3806706114398422,7
TRAV13-1,1.3806706114398422,7
TMEM231,1.3806706114398422,7
RNASE3,1.3806706114398422,7
TWF2,1.3806706114398422,7
DUSP7,1.3806706114398422,7
RPL29,1.3806706114398422,7
TBX1,1.3806706114398422,7
NAA40,1.3806706114398422,7
FDCSP,1.3806706114398422,7
PXT1,1.3806706114398422,7
RHBDL1,1.3806706114398422,7
DPT,1.3806706114398422,7
OR5AU1,1.3806706114398422,7
IGLV1-47,1.3806706114398422,7
LYG2,1.3806706114398422,7
SLC25A44,1.3806706114398422,7
IGHV1-18,1.3806706114398422,7
KRTAP10-9,1.3806706114398422,7
TSHB,1.3806706114398422,7
LCE1B,1.3806706114398422,7
C3orf18,1.3806706114398422,7
MDP1,1.3806706114398422,7
FNDC7,1.3806706114398422,7
INSL5,1.3806706114398422,7
ICOS,1.3806706114398422,7
TAX1BP3,1.3806706114398422,7
PSMB10,1.3806706114398422,7
FOXF2,1.3806706114398422,7
B4GALT7,1.3806706114398422,7
FBLL1,1.3806706114398422,7
CLIC3,1.3806706114398422,7
SBSPON,1.3806706114398422,7
IL2RA,1.3806706114398422,7
TRAV7,1.3806706114398422,7
MYL3,1.3806706114398422,7
DUSP8,1.3806706114398422,7
LHFPL1,1.3806706114398422,7
RTL6,1.3806706114398422,7
MRPS33,1.3806706114398422,7
ERCC8,1.3806706114398422,7
ESM1,1.3806706114398422,7
RPL36A,1.3806706114398422,7
STK25,1.3806706114398422,7
GPR35,1.3806706114398422,7
SIX6,1.3806706114398422,7
KIAA2013,1.3806706114398422,7
TPRX1,1.3806706114398422,7
PSMB3,1.3806706114398422,7
CD7,1.3806706114398422,7
SRSF1,1.3806706114398422,7
RHBDD1,1.3806706114398422,7
TSPAN3,1.3806706114398422,7
FEN1,1.3806706114398422,7
RPL9,1.3806706114398422,7
CXXC4,1.3806706114398422,7
OR2A42,1.3806706114398422,7
COMMD9,1.3806706114398422,7
DNAJC9,1.3806706114398422,7
PNRC1,1.3806706114398422,7
ELOVL5,1.3806706114398422,7
EMC7,1.3806706114398422,7
FOLR2,1.3806706114398422,7
TRAF1,1.3806706114398422,7
CCDC198,1.3806706114398422,7
SDR39U1,1.3806706114398422,7
GPHA2,1.3806706114398422,7
KRTAP15-1,1.3806706114398422,7
BET1,1.3806706114398422,7
SAPCD2,1.3806706114398422,7
CD74,1.3806706114398422,7
HEXIM2,1.3806706114398422,7
SLC25A39,1.3806706114398422,7
NKIRAS2,1.3806706114398422,7
LASP1,1.3806706114398422,7
MXD3,1.3806706114398422,7
NUS1,1.3806706114398422,7
CHCHD7,1.3806706114398422,7
IL1F10,1.3806706114398422,7
MBD3L2,1.3806706114398422,7
MRPS23,1.3806706114398422,7
ARHGAP1,1.3806706114398422,7
LIN28B,1.3806706114398422,7
NSUN5,1.3806706114398422,7
IGHV1-24,1.3806706114398422,7
IGHV3-15,1.3806706114398422,7
IGHV3-13,1.3806706114398422,7
IGHV6-1,1.3806706114398422,7
RWDD2A,1.3806706114398422,7
RNF186,1.3806706114398422,7
SMIM15,1.3806706114398422,7
AC127029.3,1.3806706114398422,7
GAPDH,1.3806706114398422,7
HOXD9,1.3806706114398422,7
CHP1,1.3806706114398422,7
H2BC8,1.3806706114398422,7
DUSP12,1.3806706114398422,7
MYD88,1.3806706114398422,7
ANKRD36,1.3806706114398422,7
CNBP,1.3806706114398422,7
IGHV4-59,1.3806706114398422,7
OR2A4,1.3806706114398422,7
MIF4GD,1.3806706114398422,7
SOWAHC,1.3806706114398422,7
IGKV1D-17,1.3806706114398422,7
CREG2,1.3806706114398422,7
EID1,1.3806706114398422,7
PRAMEF7,1.3806706114398422,7
OR5A2,1.3806706114398422,7
CD79B,1.3806706114398422,7
UCMA,1.3806706114398422,7
CER1,1.3806706114398422,7
PPDPFL,1.3806706114398422,7
GSTA4,1.3806706114398422,7
MRGBP,1.3806706114398422,7
RBPMS2,1.3806706114398422,7
IFITM5,1.3806706114398422,7
LRP11,1.3806706114398422,7
AIG1,1.3806706114398422,7
IGKV1-17,1.3806706114398422,7
DND1,1.3806706114398422,7
REEP2,1.3806706114398422,7
ABHD14B,1.3806706114398422,7
RNF122,1.3806706114398422,7
RNF151,1.3806706114398422,7
LCE1C,1.3806706114398422,7
RFLNA,1.3806706114398422,7
MAT2A,1.3806706114398422,7
PCGF1,1.3806706114398422,7
BPIFA3,1.3806706114398422,7
BCL2L1,1.3806706114398422,7
REM1,1.3806706114398422,7
UQCC1,1.3806706114398422,7
ARHGDIA,1.3806706114398422,7
C1GALT1,1.3806706114398422,7
SAA1,1.3806706114398422,7
SAA2-SAA4,1.3806706114398422,7
THAP10,1.3806706114398422,7
PSMA4,1.3806706114398422,7
RCN2,1.3806706114398422,7
CBARP,1.3806706114398422,7
GBX2,1.3806706114398422,7
VDAC3,1.3806706114398422,7
PRSS45P,1.3806706114398422,7
EIF1B,1.3806706114398422,7
NBPF15,1.3806706114398422,7
DGCR6L,1.3806706114398422,7
TANGO2,1.3806706114398422,7
KLK9,1.3806706114398422,7
F3,1.3806706114398422,7
GNG12,1.3806706114398422,7
PNOC,1.3806706114398422,7
C10orf67,1.3806706114398422,7
AP3S2,1.3806706114398422,7
MESP2,1.3806706114398422,7
SFRP5,1.3806706114398422,7
MAPK13,1.3806706114398422,7
H4C12,1.3806706114398422,7
RP9,1.3806706114398422,7
CCDC117,1.3806706114398422,7
SPR,1.3806706114398422,7
SHLD1,1.3806706114398422,7
RAB42,1.3806706114398422,7
MADCAM1,1.3806706114398422,7
SRSF7,1.3806706114398422,7
FGF18,1.3806706114398422,7
RAMAC,1.3806706114398422,7
PEA15,1.3806706114398422,7
ADPRS,1.3806706114398422,7
PPP1R8,1.3806706114398422,7
PDPK1,1.3806706114398422,7
HTR2B,1.3806706114398422,7
CHCHD5,1.3806706114398422,7
CCDC126,1.3806706114398422,7
SLC46A2,1.3806706114398422,7
ATPAF2,1.3806706114398422,7
CHMP1A,1.3806706114398422,7
KRTAP11-1,1.3806706114398422,7
B4GALT1,1.3806706114398422,7
USE1,1.3806706114398422,7
MSC,1.3806706114398422,7
LYRM7,1.3806706114398422,7
MARCHF2,1.3806706114398422,7
CCL25,1.3806706114398422,7
IL37,1.3806706114398422,7
PEX11G,1.3806706114398422,7
COMMD2,1.3806706114398422,7
CCDC167,1.3806706114398422,7
PEX26,1.3806706114398422,7
YPEL5,1.3806706114398422,7
TADA2B,1.3806706114398422,7
MIS12,1.3806706114398422,7
OR2A1,1.3806706114398422,7
ANGPTL8,1.3806706114398422,7
FGF10,1.3806706114398422,7
HAPLN2,1.3806706114398422,7
GMFG,1.3806706114398422,7
EVI2A,1.3806706114398422,7
LTB4R2,1.3806706114398422,7
PRSS57,1.3806706114398422,7
GPATCH11,1.3806706114398422,7
OR13G1,1.3806706114398422,7
LYG1,1.3806706114398422,7
C7orf50,1.3806706114398422,7
FAM221A,1.3806706114398422,7
RAB32,1.3806706114398422,7
IAH1,1.3806706114398422,7
C20orf85,1.3806706114398422,7
FPR1,1.3806706114398422,7
C1orf109,1.3806706114398422,7
MEAF6,1.3806706114398422,7
C2orf50,1.3806706114398422,7
HBE1,1.3806706114398422,7
STARD3NL,1.3806706114398422,7
CLDN4,1.3806706114398422,7
TK2,1.3806706114398422,7
EIF3C,1.3806706114398422,7
GDPGP1,1.3806706114398422,7
POMC,1.3806706114398422,7
GRB2,1.3806706114398422,7
RAPGEFL1,1.3806706114398422,7
YWHAQ,1.3806706114398422,7
BTC,1.3806706114398422,7
FAM177A1,1.3806706114398422,7
BCL2L2,1.3806706114398422,7
RNFT2,1.3806706114398422,7
TMEM138,1.3806706114398422,7
TMEM41B,1.3806706114398422,7
PTGR2,1.3806706114398422,7
CD2BP2,1.3806706114398422,7
DNAJA1,1.3806706114398422,7
GPIHBP1,1.3806706114398422,7
WIPF3,1.3806706114398422,7
HOXA9,1.3806706114398422,7
OR51B5,1.3806706114398422,7
TMEM159,1.3806706114398422,7
CDRT15,1.3806706114398422,7
GRHPR,1.3806706114398422,7
CHIC1,1.3806706114398422,7
SWSAP1,1.3806706114398422,7
GNA11,1.3806706114398422,7
S100A12,1.3806706114398422,7
IGFL2,1.3806706114398422,7
SYPL2,1.3806706114398422,7
GCLM,1.3806706114398422,7
ACBD6,1.3806706114398422,7
MPC2,1.3806706114398422,7
HBG2,1.3806706114398422,7
HBB,1.3806706114398422,7
YEATS4,1.3806706114398422,7
HSPB11,1.3806706114398422,7
BCDIN3D,1.3806706114398422,7
C16orf87,1.3806706114398422,7
MED8,1.3806706114398422,7
VSNL1,1.3806706114398422,7
KRT86,1.3806706114398422,7
VENTX,1.3806706114398422,7
NTN5,1.3806706114398422,7
SYNGR4,1.3806706114398422,7
GAMT,1.3806706114398422,7
ELOB,1.3806706114398422,7
SPATA46,1.3806706114398422,7
ORM2,1.3806706114398422,7
IGFBP3,1.3806706114398422,7
UBE2D4,1.3806706114398422,7
NAIP,1.3806706114398422,7
DNALI1,1.3806706114398422,7
LAPTM5,1.3806706114398422,7
DBP,1.3806706114398422,7
TAS2R43,1.3806706114398422,7
VWC2,1.3806706114398422,7
ZNF705D,1.3806706114398422,7
NEIL2,1.3806706114398422,7
DUOXA1,1.3806706114398422,7
DEFB129,1.3806706114398422,7
PVR,1.3806706114398422,7
IFNE,1.3806706114398422,7
SCRT1,1.3806706114398422,7
WDR74,1.3806706114398422,7
UCN3,1.3806706114398422,7
RABEPK,1.3806706114398422,7
PDX1,1.3806706114398422,7
YWHAG,1.3806706114398422,7
TMCO1,1.3806706114398422,7
RTL1,1.3806706114398422,7
ZDHHC22,1.3806706114398422,7
RAB15,1.3806706114398422,7
OSCAR,1.3806706114398422,7
GEMIN7,1.3806706114398422,7
BCL3,1.3806706114398422,7
SIKE1,1.3806706114398422,7
C19orf54,1.3806706114398422,7
MOB4,1.3806706114398422,7
IGKV6D-21,1.3806706114398422,7
FIGLA,1.3806706114398422,7
SNRPB2,1.3806706114398422,7
ARFRP1,1.3806706114398422,7
RLN2,1.3806706114398422,7
HGH1,1.3806706114398422,7
PHOSPHO1,1.3806706114398422,7
ELP5,1.3806706114398422,7
FBXL8,1.3806706114398422,7
CENPK,1.3806706114398422,7
RGS7BP,1.3806706114398422,7
DUSP14,1.3806706114398422,7
H3C2,1.3806706114398422,7
HNRNPUL2,1.3806706114398422,7
IGHV3-30,1.3806706114398422,7
VDAC2,1.3806706114398422,7
GPR146,1.3806706114398422,7
TM4SF20,1.3806706114398422,7
AL713999.2,1.3806706114398422,7
MEX3A,1.3806706114398422,7
TBC1D26,1.3806706114398422,7
FCGR3B,1.3806706114398422,7
UBE2G1,1.3806706114398422,7
DERL2,1.3806706114398422,7
TRIM16L,1.3806706114398422,7
RAB3B,1.3806706114398422,7
FAM3A,1.3806706114398422,7
SSX2,1.3806706114398422,7
MSLNL,1.3806706114398422,7
UBE2C,1.3806706114398422,7
FOXB2,1.3806706114398422,7
RIT1,1.3806706114398422,7
TMEM270,1.3806706114398422,7
C10orf82,1.3806706114398422,7
IL36G,1.3806706114398422,7
LCE3E,1.3806706114398422,7
RHOC,1.3806706114398422,7
SDF2,1.3806706114398422,7
MRPL9,1.3806706114398422,7
BCL2L15,1.3806706114398422,7
RCAN1,1.3806706114398422,7
KRTAP13-4,1.3806706114398422,7
PRELID3B,1.3806706114398422,7
STX16,1.3806706114398422,7
TTLL11,1.3806706114398422,7
DTD2,1.3806706114398422,7
LIN28A,1.3806706114398422,7
TRADD,1.3806706114398422,7
DPCD,1.3806706114398422,7
LCE2A,1.3806706114398422,7
SCO2,1.3806706114398422,7
STMN3,1.3806706114398422,7
FBXW4,1.3806706114398422,7
PSMB4,1.3806706114398422,7
ENSA,1.3806706114398422,7
PIFO,1.3806706114398422,7
GSTM4,1.3806706114398422,7
CCL18,1.3806706114398422,7
PPA1,1.3806706114398422,7
BAG1,1.3806706114398422,7
IGHV1-58,1.3806706114398422,7
EPS8L2,1.3806706114398422,7
CCSAP,1.3806706114398422,7
FTH1,1.3806706114398422,7
KRTAP12-2,1.3806706114398422,7
NXPH4,1.3806706114398422,7
PILRA,1.3806706114398422,7
P3H4,1.3806706114398422,7
EOLA1,1.3806706114398422,7
TAC4,1.3806706114398422,7
LY6H,1.3806706114398422,7
EEF1AKMT3,1.3806706114398422,7
MYBPHL,1.3806706114398422,7
ALX3,1.3806706114398422,7
NBL1,1.3806706114398422,7
CEBPG,1.3806706114398422,7
C21orf58,1.3806706114398422,7
RPS24,1.3806706114398422,7
LRRC61,1.3806706114398422,7
ZBED6CL,1.3806706114398422,7
HLF,1.3806706114398422,7
CCDC107,1.3806706114398422,7
PIGH,1.3806706114398422,7
NSUN4,1.3806706114398422,7
SRSF3,1.3806706114398422,7
CDC42EP4,1.3806706114398422,7
VHLL,1.3806706114398422,7
PSMC3IP,1.3806706114398422,7
GDF7,1.3806706114398422,7
TTC32,1.3806706114398422,7
LURAP1,1.3806706114398422,7
ASCL4,1.3806706114398422,7
SRRM3,1.3806706114398422,7
PTRH2,1.3806706114398422,7
YPEL2,1.3806706114398422,7
RFXANK,1.3806706114398422,7
RAB13,1.3806706114398422,7
CYREN,1.3806706114398422,7
CBY1,1.3806706114398422,7
OR10H3,1.3806706114398422,7
BST2,1.3806706114398422,7
DNAL1,1.3806706114398422,7
FAM177B,1.3806706114398422,7
SSR2,1.3806706114398422,7
MRPL58,1.3806706114398422,7
CD300A,1.3806706114398422,7
MRPS7,1.3806706114398422,7
TAGLN2,1.3806706114398422,7
NCBP2,1.3806706114398422,7
ZNF576,1.3806706114398422,7
CMTM1,1.3806706114398422,7
FBXO17,1.3806706114398422,7
FNDC5,1.3806706114398422,7
UROS,1.3806706114398422,7
NDUFB8,1.3806706114398422,7
CYP2U1,1.3806706114398422,7
TRABD,1.3806706114398422,7
CACFD1,1.3806706114398422,7
XKR8,1.3806706114398422,7
SECTM1,1.3806706114398422,7
STMN1,1.3806706114398422,7
WDR5B,1.3806706114398422,7
RPP30,1.3806706114398422,7
OR10A6,1.3806706114398422,7
RAB12,1.3806706114398422,7
TMEM125,1.3806706114398422,7
TNFSF9,1.3806706114398422,7
CORO7-PAM16,1.3806706114398422,7
PDXK,1.3806706114398422,7
CD99,1.3806706114398422,7
CRELD2,1.3806706114398422,7
ZDHHC24,1.3806706114398422,7
PRELID3A,1.3806706114398422,7
CPA2,1.3806706114398422,7
SYPL1,1.3806706114398422,7
KCNG2,1.3806706114398422,7
DYNAP,1.3806706114398422,7
ZCCHC17,1.3806706114398422,7
GSTM5,1.3806706114398422,7
SFTPA1,1.3806706114398422,7
GADD45GIP1,1.3806706114398422,7
CCND3,1.3806706114398422,7
SPINK14,1.3806706114398422,7
CHST3,1.3806706114398422,7
TYSND1,1.3806706114398422,7
TSPAN15,1.3806706114398422,7
SNCA,1.3806706114398422,7
PAGE4,1.3806706114398422,7
NOXA1,1.3806706114398422,7
SEC11C,1.3806706114398422,7
SOHLH1,1.3806706114398422,7
RIPPLY1,1.3806706114398422,7
TCEAL1,1.3806706114398422,7
SNAPC2,1.3806706114398422,7
PCP2,1.3806706114398422,7
ICAM4,1.3806706114398422,7
AF196969.1,1.3806706114398422,7
DHRS3,1.3806706114398422,7
PYCR3,1.3806706114398422,7
TAS2R5,1.3806706114398422,7
ADRB1,1.3806706114398422,7
MYOZ2,1.3806706114398422,7
PLPP4,1.3806706114398422,7
NECAP1,1.3806706114398422,7
MPZL1,1.3806706114398422,7
NDUFS3,1.183431952662722,6
TVP23C,1.183431952662722,6
CLTB,1.183431952662722,6
MYCBP,1.183431952662722,6
IL18,1.183431952662722,6
IL17REL,1.183431952662722,6
MCEMP1,1.183431952662722,6
RANBP1,1.183431952662722,6
SLC35B4,1.183431952662722,6
TMEM248,1.183431952662722,6
COMMD5,1.183431952662722,6
MVB12B,1.183431952662722,6
TOR4A,1.183431952662722,6
MARCKSL1,1.183431952662722,6
TRAV40,1.183431952662722,6
DUSP13,1.183431952662722,6
RPS12,1.183431952662722,6
CLEC1B,1.183431952662722,6
SPIN2B,1.183431952662722,6
RTL8C,1.183431952662722,6
RASSF7,1.183431952662722,6
NAA80,1.183431952662722,6
PGRMC1,1.183431952662722,6
CDC34,1.183431952662722,6
ELANE,1.183431952662722,6
MDFI,1.183431952662722,6
PSMG3,1.183431952662722,6
LAT2,1.183431952662722,6
KLRG2,1.183431952662722,6
PDSS2,1.183431952662722,6
FSCN1,1.183431952662722,6
PILRB,1.183431952662722,6
ZNF664,1.183431952662722,6
TMEM41A,1.183431952662722,6
COX19,1.183431952662722,6
TSPAN31,1.183431952662722,6
OCIAD2,1.183431952662722,6
CLDN2,1.183431952662722,6
CDK1,1.183431952662722,6
SLC1A4,1.183431952662722,6
TMEM254,1.183431952662722,6
NUTM2D,1.183431952662722,6
SPANXC,1.183431952662722,6
TMED10,1.183431952662722,6
KRTAP10-1,1.183431952662722,6
VCX3B,1.183431952662722,6
HERPUD1,1.183431952662722,6
RPS14,1.183431952662722,6
CD9,1.183431952662722,6
CLEC2D,1.183431952662722,6
FUNDC2,1.183431952662722,6
GMEB1,1.183431952662722,6
GOLGA7B,1.183431952662722,6
KHK,1.183431952662722,6
URAD,1.183431952662722,6
PMF1,1.183431952662722,6
LTO1,1.183431952662722,6
H2BC4,1.183431952662722,6
CTRB1,1.183431952662722,6
DHRS11,1.183431952662722,6
EMP1,1.183431952662722,6
AL162417.1,1.183431952662722,6
MRPL51,1.183431952662722,6
FIBCD1,1.183431952662722,6
LEP,1.183431952662722,6
WNT1,1.183431952662722,6
RPL12,1.183431952662722,6
DPM2,1.183431952662722,6
ZAR1,1.183431952662722,6
KLHDC7B,1.183431952662722,6
COX7A1,1.183431952662722,6
ISOC2,1.183431952662722,6
OPTC,1.183431952662722,6
CSDC2,1.183431952662722,6
MAL,1.183431952662722,6
HACD2,1.183431952662722,6
NKX6-2,1.183431952662722,6
H2BC15,1.183431952662722,6
STPG3,1.183431952662722,6
TRUB2,1.183431952662722,6
C12orf43,1.183431952662722,6
ECHDC3,1.183431952662722,6
PSORS1C2,1.183431952662722,6
TAS2R13,1.183431952662722,6
CSRP3,1.183431952662722,6
PGA3,1.183431952662722,6
IZUMO1R,1.183431952662722,6
MAPK11,1.183431952662722,6
ARX,1.183431952662722,6
LMNTD2,1.183431952662722,6
IL19,1.183431952662722,6
NSL1,1.183431952662722,6
FGF16,1.183431952662722,6
TRBV28,1.183431952662722,6
FAM166B,1.183431952662722,6
HSPB2,1.183431952662722,6
GLTP,1.183431952662722,6
MSX1,1.183431952662722,6
LDLRAD1,1.183431952662722,6
ITGB3BP,1.183431952662722,6
MSGN1,1.183431952662722,6
HLA-DRA,1.183431952662722,6
PSMB9,1.183431952662722,6
RPSA,1.183431952662722,6
WBP1L,1.183431952662722,6
KRTAP17-1,1.183431952662722,6
HMGB4,1.183431952662722,6
HADH,1.183431952662722,6
TSEN54,1.183431952662722,6
SLC9A3R1,1.183431952662722,6
AUNIP,1.183431952662722,6
LCN6,1.183431952662722,6
RPS3,1.183431952662722,6
UCP1,1.183431952662722,6
TMED7,1.183431952662722,6
ZNF696,1.183431952662722,6
ARL11,1.183431952662722,6
HAND1,1.183431952662722,6
LYRM4,1.183431952662722,6
ACOT13,1.183431952662722,6
TNF,1.183431952662722,6
TPM4,1.183431952662722,6
RNF215,1.183431952662722,6
SEC14L3,1.183431952662722,6
IL13,1.183431952662722,6
VCPKMT,1.183431952662722,6
ST20,1.183431952662722,6
IL36RN,1.183431952662722,6
ARPP19,1.183431952662722,6
FOXD1,1.183431952662722,6
TSPAN11,1.183431952662722,6
ZCCHC10,1.183431952662722,6
APEX1,1.183431952662722,6
RNF24,1.183431952662722,6
VSX1,1.183431952662722,6
GHRL,1.183431952662722,6
CXCR4,1.183431952662722,6
SMAD1,1.183431952662722,6
MPST,1.183431952662722,6
KCTD17,1.183431952662722,6
PRR5,1.183431952662722,6
NINJ1,1.183431952662722,6
TXNDC12,1.183431952662722,6
RNF166,1.183431952662722,6
KXD1,1.183431952662722,6
C6orf201,1.183431952662722,6
THTPA,1.183431952662722,6
SERPINB5,1.183431952662722,6
APOLD1,1.183431952662722,6
C12orf54,1.183431952662722,6
MUCL1,1.183431952662722,6
DHFR,1.183431952662722,6
HOXC11,1.183431952662722,6
C11orf53,1.183431952662722,6
BTF3L4,1.183431952662722,6
LMO4,1.183431952662722,6
RND2,1.183431952662722,6
PROK1,1.183431952662722,6
BOLA1,1.183431952662722,6
LRRC59,1.183431952662722,6
BSND,1.183431952662722,6
PLPP3,1.183431952662722,6
KRTAP9-8,1.183431952662722,6
MAP1LC3B,1.183431952662722,6
MAZ,1.183431952662722,6
CKB,1.183431952662722,6
LAMTOR4,1.183431952662722,6
ZNF511-PRAP1,1.183431952662722,6
LINGO3,1.183431952662722,6
CBR3,1.183431952662722,6
MARCHF1,1.183431952662722,6
GOLGA6L22,1.183431952662722,6
H2BC18,1.183431952662722,6
KLHDC9,1.183431952662722,6
DIABLO,1.183431952662722,6
PSMB8,1.183431952662722,6
ZFYVE21,1.183431952662722,6
SERINC4,1.183431952662722,6
C10orf62,1.183431952662722,6
QRFP,1.183431952662722,6
OR4B1,1.183431952662722,6
TRAPPC4,1.183431952662722,6
GALR2,1.183431952662722,6
BCAS2,1.183431952662722,6
SEC11A,1.183431952662722,6
RNASE8,1.183431952662722,6
FAM104B,1.183431952662722,6
TMEM216,1.183431952662722,6
KLHL35,1.183431952662722,6
KRTAP21-1,1.183431952662722,6
PYM1,1.183431952662722,6
TCEAL7,1.183431952662722,6
STX10,1.183431952662722,6
MGARP,1.183431952662722,6
ANAPC10,1.183431952662722,6
TTC9,1.183431952662722,6
SPX,1.183431952662722,6
SSU72,1.183431952662722,6
PRRG4,1.183431952662722,6
C9orf24,1.183431952662722,6
SPANXD,1.183431952662722,6
CCL5,1.183431952662722,6
H2BC21,1.183431952662722,6
ZNHIT3,1.183431952662722,6
MRPS21,1.183431952662722,6
MKNK2,1.183431952662722,6
DDA1,1.183431952662722,6
KCNIP2,1.183431952662722,6
LGALS13,1.183431952662722,6
ZNF787,1.183431952662722,6
FAM241A,1.183431952662722,6
IL2,1.183431952662722,6
CTDSP2,1.183431952662722,6
MYZAP,1.183431952662722,6
ITPKA,1.183431952662722,6
APOO,1.183431952662722,6
PDIA2,1.183431952662722,6
SNX22,1.183431952662722,6
ANP32A,1.183431952662722,6
TPM2,1.183431952662722,6
CAPNS1,1.183431952662722,6
PEDS1,1.183431952662722,6
CLIC4,1.183431952662722,6
CALM3,1.183431952662722,6
SLC31A1,1.183431952662722,6
TMEM50B,1.183431952662722,6
TXNDC9,1.183431952662722,6
GOLGA6L9,1.183431952662722,6
PRR27,1.183431952662722,6
UBFD1,1.183431952662722,6
LYPD6,1.183431952662722,6
RPL36AL,1.183431952662722,6
AMN,1.183431952662722,6
GREM1,1.183431952662722,6
CLEC18A,1.183431952662722,6
NR2F6,1.183431952662722,6
S100A8,1.183431952662722,6
SLC39A1,1.183431952662722,6
NAP1L5,1.183431952662722,6
DEFB119,1.183431952662722,6
RALY,1.183431952662722,6
CXCL11,1.183431952662722,6
CALML4,1.183431952662722,6
IQCK,1.183431952662722,6
STATH,1.183431952662722,6
HTN1,1.183431952662722,6
CHMP2B,1.183431952662722,6
CDPF1,1.183431952662722,6
SSR1,1.183431952662722,6
RAP2A,1.183431952662722,6
FAM210A,1.183431952662722,6
KRTAP19-6,1.183431952662722,6
DNMT3L,1.183431952662722,6
BEX3,1.183431952662722,6
MGST2,1.183431952662722,6
BLID,1.183431952662722,6
CLEC12B,1.183431952662722,6
TRAPPC5,1.183431952662722,6
IMMP1L,1.183431952662722,6
TOMM22,1.183431952662722,6
TP53INP1,1.183431952662722,6
RFK,1.183431952662722,6
C1QBP,1.183431952662722,6
C17orf49,1.183431952662722,6
CRABP2,1.183431952662722,6
CTDNEP1,1.183431952662722,6
APCS,1.183431952662722,6
LAIR2,1.183431952662722,6
TNNI2,1.183431952662722,6
NPPA,1.183431952662722,6
UCP3,1.183431952662722,6
ALKBH5,1.183431952662722,6
ISCU,1.183431952662722,6
PRDX5,1.183431952662722,6
C11orf58,1.183431952662722,6
ARPC3,1.183431952662722,6
TIMM8A,1.183431952662722,6
AK2,1.183431952662722,6
TYW3,1.183431952662722,6
REEP5,1.183431952662722,6
H2AC17,1.183431952662722,6
PEMT,1.183431952662722,6
DCAKD,1.183431952662722,6
CISH,1.183431952662722,6
RAP2B,1.183431952662722,6
HRAS,1.183431952662722,6
IFNL3,1.183431952662722,6
TRBV6-1,1.183431952662722,6
POLR2H,1.183431952662722,6
RNF11,1.183431952662722,6
NBPF26,1.183431952662722,6
SFT2D2,1.183431952662722,6
MRPS14,1.183431952662722,6
GPX4,1.183431952662722,6
TOB2,1.183431952662722,6
EXOSC4,1.183431952662722,6
RPL23A,1.183431952662722,6
RSPO4,1.183431952662722,6
ZG16B,1.183431952662722,6
EFNA1,1.183431952662722,6
SPN,1.183431952662722,6
NOL12,1.183431952662722,6
YJU2,1.183431952662722,6
PPBP,1.183431952662722,6
TRIM73,1.183431952662722,6
FAM133B,1.183431952662722,6
TIMM22,1.183431952662722,6
DEFB113,1.183431952662722,6
TMED3,1.183431952662722,6
EDN1,1.183431952662722,6
RBP2,1.183431952662722,6
PFN2,1.183431952662722,6
MRPS28,1.183431952662722,6
ASRGL1,1.183431952662722,6
TRAV8-3,1.183431952662722,6
TMEM179,1.183431952662722,6
CREG1,1.183431952662722,6
COTL1,1.183431952662722,6
COX4I1,1.183431952662722,6
PCID2,1.183431952662722,6
RAB29,1.183431952662722,6
SRD5A1,1.183431952662722,6
DNAJC15,1.183431952662722,6
TRAV8-1,1.183431952662722,6
CXCL2,1.183431952662722,6
NKX2-3,1.183431952662722,6
ARL8A,1.183431952662722,6
SNRPE,1.183431952662722,6
ZNRF1,1.183431952662722,6
TMIGD2,1.183431952662722,6
CERS1,1.183431952662722,6
SCNN1D,1.183431952662722,6
ZDHHC3,1.183431952662722,6
TRAV9-1,1.183431952662722,6
TTC22,1.183431952662722,6
EFNA3,1.183431952662722,6
TRBV20-1,1.183431952662722,6
FAM3C,1.183431952662722,6
NDUFA5,1.183431952662722,6
CALM2,1.183431952662722,6
GNG3,1.183431952662722,6
POLR2G,1.183431952662722,6
TMEM72,1.183431952662722,6
LYZ,1.183431952662722,6
RBBP9,1.183431952662722,6
VCX2,1.183431952662722,6
SDHB,1.183431952662722,6
TIGD5,1.183431952662722,6
FAM83A,1.183431952662722,6
MTFR1L,1.183431952662722,6
SYNC,1.183431952662722,6
POLE3,1.183431952662722,6
SNTB2,1.183431952662722,6
MLLT11,1.183431952662722,6
PPIL3,1.183431952662722,6
TLCD3A,1.183431952662722,6
TMEM208,1.183431952662722,6
CFAP20,1.183431952662722,6
RBP5,1.183431952662722,6
FSHB,1.183431952662722,6
H4C4,1.183431952662722,6
H4C13,1.183431952662722,6
EMC10,1.183431952662722,6
PAXX,1.183431952662722,6
OVCA2,1.183431952662722,6
SPSB2,1.183431952662722,6
ORAI3,1.183431952662722,6
SOX4,1.183431952662722,6
TRIM39-RPP21,1.183431952662722,6
GABARAPL2,1.183431952662722,6
TP53RK,1.183431952662722,6
ARL6IP6,1.183431952662722,6
RAB35,1.183431952662722,6
SPRYD7,1.183431952662722,6
COA7,1.183431952662722,6
NUDT4,1.183431952662722,6
STUM,1.183431952662722,6
SERTAD1,1.183431952662722,6
LAPTM4B,1.183431952662722,6
AKR1C8P,1.183431952662722,6
SPATA12,1.183431952662722,6
ARF6,1.183431952662722,6
RPL14,1.183431952662722,6
CA6,1.183431952662722,6
KRT18,1.183431952662722,6
CENPV,1.183431952662722,6
CLN6,1.183431952662722,6
WFDC10A,1.183431952662722,6
PAGE2,1.183431952662722,6
FOXA3,1.183431952662722,6
SIGLECL1,1.183431952662722,6
KLK10,1.183431952662722,6
B3GNT8,1.183431952662722,6
IGFBPL1,1.183431952662722,6
IFNL1,1.183431952662722,6
PEBP4,1.183431952662722,6
NUDT7,1.183431952662722,6
CYBA,1.183431952662722,6
ARF5,1.183431952662722,6
TRAPPC2L,1.183431952662722,6
FOXC1,1.183431952662722,6
GCH1,1.183431952662722,6
S100PBP,1.183431952662722,6
PLAC1,1.183431952662722,6
FHL3,1.183431952662722,6
CCL1,1.183431952662722,6
CDIN1,1.183431952662722,6
CKMT1B,1.183431952662722,6
RPS9,1.183431952662722,6
AJM1,1.183431952662722,6
FAM3B,1.183431952662722,6
TMEM179B,1.183431952662722,6
SRGN,1.183431952662722,6
AC020907.6,1.183431952662722,6
ELOF1,1.183431952662722,6
BCL2L12,1.183431952662722,6
FBXO44,1.183431952662722,6
MAD2L2,1.183431952662722,6
DEFB127,1.183431952662722,6
NPBWR2,1.183431952662722,6
RPL15,1.183431952662722,6
AC136428.1,1.183431952662722,6
KRTAP4-3,1.183431952662722,6
SKA2,1.183431952662722,6
OR2T11,1.183431952662722,6
LAT,1.183431952662722,6
NRN1L,1.183431952662722,6
CTRL,1.183431952662722,6
UBXN2A,1.183431952662722,6
ABHD17C,1.183431952662722,6
MOGAT1,1.183431952662722,6
ELOA3C,1.183431952662722,6
BTG3,1.183431952662722,6
RAB34,1.183431952662722,6
TIAF1,1.183431952662722,6
AC092718.8,1.183431952662722,6
SF3A2,1.183431952662722,6
NKG7,1.183431952662722,6
PDCD2L,1.183431952662722,6
PODNL1,1.183431952662722,6
KRTAP19-7,1.183431952662722,6
SNCB,1.183431952662722,6
HS3ST6,1.183431952662722,6
SLIRP,1.183431952662722,6
GPBAR1,1.183431952662722,6
WNT10A,1.183431952662722,6
TREML4,1.183431952662722,6
RPL7L1,1.183431952662722,6
OOSP2,1.183431952662722,6
NKX3-1,1.183431952662722,6
GINS4,1.183431952662722,6
BAG2,1.183431952662722,6
PTP4A1,1.183431952662722,6
HIGD1C,1.183431952662722,6
IGHV3-64,1.183431952662722,6
PRIMA1,1.183431952662722,6
SOD2,1.183431952662722,6
TRAPPC2,1.183431952662722,6
MXD1,1.183431952662722,6
FAM20C,1.183431952662722,6
NUDT1,1.183431952662722,6
BCL7B,1.183431952662722,6
UAP1L1,1.183431952662722,6
IGKV3D-7,1.183431952662722,6
NDUFB7,1.183431952662722,6
PTDSS2,1.183431952662722,6
EBI3,1.183431952662722,6
UBE2M,1.183431952662722,6
CDCA8,1.183431952662722,6
HLA-F,1.183431952662722,6
CYYR1,1.183431952662722,6
NPIPA1,1.183431952662722,6
PGPEP1,1.183431952662722,6
UBE2S,1.183431952662722,6
ADRA2C,1.183431952662722,6
CSF3,1.183431952662722,6
PIGX,1.183431952662722,6
UBE2J2,1.183431952662722,6
STX12,1.183431952662722,6
SPINT1,1.183431952662722,6
RNF39,1.183431952662722,6
APOA1,1.183431952662722,6
NDUFAF4,1.183431952662722,6
NMRK2,1.183431952662722,6
TMEM106A,1.183431952662722,6
PFDN4,1.183431952662722,6
KRTAP9-2,1.183431952662722,6
ARL16,1.183431952662722,6
SIGLEC15,1.183431952662722,6
BHLHE22,1.183431952662722,6
IL4,1.183431952662722,6
VHL,1.183431952662722,6
SCGB2B2,1.183431952662722,6
GOLGA8G,1.183431952662722,6
CCDC32,1.183431952662722,6
VASN,1.183431952662722,6
LYZL2,1.183431952662722,6
IFNA4,1.183431952662722,6
FUCA1,1.183431952662722,6
LFNG,1.183431952662722,6
TMEM196,1.183431952662722,6
CYCS,1.183431952662722,6
SUMO1,1.183431952662722,6
TM2D3,1.183431952662722,6
PRSS22,1.183431952662722,6
CLDN6,1.183431952662722,6
PIGF,1.183431952662722,6
SNRNP27,1.183431952662722,6
PCBP1,1.183431952662722,6
PSPN,1.183431952662722,6
FGFBP2,1.183431952662722,6
NHP2,1.183431952662722,6
CTRC,1.183431952662722,6
PTPMT1,1.183431952662722,6
GPR148,1.183431952662722,6
IGHV3-74,1.183431952662722,6
RND3,1.183431952662722,6
DNAJC17,1.183431952662722,6
MTPN,1.183431952662722,6
CALHM2,1.183431952662722,6
LRTOMT,1.183431952662722,6
CIB1,1.183431952662722,6
SLC39A3,1.183431952662722,6
THBD,1.183431952662722,6
FN3KRP,1.183431952662722,6
CST9,1.183431952662722,6
GGTLC1,1.183431952662722,6
SLC35C1,1.183431952662722,6
FAM122C,1.183431952662722,6
AC011448.1,1.183431952662722,6
BRF2,1.183431952662722,6
IGKV2D-24,1.183431952662722,6
TTC9C,1.183431952662722,6
HOXC5,1.183431952662722,6
IGKV6-21,1.183431952662722,6
SSX4,1.183431952662722,6
GOLGA7,1.183431952662722,6
MUC1,1.183431952662722,6
COL8A2,1.183431952662722,6
WNT8A,1.183431952662722,6
PTGES2,1.183431952662722,6
BNIP3,1.183431952662722,6
MRPL11,1.183431952662722,6
B3GNT2,1.183431952662722,6
GHRH,1.183431952662722,6
H2AC15,1.183431952662722,6
BSG,1.183431952662722,6
NKAIN2,1.183431952662722,6
TRAV13-2,1.183431952662722,6
ERG28,1.183431952662722,6
TMEM17,1.183431952662722,6
IGFBP5,1.183431952662722,6
DKK4,1.183431952662722,6
LCE1A,1.183431952662722,6
TMEM241,1.183431952662722,6
C1orf50,1.183431952662722,6
TMEM69,1.183431952662722,6
UFC1,1.183431952662722,6
LGALSL,1.183431952662722,6
RPL31,1.183431952662722,6
OIP5,1.183431952662722,6
SNAP23,1.183431952662722,6
C2orf49,1.183431952662722,6
SRSF2,1.183431952662722,6
MAP1LC3C,1.183431952662722,6
LCE2D,1.183431952662722,6
WDR86,1.183431952662722,6
TMEM229B,1.183431952662722,6
CD8A,1.183431952662722,6
EMX1,1.183431952662722,6
DGUOK,1.183431952662722,6
GPN2,1.183431952662722,6
GPX7,1.183431952662722,6
IGKV1-27,1.183431952662722,6
IGKV2-28,1.183431952662722,6
KLF16,1.183431952662722,6
INPP5E,1.183431952662722,6
GNLY,1.183431952662722,6
HOXB6,1.183431952662722,6
GALP,1.183431952662722,6
KRTAP19-5,1.183431952662722,6
PROCR,1.183431952662722,6
CISD2,1.183431952662722,6
STMN2,1.183431952662722,6
SLA2,1.183431952662722,6
MRPL27,1.183431952662722,6
LMO1,1.183431952662722,6
MRPL42,1.183431952662722,6
RHBDD3,1.183431952662722,6
C17orf64,1.183431952662722,6
TMEM128,1.183431952662722,6
MAP1LC3A,1.183431952662722,6
KRTAP10-2,1.183431952662722,6
REEP1,1.183431952662722,6
CACNG8,1.183431952662722,6
DOHH,1.183431952662722,6
MIIP,1.183431952662722,6
RAB7A,1.183431952662722,6
PLPBP,1.183431952662722,6
HBEGF,1.183431952662722,6
IGKV3-11,1.183431952662722,6
PARD6A,1.183431952662722,6
RNF126,1.183431952662722,6
PIGL,1.183431952662722,6
PTGDR2,1.183431952662722,6
TEX12,1.183431952662722,6
NPM1,1.183431952662722,6
NQO2,1.183431952662722,6
SNRPC,1.183431952662722,6
BCAS4,1.183431952662722,6
GMDS,1.183431952662722,6
AC024598.1,1.183431952662722,6
NIP7,1.183431952662722,6
HEPN1,1.183431952662722,6
SPATA19,1.183431952662722,6
TMED9,1.183431952662722,6
CDHR4,1.183431952662722,6
CD3E,1.183431952662722,6
FAM178B,1.183431952662722,6
ZNF579,1.183431952662722,6
NOG,0.9861932938856016,5
C2orf66,0.9861932938856016,5
C2orf76,0.9861932938856016,5
FGF2,0.9861932938856016,5
ARL10,0.9861932938856016,5
FO393400.1,0.9861932938856016,5
SNRPD1,0.9861932938856016,5
MIDN,0.9861932938856016,5
MEX3D,0.9861932938856016,5
C8orf82,0.9861932938856016,5
H2AC21,0.9861932938856016,5
VMAC,0.9861932938856016,5
NUDT15,0.9861932938856016,5
SSPN,0.9861932938856016,5
IFITM1,0.9861932938856016,5
NPM3,0.9861932938856016,5
CLEC6A,0.9861932938856016,5
HEBP1,0.9861932938856016,5
KLHL26,0.9861932938856016,5
BIRC7,0.9861932938856016,5
SPACA5B,0.9861932938856016,5
SCG5,0.9861932938856016,5
SST,0.9861932938856016,5
LIME1,0.9861932938856016,5
C1orf159,0.9861932938856016,5
AKR1A1,0.9861932938856016,5
MCEE,0.9861932938856016,5
SLC51B,0.9861932938856016,5
BNIP2,0.9861932938856016,5
WBP2,0.9861932938856016,5
BTBD17,0.9861932938856016,5
NR2C2AP,0.9861932938856016,5
BLCAP,0.9861932938856016,5
SBK2,0.9861932938856016,5
IGLL5,0.9861932938856016,5
PCLAF,0.9861932938856016,5
CALML6,0.9861932938856016,5
AC093827.5,0.9861932938856016,5
RNF181,0.9861932938856016,5
MPLKIP,0.9861932938856016,5
BOK,0.9861932938856016,5
CXCL14,0.9861932938856016,5
RNF208,0.9861932938856016,5
SCGB1C1,0.9861932938856016,5
DRD4,0.9861932938856016,5
ESRRA,0.9861932938856016,5
TRMT61A,0.9861932938856016,5
JUN,0.9861932938856016,5
IGKV3-15,0.9861932938856016,5
NAT9,0.9861932938856016,5
SAP30BP,0.9861932938856016,5
DCXR,0.9861932938856016,5
BTLA,0.9861932938856016,5
UBL7,0.9861932938856016,5
TRAV18,0.9861932938856016,5
PHETA2,0.9861932938856016,5
SHISAL1,0.9861932938856016,5
SCP2D1,0.9861932938856016,5
CST8,0.9861932938856016,5
SNRPB,0.9861932938856016,5
HOXB2,0.9861932938856016,5
ZNF784,0.9861932938856016,5
IGKV1-6,0.9861932938856016,5
MYL4,0.9861932938856016,5
TNFAIP8L3,0.9861932938856016,5
RABL2B,0.9861932938856016,5
DEDD,0.9861932938856016,5
TMEM54,0.9861932938856016,5
AC004997.1,0.9861932938856016,5
HDDC2,0.9861932938856016,5
MALSU1,0.9861932938856016,5
GYPC,0.9861932938856016,5
ATP5MC3,0.9861932938856016,5
PRSS27,0.9861932938856016,5
C1D,0.9861932938856016,5
PPP3R1,0.9861932938856016,5
PNPO,0.9861932938856016,5
ORMDL3,0.9861932938856016,5
H4C5,0.9861932938856016,5
C8orf37,0.9861932938856016,5
IGHV1OR15-9,0.9861932938856016,5
GAST,0.9861932938856016,5
LCN9,0.9861932938856016,5
RABL3,0.9861932938856016,5
TMEM88,0.9861932938856016,5
MALL,0.9861932938856016,5
DEFB128,0.9861932938856016,5
TNFRSF14,0.9861932938856016,5
TRPT1,0.9861932938856016,5
IGHV3-49,0.9861932938856016,5
GTF2A1,0.9861932938856016,5
HEXIM1,0.9861932938856016,5
LYL1,0.9861932938856016,5
KRTAP4-12,0.9861932938856016,5
C1QL1,0.9861932938856016,5
IL1A,0.9861932938856016,5
XXYLT1,0.9861932938856016,5
MARCHF3,0.9861932938856016,5
ING5,0.9861932938856016,5
CMC1,0.9861932938856016,5
SMIM19,0.9861932938856016,5
ABHD15,0.9861932938856016,5
C4orf50,0.9861932938856016,5
RASL11B,0.9861932938856016,5
KRTAP19-1,0.9861932938856016,5
ZSCAN32,0.9861932938856016,5
NAGPA,0.9861932938856016,5
TCF23,0.9861932938856016,5
ATRAID,0.9861932938856016,5
ARRDC2,0.9861932938856016,5
RHOXF1,0.9861932938856016,5
CLDN11,0.9861932938856016,5
H2AB1,0.9861932938856016,5
TAC1,0.9861932938856016,5
INSIG1,0.9861932938856016,5
IFNK,0.9861932938856016,5
PRRX2,0.9861932938856016,5
SEC61G,0.9861932938856016,5
CHRDL2,0.9861932938856016,5
ERI2,0.9861932938856016,5
CELA2A,0.9861932938856016,5
SELENOH,0.9861932938856016,5
JMJD7,0.9861932938856016,5
SEBOX,0.9861932938856016,5
COA8,0.9861932938856016,5
SPACA7,0.9861932938856016,5
SP8,0.9861932938856016,5
FAM181A,0.9861932938856016,5
TMEM170B,0.9861932938856016,5
FABP12,0.9861932938856016,5
NUDT19,0.9861932938856016,5
PIN1,0.9861932938856016,5
ZNF581,0.9861932938856016,5
ZMYND19,0.9861932938856016,5
POLR2I,0.9861932938856016,5
ADI1,0.9861932938856016,5
RAMP2,0.9861932938856016,5
ETFB,0.9861932938856016,5
TMEM205,0.9861932938856016,5
XAGE3,0.9861932938856016,5
METTL7A,0.9861932938856016,5
VPS37B,0.9861932938856016,5
SAT2,0.9861932938856016,5
TTR,0.9861932938856016,5
TMEM129,0.9861932938856016,5
RNF135,0.9861932938856016,5
IL17F,0.9861932938856016,5
CYP26C1,0.9861932938856016,5
BMF,0.9861932938856016,5
CRIP3,0.9861932938856016,5
CMBL,0.9861932938856016,5
COQ7,0.9861932938856016,5
MED29,0.9861932938856016,5
FAM71F2,0.9861932938856016,5
TRGV2,0.9861932938856016,5
LSM10,0.9861932938856016,5
MRPL55,0.9861932938856016,5
MC1R,0.9861932938856016,5
COMT,0.9861932938856016,5
TXNL4B,0.9861932938856016,5
FAHD1,0.9861932938856016,5
POTED,0.9861932938856016,5
ATP5PF,0.9861932938856016,5
PRM3,0.9861932938856016,5
DCTPP1,0.9861932938856016,5
COX7B2,0.9861932938856016,5
POU3F1,0.9861932938856016,5
CHAC1,0.9861932938856016,5
LXN,0.9861932938856016,5
SCGB2A1,0.9861932938856016,5
SRPRB,0.9861932938856016,5
TRAV12-3,0.9861932938856016,5
ETHE1,0.9861932938856016,5
CBR1,0.9861932938856016,5
MED31,0.9861932938856016,5
CXCL8,0.9861932938856016,5
UBE2F,0.9861932938856016,5
TMEM43,0.9861932938856016,5
DTYMK,0.9861932938856016,5
HOXD11,0.9861932938856016,5
THAP8,0.9861932938856016,5
KRTAP3-2,0.9861932938856016,5
CHMP6,0.9861932938856016,5
PTH,0.9861932938856016,5
SAA2,0.9861932938856016,5
TUBB,0.9861932938856016,5
TMEM215,0.9861932938856016,5
TRDV1,0.9861932938856016,5
AP2S1,0.9861932938856016,5
PHETA1,0.9861932938856016,5
MEST,0.9861932938856016,5
IL17B,0.9861932938856016,5
PFN1,0.9861932938856016,5
PEAK3,0.9861932938856016,5
CENPM,0.9861932938856016,5
LRRC20,0.9861932938856016,5
CYB5D1,0.9861932938856016,5
SPINK4,0.9861932938856016,5
TRAV4,0.9861932938856016,5
ORC6,0.9861932938856016,5
DNAH14,0.9861932938856016,5
SRP9,0.9861932938856016,5
TAS2R31,0.9861932938856016,5
TRIM14,0.9861932938856016,5
LEFTY2,0.9861932938856016,5
AMY1A,0.9861932938856016,5
MRAP,0.9861932938856016,5
GID4,0.9861932938856016,5
MFAP4,0.9861932938856016,5
TM6SF2,0.9861932938856016,5
ITPA,0.9861932938856016,5
RPL39,0.9861932938856016,5
PYDC1,0.9861932938856016,5
ANKRD37,0.9861932938856016,5
FAM174A,0.9861932938856016,5
NUDT8,0.9861932938856016,5
ODF3,0.9861932938856016,5
ATP6V1G1,0.9861932938856016,5
EIF4E,0.9861932938856016,5
DCHS2,0.9861932938856016,5
KLK3,0.9861932938856016,5
CRYGN,0.9861932938856016,5
SIT1,0.9861932938856016,5
HSD11B2,0.9861932938856016,5
THAP11,0.9861932938856016,5
IGLV3-22,0.9861932938856016,5
TM4SF5,0.9861932938856016,5
PXMP4,0.9861932938856016,5
DAD1,0.9861932938856016,5
MANEAL,0.9861932938856016,5
GAL,0.9861932938856016,5
YKT6,0.9861932938856016,5
ABITRAM,0.9861932938856016,5
PABPN1,0.9861932938856016,5
CYB561D2,0.9861932938856016,5
S100A13,0.9861932938856016,5
GLO1,0.9861932938856016,5
NUBPL,0.9861932938856016,5
SYNDIG1L,0.9861932938856016,5
JDP2,0.9861932938856016,5
TAF12,0.9861932938856016,5
SLC50A1,0.9861932938856016,5
ATOH8,0.9861932938856016,5
IGKV2-30,0.9861932938856016,5
IGLV2-18,0.9861932938856016,5
SPINK9,0.9861932938856016,5
PLLP,0.9861932938856016,5
CLNS1A,0.9861932938856016,5
CREBZF,0.9861932938856016,5
FOLH1B,0.9861932938856016,5
PSMA6,0.9861932938856016,5
TSEN15,0.9861932938856016,5
NHLRC4,0.9861932938856016,5
ATXN7L1,0.9861932938856016,5
TLCD3B,0.9861932938856016,5
SPRR2E,0.9861932938856016,5
GKN1,0.9861932938856016,5
IGKV3D-20,0.9861932938856016,5
LBHD1,0.9861932938856016,5
MRPL52,0.9861932938856016,5
NAPRT,0.9861932938856016,5
TMEM86B,0.9861932938856016,5
PHLDA1,0.9861932938856016,5
ANKRD46,0.9861932938856016,5
JTB,0.9861932938856016,5
RPS5,0.9861932938856016,5
TPSG1,0.9861932938856016,5
RPS11,0.9861932938856016,5
TMEM102,0.9861932938856016,5
PINX1,0.9861932938856016,5
SNRPD2,0.9861932938856016,5
DUSP18,0.9861932938856016,5
POLR3H,0.9861932938856016,5
CPTP,0.9861932938856016,5
IFNL2,0.9861932938856016,5
HPCA,0.9861932938856016,5
IL17A,0.9861932938856016,5
SNX3,0.9861932938856016,5
FHIT,0.9861932938856016,5
RSL24D1,0.9861932938856016,5
CLPP,0.9861932938856016,5
NAA50,0.9861932938856016,5
H2BC13,0.9861932938856016,5
LTB,0.9861932938856016,5
TRAV26-1,0.9861932938856016,5
RNASE4,0.9861932938856016,5
TMEM116,0.9861932938856016,5
COX6A1,0.9861932938856016,5
UBL3,0.9861932938856016,5
VPREB1,0.9861932938856016,5
IGLV1-51,0.9861932938856016,5
PIGP,0.9861932938856016,5
CAVIN3,0.9861932938856016,5
CLEC18C,0.9861932938856016,5
IL7,0.9861932938856016,5
DBNDD1,0.9861932938856016,5
LIF,0.9861932938856016,5
IL34,0.9861932938856016,5
PERP,0.9861932938856016,5
NUDT3,0.9861932938856016,5
CDCA5,0.9861932938856016,5
AKIP1,0.9861932938856016,5
CRYGD,0.9861932938856016,5
ETFRF1,0.9861932938856016,5
ZNF428,0.9861932938856016,5
FLYWCH2,0.9861932938856016,5
PSPH,0.9861932938856016,5
IGHA2,0.9861932938856016,5
XCL1,0.9861932938856016,5
AGR3,0.9861932938856016,5
HYPK,0.9861932938856016,5
UBE2I,0.9861932938856016,5
MBL2,0.9861932938856016,5
EAF1,0.9861932938856016,5
SERTAD3,0.9861932938856016,5
PLA2G2A,0.9861932938856016,5
ANKRD39,0.9861932938856016,5
LYRM1,0.9861932938856016,5
DNAJC19,0.9861932938856016,5
CTSB,0.9861932938856016,5
POLR3G,0.9861932938856016,5
EPDR1,0.9861932938856016,5
ARPC1A,0.9861932938856016,5
IFT22,0.9861932938856016,5
CAV1,0.9861932938856016,5
IGHV3-38,0.9861932938856016,5
GNGT2,0.9861932938856016,5
NUPR1,0.9861932938856016,5
CBFB,0.9861932938856016,5
UBD,0.9861932938856016,5
INCA1,0.9861932938856016,5
HMGN4,0.9861932938856016,5
H2BC7,0.9861932938856016,5
SHARPIN,0.9861932938856016,5
CALML5,0.9861932938856016,5
TNP2,0.9861932938856016,5
TEDC1,0.9861932938856016,5
KRTAP5-6,0.9861932938856016,5
CHMP4C,0.9861932938856016,5
MFSD3,0.9861932938856016,5
SRM,0.9861932938856016,5
TMEM230,0.9861932938856016,5
SOX8,0.9861932938856016,5
KCNK6,0.9861932938856016,5
TMEM251,0.9861932938856016,5
PTMS,0.9861932938856016,5
PLA2G2D,0.9861932938856016,5
WFDC12,0.9861932938856016,5
HLA-DQB1,0.9861932938856016,5
CCL23,0.9861932938856016,5
CISD1,0.9861932938856016,5
GRPEL1,0.9861932938856016,5
ACTRT3,0.9861932938856016,5
YWHAZ,0.9861932938856016,5
CD59,0.9861932938856016,5
ASCL1,0.9861932938856016,5
SAP18,0.9861932938856016,5
CCL11,0.9861932938856016,5
C17orf58,0.9861932938856016,5
NDUFA1,0.9861932938856016,5
MRPL20,0.9861932938856016,5
LSMEM2,0.9861932938856016,5
IGKV2-24,0.9861932938856016,5
RHOH,0.9861932938856016,5
MED21,0.9861932938856016,5
IL23A,0.9861932938856016,5
MRPL21,0.9861932938856016,5
HDGFL3,0.9861932938856016,5
KDELR3,0.9861932938856016,5
DEFB108B,0.9861932938856016,5
NABP2,0.9861932938856016,5
DYNLL2,0.9861932938856016,5
TMEM37,0.9861932938856016,5
PMP22,0.9861932938856016,5
FGF11,0.9861932938856016,5
CBWD5,0.9861932938856016,5
TBCB,0.9861932938856016,5
FAM163B,0.9861932938856016,5
KRTAP5-7,0.9861932938856016,5
SIVA1,0.9861932938856016,5
IGHV3-48,0.9861932938856016,5
OBP2A,0.9861932938856016,5
PURA,0.9861932938856016,5
SF3B6,0.9861932938856016,5
TMEM186,0.9861932938856016,5
HOXB8,0.9861932938856016,5
INO80C,0.9861932938856016,5
ETV2,0.9861932938856016,5
IGLC2,0.9861932938856016,5
C22orf42,0.9861932938856016,5
NDP,0.9861932938856016,5
SOWAHA,0.9861932938856016,5
LURAP1L,0.9861932938856016,5
ZNF764,0.9861932938856016,5
IGHV3-33,0.9861932938856016,5
IGHV3-35,0.9861932938856016,5
IGHV2-70,0.9861932938856016,5
HSD17B13,0.9861932938856016,5
FGF9,0.9861932938856016,5
ARMS2,0.9861932938856016,5
CFD,0.9861932938856016,5
TMED1,0.9861932938856016,5
F8A1,0.9861932938856016,5
S100A3,0.9861932938856016,5
AC093155.3,0.9861932938856016,5
SPRR2D,0.9861932938856016,5
BATF3,0.9861932938856016,5
CFAP298,0.9861932938856016,5
JPT2,0.9861932938856016,5
TPSB2,0.9861932938856016,5
FBXL22,0.9861932938856016,5
RASL12,0.9861932938856016,5
DUT,0.9861932938856016,5
IGKV3D-11,0.9861932938856016,5
WFDC11,0.9861932938856016,5
SPATA25,0.9861932938856016,5
XAF1,0.9861932938856016,5
PRR15L,0.9861932938856016,5
OCM2,0.9861932938856016,5
RGS19,0.9861932938856016,5
RPL35,0.9861932938856016,5
LCE4A,0.9861932938856016,5
IFT20,0.9861932938856016,5
DHRS4,0.9861932938856016,5
ATP6V1G2,0.9861932938856016,5
IGHV4-39,0.9861932938856016,5
SAMD10,0.9861932938856016,5
RPL7A,0.9861932938856016,5
SOCS1,0.9861932938856016,5
CNPY2,0.9861932938856016,5
PTGES3,0.9861932938856016,5
RASL10A,0.9861932938856016,5
FAM110A,0.9861932938856016,5
CMC4,0.9861932938856016,5
LSM6,0.9861932938856016,5
CABP7,0.9861932938856016,5
PSRC1,0.9861932938856016,5
CLC,0.9861932938856016,5
EMP3,0.9861932938856016,5
ZNF385C,0.9861932938856016,5
IGLV3-12,0.9861932938856016,5
SCN4B,0.9861932938856016,5
UTS2R,0.9861932938856016,5
SELENOV,0.9861932938856016,5
KLK14,0.9861932938856016,5
GFUS,0.9861932938856016,5
CCDC137,0.9861932938856016,5
EEF1AKMT2,0.9861932938856016,5
C1QTNF5,0.9861932938856016,5
GATD1,0.9861932938856016,5
PNRC2,0.9861932938856016,5
ACOT1,0.9861932938856016,5
SIGIRR,0.9861932938856016,5
MED30,0.9861932938856016,5
TRAV41,0.9861932938856016,5
MOSPD3,0.9861932938856016,5
IL3,0.9861932938856016,5
EGFL7,0.9861932938856016,5
EIF1AD,0.9861932938856016,5
IGFBP6,0.9861932938856016,5
NIPSNAP1,0.9861932938856016,5
KRTAP10-12,0.9861932938856016,5
SWI5,0.9861932938856016,5
LSM4,0.9861932938856016,5
CDK2AP1,0.9861932938856016,5
SBK1,0.9861932938856016,5
SMUG1,0.9861932938856016,5
PPP1R1A,0.9861932938856016,5
ZNF219,0.9861932938856016,5
IGHV7-81,0.9861932938856016,5
EOLA2,0.9861932938856016,5
TRARG1,0.9861932938856016,5
MED9,0.9861932938856016,5
GGTLC2,0.9861932938856016,5
CHMP1B,0.9861932938856016,5
TNFAIP8,0.9861932938856016,5
OMP,0.9861932938856016,5
THRSP,0.9861932938856016,5
CDCA3,0.9861932938856016,5
AQP2,0.9861932938856016,5
ATG101,0.9861932938856016,5
G6PC3,0.9861932938856016,5
HOXB1,0.9861932938856016,5
ATP5MC1,0.9861932938856016,5
INIP,0.9861932938856016,5
ADORA3,0.9861932938856016,5
TSSK4,0.9861932938856016,5
NAA60,0.9861932938856016,5
TRAV3,0.9861932938856016,5
CBWD6,0.9861932938856016,5
HNRNPA0,0.9861932938856016,5
TP53I3,0.9861932938856016,5
LMO3,0.9861932938856016,5
CCL8,0.9861932938856016,5
ASF1A,0.9861932938856016,5
FIGNL2,0.9861932938856016,5
EXOSC3,0.9861932938856016,5
CDKN2A,0.9861932938856016,5
RPS16,0.9861932938856016,5
GSC2,0.9861932938856016,5
IER5,0.9861932938856016,5
GPSM3,0.9861932938856016,5
CNEP1R1,0.9861932938856016,5
H3-3B,0.9861932938856016,5
YRDC,0.9861932938856016,5
NXNL1,0.9861932938856016,5
ZNF511,0.9861932938856016,5
TSLP,0.9861932938856016,5
LRRC24,0.9861932938856016,5
HNRNPA1L2,0.9861932938856016,5
NKX2-5,0.9861932938856016,5
MCCD1,0.9861932938856016,5
SPDEF,0.9861932938856016,5
TMEM211,0.9861932938856016,5
GALR3,0.9861932938856016,5
MRRF,0.9861932938856016,5
TOMM40L,0.9861932938856016,5
PF4,0.9861932938856016,5
RAB25,0.9861932938856016,5
NME1,0.9861932938856016,5
MAPK12,0.9861932938856016,5
CFL1,0.9861932938856016,5
PTPRCAP,0.9861932938856016,5
PTMA,0.9861932938856016,5
CGGBP1,0.9861932938856016,5
UBE2D3,0.9861932938856016,5
TAF13,0.9861932938856016,5
IGKV4-1,0.9861932938856016,5
MRPL30,0.9861932938856016,5
KLRG1,0.9861932938856016,5
PITX3,0.9861932938856016,5
ATP6V0B,0.9861932938856016,5
HPCAL4,0.9861932938856016,5
GM2A,0.9861932938856016,5
ATP5PD,0.9861932938856016,5
MYL12B,0.9861932938856016,5
RNF149,0.9861932938856016,5
IL15RA,0.9861932938856016,5
HIGD1A,0.9861932938856016,5
CD164L2,0.9861932938856016,5
FABP7,0.9861932938856016,5
C8G,0.9861932938856016,5
DEFB125,0.9861932938856016,5
NMRK1,0.9861932938856016,5
RPL27A,0.9861932938856016,5
AC018630.4,0.9861932938856016,5
MED19,0.9861932938856016,5
PIM3,0.9861932938856016,5
IGLV4-3,0.9861932938856016,5
TRBV2,0.9861932938856016,5
TRBV4-2,0.9861932938856016,5
PMCH,0.9861932938856016,5
NEUROD2,0.9861932938856016,5
MRPL34,0.9861932938856016,5
PGLYRP1,0.9861932938856016,5
ZNF384,0.9861932938856016,5
SPAG11B,0.9861932938856016,5
FBXL6,0.9861932938856016,5
RPL8,0.9861932938856016,5
PLPP6,0.9861932938856016,5
PBOV1,0.9861932938856016,5
BAALC,0.9861932938856016,5
NICN1,0.9861932938856016,5
TBPL1,0.9861932938856016,5
TIFA,0.9861932938856016,5
REM2,0.9861932938856016,5
OXLD1,0.9861932938856016,5
VSIR,0.9861932938856016,5
FOXE1,0.9861932938856016,5
CH25H,0.9861932938856016,5
CRIPT,0.9861932938856016,5
C11orf68,0.9861932938856016,5
H1-7,0.9861932938856016,5
RITA1,0.9861932938856016,5
ASB8,0.9861932938856016,5
DAND5,0.9861932938856016,5
DNAAF6,0.9861932938856016,5
NRM,0.9861932938856016,5
GNG2,0.9861932938856016,5
CYB5A,0.9861932938856016,5
BMP8B,0.9861932938856016,5
FUT7,0.9861932938856016,5
NDUFA4,0.9861932938856016,5
S100A5,0.9861932938856016,5
SIGMAR1,0.9861932938856016,5
ASAH2B,0.9861932938856016,5
RTL8A,0.9861932938856016,5
CT45A3,0.9861932938856016,5
CENPS-CORT,0.9861932938856016,5
EN1,0.9861932938856016,5
NPPB,0.9861932938856016,5
NT5C,0.9861932938856016,5
NKX2-4,0.9861932938856016,5
NEURL2,0.9861932938856016,5
IGHV1-2,0.9861932938856016,5
SDHAF2,0.9861932938856016,5
IAPP,0.9861932938856016,5
CLECL1,0.9861932938856016,5
IGHV3-72,0.9861932938856016,5
RAB33A,0.9861932938856016,5
GUCA1B,0.9861932938856016,5
IL9,0.9861932938856016,5
PGLS,0.9861932938856016,5
RRP7A,0.9861932938856016,5
S1PR5,0.9861932938856016,5
MEA1,0.9861932938856016,5
HMGN3,0.9861932938856016,5
VKORC1L1,0.9861932938856016,5
PDAP1,0.9861932938856016,5
LAMTOR3,0.9861932938856016,5
MAL2,0.9861932938856016,5
GATA4,0.9861932938856016,5
ANXA8L1,0.9861932938856016,5
TSPAN4,0.9861932938856016,5
ARL9,0.9861932938856016,5
CKLF,0.9861932938856016,5
RAB43,0.9861932938856016,5
FGFR3,0.9861932938856016,5
KRTAP12-4,0.9861932938856016,5
C11orf71,0.9861932938856016,5
SMCP,0.9861932938856016,5
NDUFAF2,0.9861932938856016,5
UBE2D2,0.9861932938856016,5
SDHD,0.9861932938856016,5
RBM24,0.9861932938856016,5
KCNE1,0.9861932938856016,5
CORO1B,0.9861932938856016,5
KRTAP5-3,0.9861932938856016,5
HOXC12,0.9861932938856016,5
FAM174B,0.9861932938856016,5
DEGS2,0.9861932938856016,5
TLDC2,0.9861932938856016,5
VAMP8,0.9861932938856016,5
TM4SF18,0.9861932938856016,5
TM2D2,0.9861932938856016,5
CITED2,0.9861932938856016,5
FABP5,0.9861932938856016,5
SENP8,0.9861932938856016,5
THOC3,0.9861932938856016,5
SAYSD1,0.9861932938856016,5
NEURL3,0.9861932938856016,5
RAB33B,0.9861932938856016,5
MRPL36,0.9861932938856016,5
RAB19,0.9861932938856016,5
RBP4,0.9861932938856016,5
TNNC1,0.9861932938856016,5
GJB3,0.9861932938856016,5
OPALIN,0.7889546351084813,4
DLX6,0.7889546351084813,4
TRBV30,0.7889546351084813,4
UPK3A,0.7889546351084813,4
BRI3BP,0.7889546351084813,4
NEU4,0.7889546351084813,4
HLA-C,0.7889546351084813,4
GNMT,0.7889546351084813,4
LINC02210-CRHR1,0.7889546351084813,4
TRAV8-7,0.7889546351084813,4
GOLGA8B,0.7889546351084813,4
SELENOK,0.7889546351084813,4
NMU,0.7889546351084813,4
H2AZ1,0.7889546351084813,4
ANXA2R,0.7889546351084813,4
TMEM14C,0.7889546351084813,4
HYI,0.7889546351084813,4
TNFAIP8L2,0.7889546351084813,4
SPRR2A,0.7889546351084813,4
SOSTDC1,0.7889546351084813,4
SDF2L1,0.7889546351084813,4
GNG13,0.7889546351084813,4
NUDT18,0.7889546351084813,4
RBIS,0.7889546351084813,4
CKS1B,0.7889546351084813,4
AP001781.2,0.7889546351084813,4
CSAG1,0.7889546351084813,4
CCL14,0.7889546351084813,4
CD300LD,0.7889546351084813,4
AC132217.2,0.7889546351084813,4
CYB5RL,0.7889546351084813,4
MZT2B,0.7889546351084813,4
SUPT4H1,0.7889546351084813,4
PIN4,0.7889546351084813,4
FABP3,0.7889546351084813,4
C4orf3,0.7889546351084813,4
TIFAB,0.7889546351084813,4
AC134980.2,0.7889546351084813,4
CPLX2,0.7889546351084813,4
MRPL22,0.7889546351084813,4
TMEM263,0.7889546351084813,4
NDFIP2,0.7889546351084813,4
BANF1,0.7889546351084813,4
GSTP1,0.7889546351084813,4
PITHD1,0.7889546351084813,4
CCDC115,0.7889546351084813,4
HDHD3,0.7889546351084813,4
METTL22,0.7889546351084813,4
C1orf53,0.7889546351084813,4
SCRG1,0.7889546351084813,4
C1orf56,0.7889546351084813,4
SH2D1B,0.7889546351084813,4
PLGLB2,0.7889546351084813,4
PTP4A2,0.7889546351084813,4
JMJD8,0.7889546351084813,4
ID1,0.7889546351084813,4
REP15,0.7889546351084813,4
CDCA4,0.7889546351084813,4
IGLV5-37,0.7889546351084813,4
C1orf21,0.7889546351084813,4
SLBP,0.7889546351084813,4
KRTAP19-3,0.7889546351084813,4
VGF,0.7889546351084813,4
TRGV8,0.7889546351084813,4
MZB1,0.7889546351084813,4
COPE,0.7889546351084813,4
IGLV3-16,0.7889546351084813,4
C11orf45,0.7889546351084813,4
ARPC4,0.7889546351084813,4
UTS2B,0.7889546351084813,4
HDDC3,0.7889546351084813,4
MSRB1,0.7889546351084813,4
SMCO4,0.7889546351084813,4
FOXJ1,0.7889546351084813,4
DNASE1,0.7889546351084813,4
SRA1,0.7889546351084813,4
PRH1,0.7889546351084813,4
BORCS5,0.7889546351084813,4
ILRUN,0.7889546351084813,4
CLPSL2,0.7889546351084813,4
LPAR6,0.7889546351084813,4
TCTEX1D2,0.7889546351084813,4
WFDC5,0.7889546351084813,4
WFDC10B,0.7889546351084813,4
ATP5ME,0.7889546351084813,4
CALB2,0.7889546351084813,4
YPEL4,0.7889546351084813,4
FUOM,0.7889546351084813,4
NSG2,0.7889546351084813,4
AIF1,0.7889546351084813,4
AIP,0.7889546351084813,4
MOBP,0.7889546351084813,4
RETNLB,0.7889546351084813,4
ANAPC13,0.7889546351084813,4
SPSB4,0.7889546351084813,4
MRFAP1,0.7889546351084813,4
PRPH,0.7889546351084813,4
EFCC1,0.7889546351084813,4
INKA1,0.7889546351084813,4
TRBV27,0.7889546351084813,4
IFNA1,0.7889546351084813,4
RASSF3,0.7889546351084813,4
PGRMC2,0.7889546351084813,4
CDV3,0.7889546351084813,4
MRPS36,0.7889546351084813,4
C1QTNF8,0.7889546351084813,4
ENHO,0.7889546351084813,4
NEUROG1,0.7889546351084813,4
ATP6V1G3,0.7889546351084813,4
HOXD1,0.7889546351084813,4
CCNI2,0.7889546351084813,4
MED10,0.7889546351084813,4
C5orf49,0.7889546351084813,4
LCN2,0.7889546351084813,4
CNIH2,0.7889546351084813,4
SVIP,0.7889546351084813,4
ERP29,0.7889546351084813,4
SPCS2,0.7889546351084813,4
ACYP1,0.7889546351084813,4
IFI27L1,0.7889546351084813,4
SCRT2,0.7889546351084813,4
KRTAP6-1,0.7889546351084813,4
CRISP2,0.7889546351084813,4
UCHL3,0.7889546351084813,4
KRTAP20-2,0.7889546351084813,4
ZCCHC3,0.7889546351084813,4
NCR3,0.7889546351084813,4
C6orf47,0.7889546351084813,4
QDPR,0.7889546351084813,4
DEFB131A,0.7889546351084813,4
TLX1,0.7889546351084813,4
APLN,0.7889546351084813,4
TRAJ23,0.7889546351084813,4
TRAPPC6A,0.7889546351084813,4
TM2D1,0.7889546351084813,4
H2BU1,0.7889546351084813,4
IGHV3-21,0.7889546351084813,4
MPHOSPH6,0.7889546351084813,4
LAGE3,0.7889546351084813,4
ATP6V1F,0.7889546351084813,4
ADM,0.7889546351084813,4
RAP1B,0.7889546351084813,4
ECI1,0.7889546351084813,4
IGHV2-26,0.7889546351084813,4
CA7,0.7889546351084813,4
CXCL6,0.7889546351084813,4
CT45A10,0.7889546351084813,4
ALKBH7,0.7889546351084813,4
RAB2B,0.7889546351084813,4
TRAV1-1,0.7889546351084813,4
UQCRHL,0.7889546351084813,4
SLC7A6OS,0.7889546351084813,4
RTN4R,0.7889546351084813,4
KCNE5,0.7889546351084813,4
NKAIN1,0.7889546351084813,4
ATP6V0E2,0.7889546351084813,4
IGHV1-46,0.7889546351084813,4
PRSS33,0.7889546351084813,4
WNT9B,0.7889546351084813,4
MPZL3,0.7889546351084813,4
TBRG1,0.7889546351084813,4
TRAPPC1,0.7889546351084813,4
FAM53A,0.7889546351084813,4
DUSP29,0.7889546351084813,4
SLC25A29,0.7889546351084813,4
WDR73,0.7889546351084813,4
NDUFAB1,0.7889546351084813,4
KRTAP4-5,0.7889546351084813,4
BEX2,0.7889546351084813,4
FKBP11,0.7889546351084813,4
KHDC1,0.7889546351084813,4
BHLHE41,0.7889546351084813,4
NPDC1,0.7889546351084813,4
COMMD3-BMI1,0.7889546351084813,4
MRM2,0.7889546351084813,4
MSMP,0.7889546351084813,4
NME1-NME2,0.7889546351084813,4
LY6G6C,0.7889546351084813,4
JAZF1,0.7889546351084813,4
HAGH,0.7889546351084813,4
DEPP1,0.7889546351084813,4
FEV,0.7889546351084813,4
TPSAB1,0.7889546351084813,4
SCGB1D4,0.7889546351084813,4
TRGV5,0.7889546351084813,4
POLR2K,0.7889546351084813,4
C2orf68,0.7889546351084813,4
EID2,0.7889546351084813,4
VAMP3,0.7889546351084813,4
RBM38,0.7889546351084813,4
PDCD6,0.7889546351084813,4
TAFA4,0.7889546351084813,4
LY6G5B,0.7889546351084813,4
TRAV8-6,0.7889546351084813,4
TRAV36DV7,0.7889546351084813,4
PROSER2,0.7889546351084813,4
VPS28,0.7889546351084813,4
MAGOHB,0.7889546351084813,4
CYSTM1,0.7889546351084813,4
LYPLA1,0.7889546351084813,4
MB,0.7889546351084813,4
TEF,0.7889546351084813,4
FAM24B,0.7889546351084813,4
CARTPT,0.7889546351084813,4
CXCL10,0.7889546351084813,4
NUDT22,0.7889546351084813,4
AC097637.1,0.7889546351084813,4
SPCS1,0.7889546351084813,4
PUSL1,0.7889546351084813,4
DPH3,0.7889546351084813,4
APOBEC3C,0.7889546351084813,4
PMM1,0.7889546351084813,4
MPV17,0.7889546351084813,4
DPH7,0.7889546351084813,4
IGLC7,0.7889546351084813,4
TRAV16,0.7889546351084813,4
TRAV38-2DV8,0.7889546351084813,4
SRSF9,0.7889546351084813,4
AC104452.1,0.7889546351084813,4
ENY2,0.7889546351084813,4
RPS10-NUDT3,0.7889546351084813,4
PGA5,0.7889546351084813,4
KIAA1143,0.7889546351084813,4
MXD4,0.7889546351084813,4
LSM3,0.7889546351084813,4
FAM183A,0.7889546351084813,4
IGLV9-49,0.7889546351084813,4
SYCN,0.7889546351084813,4
KRTAP6-2,0.7889546351084813,4
RIPPLY3,0.7889546351084813,4
RNASE12,0.7889546351084813,4
UBE2L3,0.7889546351084813,4
SUMO3,0.7889546351084813,4
HES7,0.7889546351084813,4
TAC3,0.7889546351084813,4
PRLH,0.7889546351084813,4
MAFF,0.7889546351084813,4
TBCC,0.7889546351084813,4
PTCRA,0.7889546351084813,4
HMSD,0.7889546351084813,4
B9D2,0.7889546351084813,4
IGKV3-20,0.7889546351084813,4
TBC1D3F,0.7889546351084813,4
HOXB9,0.7889546351084813,4
EIF1,0.7889546351084813,4
CCL16,0.7889546351084813,4
TMEM107,0.7889546351084813,4
GABARAP,0.7889546351084813,4
ENDOG,0.7889546351084813,4
DOLPP1,0.7889546351084813,4
TNFSF12,0.7889546351084813,4
VAMP2,0.7889546351084813,4
ORMDL1,0.7889546351084813,4
BAD,0.7889546351084813,4
AC024940.1,0.7889546351084813,4
IGLV2-23,0.7889546351084813,4
INS-IGF2,0.7889546351084813,4
AC105001.2,0.7889546351084813,4
ENTPD2,0.7889546351084813,4
NNAT,0.7889546351084813,4
PKIG,0.7889546351084813,4
RAB4B,0.7889546351084813,4
IGKV2D-29,0.7889546351084813,4
EPPIN,0.7889546351084813,4
PRTN3,0.7889546351084813,4
MLANA,0.7889546351084813,4
RPL34,0.7889546351084813,4
IGHV4-34,0.7889546351084813,4
SPI1,0.7889546351084813,4
IGLV3-19,0.7889546351084813,4
S100G,0.7889546351084813,4
ARTN,0.7889546351084813,4
LCE1F,0.7889546351084813,4
LEPROTL1,0.7889546351084813,4
SLC35A3,0.7889546351084813,4
MIXL1,0.7889546351084813,4
SPC25,0.7889546351084813,4
CXCL13,0.7889546351084813,4
ATP5F1E,0.7889546351084813,4
PPP1R27,0.7889546351084813,4
UBE2B,0.7889546351084813,4
SAP30L,0.7889546351084813,4
FAM71E1,0.7889546351084813,4
UPK3B,0.7889546351084813,4
COX18,0.7889546351084813,4
AMY1C,0.7889546351084813,4
CD8B,0.7889546351084813,4
IL1RN,0.7889546351084813,4
RHOV,0.7889546351084813,4
POLR2D,0.7889546351084813,4
COA5,0.7889546351084813,4
FAM216B,0.7889546351084813,4
CD160,0.7889546351084813,4
NDUFA6,0.7889546351084813,4
LEPROT,0.7889546351084813,4
GZMM,0.7889546351084813,4
EFNA2,0.7889546351084813,4
IZUMO4,0.7889546351084813,4
NXT2,0.7889546351084813,4
UBAC2,0.7889546351084813,4
L3HYPDH,0.7889546351084813,4
COX5A,0.7889546351084813,4
FAM210B,0.7889546351084813,4
TNFAIP8L1,0.7889546351084813,4
DMAC1,0.7889546351084813,4
DUSP2,0.7889546351084813,4
NANOS2,0.7889546351084813,4
MSANTD1,0.7889546351084813,4
APH1B,0.7889546351084813,4
MRPL48,0.7889546351084813,4
TRAV12-2,0.7889546351084813,4
TRDC,0.7889546351084813,4
SFT2D1,0.7889546351084813,4
MPV17L,0.7889546351084813,4
YBEY,0.7889546351084813,4
ISG15,0.7889546351084813,4
SLC25A34,0.7889546351084813,4
SDC3,0.7889546351084813,4
RTN4RL1,0.7889546351084813,4
CYBC1,0.7889546351084813,4
RRAD,0.7889546351084813,4
DEFB116,0.7889546351084813,4
APOBEC3A,0.7889546351084813,4
TMUB1,0.7889546351084813,4
CIDEB,0.7889546351084813,4
BASP1,0.7889546351084813,4
CHCHD2,0.7889546351084813,4
POMZP3,0.7889546351084813,4
DYDC1,0.7889546351084813,4
PAFAH1B3,0.7889546351084813,4
MED18,0.7889546351084813,4
POLR3GL,0.7889546351084813,4
PRSS3,0.7889546351084813,4
TMEM222,0.7889546351084813,4
COX7A2L,0.7889546351084813,4
BNIP3L,0.7889546351084813,4
KAZALD1,0.7889546351084813,4
PRH2,0.7889546351084813,4
U2AF1L4,0.7889546351084813,4
C19orf53,0.7889546351084813,4
PAGR1,0.7889546351084813,4
REEP6,0.7889546351084813,4
TSPAN13,0.7889546351084813,4
ATP6V0C,0.7889546351084813,4
CEMP1,0.7889546351084813,4
COX17,0.7889546351084813,4
ZNF593,0.7889546351084813,4
AP5S1,0.7889546351084813,4
SPACA4,0.7889546351084813,4
RPL18,0.7889546351084813,4
SELENOW,0.7889546351084813,4
HERC3,0.7889546351084813,4
RPL10A,0.7889546351084813,4
CLEC11A,0.7889546351084813,4
CGB5,0.7889546351084813,4
RBP1,0.7889546351084813,4
TMEM150B,0.7889546351084813,4
HES1,0.7889546351084813,4
PCBD2,0.7889546351084813,4
NRSN1,0.7889546351084813,4
PRR3,0.7889546351084813,4
DPY30,0.7889546351084813,4
TSPO,0.7889546351084813,4
UQCRQ,0.7889546351084813,4
NDUFB10,0.7889546351084813,4
JAGN1,0.7889546351084813,4
CMTM7,0.7889546351084813,4
CCNP,0.7889546351084813,4
EXOSC5,0.7889546351084813,4
GLRX2,0.7889546351084813,4
HMGN1,0.7889546351084813,4
MAGOH,0.7889546351084813,4
TOMM40,0.7889546351084813,4
SYS1,0.7889546351084813,4
SOWAHD,0.7889546351084813,4
GTSF1L,0.7889546351084813,4
LCE1E,0.7889546351084813,4
SPATA45,0.7889546351084813,4
LY6G6F-LY6G6D,0.7889546351084813,4
CALCA,0.7889546351084813,4
NEU1,0.7889546351084813,4
GET4,0.7889546351084813,4
ARRDC5,0.7889546351084813,4
KRTAP3-3,0.7889546351084813,4
STH,0.7889546351084813,4
FTL,0.7889546351084813,4
KRTDAP,0.7889546351084813,4
SLC2A4RG,0.7889546351084813,4
CCDC197,0.7889546351084813,4
CIB4,0.7889546351084813,4
FAM89A,0.7889546351084813,4
MGST3,0.7889546351084813,4
XCL2,0.7889546351084813,4
SDHAF4,0.7889546351084813,4
FAM181B,0.7889546351084813,4
IL17C,0.7889546351084813,4
DEFA4,0.7889546351084813,4
COX20,0.7889546351084813,4
AP4S1,0.7889546351084813,4
COMMD6,0.7889546351084813,4
HSPB3,0.7889546351084813,4
SIRT6,0.7889546351084813,4
C22orf39,0.7889546351084813,4
PPP1R11,0.7889546351084813,4
MTHFS,0.7889546351084813,4
ACBD4,0.7889546351084813,4
DNAJC8,0.7889546351084813,4
TVP23B,0.7889546351084813,4
ARL5B,0.7889546351084813,4
DEFB104A,0.7889546351084813,4
PPP1R14D,0.7889546351084813,4
CFAP410,0.7889546351084813,4
SPRR2G,0.7889546351084813,4
GUCA2A,0.7889546351084813,4
SOX21,0.7889546351084813,4
NUDT21,0.7889546351084813,4
C12orf45,0.7889546351084813,4
TMEM30B,0.7889546351084813,4
CPLX3,0.7889546351084813,4
TCIM,0.7889546351084813,4
RPP14,0.7889546351084813,4
COPZ2,0.7889546351084813,4
TRBC2,0.7889546351084813,4
BTG1,0.7889546351084813,4
LGALS3,0.7889546351084813,4
CALM1,0.7889546351084813,4
CRLF1,0.7889546351084813,4
EDDM3B,0.7889546351084813,4
KLF1,0.7889546351084813,4
SCGB1D1,0.7889546351084813,4
FAM219A,0.7889546351084813,4
CCL19,0.7889546351084813,4
RNF185,0.7889546351084813,4
MOB2,0.7889546351084813,4
FGF19,0.7889546351084813,4
ZCCHC24,0.7889546351084813,4
COMTD1,0.7889546351084813,4
SNU13,0.7889546351084813,4
CGA,0.7889546351084813,4
OCM,0.7889546351084813,4
COA1,0.7889546351084813,4
LLCFC1,0.7889546351084813,4
CMC2,0.7889546351084813,4
CTRB2,0.7889546351084813,4
RRS1,0.7889546351084813,4
TRAV5,0.7889546351084813,4
MRPS18A,0.7889546351084813,4
GTF3C6,0.7889546351084813,4
VPS37D,0.7889546351084813,4
STOM,0.7889546351084813,4
TMEM213,0.7889546351084813,4
ZC3HAV1L,0.7889546351084813,4
HOXC9,0.7889546351084813,4
DNAL4,0.7889546351084813,4
LCE3A,0.7889546351084813,4
HPCAL1,0.7889546351084813,4
SMIM7,0.7889546351084813,4
PYDC2,0.7889546351084813,4
MRFAP1L1,0.7889546351084813,4
NDUFS6,0.7889546351084813,4
C16orf86,0.7889546351084813,4
GINS2,0.7889546351084813,4
S100A14,0.7889546351084813,4
GJC2,0.7889546351084813,4
CRTAP,0.7889546351084813,4
TAF9,0.7889546351084813,4
POP7,0.7889546351084813,4
CPLX1,0.7889546351084813,4
NKX3-2,0.7889546351084813,4
H2AC8,0.7889546351084813,4
RAX,0.7889546351084813,4
CTNNBIP1,0.7889546351084813,4
ATP5MD,0.7889546351084813,4
DUSP23,0.7889546351084813,4
TLE5,0.7889546351084813,4
PCTP,0.7889546351084813,4
AC139530.2,0.7889546351084813,4
C18orf32,0.7889546351084813,4
GRP,0.7889546351084813,4
MPZ,0.7889546351084813,4
GLTPD2,0.7889546351084813,4
CFAP126,0.7889546351084813,4
B9D1,0.7889546351084813,4
KRTAP5-2,0.7889546351084813,4
MRGPRE,0.7889546351084813,4
TLX2,0.7889546351084813,4
SMNDC1,0.7889546351084813,4
VAX1,0.7889546351084813,4
FSTL3,0.7889546351084813,4
NRTN,0.7889546351084813,4
RAB11B,0.7889546351084813,4
SARS2,0.7889546351084813,4
S100A9,0.7889546351084813,4
S100A16,0.7889546351084813,4
SARM1,0.7889546351084813,4
SPANXN4,0.7889546351084813,4
EXOSC1,0.7889546351084813,4
RASA4,0.7889546351084813,4
UBE2H,0.7889546351084813,4
RAMP1,0.7889546351084813,4
TMIE,0.7889546351084813,4
RPL35A,0.7889546351084813,4
CLDN9,0.7889546351084813,4
MPIG6B,0.7889546351084813,4
STK19,0.7889546351084813,4
SH3BGRL3,0.7889546351084813,4
IGFL3,0.7889546351084813,4
BANF2,0.7889546351084813,4
TMEM91,0.7889546351084813,4
NKAIN4,0.7889546351084813,4
MRPS6,0.7889546351084813,4
CDC42SE1,0.7889546351084813,4
MRPS18C,0.7889546351084813,4
MXRA8,0.7889546351084813,4
IFI6,0.7889546351084813,4
ARPC5,0.7889546351084813,4
GPR25,0.7889546351084813,4
BGLAP,0.7889546351084813,4
MYL12A,0.7889546351084813,4
HIC1,0.7889546351084813,4
NOL3,0.7889546351084813,4
ARL3,0.7889546351084813,4
CASTOR1,0.7889546351084813,4
KRTAP1-5,0.7889546351084813,4
KRTAP9-3,0.7889546351084813,4
TLX3,0.7889546351084813,4
GADD45A,0.7889546351084813,4
TEX19,0.7889546351084813,4
CUTA,0.7889546351084813,4
PEBP1,0.7889546351084813,4
HIGD1B,0.7889546351084813,4
CSTA,0.7889546351084813,4
UBA52,0.7889546351084813,4
PRDX1,0.7889546351084813,4
TACO1,0.7889546351084813,4
COX5B,0.7889546351084813,4
C19orf73,0.7889546351084813,4
LEMD1,0.7889546351084813,4
CSF2,0.7889546351084813,4
DEFB4A,0.7889546351084813,4
TP53AIP1,0.7889546351084813,4
C1orf194,0.7889546351084813,4
NDUFA4L2,0.7889546351084813,4
GOSR2,0.7889546351084813,4
SNX11,0.7889546351084813,4
DEFB110,0.7889546351084813,4
CT83,0.7889546351084813,4
DCD,0.7889546351084813,4
PLAAT2,0.7889546351084813,4
TMEM95,0.7889546351084813,4
RAB3D,0.7889546351084813,4
SNRPA1,0.7889546351084813,4
FAU,0.7889546351084813,4
SERP1,0.7889546351084813,4
AC104389.6,0.7889546351084813,4
KRTAP10-3,0.7889546351084813,4
TMEM243,0.7889546351084813,4
FABP4,0.7889546351084813,4
RPS19,0.591715976331361,3
MACIR,0.591715976331361,3
HSPB7,0.591715976331361,3
KRTAP1-3,0.591715976331361,3
H4C1,0.591715976331361,3
C5orf58,0.591715976331361,3
CALCB,0.591715976331361,3
CLCA3P,0.591715976331361,3
CCL28,0.591715976331361,3
PLN,0.591715976331361,3
PTGES,0.591715976331361,3
C12orf57,0.591715976331361,3
PDE6H,0.591715976331361,3
CDKN2AIPNL,0.591715976331361,3
H3C10,0.591715976331361,3
SAPCD1,0.591715976331361,3
CCL13,0.591715976331361,3
RPP25,0.591715976331361,3
SYT8,0.591715976331361,3
PHLDA2,0.591715976331361,3
SPAG7,0.591715976331361,3
CA4,0.591715976331361,3
LAMTOR5,0.591715976331361,3
CENPS,0.591715976331361,3
PWP2,0.591715976331361,3
H2AC4,0.591715976331361,3
IGLC3,0.591715976331361,3
XBP1,0.591715976331361,3
KRTAP9-4,0.591715976331361,3
KRTAP1-1,0.591715976331361,3
COX6A2,0.591715976331361,3
CD52,0.591715976331361,3
CYP3A7-CYP3A51P,0.591715976331361,3
SUB1,0.591715976331361,3
OR4F5,0.591715976331361,3
SPRR2B,0.591715976331361,3
SMAGP,0.591715976331361,3
TMEM167B,0.591715976331361,3
PRAC1,0.591715976331361,3
H2BC9,0.591715976331361,3
DPM3,0.591715976331361,3
NANP,0.591715976331361,3
PDRG1,0.591715976331361,3
PTTG1IP,0.591715976331361,3
S100A11,0.591715976331361,3
CCL4L2,0.591715976331361,3
KNCN,0.591715976331361,3
CST6,0.591715976331361,3
FAM86B1,0.591715976331361,3
LYRM9,0.591715976331361,3
EFHD2,0.591715976331361,3
LCE3D,0.591715976331361,3
NXT1,0.591715976331361,3
PDE6G,0.591715976331361,3
SFN,0.591715976331361,3
APRT,0.591715976331361,3
SLX1B,0.591715976331361,3
ZNF414,0.591715976331361,3
AC011479.1,0.591715976331361,3
DNASE1L2,0.591715976331361,3
PEX10,0.591715976331361,3
RNPC3,0.591715976331361,3
TBC1D3I,0.591715976331361,3
MORN4,0.591715976331361,3
TNP1,0.591715976331361,3
AP1S3,0.591715976331361,3
GATC,0.591715976331361,3
SZRD1,0.591715976331361,3
KRTAP2-4,0.591715976331361,3
DAP,0.591715976331361,3
FDX2,0.591715976331361,3
AL662899.2,0.591715976331361,3
KRTCAP3,0.591715976331361,3
SCOC,0.591715976331361,3
NAT16,0.591715976331361,3
CGB1,0.591715976331361,3
PCSK1N,0.591715976331361,3
KRTAP2-1,0.591715976331361,3
MYL5,0.591715976331361,3
SNX24,0.591715976331361,3
AL031777.2,0.591715976331361,3
DEFB112,0.591715976331361,3
TRGV4,0.591715976331361,3
ARMC7,0.591715976331361,3
F11R,0.591715976331361,3
PCP4L1,0.591715976331361,3
BORCS6,0.591715976331361,3
ETV3,0.591715976331361,3
BTG2,0.591715976331361,3
WFDC1,0.591715976331361,3
RPL13,0.591715976331361,3
VAMP4,0.591715976331361,3
IGHV4-61,0.591715976331361,3
CLDN23,0.591715976331361,3
RPS20,0.591715976331361,3
COMMD3,0.591715976331361,3
AVPI1,0.591715976331361,3
CLDN7,0.591715976331361,3
C17orf50,0.591715976331361,3
CCL15,0.591715976331361,3
EID2B,0.591715976331361,3
RPL37,0.591715976331361,3
GTF2H2,0.591715976331361,3
H4C2,0.591715976331361,3
MRPL41,0.591715976331361,3
ANAPC16,0.591715976331361,3
C11orf94,0.591715976331361,3
SCGB2A2,0.591715976331361,3
AC004832.3,0.591715976331361,3
LRRC75A,0.591715976331361,3
PVALB,0.591715976331361,3
MGMT,0.591715976331361,3
CALY,0.591715976331361,3
INS,0.591715976331361,3
SMDT1,0.591715976331361,3
CDKN2D,0.591715976331361,3
YIPF2,0.591715976331361,3
ZNF69,0.591715976331361,3
COX6B2,0.591715976331361,3
NKX2-1,0.591715976331361,3
H2BC12,0.591715976331361,3
LCE3B,0.591715976331361,3
ERCC5,0.591715976331361,3
SPRYD4,0.591715976331361,3
HBD,0.591715976331361,3
TPPP3,0.591715976331361,3
KLF13,0.591715976331361,3
HOXB5,0.591715976331361,3
TRBV29-1,0.591715976331361,3
NKX2-8,0.591715976331361,3
CHURC1,0.591715976331361,3
NPFF,0.591715976331361,3
SLX1A,0.591715976331361,3
KIR3DX1,0.591715976331361,3
ACP1,0.591715976331361,3
SNRPF,0.591715976331361,3
XRCC3,0.591715976331361,3
SNAPC5,0.591715976331361,3
UFM1,0.591715976331361,3
CYS1,0.591715976331361,3
MTURN,0.591715976331361,3
RPRM,0.591715976331361,3
TIMM29,0.591715976331361,3
HERC2P3,0.591715976331361,3
SSPOP,0.591715976331361,3
CCL17,0.591715976331361,3
HAMP,0.591715976331361,3
EIF4EBP2,0.591715976331361,3
FOXI2,0.591715976331361,3
DYNLRB1,0.591715976331361,3
DEFB106A,0.591715976331361,3
REEP4,0.591715976331361,3
IER3IP1,0.591715976331361,3
CRB3,0.591715976331361,3
FAM104A,0.591715976331361,3
OR2T5,0.591715976331361,3
DYNLRB2,0.591715976331361,3
KRTAP21-2,0.591715976331361,3
H2AC20,0.591715976331361,3
TRMT112,0.591715976331361,3
GSTM1,0.591715976331361,3
DXO,0.591715976331361,3
RHOB,0.591715976331361,3
PSENEN,0.591715976331361,3
BARX1,0.591715976331361,3
RNASE13,0.591715976331361,3
TMEM219,0.591715976331361,3
YPEL3,0.591715976331361,3
PAGE2B,0.591715976331361,3
FBXO2,0.591715976331361,3
THEM6,0.591715976331361,3
MIA,0.591715976331361,3
ASPDH,0.591715976331361,3
C1orf210,0.591715976331361,3
ECH1,0.591715976331361,3
TRBV3-1,0.591715976331361,3
SAMD13,0.591715976331361,3
TIPRL,0.591715976331361,3
PCBD1,0.591715976331361,3
PDCD5,0.591715976331361,3
PHPT1,0.591715976331361,3
TOMM20L,0.591715976331361,3
FGFBP3,0.591715976331361,3
CENPA,0.591715976331361,3
LHB,0.591715976331361,3
OTOS,0.591715976331361,3
PDE6D,0.591715976331361,3
LYRM2,0.591715976331361,3
BOD1,0.591715976331361,3
VSTM2L,0.591715976331361,3
PRRG2,0.591715976331361,3
CTU1,0.591715976331361,3
NME4,0.591715976331361,3
POLE4,0.591715976331361,3
AL035460.1,0.591715976331361,3
AVP,0.591715976331361,3
GFRA4,0.591715976331361,3
APOC1,0.591715976331361,3
APOC2,0.591715976331361,3
ASIP,0.591715976331361,3
PPP1R1C,0.591715976331361,3
WNT6,0.591715976331361,3
TMEM200B,0.591715976331361,3
ALG1L,0.591715976331361,3
TNFSF10,0.591715976331361,3
IGLV3-9,0.591715976331361,3
DEFB126,0.591715976331361,3
ALKAL2,0.591715976331361,3
GUCA2B,0.591715976331361,3
IGKV1D-16,0.591715976331361,3
NDUFAF3,0.591715976331361,3
MRPS26,0.591715976331361,3
SPEF1,0.591715976331361,3
TRAV38-1,0.591715976331361,3
SELENOS,0.591715976331361,3
POLR2E,0.591715976331361,3
TRAV20,0.591715976331361,3
SRARP,0.591715976331361,3
ID3,0.591715976331361,3
TAL1,0.591715976331361,3
SPRR4,0.591715976331361,3
ARPC5L,0.591715976331361,3
CD63,0.591715976331361,3
HCST,0.591715976331361,3
SUMO2,0.591715976331361,3
RBP7,0.591715976331361,3
SNAPIN,0.591715976331361,3
MCRIP2,0.591715976331361,3
BCL2,0.591715976331361,3
RAX2,0.591715976331361,3
C3P1,0.591715976331361,3
RLN3,0.591715976331361,3
CLDN5,0.591715976331361,3
TNFRSF4,0.591715976331361,3
LCN8,0.591715976331361,3
FAM136A,0.591715976331361,3
TGFA,0.591715976331361,3
AARD,0.591715976331361,3
FBXW2,0.591715976331361,3
CKS2,0.591715976331361,3
SPAG11A,0.591715976331361,3
WFDC9,0.591715976331361,3
SNRNP25,0.591715976331361,3
HBZ,0.591715976331361,3
SH3BGR,0.591715976331361,3
MRPL43,0.591715976331361,3
VAMP5,0.591715976331361,3
TRAV1-2,0.591715976331361,3
IGKV3D-15,0.591715976331361,3
IGKV1D-13,0.591715976331361,3
IGHV3-11,0.591715976331361,3
KISS1R,0.591715976331361,3
TRAV24,0.591715976331361,3
ISCA2,0.591715976331361,3
IGHV3-53,0.591715976331361,3
GTF2H5,0.591715976331361,3
YAE1,0.591715976331361,3
CCL21,0.591715976331361,3
C15orf48,0.591715976331361,3
LSM5,0.591715976331361,3
TRAV26-2,0.591715976331361,3
EMC9,0.591715976331361,3
DYNLT1,0.591715976331361,3
PAQR4,0.591715976331361,3
SNURF,0.591715976331361,3
KCNK7,0.591715976331361,3
ARL4C,0.591715976331361,3
GAGE10,0.591715976331361,3
PHLDA3,0.591715976331361,3
UQCR10,0.591715976331361,3
MAFG,0.591715976331361,3
IGLV7-46,0.591715976331361,3
IGLV7-43,0.591715976331361,3
H2AC6,0.591715976331361,3
RPS27L,0.591715976331361,3
RLN1,0.591715976331361,3
NDUFV3,0.591715976331361,3
IGLV10-54,0.591715976331361,3
TRIM61,0.591715976331361,3
CAMK2N1,0.591715976331361,3
IGHV2-5,0.591715976331361,3
GSKIP,0.591715976331361,3
TIMM10,0.591715976331361,3
COX7A2,0.591715976331361,3
FOLR1,0.591715976331361,3
RAB6A,0.591715976331361,3
PTS,0.591715976331361,3
PLAC9,0.591715976331361,3
PCP4,0.591715976331361,3
CGB2,0.591715976331361,3
ACSM6,0.591715976331361,3
RPS13,0.591715976331361,3
IGKV1D-33,0.591715976331361,3
EPGN,0.591715976331361,3
IL36A,0.591715976331361,3
DBI,0.591715976331361,3
RPS26,0.591715976331361,3
PYCARD,0.591715976331361,3
SYNJ2BP,0.591715976331361,3
IFI27,0.591715976331361,3
RPL23,0.591715976331361,3
KRTAP4-2,0.591715976331361,3
ALKAL1,0.591715976331361,3
IGHV4-31,0.591715976331361,3
TCAP,0.591715976331361,3
TFF1,0.591715976331361,3
RAB8B,0.591715976331361,3
CLTA,0.591715976331361,3
WASHC1,0.591715976331361,3
TMEM252,0.591715976331361,3
PRXL2C,0.591715976331361,3
PSORS1C1,0.591715976331361,3
ONECUT3,0.591715976331361,3
TRBJ2-1,0.591715976331361,3
NBPF25P,0.591715976331361,3
S100A1,0.591715976331361,3
IGLV1-50,0.591715976331361,3
HBA1,0.591715976331361,3
FKBP1A,0.591715976331361,3
IGLV8-61,0.591715976331361,3
IGLV6-57,0.591715976331361,3
ERH,0.591715976331361,3
RPA3,0.591715976331361,3
HES3,0.591715976331361,3
TRAV8-4,0.591715976331361,3
YDJC,0.591715976331361,3
S100A10,0.591715976331361,3
ZNF816-ZNF321P,0.591715976331361,3
LGALS1,0.591715976331361,3
COPS9,0.591715976331361,3
TCTA,0.591715976331361,3
RDH14,0.591715976331361,3
NDUFA2,0.591715976331361,3
HLA-DOB,0.591715976331361,3
DYNLL1,0.591715976331361,3
CBR4,0.591715976331361,3
ORAI1,0.591715976331361,3
CARD19,0.591715976331361,3
IGLV2-8,0.591715976331361,3
RHEBL1,0.591715976331361,3
UQCRH,0.591715976331361,3
IGKV1D-8,0.591715976331361,3
TMEM89,0.591715976331361,3
COX7C,0.591715976331361,3
H2BC10,0.591715976331361,3
TRAV39,0.591715976331361,3
ANG,0.591715976331361,3
LCN10,0.591715976331361,3
AMT,0.591715976331361,3
KRTAP5-10,0.591715976331361,3
CYB5B,0.591715976331361,3
THY1,0.591715976331361,3
AL669918.1,0.591715976331361,3
MT1H,0.591715976331361,3
EIF3CL,0.591715976331361,3
CSRP1,0.591715976331361,3
SLC31A2,0.591715976331361,3
RELL1,0.591715976331361,3
IGLV2-11,0.591715976331361,3
LCNL1,0.591715976331361,3
HSD11B1L,0.591715976331361,3
PSMD8,0.591715976331361,3
GNGT1,0.591715976331361,3
TRAJ45,0.591715976331361,3
SPACA9,0.591715976331361,3
URM1,0.591715976331361,3
SNN,0.591715976331361,3
EBP,0.591715976331361,3
HINT2,0.591715976331361,3
TSACC,0.591715976331361,3
H2AW,0.591715976331361,3
SDC1,0.591715976331361,3
DNAJC4,0.591715976331361,3
DEFB115,0.591715976331361,3
DEFB124,0.591715976331361,3
SMN1,0.591715976331361,3
IL18BP,0.591715976331361,3
MEOX1,0.591715976331361,3
C10orf99,0.591715976331361,3
GAGE1,0.591715976331361,3
PRELID1,0.591715976331361,3
ID2,0.591715976331361,3
RPL30,0.591715976331361,3
NPIPB7,0.591715976331361,3
TMEM256,0.591715976331361,3
DEFB134,0.591715976331361,3
BCL2L10,0.591715976331361,3
GATAD1,0.591715976331361,3
FAM180A,0.591715976331361,3
DEFB135,0.591715976331361,3
PTRH1,0.591715976331361,3
BIRC5,0.591715976331361,3
DUSP6,0.591715976331361,3
MZT1,0.591715976331361,3
CAV3,0.591715976331361,3
TYMS,0.591715976331361,3
FXYD1,0.591715976331361,3
SLC16A8,0.591715976331361,3
PRKRIP1,0.591715976331361,3
TRAV30,0.591715976331361,3
TRAV34,0.591715976331361,3
TRDV2,0.591715976331361,3
GRIFIN,0.591715976331361,3
AC093525.2,0.591715976331361,3
CD164,0.591715976331361,3
SAMD5,0.591715976331361,3
BORCS7,0.591715976331361,3
VAMP1,0.591715976331361,3
PLPP5,0.591715976331361,3
HSD17B1,0.591715976331361,3
LEAP2,0.591715976331361,3
DEFB136,0.591715976331361,3
RPS27A,0.591715976331361,3
C1orf162,0.591715976331361,3
NBPF10,0.591715976331361,3
AGTRAP,0.591715976331361,3
RIPPLY2,0.591715976331361,3
SMIM8,0.591715976331361,3
ASCL3,0.591715976331361,3
BLVRB,0.591715976331361,3
CST3,0.591715976331361,3
IGHV1-3,0.591715976331361,3
MYLPF,0.591715976331361,3
VKORC1,0.591715976331361,3
TRAV25,0.591715976331361,3
WFDC2,0.591715976331361,3
PFDN6,0.591715976331361,3
TPT1,0.591715976331361,3
MYL6,0.591715976331361,3
UBL5,0.591715976331361,3
GYPB,0.591715976331361,3
PPP1R14A,0.591715976331361,3
IER2,0.591715976331361,3
TNFRSF6B,0.591715976331361,3
VPREB3,0.591715976331361,3
NINJ2,0.591715976331361,3
SPINK1,0.591715976331361,3
ADIG,0.591715976331361,3
LGALS2,0.591715976331361,3
MRPS15,0.591715976331361,3
MCL1,0.591715976331361,3
ZNF703,0.591715976331361,3
SCGB1A1,0.591715976331361,3
AMTN,0.591715976331361,3
GNG7,0.591715976331361,3
UBL4B,0.591715976331361,3
MAP1LC3B2,0.591715976331361,3
S100A2,0.591715976331361,3
IFITM2,0.591715976331361,3
SMR3B,0.591715976331361,3
LHFPL2,0.591715976331361,3
FANCD2OS,0.591715976331361,3
OSTN,0.591715976331361,3
FAM76A,0.591715976331361,3
MIS18A,0.591715976331361,3
PFDN5,0.591715976331361,3
PROK2,0.591715976331361,3
CBS,0.591715976331361,3
H2AC16,0.591715976331361,3
AGPAT2,0.591715976331361,3
CEND1,0.591715976331361,3
UQCC2,0.591715976331361,3
SERPINA13P,0.591715976331361,3
ATP5MPL,0.591715976331361,3
IGHV1-69,0.591715976331361,3
FOXB1,0.591715976331361,3
C20orf27,0.591715976331361,3
DEFB121,0.591715976331361,3
IGLV1-44,0.591715976331361,3
DAPL1,0.591715976331361,3
CCK,0.591715976331361,3
ZNRF2,0.591715976331361,3
LSM8,0.591715976331361,3
TMEM220,0.591715976331361,3
DUS4L,0.591715976331361,3
TAL2,0.591715976331361,3
RAMP3,0.591715976331361,3
F2RL3,0.591715976331361,3
KRTAP6-3,0.591715976331361,3
LRATD1,0.591715976331361,3
SMIM29,0.591715976331361,3
RPL26,0.591715976331361,3
MILR1,0.591715976331361,3
PTGIR,0.591715976331361,3
HMX3,0.591715976331361,3
SKP1,0.591715976331361,3
CKLF-CMTM1,0.591715976331361,3
PRAF2,0.591715976331361,3
NUDCD2,0.591715976331361,3
LYSMD2,0.591715976331361,3
H2BC6,0.591715976331361,3
MRPL57,0.591715976331361,3
TRAV17,0.591715976331361,3
TMEM258,0.591715976331361,3
SCGB1D2,0.591715976331361,3
OR10AD1,0.591715976331361,3
SPA17,0.591715976331361,3
STARD5,0.591715976331361,3
SPC24,0.591715976331361,3
C1QL4,0.591715976331361,3
KRTAP12-1,0.591715976331361,3
APOA2,0.591715976331361,3
NPY,0.591715976331361,3
CDA,0.591715976331361,3
TRAV2,0.591715976331361,3
C5orf46,0.591715976331361,3
COA6,0.591715976331361,3
FOXL2NB,0.591715976331361,3
IGKV1-9,0.591715976331361,3
COPS7B,0.591715976331361,3
JUNB,0.591715976331361,3
REX1BD,0.591715976331361,3
NDUFA13,0.591715976331361,3
CCL26,0.591715976331361,3
RNASE1,0.591715976331361,3
IGFL4,0.591715976331361,3
EEF1AKMT4,0.591715976331361,3
PSMA5,0.591715976331361,3
C1orf54,0.591715976331361,3
IL11,0.591715976331361,3
ACTL10,0.591715976331361,3
SP5,0.591715976331361,3
RIDA,0.591715976331361,3
MRPL13,0.591715976331361,3
PSCA,0.591715976331361,3
CARHSP1,0.591715976331361,3
EIF5AL1,0.591715976331361,3
RPLP2,0.591715976331361,3
RNF183,0.591715976331361,3
IFNA7,0.591715976331361,3
FDX1,0.591715976331361,3
TMBIM6,0.591715976331361,3
EDF1,0.591715976331361,3
ARL4D,0.591715976331361,3
LYPD2,0.591715976331361,3
GCHFR,0.591715976331361,3
SPATC1L,0.39447731755424065,2
RPL38,0.39447731755424065,2
PYY,0.39447731755424065,2
TRIAP1,0.39447731755424065,2
CALHM4,0.39447731755424065,2
KISS1,0.39447731755424065,2
S100A6,0.39447731755424065,2
HSPB1,0.39447731755424065,2
SELENOM,0.39447731755424065,2
IGHD2-8,0.39447731755424065,2
CGB3,0.39447731755424065,2
OBP2B,0.39447731755424065,2
DNAJC25-GNG10,0.39447731755424065,2
IGLV4-69,0.39447731755424065,2
AKIRIN1,0.39447731755424065,2
SOX1,0.39447731755424065,2
UBE2T,0.39447731755424065,2
SPINK2,0.39447731755424065,2
TEX261,0.39447731755424065,2
PLEKHJ1,0.39447731755424065,2
SSX6P,0.39447731755424065,2
NDUFB1,0.39447731755424065,2
TRAV21,0.39447731755424065,2
KRTAP12-3,0.39447731755424065,2
H2BC11,0.39447731755424065,2
LINC00471,0.39447731755424065,2
IGLV1-40,0.39447731755424065,2
H2AC13,0.39447731755424065,2
C14orf180,0.39447731755424065,2
CATSPERZ,0.39447731755424065,2
MACROD1,0.39447731755424065,2
COX8A,0.39447731755424065,2
KCTD12,0.39447731755424065,2
PATE2,0.39447731755424065,2
CDC26,0.39447731755424065,2
TNFRSF18,0.39447731755424065,2
ZNF747,0.39447731755424065,2
PPP1R14B,0.39447731755424065,2
CLDN3,0.39447731755424065,2
CNFN,0.39447731755424065,2
C11orf52,0.39447731755424065,2
HSBP1,0.39447731755424065,2
NPIPB3,0.39447731755424065,2
PPCDC,0.39447731755424065,2
GPR27,0.39447731755424065,2
PARL,0.39447731755424065,2
FXYD4,0.39447731755424065,2
RHOD,0.39447731755424065,2
CSTB,0.39447731755424065,2
TPSD1,0.39447731755424065,2
ATG12,0.39447731755424065,2
AC007040.2,0.39447731755424065,2
C6orf120,0.39447731755424065,2
AGRP,0.39447731755424065,2
RFNG,0.39447731755424065,2
NATD1,0.39447731755424065,2
METTL26,0.39447731755424065,2
SUMO4,0.39447731755424065,2
HOPX,0.39447731755424065,2
BRK1,0.39447731755424065,2
H3C1,0.39447731755424065,2
TRAJ41,0.39447731755424065,2
AQP11,0.39447731755424065,2
LY6E,0.39447731755424065,2
H4C11,0.39447731755424065,2
LRATD2,0.39447731755424065,2
SCIMP,0.39447731755424065,2
RCCD1,0.39447731755424065,2
CLEC2L,0.39447731755424065,2
NBPF20,0.39447731755424065,2
MT1M,0.39447731755424065,2
ISCA1,0.39447731755424065,2
TRAJ2,0.39447731755424065,2
DDTL,0.39447731755424065,2
LIN52,0.39447731755424065,2
BIVM,0.39447731755424065,2
MOB1A,0.39447731755424065,2
PFDN2,0.39447731755424065,2
IGLV5-45,0.39447731755424065,2
FRMPD2B,0.39447731755424065,2
KRTAP8-1,0.39447731755424065,2
RPS23,0.39447731755424065,2
SERP2,0.39447731755424065,2
NDUFA3,0.39447731755424065,2
RPL39L,0.39447731755424065,2
ABHD14A,0.39447731755424065,2
C2orf15,0.39447731755424065,2
FXYD2,0.39447731755424065,2
IST1,0.39447731755424065,2
CT45A9,0.39447731755424065,2
IGLV3-1,0.39447731755424065,2
ROMO1,0.39447731755424065,2
HMHB1,0.39447731755424065,2
MT3,0.39447731755424065,2
RAB26,0.39447731755424065,2
NUDT2,0.39447731755424065,2
TLNRD1,0.39447731755424065,2
SYNGR3,0.39447731755424065,2
CCDC71L,0.39447731755424065,2
GON7,0.39447731755424065,2
C9orf116,0.39447731755424065,2
CCDC163,0.39447731755424065,2
TCTEX1D4,0.39447731755424065,2
EDN2,0.39447731755424065,2
FAAP20,0.39447731755424065,2
GNG11,0.39447731755424065,2
LSM2,0.39447731755424065,2
MYOZ3,0.39447731755424065,2
LINC01098,0.39447731755424065,2
RNF7,0.39447731755424065,2
MRPL49,0.39447731755424065,2
IGKV1-37,0.39447731755424065,2
IGKV1-16,0.39447731755424065,2
PLGLB1,0.39447731755424065,2
MRPL53,0.39447731755424065,2
NRG4,0.39447731755424065,2
TRAJ7,0.39447731755424065,2
RMI2,0.39447731755424065,2
PAIP2,0.39447731755424065,2
GADD45G,0.39447731755424065,2
ATP5MF-PTCD1,0.39447731755424065,2
TRGJP2,0.39447731755424065,2
POLR1H,0.39447731755424065,2
RARRES2,0.39447731755424065,2
MT2A,0.39447731755424065,2
NRARP,0.39447731755424065,2
TRBJ2-2,0.39447731755424065,2
GCSH,0.39447731755424065,2
DNAJC5,0.39447731755424065,2
RPS15A,0.39447731755424065,2
GTF2A2,0.39447731755424065,2
POLR3K,0.39447731755424065,2
TRAJ9,0.39447731755424065,2
IGKV1-39,0.39447731755424065,2
MCFD2,0.39447731755424065,2
NBPF14,0.39447731755424065,2
GSTT2,0.39447731755424065,2
CFI,0.39447731755424065,2
TMSB15A,0.39447731755424065,2
APOC3,0.39447731755424065,2
TMEM14B,0.39447731755424065,2
RAC3,0.39447731755424065,2
FXYD6P3,0.39447731755424065,2
WFDC13,0.39447731755424065,2
LGALS7B,0.39447731755424065,2
MDK,0.39447731755424065,2
IGLV4-60,0.39447731755424065,2
AK1,0.39447731755424065,2
ADO,0.39447731755424065,2
TMEM273,0.39447731755424065,2
CHCHD1,0.39447731755424065,2
SFTPC,0.39447731755424065,2
TRGJP1,0.39447731755424065,2
RTBDN,0.39447731755424065,2
HBM,0.39447731755424065,2
CRIP2,0.39447731755424065,2
ELOA3B,0.39447731755424065,2
C2CD4A,0.39447731755424065,2
PRR13,0.39447731755424065,2
MAGEA9B,0.39447731755424065,2
IQCJ,0.39447731755424065,2
NAT14,0.39447731755424065,2
NDUFS5,0.39447731755424065,2
PLA2G10,0.39447731755424065,2
HBA2,0.39447731755424065,2
IGHV3-66,0.39447731755424065,2
RASSF10,0.39447731755424065,2
GPR150,0.39447731755424065,2
IGLV1-36,0.39447731755424065,2
C20orf141,0.39447731755424065,2
CCDC12,0.39447731755424065,2
NDUFB3,0.39447731755424065,2
PTH2,0.39447731755424065,2
GPX1,0.39447731755424065,2
ADM5,0.39447731755424065,2
KLF2,0.39447731755424065,2
ADAT3,0.39447731755424065,2
ARHGDIG,0.39447731755424065,2
GAGE2E,0.39447731755424065,2
LST1,0.39447731755424065,2
SFTA2,0.39447731755424065,2
PRR4,0.39447731755424065,2
VTI1A,0.39447731755424065,2
ATOH7,0.39447731755424065,2
TMEM141,0.39447731755424065,2
NDUFA12,0.39447731755424065,2
TMA7,0.39447731755424065,2
COX6B1,0.39447731755424065,2
APOC4,0.39447731755424065,2
CXCL17,0.39447731755424065,2
YJEFN3,0.39447731755424065,2
HIGD2A,0.39447731755424065,2
TMEM167A,0.39447731755424065,2
ADM2,0.39447731755424065,2
TYROBP,0.39447731755424065,2
LDLRAD2,0.39447731755424065,2
G0S2,0.39447731755424065,2
LYNX1-SLURP2,0.39447731755424065,2
IGLV2-14,0.39447731755424065,2
IGLV3-32,0.39447731755424065,2
AC009779.3,0.39447731755424065,2
SLN,0.39447731755424065,2
ZSWIM7,0.39447731755424065,2
MRPS16,0.39447731755424065,2
SPINK8,0.39447731755424065,2
OR2T29,0.39447731755424065,2
NXNL2,0.39447731755424065,2
RPS21,0.39447731755424065,2
PPAN,0.39447731755424065,2
HDHD2,0.39447731755424065,2
POLD4,0.39447731755424065,2
TMEM223,0.39447731755424065,2
ATP5MF,0.39447731755424065,2
LY6G5C,0.39447731755424065,2
BLOC1S2,0.39447731755424065,2
RETN,0.39447731755424065,2
TMED4,0.39447731755424065,2
IGLV5-52,0.39447731755424065,2
IGLV11-55,0.39447731755424065,2
NPC2,0.39447731755424065,2
NEDD8,0.39447731755424065,2
FSCN2,0.39447731755424065,2
PFDN1,0.39447731755424065,2
CENPX,0.39447731755424065,2
EMC8,0.39447731755424065,2
H2AC12,0.39447731755424065,2
CFB,0.39447731755424065,2
EMC6,0.39447731755424065,2
SPATA33,0.39447731755424065,2
KRTAP19-2,0.39447731755424065,2
MIF,0.39447731755424065,2
ATP5PO,0.39447731755424065,2
MRPL54,0.39447731755424065,2
AL049569.3,0.39447731755424065,2
AMH,0.39447731755424065,2
CCL2,0.39447731755424065,2
MICOS10,0.39447731755424065,2
IGKC,0.39447731755424065,2
ADIRF,0.39447731755424065,2
AURKAIP1,0.39447731755424065,2
UTS2,0.39447731755424065,2
UQCR11,0.39447731755424065,2
ORMDL2,0.39447731755424065,2
IGKV2D-28,0.39447731755424065,2
TRAJ38,0.39447731755424065,2
S100P,0.39447731755424065,2
LYZL6,0.39447731755424065,2
CLCF1,0.39447731755424065,2
CDKN2B,0.39447731755424065,2
H3C13,0.39447731755424065,2
TRAPPC3,0.39447731755424065,2
ANKHD1,0.39447731755424065,2
ANAPC11,0.39447731755424065,2
TMEM105,0.39447731755424065,2
SELENOF,0.39447731755424065,2
MMP23B,0.39447731755424065,2
SOD3,0.39447731755424065,2
AL358113.1,0.39447731755424065,2
FAM162B,0.39447731755424065,2
TMEM170A,0.39447731755424065,2
DEXI,0.39447731755424065,2
KBTBD13,0.39447731755424065,2
TIMM8B,0.39447731755424065,2
CST7,0.39447731755424065,2
SF3B5,0.39447731755424065,2
RPS15,0.39447731755424065,2
PHOX2A,0.39447731755424065,2
WDR83OS,0.39447731755424065,2
IER5L,0.39447731755424065,2
SOST,0.39447731755424065,2
APOE,0.39447731755424065,2
SCX,0.39447731755424065,2
BHLHA15,0.39447731755424065,2
MMD2,0.39447731755424065,2
CENPW,0.39447731755424065,2
PKIB,0.39447731755424065,2
SERTM1,0.39447731755424065,2
EIF4E3,0.39447731755424065,2
TAF11,0.39447731755424065,2
TUSC2,0.39447731755424065,2
SNRPG,0.39447731755424065,2
TMEM234,0.39447731755424065,2
DNPH1,0.39447731755424065,2
MED11,0.39447731755424065,2
SPRR1B,0.39447731755424065,2
MIEN1,0.39447731755424065,2
ZNF444,0.39447731755424065,2
HMGN2,0.39447731755424065,2
RPL27,0.39447731755424065,2
ATF7-NPFF,0.39447731755424065,2
TMEM9B,0.39447731755424065,2
TFF3,0.39447731755424065,2
FKBP2,0.39447731755424065,2
TWIST1,0.39447731755424065,2
MANF,0.39447731755424065,2
TRAV14DV4,0.39447731755424065,2
TMEM151A,0.39447731755424065,2
NUDT14,0.39447731755424065,2
TRAJ25,0.39447731755424065,2
SLURP1,0.39447731755424065,2
BRI3,0.39447731755424065,2
A3GALT2,0.39447731755424065,2
ATP5IF1,0.39447731755424065,2
RASD1,0.39447731755424065,2
LIMD2,0.39447731755424065,2
CLPS,0.39447731755424065,2
TCL1A,0.39447731755424065,2
SPON2,0.39447731755424065,2
POTEB2,0.39447731755424065,2
KRTAP4-1,0.39447731755424065,2
H3C7,0.39447731755424065,2
IFT27,0.39447731755424065,2
POLR2J,0.39447731755424065,2
FAM72A,0.39447731755424065,2
NRGN,0.39447731755424065,2
FJX1,0.39447731755424065,2
TMEM218,0.39447731755424065,2
FXYD7,0.39447731755424065,2
ATP5F1D,0.39447731755424065,2
ANKRD9,0.39447731755424065,2
DAZAP2,0.39447731755424065,2
UFSP1,0.39447731755424065,2
TMEM14A,0.39447731755424065,2
H2BC17,0.39447731755424065,2
UCN2,0.39447731755424065,2
GTF2A1L,0.39447731755424065,2
PLA2G1B,0.39447731755424065,2
HSPE1,0.39447731755424065,2
MAF1,0.39447731755424065,2
LY6D,0.39447731755424065,2
CEBPD,0.39447731755424065,2
TTC36,0.39447731755424065,2
KCNE3,0.39447731755424065,2
ARL2BP,0.39447731755424065,2
NUTF2,0.39447731755424065,2
MRPS24,0.39447731755424065,2
DDIT3,0.39447731755424065,2
HTN3,0.39447731755424065,2
FAM229B,0.39447731755424065,2
SPINK6,0.39447731755424065,2
CHN2,0.39447731755424065,2
UNCX,0.39447731755424065,2
TOMM20,0.39447731755424065,2
GP9,0.39447731755424065,2
SPATA31A5,0.39447731755424065,2
CHRAC1,0.39447731755424065,2
ZNF575,0.39447731755424065,2
CRCP,0.39447731755424065,2
GPR62,0.39447731755424065,2
AP000311.1,0.39447731755424065,2
AC002094.3,0.39447731755424065,2
C16orf82,0.39447731755424065,2
SCAMP4,0.39447731755424065,2
PURB,0.39447731755424065,2
AL031315.1,0.39447731755424065,2
VGLL2,0.39447731755424065,2
MFSD4B,0.39447731755424065,2
NUDT16L1,0.39447731755424065,2
SARNP,0.39447731755424065,2
MYL7,0.39447731755424065,2
SNORC,0.39447731755424065,2
TIMM10B,0.39447731755424065,2
IGLV3-21,0.39447731755424065,2
C20orf144,0.39447731755424065,2
BTN2A3P,0.39447731755424065,2
C9orf85,0.39447731755424065,2
ELOA3,0.39447731755424065,2
NCMAP,0.39447731755424065,2
TP53INP2,0.39447731755424065,2
MANBAL,0.39447731755424065,2
LBX1,0.39447731755424065,2
COX8C,0.39447731755424065,2
CHTF8,0.39447731755424065,2
MRPL33,0.39447731755424065,2
CNIH4,0.39447731755424065,2
BATF2,0.39447731755424065,2
CCL27,0.39447731755424065,2
ZBTB8OS,0.39447731755424065,2
AL021546.1,0.39447731755424065,2
MT1E,0.39447731755424065,2
HAGHL,0.39447731755424065,2
TRAV8-2,0.39447731755424065,2
CYHR1,0.39447731755424065,2
MARCKS,0.39447731755424065,2
FOXE3,0.39447731755424065,2
TMEM80,0.39447731755424065,2
SSX9P,0.39447731755424065,2
VPS25,0.39447731755424065,2
METRN,0.39447731755424065,2
CRYM-AS1,0.19723865877712032,1
ANTKMT,0.19723865877712032,1
BHLHE23,0.19723865877712032,1
CTSD,0.19723865877712032,1
TRAJ36,0.19723865877712032,1
ODF3B,0.19723865877712032,1
DMRTA2,0.19723865877712032,1
IGHD6-13,0.19723865877712032,1
AL121845.3,0.19723865877712032,1
TPGS1,0.19723865877712032,1
DELEC1,0.19723865877712032,1
IGKV1-33,0.19723865877712032,1
TRAJ19,0.19723865877712032,1
TXNDC17,0.19723865877712032,1
POLR2L,0.19723865877712032,1
METTL23,0.19723865877712032,1
PPDPF,0.19723865877712032,1
RPS28,0.19723865877712032,1
C3orf35,0.19723865877712032,1
CCDC144NL,0.19723865877712032,1
TRAJ21,0.19723865877712032,1
TRAJ49,0.19723865877712032,1
TRAV23DV6,0.19723865877712032,1
PDF,0.19723865877712032,1
C19orf33,0.19723865877712032,1
C16orf91,0.19723865877712032,1
RPL37A,0.19723865877712032,1
MRPL17,0.19723865877712032,1
MXRA7,0.19723865877712032,1
PRM1,0.19723865877712032,1
AL035425.2,0.19723865877712032,1
LY6G6F,0.19723865877712032,1
RABAC1,0.19723865877712032,1
TRAJ43,0.19723865877712032,1
TRAJ59,0.19723865877712032,1
SPINT4,0.19723865877712032,1
FAM219B,0.19723865877712032,1
IER3,0.19723865877712032,1
LCE1D,0.19723865877712032,1
HILPDA,0.19723865877712032,1
H4C8,0.19723865877712032,1
TBCA,0.19723865877712032,1
MYOCOS,0.19723865877712032,1
PMF1-BGLAP,0.19723865877712032,1
IGKV2D-30,0.19723865877712032,1
LBH,0.19723865877712032,1
SLURP2,0.19723865877712032,1
DNLZ,0.19723865877712032,1
MT1G,0.19723865877712032,1
SPRR2F,0.19723865877712032,1
SERF2,0.19723865877712032,1
MPV17L2,0.19723865877712032,1
RHOF,0.19723865877712032,1
FGF20,0.19723865877712032,1
NAA38,0.19723865877712032,1
AP000721.1,0.19723865877712032,1
NBPF7,0.19723865877712032,1
TIMM13,0.19723865877712032,1
NXF5,0.19723865877712032,1
KRTAP4-4,0.19723865877712032,1
IGHD3-10,0.19723865877712032,1
GPR88,0.19723865877712032,1
C1orf122,0.19723865877712032,1
AC026464.6,0.19723865877712032,1
FAM120AOS,0.19723865877712032,1
KRTAP20-1,0.19723865877712032,1
IGFL1,0.19723865877712032,1
PPY,0.19723865877712032,1
TRAJ28,0.19723865877712032,1
LRRN4CL,0.19723865877712032,1
AC144573.1,0.19723865877712032,1
NDUFB9,0.19723865877712032,1
AC091959.1,0.19723865877712032,1
PF4V1,0.19723865877712032,1
LINC00303,0.19723865877712032,1
S100A7A,0.19723865877712032,1
AC005863.1,0.19723865877712032,1
FAM86C1P,0.19723865877712032,1
IFITM3,0.19723865877712032,1
IGHV4-4,0.19723865877712032,1
AC092647.5,0.19723865877712032,1
SPDYE2,0.19723865877712032,1
C16orf74,0.19723865877712032,1
IGLV5-48,0.19723865877712032,1
PGA4,0.19723865877712032,1
TRAJ46,0.19723865877712032,1
KRTAP9-9,0.19723865877712032,1
AC093246.1,0.19723865877712032,1
SLC35E2A,0.19723865877712032,1
TRIM74,0.19723865877712032,1
AC107871.1,0.19723865877712032,1
P2RY11,0.19723865877712032,1
AL031681.2,0.19723865877712032,1
CRLS1,0.19723865877712032,1
GNRH2,0.19723865877712032,1
SLC22A20P,0.19723865877712032,1
CDIP1,0.19723865877712032,1
C15orf40,0.19723865877712032,1
DEFB132,0.19723865877712032,1
KRTAP23-1,0.19723865877712032,1
NDUFA7,0.19723865877712032,1
AHSP,0.19723865877712032,1
SCT,0.19723865877712032,1
TMEM250,0.19723865877712032,1
NDUFC1,0.19723865877712032,1
AC018755.2,0.19723865877712032,1
RPLP1,0.19723865877712032,1
ECSCR,0.19723865877712032,1
AC245047.1,0.19723865877712032,1
PRODH,0.19723865877712032,1
TMEM121B,0.19723865877712032,1
TBC1D3L,0.19723865877712032,1
DESI1,0.19723865877712032,1
HLA-L,0.19723865877712032,1
RPUSD1,0.19723865877712032,1
HSPA1B,0.19723865877712032,1
AGAP7P,0.19723865877712032,1
TRAJ54,0.19723865877712032,1
TCP10L,0.19723865877712032,1
COA4,0.19723865877712032,1
TRAJ42,0.19723865877712032,1
TXNL4A,0.19723865877712032,1
ZNF503,0.19723865877712032,1
ZFAND6,0.19723865877712032,1
TMEM174,0.19723865877712032,1
C17orf67,0.19723865877712032,1
MRPS34,0.19723865877712032,1
SMIM14,0.19723865877712032,1
ABCF2-H2BE1,0.19723865877712032,1
HBQ1,0.19723865877712032,1
EMC4,0.19723865877712032,1
DEFB114,0.19723865877712032,1
CDC42EP2,0.19723865877712032,1
BBC3,0.19723865877712032,1
TTC9B,0.19723865877712032,1
IGKJ5,0.19723865877712032,1
RPS29,0.19723865877712032,1
CAPS,0.19723865877712032,1
CDK5R2,0.19723865877712032,1
ACYP2,0.19723865877712032,1
C6orf223,0.19723865877712032,1
FAM153CP,0.19723865877712032,1
ATP5MC2,0.19723865877712032,1
H2AX,0.19723865877712032,1
ARHGAP8,0.19723865877712032,1
AC253536.7,0.19723865877712032,1
RGCC,0.19723865877712032,1
HMGA2,0.19723865877712032,1
MT1F,0.19723865877712032,1
TMEM160,0.19723865877712032,1
ECE2,0.19723865877712032,1
GIP,0.19723865877712032,1
KLRA1P,0.19723865877712032,1
CSNK2B,0.19723865877712032,1
HBG1,0.19723865877712032,1
HMCN2,0.19723865877712032,1
ZBED3,0.19723865877712032,1
IGLJ5,0.19723865877712032,1
RPS27,0.19723865877712032,1
LCN15,0.19723865877712032,1
ODAPH,0.19723865877712032,1
RPS19BP1,0.19723865877712032,1
CDK2AP2,0.19723865877712032,1
TRAJ40,0.19723865877712032,1
NGB,0.19723865877712032,1
BCL2L2-PABPN1,0.19723865877712032,1
RPL17,0.19723865877712032,1
TICAM2,0.19723865877712032,1
INSM1,0.19723865877712032,1
PRXL2B,0.19723865877712032,1
DYNLT3,0.19723865877712032,1
TIMM9,0.19723865877712032,1
IL17D,0.19723865877712032,1
TMEM203,0.19723865877712032,1
NPW,0.19723865877712032,1
CHCHD10,0.19723865877712032,1
C2orf88,0.19723865877712032,1
GDF15,0.19723865877712032,1
SS18L2,0.19723865877712032,1
COMMD7,0.19723865877712032,1
HLA-DRB5,0.19723865877712032,1
DEFB104B,0.19723865877712032,1
GAGE12J,0.19723865877712032,1
AL163636.1,0.19723865877712032,1
SLC48A1,0.19723865877712032,1
CRABP1,0.19723865877712032,1
HHLA3,0.19723865877712032,1
OXT,0.19723865877712032,1
L34079.1,0.19723865877712032,1
DACT3,0.19723865877712032,1
AC245748.1,0.19723865877712032,1
GH1,0.19723865877712032,1
TMEM134,0.19723865877712032,1
NMB,0.19723865877712032,1
UBALD1,0.19723865877712032,1
AL163540.1,0.19723865877712032,1
TRGJP,0.19723865877712032,1
RNASEK-C17orf49,0.19723865877712032,1
IGIP,0.19723865877712032,1
TRAJ12,0.19723865877712032,1
IGLV2-33,0.19723865877712032,1
DEFB123,0.19723865877712032,1
JUND,0.19723865877712032,1
DEFB107B,0.19723865877712032,1
IGLJ4,0.19723865877712032,1
Z84488.1,0.19723865877712032,1
AC008764.4,0.19723865877712032,1
RNASEK,0.19723865877712032,1
C17orf100,0.19723865877712032,1
C9orf40,0.19723865877712032,1
SRXN1,0.19723865877712032,1
TFF2,0.19723865877712032,1
FAM32A,0.19723865877712032,1
PTRHD1,0.19723865877712032,1
NHLH2,0.19723865877712032,1
TRAJ29,0.19723865877712032,1
FAM167B,0.19723865877712032,1
C1QTNF12,0.19723865877712032,1
ARPC1B,0.19723865877712032,1
SCGB3A1,0.19723865877712032,1
KCNMB1,0.19723865877712032,1
C11orf98,0.19723865877712032,1
PPP1R35,0.19723865877712032,1
GNG5,0.19723865877712032,1
FAM89B,0.19723865877712032,1
NKX6-3,0.19723865877712032,1
TRBJ2-5,0.19723865877712032,1
CTSL3P,0.19723865877712032,1
MAFA,0.19723865877712032,1
C8orf31,0.19723865877712032,1
AL359922.1,0.19723865877712032,1
DMRTC1,0.19723865877712032,1
GNG8,0.19723865877712032,1
MAGEA9,0.19723865877712032,1
SEM1,0.19723865877712032,1
ADGRE4P,0.19723865877712032,1
IGKJ4,0.19723865877712032,1
HLA-DRB1,0.19723865877712032,1
FAM72B,0.19723865877712032,1
CRH,0.19723865877712032,1
WFDC6,0.19723865877712032,1
CCDC13,0.19723865877712032,1
AP000471.1,0.19723865877712032,1
CCR10,0.19723865877712032,1
H4-16,0.19723865877712032,1
PARGP1,0.19723865877712032,1
SPATA8,0.19723865877712032,1
RPL36A-HNRNPH2,0.19723865877712032,1
TRAJ34,0.19723865877712032,1
MIR9-1HG,0.19723865877712032,1
TUBB7P,0.19723865877712032,1
BBS1,0.19723865877712032,1
SCGB3A2,0.19723865877712032,1
FKBP1B,0.19723865877712032,1
CORT,0.19723865877712032,1
MESP1,0.19723865877712032,1
IGHD4-17,0.19723865877712032,1
TRAV29DV5,0.19723865877712032,1
DEFB107A,0.19723865877712032,1
SRRM5,0.19723865877712032,1
MBLAC1,0.19723865877712032,1
APOC4-APOC2,0.19723865877712032,1
KRTCAP2,0.19723865877712032,1
C11orf40,0.19723865877712032,1
AC118470.1,0.19723865877712032,1
DEFA5,0.19723865877712032,1
TMSB4X,0.19723865877712032,1
RANGRF,0.19723865877712032,1
PGP,0.19723865877712032,1
TRAJ26,0.19723865877712032,1
NRL,0.19723865877712032,1
TRAJ48,0.19723865877712032,1
NDUFB4,0.19723865877712032,1
ATP5MG,0.19723865877712032,1
TUBB3,0.19723865877712032,1
SSNA1,0.19723865877712032,1
TREX1,0.19723865877712032,1
SH2D6,0.19723865877712032,1
LBX2,0.19723865877712032,1
MSANTD3-TMEFF1,0.19723865877712032,1
TOMM7,0.19723865877712032,1
BAGE2,0.19723865877712032,1
FMC1-LUC7L2,0.19723865877712032,1
FAM110C,0.19723865877712032,1
AC231657.3,0.19723865877712032,1
SH3BP1,0.19723865877712032,1
GDF1,0.19723865877712032,1
TRAJ56,0.19723865877712032,1
TMEM140,0.19723865877712032,1
PIGY,0.19723865877712032,1
H4C3,0.19723865877712032,1
HOXB4,0.19723865877712032,1
CCL22,0.19723865877712032,1
IMP3,0.19723865877712032,1
RNASEH2C,0.19723865877712032,1
AL512785.2,0.19723865877712032,1
FBXL15,0.19723865877712032,1
ZNF706,0.19723865877712032,1
LELP1,0.19723865877712032,1
CRCT1,0.19723865877712032,1
KRTAP3-1,0.19723865877712032,1
CEBPB,0.19723865877712032,1
LRP5L,0.19723865877712032,1
TNFRSF13C,0.19723865877712032,1
GSC,0.19723865877712032,1
TRAJ61,0.19723865877712032,1
TRDJ3,0.19723865877712032,1
EIF4EBP1,0.19723865877712032,1
C6orf226,0.19723865877712032,1
FOXQ1,0.19723865877712032,1
CEBPA,0.19723865877712032,1
COX14,0.19723865877712032,1
MT1A,0.19723865877712032,1
CDKN1C,0.19723865877712032,1
BET1L,0.19723865877712032,1
DLEU7,0.19723865877712032,1
RPL41,0.19723865877712032,1
RAB5IF,0.19723865877712032,1
PRCD,0.19723865877712032,1
COA3,0.19723865877712032,1
TRAJ1,0.19723865877712032,1
NDUFB2,0.19723865877712032,1
COMMD1,0.19723865877712032,1
DEFB1,0.19723865877712032,1
ID4,0.19723865877712032,1
FAM43A,0.19723865877712032,1
H1-10,0.19723865877712032,1
