gene,log2FC,FDR,mean_tumor_tpm,mut_freq_pct,km_logrank_p,apc_spearman_r,apc_spearman_p,prognostic,apc_positive
CLDN6,5.775341594001239,4.792924646149326e-05,81.48660746812386,1.183431952662722,6.739408025568392e-05,-0.010275994365582377,0.8101505611156828,True,False
LEFTY1,5.425290498627272,8.249926703002336e-12,76.65026484517304,1.5779092702169626,0.22559674541053154,0.06000765390429809,0.16029350675324106,False,True
AOC1,5.363321741565171,1.93630899282183e-12,109.32878852459017,6.508875739644971,0.2803373509652116,0.042893203044923466,0.31576875296425694,False,True
KRT6A,5.262388434120097,1.6448897797365464e-11,66.38255846994535,3.7475345167652856,0.9481916967558923,-0.07262325649785685,0.08913390458972612,False,False
PI3,5.235912234155904,9.293411174252708e-14,367.6491151183971,1.5779092702169626,0.9486614598801383,0.07121277519504202,0.09553780654782222,False,True
ALPG,5.140434939922768,1.5355274739224042e-07,134.58633169398908,2.9585798816568047,0.48829655527520477,0.0981810581558453,0.021404436493259203,False,True
S100A7,5.063278560133333,0.0026684922978357085,46.62051621129326,1.5779092702169626,0.3143558032792325,-0.031130816802312045,0.46665505057114465,False,False
CST1,5.053133246194571,0.04383598712989256,302.1178524590164,2.9585798816568047,0.44456755619320487,-0.014847918168981252,0.7284981399187097,False,False
C6orf15,4.771424371521677,4.326606742984023e-09,29.874529690346083,2.9585798816568047,0.5237063967175213,-0.06122965915612335,0.15193462507824101,False,False
AKR1B10,4.716843853693743,2.328640951777667e-08,39.565118214936255,2.1696252465483234,0.6749321803433169,0.054092447510103135,0.2057049059969746,False,True
GLYATL2,4.407909313656404,5.712458957533719e-06,47.730154280510014,3.353057199211045,0.028517428081543596,-0.05799274166436787,0.17482620103456115,True,False
MYBL2,4.369035749536791,1.1167162447465262e-19,127.53002404371585,5.719921104536489,0.006944320568301156,-0.031751063343740143,0.4578191296429978,True,False
KRT16,4.360391600358187,1.2246713352397633e-10,47.30348306010929,4.142011834319527,0.38910231993814004,-0.07436023943882715,0.08172643894657586,False,False
JSRP1,4.356139320947368,2.69944260408094e-17,29.885674863387983,1.9723865877712032,0.09078173617485855,0.02491491437046062,0.5602063967643012,False,True
DEFA6,4.3148896406195485,0.024819286651899,19.212918032786884,1.5779092702169626,0.7468682857136713,-0.033637572206518515,0.43152793663506195,False,False
SPRR3,4.214272411079166,1.483300709630066e-05,20.563729326047362,1.5779092702169626,0.6385573042143398,-0.18305417065007712,1.5899677724838707e-05,False,False
CEACAM5,4.16144923869182,1.7839161236901247e-09,28.515339890710386,4.142011834319527,0.549101364214439,0.05520471020311119,0.19652184928471045,False,True
KRT5,4.142002012698239,8.142798574728917e-08,114.9581597449909,3.9447731755424074,0.39828349558942544,-0.028616114135209834,0.503427998498267,False,False
SFTPB,4.116246349853597,0.0003055513498327907,18.670842258652097,1.7751479289940828,0.048047620328989585,-0.01900309861068611,0.6568386412672776,True,False
PRAME,3.9826371531490183,3.176971612283301e-19,224.3064298724954,3.353057199211045,0.6224209742033885,-0.06803296818852642,0.11132284805533006,False,False
GPX2,3.947728628183162,0.023207316920275094,68.13843132969035,1.5779092702169626,0.013404376203546592,0.043893932626381964,0.30460017605707995,True,True
KRT31,3.9452170979796124,0.00038949004317517273,15.89483151183971,3.353057199211045,0.801325888374997,-0.11841564962331332,0.005469064837936928,False,False
OLFM4,3.9365282837799196,0.010104339927633009,107.17126539162115,4.142011834319527,0.943023366207992,0.13461908714671042,0.001569919474949599,False,True
CTSV,3.872114928622387,1.5386807837242635e-16,67.01065154826958,3.5502958579881656,0.0038630616130829196,0.04014424488996704,0.3478106785602958,True,True
CDC20,3.862583443050245,1.4364252849938691e-19,149.84940473588338,1.9723865877712032,0.1982764264231224,-0.0630482883157288,0.14011318916304477,False,False
NXPH4,3.795389374241648,6.905068707319523e-15,21.59517887067395,1.3806706114398422,0.01908442272487968,-0.03487513643071858,0.41476546449869506,True,False
ZIC2,3.766550915782981,3.7958202485333626e-11,13.602926593806922,1.3806706114398422,0.1203024028991612,0.03810527845525589,0.37286271351902606,False,True
CAPN13,3.7659706431125115,4.969938990211129e-13,34.508125683060115,5.128205128205128,0.6742264490861316,-0.015225922017832993,0.7218688307420108,False,False
KIF1A,3.7491765985883077,1.5943367588014348e-11,20.821518397085608,8.875739644970414,0.0043842587696820345,-0.07755139182089037,0.06941935287781521,True,False
PITX1,3.7210974594237327,1.889093714174611e-16,24.3614160291439,3.155818540433925,0.7406010161495449,0.05682799032565696,0.18366259110169084,False,True
S100A8,3.699034902341706,4.586517952097918e-08,150.6164096539162,1.183431952662722,0.2850671169547043,0.21862296532393458,2.297035554139913e-07,False,True
MMP9,3.6934583787361994,3.880732188962785e-14,67.27075919854279,4.930966469428008,0.05800063704353608,0.48853762545416957,2.8295424300211808e-34,False,True
UBE2C,3.6867684939855434,5.670879424109044e-19,199.98131438979962,1.3806706114398422,0.010358766722700767,-0.14328514292137604,0.0007598651358795794,True,False
FGF3,3.672982857345378,6.644865376848022e-06,12.226022222222223,1.3806706114398422,0.6463358610172183,-0.035308272868960024,0.4089906781442834,False,False
TMPRSS4,3.6338935374516805,1.959031593730161e-17,46.988783970856105,2.7613412228796843,0.6612380547042466,0.013288297598456749,0.7560600019216694,False,True
TFAP2A,3.576071007995411,5.171334099679645e-18,15.859043533697633,3.5502958579881656,0.845239420198293,-0.06869305966303194,0.10788756224296432,False,False
CCNE1,3.5557102044783666,8.787680422577698e-19,49.36501948998178,4.142011834319527,9.607278185891718e-05,0.04698503522722741,0.2717713969097796,True,True
AQP5,3.534480820616584,1.5336005023936615e-12,252.27553278688526,1.5779092702169626,0.05439731064311091,-0.037185375352181624,0.3845211695998571,False,False
CST2,3.477422980886516,9.874451623327439e-06,16.48643041894353,2.1696252465483234,0.71172006447931,0.10328000557532997,0.015482595470183633,False,True
EEF1A2,3.4468349146105814,0.00027948332721836457,25.265051730418943,2.7613412228796843,0.019107361298883394,0.012713510273973501,0.7662984619552282,True,True
CA9,3.4420836853106715,1.1975865748921885e-09,41.63851092896175,3.353057199211045,0.2379136027760055,-0.08156073115986961,0.056151739780662235,False,False
CEACAM6,3.428649301820265,2.9039629144125173e-06,27.571757741347906,1.7751479289940828,0.6201131218943541,0.17018467364463524,6.130306154188566e-05,False,True
COL26A1,3.427264214887262,1.1953733528668939e-08,39.433873224043715,2.366863905325444,0.05871268612686089,-0.04500186823968781,0.29254385894459695,False,False
TPX2,3.419157134048823,8.0048884499490205e-19,83.13925519125681,4.142011834319527,0.006249287626230427,-0.04779052944183972,0.2636291562492745,True,False
ODAM,3.4175976486190383,0.011125998847655798,16.62075755919854,1.7751479289940828,0.5394475636509837,0.14458496351927957,0.0006790952331612062,False,True
NTS,3.4035698693469287,0.0008807817351486037,92.08174663023678,2.1696252465483234,0.3315322185571502,0.10187002470162698,0.016955792044910874,False,True
UPK1B,3.4002391731801875,1.3008894846812382e-06,78.55843333333333,1.5779092702169626,0.04030567244082636,0.143876214553659,0.0007220925275642222,True,True
ANPEP,3.388999160745302,2.2352489123942458e-08,68.98751038251366,7.6923076923076925,0.5755983565564378,0.176110101856183,3.3325897102399105e-05,False,True
HOXB13,3.385697269855976,1.862131946527717e-13,10.450057923497267,2.7613412228796843,0.60884720825449,-0.061743387256930536,0.14852105919770686,False,False
GFRA3,3.374132945368353,8.123964737695593e-05,35.75328069216758,2.366863905325444,0.26802408468176253,-0.07558445990249438,0.07681116378744858,False,False
MAL,3.3715660746325993,1.1884159620083236e-05,134.59026138433515,1.183431952662722,4.66211012578152e-05,0.04053622258241141,0.3431198210223833,True,True
POU3F3,3.342637564234565,3.264401589310955e-05,9.625638433515483,1.5779092702169626,0.0011188722296611164,-0.07670181233451233,0.07253734491296254,True,False
ASF1B,3.337080936852058,3.536536922589399e-19,85.18975500910746,2.366863905325444,0.4085509889860909,-0.06923421120381754,0.10513417006023673,False,False
AURKB,3.2961019384340973,5.872759000380234e-19,50.56306976320583,2.1696252465483234,0.19929053114377016,-0.05902589373452124,0.16725652081724918,False,False
ZIC1,3.285681291793605,8.00126385112417e-11,9.294926958105648,3.9447731755424074,0.3239030629511054,-0.08197079785336472,0.05492225349368149,False,False
AMBN,3.269747989132025,0.00011920513235913683,8.723451548269582,3.7475345167652856,0.18012441463481707,-0.07397877691723269,0.08330900478946171,False,False
H3C2,3.2654616772497556,2.563076961295155e-16,10.353833697632057,1.3806706114398422,0.16468296461512172,0.039804549480097325,0.3519085981772514,False,True
FOXM1,3.261191433168904,1.2351540788972273e-18,32.842271948998174,4.733727810650888,0.053376996235112016,0.023845007451564832,0.5771775098569689,False,True
UPK2,3.2582900588581225,2.4435065395633027e-12,13.836642076502734,2.366863905325444,0.39341466894182064,-0.13798452271519002,0.00119015678533787,False,False
MMP12,3.246635371606429,1.183912187955249e-13,20.076136247723134,4.142011834319527,0.45965724279915543,0.34692817851846214,5.681062323124575e-17,False,True
KRT6B,3.246447700957959,4.9944155305035656e-09,9.462714025500912,3.5502958579881656,0.9930833211671566,-0.12167401578973719,0.004303278481644242,False,False
GRIN2D,3.243512829790774,1.2271164485616327e-16,13.422291256830603,5.325443786982249,0.04358378977104629,0.042404952524012766,0.32131397009268314,True,True
KIFC1,3.2215393603430473,6.098198949341027e-19,66.56910145719489,3.9447731755424074,0.27479653988896646,-0.06727562812521531,0.11536965708221666,False,False
MELK,3.1860572618072434,6.269847042313546e-19,26.343212386156644,4.536489151873767,0.2363000477028773,0.05240876102446369,0.2201910253976508,False,True
TK1,3.17958014159968,2.9566472080955725e-19,168.3663025500911,1.5779092702169626,0.086534236995821,-0.043003035016915596,0.3145300425356297,False,False
CHGA,3.1770534888906985,0.0027208003635502153,182.84243023679417,3.155818540433925,0.6094867714952412,0.16428430128507254,0.00011025746387663254,False,True
PIGR,3.1501028735056673,9.417960807446972e-05,904.7385287795993,6.31163708086785,0.002748067812394088,0.12793753014167042,0.002671657292278017,True,True
PTTG1,3.147534897489231,6.000603491971158e-19,78.27589581056465,1.5779092702169626,0.0022994307358714557,-0.11411438786573405,0.007440906284140326,True,False
CXCL5,3.1451258829690776,6.946813867309143e-07,20.6556087431694,1.5779092702169626,0.07121437783484869,0.20581976929866855,1.1521880849034472e-06,False,True
CDCA8,3.1274902919283267,5.066496883470032e-19,45.1217524590164,1.183431952662722,0.05764298357919684,-0.016270446477458567,0.7036596398899593,False,False
B3GNT3,3.125718803596956,1.0005580026173964e-10,35.29517103825137,1.9723865877712032,0.01712718039011715,0.04876982186535371,0.25395822464472845,True,True
PLK1,3.125010554442058,2.88188081188266e-19,29.177324043715846,4.142011834319527,0.02428267120478668,0.0017689398471975955,0.9670143630668462,True,True
MUC5B,3.118196815672801,0.004985780491452793,67.51862440801456,20.118343195266277,0.025699424365576675,0.08769692350747871,0.039967946319710214,True,True
PDIA2,3.1060963621495814,3.478255413791475e-11,13.802254644808743,1.183431952662722,0.42464239122083025,0.057956386733610865,0.175097135535887,False,True
TOP2A,3.0979745815172737,9.140085475508862e-18,70.11298488160291,6.903353057199212,0.20029438803320687,-0.02398200021031181,0.5749910728883542,False,False
CCNB2,3.0941468183726424,4.867668675699025e-19,47.526475045537346,2.1696252465483234,0.33330048794845124,-0.03226995333253561,0.4504996190751805,False,False
TROAP,3.0868464537446036,6.307761257691625e-19,27.656626775956283,3.155818540433925,0.01089835533025754,-0.18055286949704422,2.0823557500322844e-05,True,False
AKR1C2,3.0851972985416696,0.0018128294010130532,22.753440801457195,3.155818540433925,0.5136813294054081,0.07402135714510397,0.08313113482658495,False,True
NEK2,3.083569073974568,1.0907261825085511e-18,27.168158469945354,5.325443786982249,0.3502384932663195,0.02863627298472339,0.5031272647640093,False,True
CEACAM7,3.0820186419928577,2.001480568925671e-05,14.105747358834245,2.9585798816568047,0.8400208450076884,0.14310622421434294,0.0007716547542699772,False,True
PAGE2,3.0604248942457035,0.012775885790261373,8.689063752276866,1.183431952662722,0.0071750101685703295,-0.07169292096361375,0.0933178116938085,True,False
KANK4,3.055580318618409,7.071954894304468e-12,12.111590710382515,5.9171597633136095,0.028437143310325277,-0.13907216233170525,0.0010868322064379594,True,False
KIF2C,3.054262518389135,6.098198949341027e-19,34.87406102003643,4.930966469428008,0.01331311999671378,-0.040358545367519885,0.34524109444204554,True,False
DLGAP5,3.047303022997589,2.724260016112009e-18,23.038122768670313,5.9171597633136095,0.16817215261163515,0.020488866165544403,0.6319204406508011,False,True
CEP55,3.041845741666974,1.3754051433155015e-18,32.16978779599272,3.5502958579881656,0.2797384897220555,0.011707187949858767,0.7843210619526895,False,True
PBK,3.0402936285286595,8.424904795957007e-18,30.02708160291439,2.366863905325444,0.4567292507346955,-0.0469260754004083,0.2723740576561712,False,False
ALPP,3.0356496633160144,9.945801289515068e-05,41.664002732240434,3.155818540433925,0.24064414973415463,0.13126952502304295,0.0020555983676396918,False,True
TMPRSS13,3.0348477925868664,3.0514542709291284e-16,19.08322276867031,3.155818540433925,0.07270706634758464,-0.11474699127206009,0.007115820281789206,False,False
SULT2B1,3.0289426981252237,2.0858145197473245e-14,14.607149544626596,1.5779092702169626,0.14957612012025678,-0.09460086425826529,0.026657978091673445,False,False
SAPCD2,3.0238514274522856,6.960882415582466e-19,28.82314790528233,1.3806706114398422,0.3730795865149692,-0.1661421200155196,9.184761322286726e-05,False,False
PKMYT1,3.020711143781954,3.368020844715252e-19,16.152734790528232,1.9723865877712032,0.9357119978577765,-0.05149194469524732,0.2283793474807836,False,False
RHCG,2.9968651770296675,1.2173286130279803e-14,7.6993167577413475,3.353057199211045,0.07282343187356004,-0.1043876640063834,0.014405292097452341,False,False
CDC45,2.994084481801402,5.066496883470032e-19,20.65311293260474,4.930966469428008,0.5673171161377998,0.006793107697649727,0.8738212091852882,False,True
CLPSL1,2.980863624879642,6.650090627196475e-10,8.508194353369763,1.3806706114398422,0.3330974919146255,-0.1301904071565043,0.002239193671058044,False,False
BUB1,2.9763218702048633,6.01302579866846e-19,19.25508469945355,5.719921104536489,0.015989154134757377,0.031058847418785198,0.46768638845686583,True,True
NCCRP1,2.9705485428988965,1.394862016904159e-08,13.07398961748634,1.9723865877712032,8.87466770056315e-05,0.011589161825520845,0.7864426208099776,True,True
MKI67,2.968669338076645,2.2395369722733822e-18,30.551626593806922,16.765285996055226,0.12614410909520002,-0.011273329404007701,0.7921275550862276,False,False
GAD1,2.967942485832742,1.1390951009298085e-09,12.64973442622951,3.9447731755424074,0.03140480498721711,-0.11558367803319895,0.006705407539369531,True,False
WNT7A,2.9609579046599674,0.0001492243356282737,48.43294426229508,2.564102564102564,0.12550005103616435,0.06772552202870373,0.1129519903707422,False,True
ZWINT,2.9586610618017466,1.2381146243142356e-18,80.87761384335154,2.9585798816568047,0.1396662174407066,-0.07508116947868056,0.0788019886113487,False,False
MAGEA4,2.9579130904395763,0.004347554784692924,6.987107650273225,4.142011834319527,0.0003134740320336082,-0.011628540612978288,0.7857345973659418,True,False
CENPF,2.94360456942949,2.951112761720848e-18,30.641883424408014,10.256410256410255,0.2623674347140451,-0.06212763025734188,0.14600629877211846,False,False
CCL18,2.9375768054479936,1.0885096247790952e-10,22.617527140255007,1.3806706114398422,0.6457255174709278,0.4407642898222304,1.6892427024017274e-27,False,True
HJURP,2.9162915990587237,1.659551019510477e-18,22.299848998178504,4.536489151873767,0.19433532375774568,-0.10860545142703815,0.010882695254479094,False,False
INA,2.9093068740284007,5.342986098388539e-14,8.354611475409836,1.7751479289940828,0.12441667406439488,-0.09138432325750347,0.032289853303367595,False,False
IVL,2.904904296070853,1.7164082886139857e-05,6.879165938069217,4.733727810650888,0.2288902627086372,-0.1945035495013367,4.413547513169014e-06,False,False
ACTL8,2.9020542507568514,5.7681442276468355e-12,6.766591803278689,3.5502958579881656,3.764705594860062e-05,-0.10486475366691478,0.013961968744400713,True,False
BPIFA1,2.9013658044193544,0.007311535734703432,6.908513479052823,2.7613412228796843,0.7542564295922393,-0.0012608161525224347,0.9764861202092686,False,False
IQGAP3,2.8936126019034005,8.130996223502175e-19,19.353856466302368,7.495069033530571,0.04296486279302002,-0.11657003201815935,0.006248923039844994,True,False
H1-5,2.89291637881184,2.3151615424873265e-13,7.336791621129326,1.5779092702169626,0.11119625103678694,0.09147684012141014,0.0321146731140364,False,True
HGD,2.890976676271904,1.0094544470172139e-11,66.09753515482697,2.9585798816568047,0.0023002535134415726,0.15545131825615255,0.00025589307870723613,True,True
CDT1,2.8902835623143517,7.954179146212125e-19,43.19251275045537,2.9585798816568047,0.9536786993832287,-0.024193835401892006,0.5716178432066945,False,False
RRM2,2.883740463032178,1.9714771557721324e-18,22.457925865209475,2.1696252465483234,0.0493546958956751,0.012817634282274707,0.7644406621084607,True,True
SCNN1B,2.877048803313025,0.0004919296024814456,31.148855009107464,3.7475345167652856,0.2015977418811974,-0.027391662721356135,0.5218706536727892,False,False
CA2,2.874256572099819,1.0406273769653338e-12,26.791166302367944,2.7613412228796843,0.22096309901357405,0.027709451117180872,0.5170510579895095,False,True
NQO1,2.871320414271225,5.311518224487581e-08,151.22454007285975,1.3806706114398422,0.02064697212763124,0.09811901472545245,0.021487199007834138,True,True
MUC5AC,2.87082902610496,1.4929097424690272e-12,6.638253916211293,6.903353057199212,0.2370977838330106,0.07544044986063093,0.07737659146925732,False,True
SIX1,2.8650014615727946,1.595511077846429e-13,10.093156284153006,3.155818540433925,0.00011660480685492789,-0.049928279137881906,0.24283941034067985,True,False
BPIFB2,2.8525036829272734,0.0012170584876093707,13.616681785063752,1.3806706114398422,0.0005534928165060471,-0.09199140356037105,0.03115510277021018,True,False
KIF18B,2.83962597828263,1.0907261825085511e-18,15.750771584699454,5.128205128205128,0.07958655443386274,-0.00995086681098408,0.8160482639018387,False,False
PRSS8,2.813812768995966,4.576624520320172e-17,222.08286047358837,1.9723865877712032,0.47736977712601025,-0.05969577309531839,0.16248138954835178,False,False
CCNB1,2.809152282465975,1.0980441207758445e-18,117.86056848816028,2.366863905325444,0.35009078968672047,-0.03401757191394622,0.42633972834025524,False,False
AMBP,2.7936382008870577,0.00020467337045051355,17.302297267759563,2.7613412228796843,0.008357666184537824,0.12623192306981504,0.0030482778146693036,True,True
AURKA,2.787135487284565,7.903893149874267e-19,27.92636156648452,2.366863905325444,0.00034974527328152945,-7.883066636207717e-05,0.9985296179644221,True,False
KIF20A,2.786198191223851,9.754656888771386e-18,34.56360655737705,3.353057199211045,0.011549247631032811,-0.06865048716191473,0.10810656539049554,True,False
UHRF1,2.786129679520913,2.6130365815056366e-18,16.406597267759565,4.536489151873767,0.5174065369657723,0.055498747194331746,0.19414504521421072,False,True
H1-4,2.750713099608313,2.0504799871252645e-12,11.139105646630238,2.564102564102564,0.5417915460676935,-0.017928212128185735,0.6751082083130154,False,False
POC1A,2.737732173141265,2.525294853266599e-19,33.18747504553734,1.5779092702169626,0.32465159607732186,0.03576569814454223,0.40294416828825663,False,True
H4C4,2.7328490908056824,3.139436533160027e-14,9.545125318761386,1.183431952662722,0.029505322913606087,0.1316351412646548,0.001996588387339075,True,True
GTSE1,2.7117689148112523,1.5418896770923067e-18,17.3058233151184,2.7613412228796843,0.6199026158456428,-0.02601332263668133,0.543038035451073,False,False
SPAG5,2.7112672967526805,3.932590883573678e-19,26.548378142076505,6.31163708086785,0.023090879663450758,-0.029923526276284446,0.4841213781607333,True,False
BUB1B,2.70811406020115,6.51098046194689e-18,16.677081238615663,4.930966469428008,0.008871620792000531,-0.022576609701175938,0.5976045187581865,True,False
CDC20B,2.6927485216521623,0.00020132303647433592,15.050417486338798,4.536489151873767,0.02073262746456301,0.17463519685916118,3.885859494555068e-05,True,True
KRT14,2.6853227782372704,8.847775945110568e-05,16.92674553734062,3.9447731755424074,0.068427339415926,-0.06810480383108936,0.11094487283179874,False,False
TACC3,2.682978441917809,5.029887408772707e-19,42.15139799635701,3.9447731755424074,0.27205955400420795,-0.07559084926082654,0.07678615522880194,False,False
TTK,2.6748762808883004,7.012386790483723e-18,14.614344444444447,14.201183431952662,0.0027798234371695712,-0.0157841551046692,0.7121168287153897,True,False
ESPL1,2.67327333045389,4.830564018186869e-19,11.175226047358834,6.903353057199212,0.000210438737508283,-0.082816983091964,0.052455851938324284,True,False
NCAPH,2.668701430424758,7.195768004367583e-19,12.036622586520947,4.930966469428008,0.0314344287251096,0.02377034719161849,0.5783707474879621,True,True
MYCN,2.664460780823541,2.8620830354100258e-08,20.548134972677598,3.5502958579881656,0.47830604182550773,-0.07811067477454937,0.0674273158915924,False,False
VAV3,2.6612066795951788,5.692708011945236e-15,33.31149526411658,5.9171597633136095,0.5166310288867326,0.039726232046442655,0.35285768914988047,False,True
NUF2,2.6605731734313305,1.8351580683282265e-17,15.645784881602916,3.155818540433925,0.11614762269222678,-0.08492927359027636,0.04669947227641812,False,False
TGM7,2.659325106327323,3.708243531940204e-11,5.938228051001821,4.733727810650888,0.5917215585620355,-0.10476777668897362,0.014051096974555132,False,False
CDCA2,2.656607873071481,9.018357304764107e-19,10.709830418943536,5.9171597633136095,0.22038856551334512,0.015149774640022338,0.7232026230361551,False,True
COL9A1,2.6527293852768956,0.008926406535589253,12.649406375227686,7.297830374753452,0.207982587971233,0.10188530940486999,0.016939186193683405,False,True
LAD1,2.6509600316664423,8.18754230744953e-17,127.96415610200364,2.564102564102564,0.33785716664264603,-0.047797999136996394,0.2635544436549546,False,False
HTR3A,2.646450328590734,6.9565938176744715e-06,6.351582149362477,5.325443786982249,0.00011470614078577012,0.0616185345250473,0.1493452455938506,True,True
CAMP,2.6460587821124677,2.3799474193956836e-08,6.195834790528233,1.5779092702169626,0.45290912947441553,0.03303798900396425,0.4397879420910793,False,True
CDC6,2.641378012704082,1.1904915928586696e-18,17.868560837887067,2.564102564102564,0.4975532046709751,0.023158303146337135,0.5881959044379083,False,True
FGF8,2.6329438325266943,3.818864628410071e-06,6.2817309653916205,1.5779092702169626,0.9402961788949105,-0.14097099384883793,0.0009260456537416656,False,False
E2F1,2.630362225249256,1.3241012698295602e-17,38.69685428051002,5.9171597633136095,0.0003274693328569358,-0.058481983893016565,0.17121043453415036,True,False
PRSS1,2.6286528720592637,8.85075148793923e-08,6.398266666666666,1.7751479289940828,0.01495169977425872,0.04986544572955904,0.24343358575832552,True,True
KIF4A,2.628433715740232,8.031294768182965e-18,20.729482695810567,8.481262327416173,0.09775339212526435,-0.004315380682498069,0.9196436479223993,False,False
NECTIN4,2.6224090831197486,1.7866509601652503e-16,44.569714389799636,3.7475345167652856,0.035512296616455906,-0.17177912909156182,5.213321500612884e-05,True,False
DPEP1,2.619087013648568,0.015153860904305375,15.827755919854281,1.3806706114398422,0.7171729340592298,0.14105766616166526,0.0009192598130543633,False,True
CCNA2,2.6171171559426325,1.4377260088577637e-17,32.62301730418944,2.7613412228796843,0.23519176388517227,0.021061929956413428,0.6224177879496083,False,True
FOXA1,2.6146977727700147,2.150868640803096e-09,19.041917304189436,3.155818540433925,0.9084700954996515,0.065966811322633,0.12263417992087607,False,True
SKA1,2.6119104163634717,7.903893149874267e-19,13.371698360655738,2.1696252465483234,0.14322495288967294,-0.03492619143450782,0.4140822855145849,False,False
SPP1,2.6004560464755277,6.256898897684474e-13,451.4001723132969,2.366863905325444,0.9056258880809617,0.3514749021868802,2.086274723606425e-17,False,True
RDH10,2.5991299877117413,7.696505323963704e-14,97.889529143898,1.7751479289940828,0.5509042548386922,0.02162251931786454,0.6131822896691196,False,True
FOXG1,2.5967924748209255,9.414075799306328e-11,5.690551912568306,4.142011834319527,0.8628299792300549,0.03407897481757437,0.4255048009953507,False,True
SKA3,2.5816894242004196,1.8566597291094455e-18,16.235914936247724,3.9447731755424074,0.5705283286163233,-0.043368107302533536,0.31043559861493364,False,False
NCAPG,2.5808490210441346,4.098473431000301e-18,11.741630054644808,5.9171597633136095,0.02428331894359553,-0.020601056635518762,0.6300552313473646,True,False
RECQL4,2.5771924003729993,3.536536922589399e-19,34.701871584699454,4.733727810650888,0.2760714441788565,-0.15933077333101267,0.00017775070318346814,False,False
FBN2,2.5730363400336485,0.00015522165341207766,22.168731329690345,13.214990138067062,0.11342135329257204,-0.05006283971702184,0.24157037923638464,False,False
PSORS1C2,2.565247516963269,0.028672537851190043,7.296408196721312,1.183431952662722,0.30498565294364377,-0.04720973121874042,0.2694830072228484,False,False
MYEOV,2.56313634362995,2.8085482508803496e-12,7.371405464480874,1.5779092702169626,0.837161044748667,0.11563556284281967,0.006680669994640394,False,True
ALDH3B2,2.56177740212034,1.1254853115936544e-11,50.74545701275046,2.7613412228796843,0.25152018775759827,-0.11529169884799897,0.0068461542551269215,False,False
PCSK9,2.558813144018723,2.5173612848642582e-11,9.280489253187614,3.155818540433925,0.04079572219641444,0.07083624710383869,0.09730805358821497,True,True
VIL1,2.5505427652623682,1.1568771517686781e-11,5.1889517304189425,4.142011834319527,0.31519303867213194,0.0811535987703905,0.057394952628122727,False,True
JPT1,2.5465423268986944,9.721949386494628e-20,145.02200692167577,1.5779092702169626,0.30582077120206425,-0.07934542263607719,0.06319526735050139,False,False
MCM10,2.5402743955338276,1.2365883553482075e-18,8.098214389799637,4.142011834319527,0.007868057483081748,-0.003983341926806814,0.9258079703246734,True,False
TEDC2,2.537806617951089,7.66324917133996e-19,18.539030054644808,3.155818540433925,0.32028038546349147,-0.09802919885759352,0.02160750063908823,False,False
ANLN,2.528986834693348,3.819104690973757e-17,18.197603460837886,6.31163708086785,0.07199446838402156,0.03694279156287054,0.38763223220229626,False,True
KRT8,2.5179940202837923,8.702977859328615e-18,633.0927524590164,3.353057199211045,0.7975614089567014,-0.06557580108854491,0.12487222786117895,False,False
GLDC,2.5138497874900585,1.9904871234737574e-07,9.179922950819671,6.903353057199212,0.0026465064676207983,0.03888230506110889,0.36318708371980063,True,True
DEPDC1B,2.511248191990561,1.0267620309280905e-17,9.90821857923497,4.142011834319527,0.002918993686019747,0.009192004133424867,0.8298537164052489,True,True
STC2,2.498721087946002,3.328992435042417e-14,34.468407832422585,1.7751479289940828,0.4754458490956833,-0.013623346060823625,0.7501114338250207,False,False
KIF11,2.4889028814582552,3.4616974735930394e-17,25.86007923497268,6.70611439842209,0.43715508044285256,-0.028715828864207472,0.5019413587536703,False,False
CDC25C,2.4880786515539564,8.130996223502175e-19,9.180503642987249,3.155818540433925,0.05307370105701605,-0.1041548910185981,0.014626049819458153,False,False
FUT3,2.477527311625418,1.3771764422212456e-11,12.865964298724956,4.142011834319527,0.28568671688886893,-0.00788770828620204,0.8537023829349772,False,False
EXO1,2.469846005402519,3.390800050814441e-18,9.804663387978144,4.733727810650888,0.005222491497084046,-0.018256515133384825,0.6695072221501301,True,False
SPINK5,2.469590990618511,2.665207919247062e-06,8.478236429872496,7.889546351084813,0.3998969085238019,0.007044575990866996,0.8691915129645659,False,True
LMNB1,2.46321843986348,5.161385048023793e-17,87.70935974499089,2.7613412228796843,0.3310450812101716,-0.03251210199397348,0.44710659790351953,False,False
PIMREG,2.4629744054224765,3.977582090101876e-17,16.063659927140254,3.155818540433925,0.10382288526522272,-0.06578611289392672,0.12366453893288228,False,False
ECT2,2.462800829981436,7.939090693094176e-16,35.91064189435337,4.142011834319527,0.29886993922444727,0.051167484344461736,0.23132836209306315,False,True
MAB21L4,2.4622238788150925,7.480315973596706e-12,14.731802914389798,1.9723865877712032,0.2600256958056931,-0.0030477081452311805,0.9432007872581077,False,False
CCL20,2.459945910117344,2.3861637051224803e-08,31.01573806921676,1.7751479289940828,0.08067578568891952,0.21721451234988295,2.756382094648584e-07,False,True
COL2A1,2.4592023647894266,0.002702702007884084,19.185752094717667,6.508875739644971,0.7311424045416844,-0.03536817851003989,0.4081957603737794,False,False
CDKN3,2.450304885244253,1.4377260088577637e-17,22.97588797814208,1.5779092702169626,0.09710640420045011,-0.03676453417748141,0.3899280520689015,False,False
CDK1,2.4432969563654847,2.4236020744770056e-16,43.893365391621124,1.183431952662722,0.22274306150069664,-0.050731268651574984,0.23533548513020197,False,False
LAMA1,2.4398360452047276,6.780355000707941e-08,10.784218943533698,13.41222879684418,0.6856875532624143,0.0031147178377045562,0.9419541237241266,False,True
FGF18,2.4316848251936207,7.798758913658492e-11,51.72018142076503,1.3806706114398422,0.5428414327537041,-0.17817282553910532,2.6827367236689025e-05,False,False
XDH,2.430982707677253,1.6227482866960866e-09,7.31558378870674,7.889546351084813,0.26662640388594583,0.05108372871202375,0.232093976737897,False,True
SLC7A5,2.4274679841235525,4.0768016504698345e-15,101.34423533697631,1.9723865877712032,0.5909362530940108,0.012957237808260904,0.7619519519177297,False,True
DLX3,2.4257701182365494,1.2524368344073805e-10,7.012575227686703,2.564102564102564,0.01727303979384546,-0.15070928974358247,0.0003949404796026949,True,False
FAM3D,2.4257230747350467,6.066856294978453e-10,5.694567030965391,2.1696252465483234,0.49475104324034247,-0.09505636450191515,0.025933204268329565,False,False
ZNF750,2.41641231230096,1.3495021600431514e-09,8.355410018214936,3.5502958579881656,0.45779009095861634,-0.03248150035582593,0.4475345905516076,False,False
LRP4,2.4150651014651308,0.04231218619266009,26.96218069216758,7.495069033530571,0.8033748143904824,-0.16157233456982173,0.000143450547815703,False,False
ERMN,2.406632424023666,7.337312841132905e-08,6.7782927140255005,2.9585798816568047,0.002809264381808559,0.03725317683164147,0.38365436724008034,True,True
VAX2,2.402534401033676,7.396672301787538e-15,8.87021766848816,2.1696252465483234,0.12405720798561015,-0.2158955112933814,3.265905059963562e-07,False,False
TFCP2L1,2.3998839290812204,1.0187629579385247e-13,15.243675227686701,3.353057199211045,0.02197483174993621,0.0034672439991740556,0.9353980531866486,True,True
ASPM,2.3989645888648607,8.945649685898273e-18,8.15655646630237,14.990138067061142,0.011634309078826722,-0.01995848227247282,0.6407697759737597,True,False
CXCL1,2.375834828911515,0.00013095118734444516,56.98933570127504,2.1696252465483234,0.2215651026281379,0.21641600852212525,3.0548501664985055e-07,False,True
SMPDL3B,2.3749917044671642,8.882028539051275e-17,51.96530546448087,2.366863905325444,0.3378931613266296,-0.0756340719628981,0.07661715124470986,False,False
MTFR2,2.3725489471511674,5.204943131735185e-19,8.370650273224046,1.7751479289940828,0.000815200270755747,0.036934344169262744,0.38774084240078904,True,True
AUNIP,2.3721177398778033,1.0237723175768324e-18,9.52181912568306,1.183431952662722,0.12315861869868763,-0.019204913638262655,0.65343072520624,False,False
SBSN,2.3682632941942052,4.5810176034253646e-11,5.179352641165757,1.5779092702169626,0.3413349829003041,-0.1689633263990966,6.933569652488941e-05,False,False
SLC25A10,2.366039233192285,1.5349108875240537e-18,41.963685792349736,2.1696252465483234,0.44617395773847257,-0.1976675695570036,3.0552670481424266e-06,False,False
KPNA2,2.365711905868275,1.3241012698295602e-17,72.18476375227687,2.7613412228796843,0.04062643619013857,0.06900083762115593,0.10631468184228043,True,True
PADI3,2.3643458500110803,2.1938233536277192e-13,4.432279052823315,3.7475345167652856,0.0023873600762583705,0.030001496198130553,0.4829827815323922,True,True
CENPU,2.3643083875528297,8.204939625858117e-18,20.520971402550092,2.9585798816568047,0.6655548795043558,-0.03046163441281307,0.476293003887426,False,False
ELF5,2.3640495316209975,6.058066247651184e-15,4.312241530054645,2.7613412228796843,0.5564136524958513,-0.07215453399481647,0.09122261130532254,False,False
NLRP2,2.3630333849740124,0.008293511359658988,25.955757194899817,6.11439842209073,0.020571037323298867,0.03552964578247842,0.4060577465665618,True,True
LARGE2,2.3613656876799363,2.1038628786450416e-15,103.33579908925319,3.353057199211045,0.2737644773737226,-0.16052839028069377,0.0001585689080944265,False,False
KRT17,2.351871623323251,1.8920621247993314e-07,169.8697695810565,3.7475345167652856,0.027279024682296035,-0.03204753046801629,0.453629013319516,True,False
HSPA6,2.3454641967694787,2.468938915366476e-05,21.538045173041894,4.339250493096647,0.49075471546921134,0.044793660360708726,0.294784798926874,False,True
ERN2,2.3390531731809885,6.535044668852446e-08,4.960129690346084,6.903353057199212,0.056215736759827335,0.04315855563814211,0.31278150201696053,False,True
SIX3,2.3386163088540814,3.9754536562345196e-07,4.612880874316939,1.7751479289940828,0.17073770153165713,0.09503403083983011,0.025968340461352192,False,True
OTX1,2.335524835250868,3.0005384637580988e-18,4.466231876138433,2.366863905325444,0.13459716426585455,-0.06806929625001794,0.11113157541754835,False,False
NUP210,2.3287782239539427,4.105231236776643e-18,58.48475865209472,8.284023668639055,0.07335253806606015,-0.018531298721291514,0.6648333351607172,False,False
CBX2,2.328120059843193,1.623845832702543e-13,24.19401384335155,1.9723865877712032,0.4801159487423594,-0.03993911908251692,0.350281583171697,False,False
PYCR1,2.3207369437216685,1.840964548829193e-15,78.68155573770493,1.7751479289940828,0.9143517339251759,-0.05189335015827777,0.22476805954717172,False,False
F12,2.318667990524318,6.25658052172971e-15,8.12561238615665,2.564102564102564,0.3383417139679791,-0.10982003836377416,0.010021292823344618,False,False
LRRTM1,2.317768439259979,0.013808801771097124,28.23492950819672,4.142011834319527,0.07817508626695309,-0.10296668108284249,0.015799888899623506,False,False
NKD2,2.3150347476180104,2.638032514640925e-10,16.19377832422586,2.1696252465483234,0.6899975305326563,-0.03665723956068837,0.39131389163424396,False,False
NOTUM,2.2937900882555144,0.016069596064908216,126.30649890710383,1.7751479289940828,0.494742876527821,-0.08630659835159059,0.04323919122074341,False,False
CRACR2B,2.292695698144178,4.763549871107741e-15,45.288253005464476,2.564102564102564,0.06529116989155072,-0.1189720103995562,0.005251803613438926,False,False
KRTAP11-1,2.291972746950489,0.005802107833477433,4.053713296903461,1.3806706114398422,0.6762843552623166,-0.03203282522998998,0.4538363398390662,False,False
ANKRD22,2.289529698606641,2.8991264964710406e-14,8.276717304189436,2.564102564102564,0.01668954814561548,0.23873617542064496,1.4865696920091803e-08,True,True
TNNI3,2.288171443962371,2.42028725534003e-08,8.568641347905283,1.9723865877712032,0.1364364344600244,-0.06353718503375268,0.1370588626786717,False,False
ORC1,2.287646355717598,4.9307633527533636e-18,10.642073224043715,4.733727810650888,0.04010974364400365,0.034355775676275305,0.42175283239667527,True,True
SCEL,2.2832687477617117,3.631365551048194e-11,4.746002185792349,6.508875739644971,0.010148335018823205,0.08779689615922082,0.03974101777122394,True,True
SCD,2.273946250510024,2.452138101964495e-15,185.44415409836066,3.353057199211045,0.33481331140108866,-0.015675626674789056,0.7140091415300697,False,False
TMEM132A,2.2718683488686073,3.7693471655640665e-17,99.40782094717669,3.5502958579881656,0.003455526759992617,-0.07782842182746455,0.06842669300400836,True,False
TACSTD2,2.262598237107805,1.7071589840572262e-12,655.3026934426231,1.3806706114398422,0.630893379440671,0.021340774019965116,0.617816406602501,False,True
H2BC4,2.256824513506982,9.997907541106328e-12,24.74464043715847,1.183431952662722,0.41098530482534357,0.2108028872692987,6.224236198436139e-07,False,True
CCNO,2.2528597024214214,2.1620039204003335e-10,65.32160801457195,1.5779092702169626,0.0029655913327108463,0.076412298164123,0.07362564039392686,True,True
KRT15,2.244123251959444,3.5832317556944394e-12,5.46092276867031,2.564102564102564,0.06455493688196222,0.04705680786298212,0.27103899913767493,False,True
RAD54L,2.2427890404182826,3.1602306526303183e-18,7.653575591985428,4.930966469428008,0.01734679810425885,0.02218564730710238,0.603966221497055,True,True
E2F2,2.241213075621449,2.436084216856461e-18,7.524065027322404,1.7751479289940828,0.9619815758474032,-0.052295770919679026,0.22118866692010677,False,False
APOBEC3B,2.2401022103103028,9.126025097406592e-14,12.231604918032787,2.9585798816568047,0.11429241028230741,0.08019634427185296,0.06040812650606785,False,True
RAD51,2.2328843371152978,6.3035485606074236e-18,12.878994717668487,1.9723865877712032,0.5155930718571269,0.011350528136456104,0.790736959151724,False,True
GINS1,2.227418128611083,8.087420273650537e-17,20.14095755919854,3.353057199211045,0.19383384572988088,0.011117952489800832,0.7949283860666294,False,True
GGH,2.225046517209109,5.373903319998962e-16,13.914305646630236,2.7613412228796843,4.73065745486599e-05,-0.12011846574126694,0.004828451449083392,True,False
CCNA1,2.222744445934047,1.956516509548076e-05,67.977002003643,3.7475345167652856,0.01352840887107691,0.06568501937561,0.12424391599434063,True,True
DEPDC1,2.22227114584114,9.000051543972258e-18,6.7500684881602915,6.508875739644971,0.26015943781452083,0.0027683561008255853,0.9483993766328072,False,True
CTSE,2.2208254251667716,0.002462049833875739,6.681505464480874,3.155818540433925,0.06820750448109662,0.3579303090081455,4.891446236203892e-18,False,True
ALPL,2.2174586599406076,4.793047714707535e-07,168.5196670309654,2.7613412228796843,0.23593393079182548,-0.033394033671645264,0.43487211697464206,False,False
HAPLN1,2.2139023426573927,2.0821802840457166e-17,5.253596539162113,3.353057199211045,0.1559485823371032,-0.1021346322674381,0.016670315639676983,False,False
SERINC2,2.2117589100859583,2.648907997642532e-13,447.04066338797816,1.7751479289940828,0.003124208655301462,-0.021021027554472577,0.6230939889440887,True,False
PRR11,2.2049960113606817,3.662955991854351e-18,13.954252641165755,3.353057199211045,0.025549726316546242,-0.042860240553192576,0.3161411340063171,True,False
SIM2,2.203904923523157,2.130859414822939e-15,3.798803096539162,2.366863905325444,0.0007971218100895002,-0.038071788722495684,0.37328327985051135,True,False
HMMR,2.203820169486714,2.577098401318924e-16,10.130941712204008,7.6923076923076925,0.08835902059969415,0.0018841037251316035,0.9648682304076834,False,True
ADAMDEC1,2.2022939953668614,8.865226701587878e-13,7.115549726775956,4.536489151873767,0.507980910095253,0.7144063923633446,7.167620901608252e-87,False,True
CXCL9,2.192034427217195,0.0036758380273752026,36.63056666666666,1.5779092702169626,0.0003932828143765228,0.6096229254372129,3.600571337996182e-57,True,True
SGO1,2.1904262688559735,4.804098297643955e-19,5.636407650273224,5.9171597633136095,0.23344044674336253,-0.011868185908466477,0.781429648444148,False,False
GOLT1A,2.1812099349151364,1.0067331966793748e-10,27.394426775956287,1.3806706114398422,0.4705426781223486,-0.09270176682406651,0.029870790154133527,False,False
TNNT1,2.1790350181329488,0.0005505124781922199,54.83114244080146,2.366863905325444,0.02001838501763699,-0.03367378707552647,0.43103192033682053,True,False
H1-3,2.177102774165109,1.0471738384754843e-08,4.465735883424408,1.9723865877712032,0.46102685261929044,0.05826294440748019,0.1728222913567935,False,True
KIF15,2.1625427201058303,2.241203205644588e-16,10.353203825136612,7.6923076923076925,0.624600119515215,-0.008963271743943055,0.8340253863829657,False,False
EZH2,2.1570345670356295,8.891643010734635e-18,21.461908561020035,8.086785009861932,0.07473293961300743,0.013313317933915615,0.7556152786332075,False,True
CALML3,2.153786320115902,0.026800512934264244,3.6352750455373406,2.1696252465483234,0.8993644692696108,-0.10849823609688425,0.010961797701356439,False,False
CASP14,2.153724725852707,4.656473914747332e-06,3.679129690346084,2.366863905325444,0.868444766521633,-0.16386203671610305,0.00011490072969661174,False,False
DIAPH3,2.1526679935442656,1.1749346604021166e-17,6.2427785063752275,7.6923076923076925,0.11729144119483605,0.06317244480221626,0.1393326329590088,False,True
CDC25A,2.1518402926126763,2.7206836848108704e-17,11.47257340619308,3.9447731755424074,0.20685269317831975,-0.08674190910073411,0.042191527232055034,False,False
PKP1,2.151765374764518,0.00019888496515613449,4.658013661202186,5.325443786982249,0.820216535173651,-0.11441470966802833,0.007284954430931001,False,False
CSPG5,2.1503979804156232,3.8688433207319126e-13,6.694723132969034,2.366863905325444,0.1160033322280194,-0.0935914021196421,0.028326605506396627,False,False
SLPI,2.1491435822493816,1.6519894727097276e-07,5161.267518214936,1.5779092702169626,0.7277083349297981,0.04971568019551746,0.24485392864293642,False,True
DNMT3B,2.1484359683339775,4.637424785029428e-17,13.965326411657559,8.086785009861932,0.022415368092949018,-0.09513788286970248,0.025805304027795788,True,False
H2BC8,2.1463896529313518,2.267792884002073e-11,15.421238615664846,1.3806706114398422,0.1101718597613483,0.05798020893390045,0.17491956572641318,False,True
KRT18,2.145511004738422,3.6674249898449597e-16,858.078891985428,1.183431952662722,0.040114291048682825,-0.1679948219783089,7.640093210634107e-05,True,False
MEX3A,2.145350581211076,3.853353659281758e-14,53.312381238615664,1.3806706114398422,0.08848032065731189,-0.19461522357622943,4.357062109108547e-06,False,False
CBLC,2.138475203460045,1.840964548829193e-15,69.06883952641167,2.1696252465483234,0.17531559405360042,-0.15086086697163453,0.00038957513149194095,False,False
PACSIN1,2.1362287719297686,8.373156581800032e-13,15.413268123861563,2.564102564102564,0.48620321585724313,-0.11668193240288492,0.006198938796172967,False,False
H1-2,2.1348394303285616,2.0743301943758136e-09,276.7140969034608,1.7751479289940828,0.9585641057338223,0.09683596766999904,0.023262083853431016,False,True
MNX1,2.132586694258376,6.248029053027329e-14,3.916420400728598,1.3806706114398422,0.061274942850286306,0.011505029887822791,0.7879558872361291,False,True
IGFBPL1,2.1322292036515007,0.00021955240355017274,11.67562149362477,1.183431952662722,0.1458304912653197,-0.012481607234784394,0.7704409235350198,False,False
EFNA3,2.1215190273562947,3.4616974735930394e-17,16.370293260473588,1.183431952662722,0.03950033462163402,-0.35234604096533295,1.7187220479648304e-17,True,False
VTCN1,2.118495640769507,3.31604326738356e-08,142.49804681238615,1.5779092702169626,0.2629974862401171,0.10387184033707907,0.01489849296864771,False,True
PODXL2,2.114691936024011,1.4828549275084246e-14,146.09115610200365,2.9585798816568047,0.1234359797123229,-0.11762579728117603,0.005791406661265347,False,False
HAPLN3,2.1125673998016588,1.3584208777546502e-11,81.02220746812387,2.9585798816568047,0.19596545024116738,0.07821438025099628,0.0670631465473631,False,True
CILP2,2.1122829279364983,2.8620830354100258e-08,7.49710655737705,5.325443786982249,0.001411878846568892,0.025889565484553543,0.5449592494431913,True,True
SLC16A3,2.1115577636114127,1.0348150896826701e-14,32.4004043715847,1.5779092702169626,0.8362527818404383,0.13679085941381025,0.0013139195562194578,False,True
MSMB,2.1109410277885834,0.0002921644970681152,4.702956466302368,1.7751479289940828,0.29074273224946434,0.0810896516916959,0.05759227918109232,False,True
TRPM2,2.1035082823415205,2.078703775814375e-18,13.927648269581056,8.875739644970414,0.005396119084132322,0.18379272291769058,1.4672043100243241e-05,True,True
GDA,2.1030735432238057,6.340879513058958e-05,19.7123912568306,3.5502958579881656,0.39878473409015824,0.07062564264082087,0.09830955627876085,False,True
FAM111B,2.1002824730985146,1.9236718057730857e-15,9.333208743169399,5.325443786982249,0.03737932065963141,0.01108372222887001,0.7955457780954003,True,True
ACBD7,2.087402521186963,5.610755721920445e-14,15.95204335154827,1.3806706114398422,0.06578770572367393,0.01994285320598591,0.6410313255605687,False,True
OVOL1,2.0872649342495713,4.376264840744621e-14,6.794778506375228,1.3806706114398422,0.13598834442600322,-0.10981623497689245,0.010023892882278859,False,False
SPINT1,2.079453821577375,3.0475582413310806e-15,295.4454561020036,1.183431952662722,0.08859209894359939,-0.031194534793912567,0.4657430083917819,False,False
SLC10A4,2.071863985166292,8.782943487999078e-10,4.470869216757741,2.7613412228796843,0.02244314759888818,-0.02422500965850451,0.5711222226527555,True,False
KIF18A,2.067308395614893,2.5051112875300272e-17,7.532670673952642,5.719921104536489,0.04985980303867624,0.06883139656694254,0.10717834168020189,True,True
SYT13,2.0657333164258738,0.002659186681491632,6.704176138433516,2.1696252465483234,0.0015971025514591698,0.016454302782022086,0.7004715909367873,True,True
ESPN,2.0657038300259294,1.8890894174658328e-11,32.36674134790528,2.7613412228796843,0.5364739748362772,-0.03087228690287379,0.47036569923515636,False,False
RAD51AP1,2.062104278945361,1.4201184842585921e-14,15.485324408014574,3.353057199211045,0.25235765397970655,0.029868591923819847,0.4849244566384328,False,True
KRT23,2.061935820219467,1.1838239489142352e-07,61.446920582877965,3.7475345167652856,0.0859415997465806,0.09386020066647088,0.027873744557871553,False,True
DTL,2.0616390060609886,5.33640056914348e-16,13.97612586520947,3.7475345167652856,0.24488907135120347,-0.01891457352029328,0.6583357598127604,False,False
CKAP2L,2.0587867709660945,1.9258815055397155e-17,6.140244626593807,2.7613412228796843,0.06075265777025317,0.001767852027514586,0.9670346362552067,False,True
KIF14,2.05518146591602,6.905730279405191e-18,5.305777413479054,10.256410256410255,0.007313571778620059,-0.015065795779937496,0.7246745638088996,True,False
TRIM15,2.050824531445381,1.8945376700803497e-13,3.4858398907103822,2.7613412228796843,0.149597798007807,0.15038989973714761,0.0004064720185350946,False,True
SERPINA1,2.0482756602118384,4.734839547921366e-05,277.1558795992714,2.7613412228796843,0.11514300911415229,0.2571839249259376,9.629074036223758e-10,False,True
MAGEA11,2.0415415949616795,2.0131980953552207e-05,3.1674422586520947,4.142011834319527,0.13175921707067312,-0.04747782856864429,0.26676989858488886,False,False
E2F7,2.0383012891987913,1.9352348349625922e-16,5.513892531876138,5.719921104536489,0.49086678321377486,0.09955987176636076,0.01963529166327012,False,True
TBX18,2.036280955218284,0.019044938538334936,7.137378870673953,3.7475345167652856,0.6702009182991371,-0.08671041787484214,0.04226659184758627,False,False
EPS8L3,2.033277598958798,0.00011597064987554295,4.4831424408014575,3.155818540433925,0.088931458714533,0.10604099829846203,0.012919901940650085,False,True
LIPG,2.03305212625189,8.865226701587878e-13,5.803934608378871,3.5502958579881656,0.027110785747851317,-0.0606283971702184,0.1560051139738136,True,False
EPCAM,2.0291579483137667,1.6725950679293918e-16,729.5838930783242,2.366863905325444,0.670250684763821,-0.06033062466232265,0.1580513100337391,False,False
MAGEC2,2.027844219015172,0.019439363450000614,3.246975591985428,3.7475345167652856,0.021364110166237477,0.009502582085647042,0.8241969994045418,True,True
SERPINB5,2.026235445491434,6.372532874915109e-07,5.622693989071039,1.183431952662722,0.7428142492848686,-0.02659875300440752,0.5339956251503004,False,False
ARHGAP11A,2.0247459617305195,1.0800267969035194e-16,9.773352276867032,5.128205128205128,0.9431820267194089,-0.013288297598456749,0.7560600019216694,False,False
PLA2G3,2.0222498545421574,3.1857902272913913e-15,4.078940072859745,4.930966469428008,0.43553430132297,-0.029028173955212684,0.49729966431763367,False,False
IGSF9,2.01963431010718,1.1650669980545291e-11,32.893114025500914,9.270216962524657,0.010736270603698523,-0.18279584162795842,1.6351673106926072e-05,True,False
GDF5,2.018532294004868,4.1016803445395216e-07,8.359227504553735,3.7475345167652856,0.680439550854565,0.05267765102210388,0.2178298284945968,False,True
SHCBP1,2.014547864496381,3.120618029654932e-18,7.136630236794171,3.353057199211045,0.7393728833260763,0.07769012509364542,0.06892077655362334,False,True
KLK5,2.01301258467941,0.04404410336956979,14.021046630236794,2.1696252465483234,0.0018489522820079906,-0.04421719389082697,0.30104901519595145,True,False
BSPRY,2.0114943416656335,3.719454698818063e-15,44.281819125683064,2.1696252465483234,0.27945238404916767,-0.029973711024327276,0.4833883626740403,False,False
OASL,2.01073931948925,2.7259355054532868e-08,11.991894535519126,2.7613412228796843,0.03323533030375695,0.3524579285737597,1.6763958256814934e-17,True,True
SLC5A1,2.00871511646593,0.0005196477060848584,10.597355373406193,4.536489151873767,0.0006848391503263499,-0.03213461227864758,0.45240235514755595,True,False
KNL1,2.0069847523820794,1.0738151673649207e-17,5.401224954462659,8.481262327416173,0.3575184657771616,0.010214953539763571,0.8112570123561489,False,True
HASPIN,2.001878771190528,9.62076806361372e-18,5.257366302367942,2.7613412228796843,0.17166134227072505,0.11326770359937241,0.00789677380748422,False,True
CHEK1,2.0008753552693506,5.795585375231109e-16,13.005832604735884,3.7475345167652856,0.08153604806274625,-0.01726500375297791,0.6864774489656239,False,False
CHST6,1.9973220776933713,7.552596018220572e-09,17.0823131147541,2.564102564102564,0.023560944561055657,0.10853771652144276,0.010932610349079438,True,True
IDO1,1.9965339292604396,3.278980192566644e-09,63.13629890710382,2.564102564102564,0.08227695437754073,0.3415631668164807,1.8144054842213895e-16,False,True
STIL,1.990629779391599,4.0726206193005334e-18,8.753099453551913,8.086785009861932,0.007312853914322058,0.07709965655900258,0.07106329154213682,True,True
LHX2,1.9895167053219298,1.3696531633500489e-14,3.177646994535519,2.1696252465483234,0.5412675421715571,0.11897346135627071,0.005251247322253645,False,True
CP,1.9878517988848348,1.7645487231665483e-05,90.82198360655738,7.297830374753452,0.09879265409410859,0.1696685413425871,6.458405268309213e-05,False,True
MST1R,1.9853396104386467,8.83656842406542e-12,14.466352641165756,5.522682445759369,0.23298476015771138,0.010559683418358836,0.805013293413913,False,True
RACGAP1,1.9823724973880066,1.3727133821972083e-15,30.778962659380692,4.930966469428008,0.049110044610325684,-0.0009748314786007739,0.9818186011649656,True,False
CDX2,1.9819710623929918,4.2097529068887943e-05,3.190357194899818,3.7475345167652856,0.6752977897931487,-0.01407074251641953,0.7421913051507805,False,False
SEL1L3,1.9790048843917507,1.911665481563572e-15,63.12140856102003,5.522682445759369,0.4696123955994421,0.10985673414774767,0.009996237724988031,False,True
PLEKHS1,1.9759553336585616,2.8672607259709744e-05,27.572233515482697,2.564102564102564,0.09946564514311522,0.10285121268369879,0.015918250130696254,False,True
FGFBP1,1.974374661794478,2.573529021056923e-06,21.68554790528233,3.5502958579881656,0.6818926805320118,0.02086145353336791,0.6257351035790161,False,True
SLC6A14,1.9740245600961686,0.00011834260037686035,7.30850364298725,6.11439842209073,0.003794403423025507,0.07436152259078273,0.08172115689631224,True,True
FEN1,1.9733446394228826,1.0405211826067169e-16,81.57957887067396,1.3806706114398422,0.5500780719302714,0.0015665328648456567,0.9707868796961453,False,True
CDCP1,1.968953929056266,6.6501968215591856e-15,44.55739180327868,4.536489151873767,0.6937120904482516,0.09548250242039881,0.02527059801347833,False,True
ENTPD8,1.9667476303987086,1.0980605373288781e-07,10.369888706739527,1.9723865877712032,0.6608204326699236,0.008771489607441407,0.8375267493663447,False,True
ST6GALNAC1,1.9626162661785367,4.8569612204376685e-06,56.337714754098364,2.366863905325444,0.14502157806373334,0.14808257276607165,0.0004995699453747756,False,True
GJB2,1.958221037982633,1.7334047448205508e-05,44.42208907103825,1.5779092702169626,0.6932048993720386,0.0890999742549342,0.03688151262074843,False,True
PTK6,1.9580277581691057,6.366623765212097e-06,8.25862568306011,2.564102564102564,0.1100561399830375,-0.04537096628741528,0.28859936470670916,False,False
CYP4X1,1.9543061188066644,9.111876803057716e-07,34.061188524590165,2.1696252465483234,0.8003542780259404,0.01127322041765024,0.7921295187462907,False,True
IGF2BP3,1.951678312374471,2.0312643367134805e-11,3.597760109289618,3.7475345167652856,0.024640449183344685,0.06906792250100736,0.10597426708478022,True,True
PIF1,1.951289998665138,2.78544252540712e-17,7.590723315118397,2.1696252465483234,0.4513975978221243,-0.07980477262755593,0.06167781139443682,False,False
RPTN,1.9499499257681205,0.0016886404154132617,2.8952817850637524,3.7475345167652856,0.23028232685135547,-0.11863509935079189,0.005382420588732467,False,False
CCNF,1.9468347790439327,1.5396590744099488e-17,12.614208196721313,2.9585798816568047,0.053269095215884965,-0.05248012104677483,0.21956261592216444,False,False
KLK12,1.9461199881918745,0.010270633059003722,5.099606375227687,2.366863905325444,0.812645047663318,-0.08920037090538588,0.036668640734305064,False,False
TPH1,1.9454988213395557,0.00010066911867311842,6.843587795992713,4.339250493096647,0.9157400573658745,-0.1192555271128494,0.005144107273412336,False,False
E2F8,1.9434467399063342,3.122416733879924e-15,6.907572495446266,5.325443786982249,0.26863809645144426,0.06840271933894504,0.10938811451334778,False,True
ERCC6L,1.9419866742635037,7.834871353888782e-18,5.27642495446266,6.70611439842209,0.21822398540198884,0.0510270124130021,0.2326134409561675,False,True
TM7SF2,1.9322925179612866,2.2210168208369346e-14,92.48818287795993,2.1696252465483234,0.1205170230179318,-0.22200630210203026,1.4750854823269276e-07,False,False
IDH2,1.925189549239656,2.69944260408094e-17,331.1419214936248,4.733727810650888,0.560375684940007,0.07510814740681919,0.07869422265594778,False,True
HMGB3,1.9238415135529383,4.247133963786738e-17,92.78641839708561,2.9585798816568047,0.019398070141778145,-0.1049683625775525,0.013867295606303894,True,False
MCM4,1.9229689320252583,4.869577746798639e-15,57.42382349726776,5.128205128205128,0.00506925773536694,-0.0020087678266450556,0.9625453431654067,True,False
CTCFL,1.9226930727841633,0.0039372966237488805,2.9775948998178503,6.11439842209073,0.01815945145353185,-0.03969563790666603,0.3532288828957775,True,False
GRB14,1.9212938150797674,6.021068745400995e-08,11.927285974499089,3.9447731755424074,0.3403329184094911,-0.024121722139632405,0.5727651091460108,False,False
CRYGC,1.919820785971294,0.0006154339638823959,2.888689617486339,1.9723865877712032,0.40002220694936974,-0.00579702484044275,0.8922006064479018,False,False
TUBA1C,1.9187551915438656,7.641127961503179e-15,57.98442204007286,1.9723865877712032,0.2365409616605259,0.03981093693909298,0.35183126282665994,False,True
RHPN1,1.9142677972894644,5.227977051788174e-15,62.203167213114746,2.564102564102564,0.3496499279703271,-0.13487245314216717,0.001537855517483352,False,False
DUSP9,1.9119787892757487,4.7319978988461993e-07,3.677976684881603,1.9723865877712032,0.0037948771940867257,-0.035394674442200035,0.4078444656042998,True,False
RNFT2,1.9113819233917564,3.972031742416732e-19,6.310526958105647,1.3806706114398422,0.6336736208511826,-0.08720883757780339,0.04109165826777489,False,False
PAX9,1.9104640964423834,0.0005854369987999441,4.537921675774134,1.5779092702169626,0.265690394708975,0.039086014114156305,0.3606766326682388,False,True
XG,1.9069616197353902,0.0027484372627536546,8.427846265938069,3.353057199211045,0.16840737315995044,0.09514734503796618,0.02579049342355936,False,True
MYH7B,1.906043053701683,0.001721387751933221,9.418374134790527,9.270216962524657,0.6575754702680838,-0.1616617709336517,0.00014222034680817205,False,False
ESRP2,1.9056369483371736,7.705301455560362e-16,31.628391985428056,4.339250493096647,0.6489452581173456,-0.0162047421686048,0.704800210275951,False,False
GRHL3,1.9040351890637899,1.859762800657585e-12,4.967541530054644,2.1696252465483234,0.0075491582779581715,-0.01602732546166274,0.7078833136631789,True,False
NFE2,1.8911346960481694,1.2530176671259034e-08,7.370070309653916,2.366863905325444,0.1925523000778247,-0.023358827115591178,0.5849684227988864,False,False
GALNT14,1.8907132867970229,0.00019637087199065128,15.198507650273225,3.5502958579881656,0.01909036673948255,0.014332242407281238,0.7375745633379726,True,True
TLCD1,1.889225836762376,2.7717349994577615e-15,37.42281621129326,1.9723865877712032,0.40904821012303705,-0.07822330037239696,0.06703189844712486,False,False
MAD2L1,1.886712939848569,2.8935532610894675e-13,17.859420218579235,2.564102564102564,0.5486513769485486,0.05105783304610966,0.23233105300970738,False,True
KIF23,1.8851379766444172,1.5099450957379272e-15,12.908765755919854,5.128205128205128,0.030520543582337436,0.012207403922086801,0.7753474214971338,True,True
MSX1,1.882499316191093,6.395382302002639e-05,699.5557071038253,1.183431952662722,3.833863436908794e-05,-0.12588720760313438,0.003130025704137979,True,False
PSAT1,1.8816051267287488,1.938108733347551e-10,147.92870309653918,2.1696252465483234,0.003063196178642275,-0.05216305691835189,0.2223645808857143,True,False
KRT81,1.8798329538300984,0.0002868530669836717,8.976623497267758,1.9723865877712032,0.9431310773169983,0.08202585403144685,0.054758898176912436,False,True
HMGCS2,1.87954640343266,0.00023367297786908265,4.209126958105647,4.536489151873767,0.22600405729779047,-0.03767255954395478,0.37831935895910734,False,False
TRIP13,1.8786841421773044,1.894585073742976e-14,26.74891857923497,2.366863905325444,0.0023179988520551985,0.008661873007930206,0.839529464459296,True,True
DMBX1,1.8785280478414492,8.582084710636792e-15,2.880513661202186,2.7613412228796843,0.007545003767666183,-0.08960892299707632,0.0358131185855272,True,False
RCOR2,1.8761592005307839,6.857653877618827e-08,30.431019125683065,2.7613412228796843,0.04272048008709742,-0.15684982208436812,0.00022461264927299578,True,False
LAMP3,1.8750580085540518,6.8553763539071116e-09,10.096761020036432,2.564102564102564,0.003947695786521738,0.4478776518982997,1.9289358363718634e-28,True,True
CKMT1B,1.8747482191799563,1.5387708166183206e-12,5.6223276867030965,1.183431952662722,0.15368773712756373,-0.14107981886712875,0.0009175327984572568,False,False
DSG3,1.8741393890510039,9.565448115905603e-06,2.745586703096539,8.086785009861932,0.28249214597062716,-0.12301675671153182,0.0038921017538367554,False,False
CLSPN,1.8739148806386363,4.075823016322999e-18,4.540519672131148,8.481262327416173,0.4722358980631097,0.04986750808318107,0.2434140672410238,False,True
PFKFB4,1.8697952272988214,1.2551959292201661e-16,13.822790346083789,2.564102564102564,0.7866204280959741,-0.16171847380993318,0.00014144553616543703,False,False
MCM2,1.8692167411435494,4.3324818108266455e-08,33.31448269581057,5.128205128205128,0.1487484986827352,0.06703609144640298,0.11667334781531118,False,True
SEPTIN3,1.8679854292437517,6.124593935371907e-15,3.919658652094718,3.155818540433925,0.0016300704269296801,-0.11006070832005921,0.009857980136843128,True,False
DSP,1.8672310054773424,4.862734893693346e-13,106.78878979963571,12.03155818540434,0.3623379585160075,0.011129410655556404,0.7947217501424896,False,True
ITGB6,1.8658063558748714,1.2625047738374499e-07,21.078918214936248,3.9447731755424074,0.15585802860445871,0.06569894227666156,0.12416399728791415,False,True
OIP5,1.8649094255209433,6.72572088213606e-17,5.325937704918033,1.183431952662722,0.18431749598775132,-0.01673886163296239,0.6955477459078223,False,False
KLC3,1.864857551479289,2.7944432263137713e-11,4.275088342440802,1.7751479289940828,0.021720782308700344,-0.07129777017448213,0.09514178203163043,True,False
SPAG4,1.85791759110296,5.771807311413573e-14,24.22594990892532,1.7751479289940828,1.5048051973095455e-05,-0.045125298697154634,0.2912207780273931,True,False
PROM1,1.853242920651502,6.105735121497429e-06,49.44744863387978,5.522682445759369,0.47001315931525567,0.05508747883284201,0.1974753742326167,False,True
AKR1C1,1.8512383252039901,0.006202838403624553,8.78313989071038,2.366863905325444,0.9864197482591016,-0.0011427913763562899,0.9786867011830082,False,False
SLC2A1,1.8469212745250223,1.91182323050534e-10,132.88237249544628,2.7613412228796843,0.13703419005482598,-0.08664976920092393,0.042411475601352756,False,False
DLL3,1.8433559508121975,0.000863015014727674,3.4266457194899815,2.9585798816568047,0.01137358906635867,-0.047513833146205726,0.26640696948541365,True,False
COL9A2,1.8410309423845588,5.955097718263831e-07,75.90270783242259,4.536489151873767,0.015431429962014204,-0.06222132779270509,0.14539803241181198,True,False
SLC2A6,1.840592436322868,5.674901370592843e-16,14.724548633879783,3.9447731755424074,0.06391730084410285,0.19422889901769885,4.555459000697993e-06,False,True
CLDN4,1.8343871882545733,1.3403919545326524e-11,307.9192632058288,1.3806706114398422,0.5474744248353739,0.027985031601161794,0.5128902793984734,False,True
SIGLEC15,1.8334768025885064,2.1724149363023373e-08,7.241999271402551,1.183431952662722,0.08266689832586475,-0.02727450651735506,0.5236532457143762,False,False
ST14,1.8284724374975863,4.657273452019255e-13,330.82262404371585,4.930966469428008,0.7108732595570111,-0.021266584717583883,0.6190392016865284,False,False
FOXA3,1.8269677730452567,0.0012704590175637877,6.4214590163934435,1.183431952662722,0.9836237282586325,0.031698683226044994,0.45856168880021014,False,True
DSC2,1.8255887739076373,3.076456039002529e-08,17.013393989071037,4.339250493096647,0.04291835692067732,-0.0705116741182315,0.09885493265174787,True,False
KRT4,1.8246326304740357,0.009856646080200891,5.275912021857923,3.5502958579881656,0.22627899401872995,0.07892012232157723,0.06462754699982705,False,True
ETV4,1.8227062486970111,4.516701458646658e-06,40.1465480874317,3.7475345167652856,0.6948050178081648,-0.14667072786014992,0.000565940336886943,False,False
PLS1,1.822183290886834,4.292405403715518e-12,18.2419,4.930966469428008,0.8606026327477649,0.06577135599935016,0.12374898083980128,False,True
SLC39A4,1.8203245907458525,1.2619224496708855e-14,47.88383078324226,2.9585798816568047,0.11021586573769086,-0.2178767210213902,2.5303545351098085e-07,False,False
SLC18A3,1.8184098742984403,1.7974415733246428e-08,2.565144262295082,4.733727810650888,0.026249620113313853,-0.11921579433179749,0.005159079212938174,True,False
LRRC31,1.8128146308682136,2.0901818967353646e-07,3.2889102003642985,3.7475345167652856,0.6390292549146807,0.08561460076928168,0.04494970983355763,False,True
TRAF4,1.8125120419276497,8.440927403333286e-17,79.59237468123861,1.7751479289940828,0.24450117209588418,-0.01922909845130738,0.6530228138609826,False,False
ESCO2,1.8120150054179627,3.4616974735930394e-17,3.925153187613843,5.522682445759369,0.3048030017587026,0.038968023846894365,0.3621293842894057,False,True
KRT83,1.8114234957699917,2.6631900660064103e-07,2.8552970856102005,2.564102564102564,0.00023163192298979805,-0.1551858039938711,0.00026227407019398984,True,False
PNP,1.8110309664559203,3.911170067333219e-16,43.82456939890711,2.366863905325444,0.9661579462472746,-0.03120120675463502,0.46564756489314396,False,False
PKP3,1.8091034817528744,1.8641333378236083e-13,81.89276593806922,2.1696252465483234,0.12259731968836877,-0.058973533347112396,0.16763414833907211,False,False
C1orf116,1.8090199104041453,3.744709081969918e-10,12.124518032786884,4.930966469428008,0.22102800924270846,0.05267222905131246,0.21787726027843304,False,True
DLX5,1.8075933717221542,5.7174738943895105e-08,268.5034200364299,1.3806706114398422,0.00866343166098895,-0.22569466351924175,9.028657000655922e-08,True,False
ACY3,1.804917160736557,9.055436822722116e-06,23.414501275045538,2.1696252465483234,0.0009590637556176493,0.19015218597365305,7.24880843767715e-06,True,True
SRMS,1.8041174852913988,2.04695043494514e-08,4.435997814207651,3.155818540433925,0.8611012570755457,-0.05601389505542604,0.1900317672256807,False,False
RAP1GAP,1.8033961087277661,4.889582963408567e-10,45.30842331511839,3.155818540433925,0.45286434197537273,-0.11157802749282945,0.008881741082450205,False,False
PLA2G4F,1.8017647422396137,2.050384460401698e-13,3.486770856102004,3.155818540433925,0.002589841120084497,-0.24534419915457384,5.719697870242876e-09,True,False
KCNH3,1.8017442874779315,4.1554657245633783e-07,28.455932969034606,4.733727810650888,0.6552635980951823,-0.12476450516895654,0.0034102762171118583,False,False
NEIL3,1.7994897121743914,2.0821802840457166e-17,4.029963023679417,5.128205128205128,0.06635269460267772,-0.015355627219911506,0.7195988654871461,False,False
POLQ,1.7897449166714252,5.5484289801742316e-18,3.9648856102003647,11.242603550295858,0.01148172083300751,0.02176179847068865,0.6108971077633449,True,True
CYP2D6,1.7893504498783799,2.1124254481996027e-11,7.5201346083788705,3.5502958579881656,0.1006544707652796,-0.04131441402106798,0.3339271717989252,False,False
HROB,1.7793653389972988,5.0530409936384055e-17,11.093249362477232,3.5502958579881656,0.07273885139489344,-0.0061862856068091296,0.8850106585878073,False,False
CTHRC1,1.7763207493647735,7.548081387250194e-06,49.42781329690346,1.7751479289940828,0.02064316337383397,0.09511859047577607,0.02583552406133374,True,True
OCIAD2,1.7748765463977207,2.7485350475209344e-16,152.7183116575592,1.183431952662722,0.007126665161451188,0.004361359194433265,0.9187904246831199,True,True
EME1,1.7720592057047013,1.2119459855846333e-17,4.8438755919854275,3.353057199211045,0.06551260434902156,-0.036054406142091135,0.3991555106870492,False,False
PITX2,1.770425998133307,5.2152598388663253e-11,2.5185036429872496,3.155818540433925,0.15994354286804607,0.022524602482207626,0.5984490222530293,False,True
DPP3,1.7701663559078877,4.9590768565847636e-18,55.53329817850638,3.9447731755424074,0.5451731866705363,0.06726620035462923,0.11542075133481833,False,True
SPTBN2,1.7699898075526326,1.0865447579906122e-12,29.110525136612022,10.453648915187378,0.23536107803303383,-0.07303824411398901,0.08731687505383101,False,False
FASN,1.7674389125565337,2.9577703751903125e-13,113.3928947176685,9.664694280078894,0.08676962481584424,-0.07272640247152633,0.08867946587937037,False,False
VGLL1,1.7666349191407134,0.00011020375043734466,10.67237431693989,2.564102564102564,0.017808294470166405,0.0718741017982437,0.09249091065044644,True,True
TICRR,1.7657192632849772,8.610212562559842e-18,5.050685245901638,8.086785009861932,0.07538113323322902,-0.04555865227618945,0.2866073683164083,False,False
LGR5,1.7634561680979663,7.888099325923634e-05,78.3095641165756,3.353057199211045,0.0744389154958266,-0.02344034277929678,0.5836587594085803,False,False
MESP2,1.7629518081089344,2.417029600259729e-13,3.180531511839708,1.3806706114398422,0.3553178401186544,-0.052024723983699284,0.22359502575984042,False,False
DPPA2,1.7611930209648181,0.00122178688186162,2.602361384335155,1.5779092702169626,0.31728849075544147,0.0587756548002852,0.16906703322983754,False,True
ULBP3,1.7596313115680906,1.853998415542067e-15,14.501270491803277,2.1696252465483234,0.23620902103368913,-0.018516794122872864,0.6650797262237717,False,False
PDCL2,1.75951173165307,2.4184664872334413e-06,2.4765174863387975,1.9723865877712032,1.7947503792627982e-05,-0.057422432862790654,0.17911248533736926,True,False
TNF,1.7553624933926577,1.8167777625228232e-05,10.355917122040074,1.183431952662722,0.5100568218621799,0.24298200824172103,8.073268332224824e-09,False,True
CRYBG2,1.752711833328158,3.295596896411164e-16,3.5956193078324223,5.719921104536489,2.9630986718590382e-05,0.0028289113463219003,0.947272282877594,True,True
DNAJC22,1.7518920549020525,5.583769664555012e-09,20.08201402550091,1.5779092702169626,0.29934020151871865,-0.025195499327364833,0.5557959461346605,False,False
NDC80,1.7517876688767804,7.192085371073309e-12,19.143434608378872,4.339250493096647,0.10233184436767727,-0.028221306036311424,0.5093368551767397,False,False
MISP,1.7478381842816866,9.844349335334202e-10,71.7515120218579,3.7475345167652856,0.5039488718719805,0.0766218122350706,0.07283674718565822,False,True
TMC5,1.7473893071390423,4.2186230679710554e-07,20.849794717668487,7.6923076923076925,0.03293186730988809,0.11612740029457073,0.006450205388995141,True,True
H2AC14,1.7470866772984943,4.2143769380538024e-11,2.6888932604735887,1.5779092702169626,0.06304330433446717,0.027461930137236093,0.5208029937417968,False,True
IGLON5,1.7466671459054288,0.008355189362245611,4.151084699453552,2.7613412228796843,0.012545211501082367,-0.004743776922823615,0.9116976038015662,True,False
ARHGEF16,1.7454367531391761,1.1022003672531512e-15,22.655425318761388,2.366863905325444,0.7422895499824981,-0.07710668972844395,0.07103745489523237,False,False
FOXF2,1.7433363930538124,1.0952197472527508e-10,3.566549544626594,1.3806706114398422,0.196002741393278,0.03901999774214093,0.3614890073081346,False,True
GRHL2,1.7432321300419882,2.1578527569191357e-13,42.3043664845173,4.339250493096647,0.5523733856889502,-0.08225483263894177,0.05408383247394287,False,False
RBBP8NL,1.7423741083554374,5.038104626928272e-14,17.11364571948998,1.5779092702169626,0.9105794119608364,-0.2903794677660898,3.96695741602551e-12,False,False
CENPE,1.7406097903335644,2.2106859833008736e-15,5.642175774134791,11.045364891518735,0.5180488820291707,-0.006210362682896261,0.8845662400609524,False,False
PGAP6,1.7380691240566328,9.668444899238449e-17,113.37803624772314,2.7613412228796843,0.14920128008660122,0.02952846696343235,0.4899126842846303,False,True
SLC4A11,1.737985169295658,5.509579223981181e-10,18.37351530054645,7.6923076923076925,0.1637146771684832,0.0454958109060416,0.28727329852180633,False,True
FOXI1,1.7346199575007766,1.1392803406254217e-05,2.4591142076502734,1.7751479289940828,0.033918388055797014,0.057130859617401546,0.18133374962862286,True,True
HAS3,1.7344459172582607,0.018031597154542778,9.43223078324226,3.7475345167652856,0.47564226991622605,0.01939238159208809,0.650271522119311,False,True
CLIC3,1.7329379282929827,1.2325819093936864e-05,41.479251730418945,1.3806706114398422,0.08396618324966024,0.002768501093258782,0.9483966778151132,False,True
KRT28,1.7323043484819374,0.0035969765034595223,2.3602590163934423,3.353057199211045,0.2888772983876856,-0.11625097166920893,0.00639343527417437,False,False
GPR50,1.7319367815790996,0.0412732981490588,2.8340788706739533,4.930966469428008,0.03124492456545314,-0.012250859517108935,0.7745692400589971,True,False
PADI2,1.7313321028530968,1.408922828345339e-05,16.59108014571949,4.536489151873767,0.1434382392222659,0.06345687568965509,0.13755703993928886,False,True
FZD5,1.7271960903593513,1.5083647759230934e-11,18.989227140255007,2.564102564102564,0.6629374887549999,0.10830209477810293,0.011107828458337353,False,True
PLK4,1.7259592640373156,1.1089536878768875e-14,11.307773406193078,5.719921104536489,0.7790182278920537,0.06120418123808715,0.15210545578410092,False,True
RAB11FIP4,1.7256736986620038,1.3303050887130483e-12,21.235169398907104,2.9585798816568047,0.032018091575999025,0.011024907444675306,0.7966068853653839,True,True
GJB5,1.7247693981071501,7.593309341204095e-05,4.510305464480874,1.5779092702169626,0.5727408267588134,0.0725428605715482,0.08948940734062126,False,True
TMEM72,1.722298410372428,5.4604045427225396e-11,3.443999089253188,1.183431952662722,0.7358342356469536,-0.08250565397381562,0.05335233442423338,False,False
HK2,1.7189508212648619,9.326338452180046e-14,47.464896721311476,4.339250493096647,0.3101041103555639,-0.0364482687349745,0.39402154778102627,False,False
LSR,1.7184821420215464,5.33640056914348e-16,308.8484644808743,4.339250493096647,0.7135366793744669,-0.04594638499389009,0.28252156957127694,False,False
KLHDC7B,1.7165149734983867,2.463660412188375e-08,5.4251774134790525,1.183431952662722,0.6951632859664026,0.44878277417194773,1.4581611684246297e-28,False,True
GALE,1.7163620523584182,4.175383848774748e-17,58.58224098360655,1.5779092702169626,0.7737456973396748,-0.05518589025349825,0.1966746981010417,False,False
MUC1,1.7144446541020821,4.699818901953004e-09,370.7527723132969,1.183431952662722,0.31434136934475354,0.023646081492198524,0.580359351303423,False,True
TRIB3,1.714343049550422,8.427790716127014e-07,24.422059198542808,2.564102564102564,0.015815271702878945,-0.01417443551223616,0.7403595030919767,True,False
PLEKHG6,1.7137093392773894,3.288119326005108e-13,9.365721857923498,5.128205128205128,0.020526825969471394,-0.06380229239867867,0.1354241906154858,True,False
ESRP1,1.7116770019434817,7.11018381950849e-13,68.69378761384336,13.017751479289942,0.017942644901909874,-0.04713196426026385,0.2702735188652801,True,False
APBA2,1.7114999477773907,9.241364835662179e-11,17.699426411657555,4.733727810650888,0.11480187154194427,0.03348664338732545,0.4335986801849643,False,True
KRT75,1.7111469674873294,6.163820104335393e-11,2.3661781420765027,4.536489151873767,0.7581556480163564,-0.11528420579729382,0.0068498008153440055,False,False
LGALS4,1.7105689458566653,0.00200967148997016,8.112628961748634,3.155818540433925,0.182883057485674,-0.07503070510433174,0.07900389491613255,False,False
AP1M2,1.709406212531837,1.566184400114595e-13,222.6696799635701,3.155818540433925,0.32925043203329757,-0.14811926855004515,0.0004979455568974647,False,False
SPDYC,1.7077606301853125,2.449621235645133e-07,2.713283788706739,1.9723865877712032,0.459718356616893,0.06192135514016361,0.1473522394754175,False,True
CCDC167,1.7048631727423658,1.659551019510477e-18,172.4773559198543,1.3806706114398422,0.47597623283842905,-0.07093933229627858,0.09682081877869239,False,False
PGD,1.7045179719589765,2.8929028100490485e-17,249.01771675774134,2.564102564102564,0.4720294262571437,0.062162440487198184,0.14578009110899698,False,True
TIMELESS,1.704288753148505,2.6767508348086736e-14,34.14003897996357,6.11439842209073,0.2378621578258472,0.014192022187750829,0.7400489686413296,False,True
AGMAT,1.7041947572553626,2.0212108221174216e-15,9.075804007285976,1.7751479289940828,0.11407731803508037,-0.010816843799971719,0.8003636647188002,False,False
FANCA,1.702429181991284,1.849515817807554e-17,5.657755373406193,5.9171597633136095,0.2128259731095444,0.02520641424185159,0.5556247192230268,False,True
TMPRSS2,1.6990491362724,2.0193036039998572e-09,18.370059198542805,3.5502958579881656,0.005005316788242185,-0.006123119431722997,0.8861767610998773,True,False
DNA2,1.690002614911984,6.6738660945189215e-15,7.270360837887067,8.284023668639055,0.1375966090936013,-0.027766416608947263,0.5161895525568244,False,False
LMO1,1.68898026200403,0.001096762019954897,3.2801675774134793,1.183431952662722,0.0002194150479830376,-0.1318379899792881,0.001964521612189804,True,False
FANCD2,1.6889485754868185,2.734954715952181e-16,9.262736065573769,7.889546351084813,0.07416278125795804,-0.00889463048196325,0.8352781953736682,False,False
AKR1B15,1.6888519131497834,2.417803577554998e-13,2.4534663023679415,3.155818540433925,0.9662815820875755,-0.003112445779732683,0.9419963913011747,False,False
PAQR6,1.6863657918537258,1.5243854064252063e-12,10.682557559198543,1.5779092702169626,0.4355789597041405,-0.1437843071132529,0.0007278493588863568,False,False
LRP2,1.6828344766670194,0.0001557838599977966,2.6800415300546447,17.554240631163708,0.02467967940800981,0.0983052013279282,0.021239667135654436,True,True
GALNT6,1.6828169702640947,2.0043426720373904e-11,25.202372495446266,2.7613412228796843,0.04015608075389924,0.03518770328630327,0.410593358641078,True,True
TMEM52,1.6791890439347399,4.3846217574632027e-10,7.870408925318762,1.7751479289940828,0.09254902638757054,-0.1646887203977069,0.00010597641033187745,False,False
GINS4,1.6791557350116524,2.8096223273625764e-13,6.206408378870673,1.183431952662722,0.0541438696412053,0.0026990619857615644,0.9496892501445091,False,True
EFNA4,1.6772882755950311,8.690151663732185e-16,72.75972386156648,1.7751479289940828,0.592231599737022,-0.2517763732816982,2.1973519107908737e-09,False,False
KLHDC7A,1.6770080667667018,4.589959408434389e-09,6.885163934426229,2.7613412228796843,0.10032274315080295,0.10969349417769565,0.010108122860784208,False,True
TTYH3,1.6767168691159622,7.797510343672177e-14,109.88507887067395,2.1696252465483234,0.9282599294245623,0.0478530799412048,0.263003970059107,False,True
SLC52A2,1.676569862385426,1.3754051433155015e-18,78.80643989071038,2.366863905325444,0.3465920920568596,-0.07329337409031081,0.08621466039404002,False,False
SLC29A2,1.6765650501947742,5.959823379780291e-13,37.85521275045537,2.366863905325444,0.059159983611353675,-0.17943179551890814,2.3472356000352093e-05,False,False
MYO10,1.6742800762972836,2.93734352263852e-16,29.350543169398904,13.017751479289942,0.2792798532204239,-0.0859012042163891,0.044234485230454805,False,False
TONSL,1.6730641014124683,4.8351254565023045e-15,17.750854826958108,3.5502958579881656,0.15153883969870668,-0.08745765661883888,0.04051551510708613,False,False
NR0B2,1.6669642649397154,0.0021882217124309803,2.594880510018215,1.3806706114398422,0.10012683437019869,-0.06631786970868515,0.12065154573716115,False,False
UBE2S,1.6650804679749416,2.036482811089056e-12,41.86813861566484,1.183431952662722,0.01481863627453552,-0.10476102414597094,0.014057321614042379,True,False
IRF7,1.6646293677441006,5.189027268904724e-13,70.30132932604735,1.5779092702169626,0.32497450361819663,0.1760753641476389,3.344715480458175e-05,False,True
SPINT2,1.661100577198133,2.709947480756109e-11,128.95419890710383,2.1696252465483234,0.2606008539479038,-0.0071469027960591935,0.8673088795009386,False,False
CYP4F11,1.65823915581957,0.0002943396425456112,8.156168306010928,5.719921104536489,0.26039394865790133,0.06599588359193592,0.12246903362165612,False,True
PRSS22,1.6542216415315503,1.945390356993224e-09,33.26148451730419,1.183431952662722,0.8761076561908318,0.01539670970806546,0.718880395398179,False,True
KCNJ15,1.652329388975639,1.486610721565357e-07,2.9644657559198544,1.9723865877712032,0.4797388719109835,0.048608833362291465,0.255530910078427,False,True
ABCG1,1.6485221494249895,1.169662876004089e-12,32.71393278688525,4.733727810650888,0.19647150395127638,0.10744043475512158,0.011769963030530538,False,True
TBC1D7,1.6470360158469277,1.209327429605379e-19,11.37836903460838,3.353057199211045,0.42740260826504517,-0.1420512367812453,0.0008446850797285164,False,False
ELF3,1.6464953402768359,1.0124783671973161e-11,107.28129289617486,2.366863905325444,0.09925156822252226,0.028374543568991342,0.5070391480732298,False,True
ANO9,1.6462430519127964,3.770190506069649e-14,19.441836612021856,5.128205128205128,0.7818490355373644,-0.061065193033602756,0.15303994720987427,False,False
NFE2L3,1.6447586343733245,2.5633256581615012e-08,18.115882331511838,4.339250493096647,0.2885883607474084,-0.0058003270711180265,0.8921395736528637,False,False
PROM2,1.6423388478024914,4.809981548713612e-09,44.081676867030964,4.142011834319527,0.37664606052149896,-0.06828113611887694,0.11002135499697209,False,False
ATP6V0A4,1.6414340410836297,1.6206274659861687e-09,2.9279533697632054,5.9171597633136095,0.5903022343629412,0.0826640710026798,0.052894585388847476,False,True
FA2H,1.6376717948719515,1.7108630132682315e-10,8.771326958105648,1.7751479289940828,0.9513816881421884,-0.07949438285259652,0.06269984359178676,False,False
NR2F6,1.6376671142043433,3.934867485522186e-16,182.3482573770492,1.183431952662722,0.15348663400849402,-0.0927351775503026,0.02981151911540308,False,False
NEUROG2,1.6362117293131015,0.004955369821169449,2.297498907103825,1.7751479289940828,0.7928451025142278,0.007342884777744554,0.8637052586890962,False,True
XRCC2,1.6353691392712058,3.2423197111966427e-15,6.092767941712203,2.1696252465483234,0.05201378599667603,0.013558439978042007,0.7512626549412594,False,True
SCNN1G,1.6338298465430032,0.000218650900220087,27.534777049180327,5.128205128205128,0.42730699046542164,0.015689306897971864,0.7137705148303739,False,True
HOXB6,1.6325439822443313,2.2171967560800524e-07,51.47356120218579,1.183431952662722,0.01388376474319558,-0.0034988632284312557,0.9348102245059351,True,False
ENO1,1.631139024667453,1.1556239149092835e-15,1144.369341712204,2.9585798816568047,0.6345652915190523,0.003872347986264464,0.9278695899730917,False,True
CA6,1.6307941555652603,6.360527741472837e-06,2.172989799635701,1.183431952662722,0.7557945837988361,0.00824034808415434,0.8472403479299133,False,True
OPRK1,1.6281708510407547,1.3438934076693864e-07,2.6717548269581055,4.339250493096647,0.05824961697122862,-0.1786579200501653,2.548408026345436e-05,False,False
USP18,1.6267063548450267,2.5515174460181394e-09,19.735873588342436,2.1696252465483234,0.025786567817123938,0.18755265953782171,9.69803406554858e-06,True,True
MAP2K6,1.6226612040066772,1.5248852639934473e-08,19.58338123861567,3.353057199211045,0.09380877700130055,-0.009598703318937855,0.8224481228492423,False,False
DLX2,1.6197249151382782,2.4801072496825208e-08,2.1716899817850637,1.9723865877712032,0.4971768106791701,-0.02195091499943969,0.6078002775783505,False,False
TRAIP,1.6195941609032634,1.941918773180713e-16,13.53724335154827,3.9447731755424074,0.02536578402145422,-0.08339276454868175,0.05083095974999449,True,False
MSI1,1.6189814712459016,1.209134570333969e-08,43.54076921675774,1.5779092702169626,0.547162883224428,-0.13381915360376534,0.0016752239595298336,False,False
SLC30A2,1.6178470556706552,8.358833026190663e-06,6.720296174863387,2.1696252465483234,0.019420863670389157,0.0001944660255923941,0.99637275006103,True,True
IL19,1.6159773032496714,2.443640260165744e-10,2.63254116575592,1.183431952662722,0.026424525687159806,0.027861279360471457,0.5147565651052576,True,True
OAS3,1.615468231751775,1.9420520303509527e-06,36.67945191256831,5.9171597633136095,0.00205687377098887,0.33015494776933424,1.9908314044664928e-15,True,True
B4GALT1,1.6132006270897365,1.4714197514722842e-08,376.0612799635702,1.3806706114398422,0.009555857931209064,0.07006523292032447,0.1010145312135381,True,True
MROH6,1.612257177696026,6.930830726725139e-07,17.667442258652095,3.353057199211045,0.015165197892965396,-0.05637767025969285,0.18716595553602552,True,False
TRIM17,1.611700907798149,0.0001856972794835487,9.051306010928961,3.155818540433925,0.07863802968121204,0.11365779368411894,0.007683731934004961,False,True
LAPTM4B,1.61057499136301,1.1464407173375615e-09,664.63654571949,1.183431952662722,0.19537992499164664,0.08541995278862576,0.04544098297639343,False,True
RASSF6,1.609663191904812,8.645051830080558e-09,8.375914936247723,2.1696252465483234,0.039454950439070754,0.05477719838484883,0.20001538915091013,True,True
KRT7,1.6093851788257307,1.405682370099878e-07,246.85480928961746,2.1696252465483234,0.006955362808934583,-0.04717968242917388,0.2697882694598264,True,False
COMP,1.6072952638451974,0.0018309109048559747,33.9092183970856,3.353057199211045,0.005852838778918773,0.0028962477522696552,0.9460190973936782,True,True
RHBDL1,1.605630514650685,8.715583123491848e-11,8.22097777777778,1.3806706114398422,0.7501506158954884,-0.18376335178571682,1.471909338250663e-05,False,False
SDS,1.6052665756256639,2.050384460401698e-13,6.623597996357013,1.7751479289940828,0.45235660032963,0.5763821969088995,6.431796391415806e-50,False,True
CKMT1A,1.6042708851293175,2.228744579770141e-10,4.409967941712204,2.7613412228796843,0.6727836856910858,-0.1113398638397104,0.009029037079263974,False,False
LLGL2,1.6026088199343604,9.744975342363493e-14,74.60717322404372,3.5502958579881656,0.6060333282607132,-0.057113362724650424,0.18146769011829258,False,False
WDR62,1.6018694079435707,5.749886844774844e-16,6.767851366120219,7.297830374753452,0.2357455058295569,0.018640225396238323,0.6629841420736126,False,True
BLM,1.6000657219000445,2.1519325928975328e-16,4.619866120218579,6.11439842209073,0.17491069120529473,0.02554904118755537,0.5502628815073887,False,True
COL17A1,1.5995228719758152,0.004781553182015373,5.755358287795993,8.678500986193294,0.46376788733569085,-0.03936917550715115,0.3572051202339217,False,False
SLC9A2,1.5992198711364844,6.157097280094152e-08,4.118257559198543,4.733727810650888,0.018139816547016383,-0.097323967108828,0.02257259345363668,True,False
GAPDH,1.5870547878413106,3.661659818688991e-15,3131.7963683060107,1.3806706114398422,0.33735632566844914,-0.08524198548848544,0.04589409730991785,False,False
NRCAM,1.5865954356793854,0.00023928513275639518,18.821136429872492,6.508875739644971,0.030904223593552375,0.026831145002737682,0.5304273011228936,True,True
SLC29A4,1.5864863326062397,1.272424681149817e-07,21.755811475409836,2.7613412228796843,0.7030862055082492,-0.07621069029793008,0.07439132891937629,False,False
FANCI,1.5808448692196215,1.9236718057730857e-15,9.56485209471767,7.495069033530571,0.24382899213162756,0.027339810477872338,0.5226592282328701,False,True
CYBA,1.5798837209507264,3.1974047002347033e-13,278.0349846994535,1.183431952662722,0.002816954626089815,0.16807314499548556,7.580524812747339e-05,True,True
ALDOA,1.5774340436445495,3.0090221952029697e-08,24.254929872495445,2.9585798816568047,0.8448166873575831,0.008075175592227167,0.8502658445213654,False,True
STXBP6,1.5756137283628115,1.5523221517253967e-08,27.770281056466303,2.7613412228796843,0.3056747017826019,-0.05765785170116868,0.17733379098406202,False,False
GALR2,1.5746613390015576,1.1736730144665588e-14,2.4388579234972676,1.183431952662722,0.4129923239186615,0.07109619841233171,0.096083122531917,False,True
IKBKE,1.574597006997244,1.9352348349625922e-16,19.582001092896174,5.325443786982249,0.9542742972338372,0.25455865342427514,1.4407058551879939e-09,False,True
H2BC5,1.5680958445962467,4.023496557435062e-11,97.04975737704918,1.7751479289940828,0.8900252133757184,0.028851480501765548,0.499922664040974,False,True
INAVA,1.5677876060079732,1.6277373502919265e-08,11.577693989071038,3.7475345167652856,0.0001688142447806347,0.1419877392203912,0.0008492783650799322,True,True
IL1R2,1.5668778234265028,3.169821614673827e-06,11.360984153005464,4.142011834319527,0.3092335352779463,0.24032786885245908,1.1840631982580964e-08,False,True
CENPK,1.566373212585273,1.6827691674634733e-13,6.44963242258652,1.3806706114398422,0.16834659243421246,0.05360608598851988,0.209816653326311,False,True
THEMIS2,1.5651982952051782,6.508074012076846e-10,23.268883424408013,4.142011834319527,0.02638758216211745,0.3177739640833482,2.397343810713779e-14,True,True
STXBP2,1.5644875009025045,9.870482888890117e-15,37.85672058287796,2.9585798816568047,0.23590107211511582,0.04029269601604172,0.3460293776818081,False,True
ESM1,1.5602544790766393,6.846500053033217e-10,16.760182877959927,1.3806706114398422,0.10692758816833663,-0.27582169459903694,4.8339148729580555e-11,False,False
GBP5,1.5601688008379528,0.0012163076988777116,7.645460655737707,4.930966469428008,0.0016611416244250955,0.6412019798536155,6.6516362417731675e-65,True,True
ARHGEF39,1.5587988273238098,2.08580546846176e-17,5.173536976320583,1.3806706114398422,0.20132030947112417,-0.11187192213879715,0.008702930291744638,False,False
TBX15,1.558495527600226,9.871097478418689e-12,2.938221675774135,3.9447731755424074,0.16146311558225157,-0.018639903105704556,0.6629896104241721,False,False
RTKN2,1.558069087082365,2.332060342049221e-15,4.500805828779599,4.339250493096647,0.8049994881698617,-0.057025975575763985,0.18213774380504053,False,False
CENPO,1.55281645651823,2.2869223513780933e-17,7.940847358834244,1.7751479289940828,0.011396578012850376,-0.000726264694200556,0.9864540533505679,True,False
TCN1,1.551749402666422,0.023596828535329604,10.986488524590163,2.9585798816568047,0.01448512121560644,0.1457024953419788,0.000616093922112317,True,True
FOXN4,1.550240971629397,0.005231051916142821,5.434367577413479,2.1696252465483234,0.5569585870424397,0.12961621487697256,0.0023428790134214115,False,True
SSC4D,1.5478243996552208,1.8367827068155867e-05,7.905101639344263,1.9723865877712032,0.004940160309547715,0.011764226601772437,0.78329634476481,True,True
KLRG2,1.546909694592099,1.3078750676116838e-08,2.8063417122040075,1.183431952662722,2.0641616814046622e-06,-0.09018111149702782,0.03464351447658866,True,False
ABHD11,1.5464929906092744,1.1003822922267612e-14,124.66344553734062,1.7751479289940828,0.1119654797834728,-0.040875659325255546,0.3390904581496317,False,False
H2AC11,1.545491609080091,1.6801011545408754e-11,4.153948633879781,1.9723865877712032,0.740840027407126,0.1693566032001196,6.664663800382312e-05,False,True
H3C8,1.5414250065230755,1.4952964987638978e-09,2.5767475409836065,1.5779092702169626,0.7696139417365846,0.10908935556614122,0.010531935720763635,False,True
EGFL6,1.5397149467450042,0.0008290530611632756,21.22522786885246,5.128205128205128,0.6722879248725439,-0.02854540378053601,0.5044836176149817,False,False
DMRT3,1.5380229075271126,0.001011840185077663,2.8506213114754093,1.9723865877712032,0.0005208307162491619,-0.07472467119703176,0.08023733231726402,True,False
GMIP,1.5348329834015897,1.9108850429680794e-18,28.58577850637523,5.325443786982249,0.05968089303522083,0.2479428967187733,3.898632170064593e-09,False,True
LPAR2,1.532939081135297,1.7083026382725248e-13,42.57561366120219,3.9447731755424074,0.42424293640871147,-0.008629165896127727,0.8401272306859272,False,False
GRHL1,1.5318405939772806,8.993539087347412e-14,4.765079963570128,5.522682445759369,0.09505941805351056,0.024040452387945513,0.5740593525348062,False,True
GPR35,1.5318175671513206,6.3043792409607795e-06,8.42682349726776,1.3806706114398422,0.5366950511781745,0.06516623934086252,0.12725038251466875,False,True
ENC1,1.5305168609412707,2.8146785399661714e-08,39.46393442622951,3.7475345167652856,0.050781640924285,-0.0592660843205297,0.16553241118216946,False,False
IDH1,1.5290428904943276,2.4144612188175036e-11,116.59027759562841,3.353057199211045,0.21506534725292548,0.02391792806462244,0.576013193329297,False,True
GPT2,1.5289420067637671,3.6823473875207664e-14,52.604534061930785,2.1696252465483234,0.4480001572260772,-0.05937530141670384,0.16475286625964305,False,False
KNSTRN,1.5287782066323405,1.35238254723854e-15,22.676699453551915,1.9723865877712032,0.06770712810227106,-0.10737469223768134,0.0118218871612842,False,False
EXOSC4,1.5263560699581271,4.920576887431143e-17,105.23571530054645,1.183431952662722,0.5140304325498642,-0.13863841236343333,0.0011270037755591025,False,False
ULBP2,1.5233516802199163,3.5739648267002787e-09,3.237608743169399,2.7613412228796843,0.81548164275802,0.025712019055521944,0.5477213569486084,False,True
RCC2,1.51955325344424,5.252591565413975e-16,207.01202112932603,4.142011834319527,0.618622538131038,-0.02301601633179951,0.5904910112991175,False,False
FUT2,1.5165653660723968,6.168760164251297e-09,24.793830418943536,1.7751479289940828,0.05075038501517749,0.0027519662340770397,0.9487044533328943,False,True
IL32,1.5165270432848619,1.7305100810399764e-06,88.30682732240437,1.5779092702169626,0.0003183615512031547,0.48347108756585844,1.667380385034087e-33,True,True
KRT19,1.515979591739983,5.337530345532769e-07,948.0208704918033,2.7613412228796843,0.07105473895428761,0.006759566467595664,0.8744390545890116,False,True
NECTIN1,1.5158815284208762,2.266902879046677e-12,25.757985974499093,4.339250493096647,0.46360237736788557,-0.14286611736969043,0.0007877425058552642,False,False
CHAF1A,1.5141308787397487,7.883396229669751e-16,25.797032422586522,5.325443786982249,0.1877048770938356,0.03950018311631331,0.3556061127029223,False,True
TJP3,1.5127179724953628,2.1751914521140054e-10,75.20462094717669,6.508875739644971,0.002819407789331937,0.06272614864693363,0.14215408411017222,True,True
DLX4,1.511818802814256,2.560563757156893e-15,2.4244273224043713,1.5779092702169626,0.012375782041944733,-0.037533812843154976,0.38007930479889185,True,False
NACC1,1.511179813793885,1.0410842726483921e-17,106.31830837887068,2.366863905325444,0.48741427074410826,-0.06969791247402832,0.10281935823965,False,False
BAIAP2L1,1.5086518771411574,1.5345010318796013e-14,32.68815063752277,3.5502958579881656,0.47412897130001075,-0.025101801792001627,0.5572668749931787,False,False
HKDC1,1.508586742267929,1.1020300573839597e-05,19.293641530054646,5.9171597633136095,0.7308812674716736,0.044460205742962715,0.2983976080879902,False,True
DLX1,1.5084927866908273,0.000459506817787077,1.945697632058288,1.5779092702169626,0.0031196661747844075,-0.1829164868293603,1.613908225990991e-05,True,False
RUNX3,1.5060208723586022,5.892405629499292e-07,14.851784153005465,2.9585798816568047,0.6222361421537262,0.3969733664932206,3.637803873467919e-22,False,True
GRB7,1.5049442856490494,3.574122580476672e-05,70.57298488160292,2.9585798816568047,0.020844835300215837,-0.08096852212443933,0.05796760012169141,True,False
CENPN,1.5044063524129354,1.5464190382351327e-14,6.731283606557377,2.9585798816568047,0.25033891066639263,0.08604175051943391,0.04388726438146022,False,True
CLDN18,1.5038101818097087,2.097563558981758e-09,2.473029872495446,3.5502958579881656,0.3906486428706827,0.21240974132981036,5.086911169795353e-07,False,True
TPI1,1.5035854520517162,2.93734352263852e-16,948.8208043715847,1.7751479289940828,0.08830009700165992,-0.006623008836721893,0.8769552953904379,False,False
PLAAT1,1.5018194289326827,0.0009838208370084101,6.847300182149363,1.9723865877712032,0.04349795425309621,-0.033218476588686,0.43729202820396673,True,False
CXADR,1.5012799291620391,1.0005580026173964e-10,48.91704845173042,3.9447731755424074,0.3305243548925193,-0.04771597753289749,0.2643756299550893,False,False
EGLN3,1.5012068615054965,1.931934482258928e-07,36.39614189435337,2.1696252465483234,0.4991892400711484,-0.001741635604730486,0.967523225902445,False,False
ELAPOR1,1.4997756334821828,0.00262478195998893,167.87170127504552,3.9447731755424074,1.0977712912485608e-05,0.032156312436317225,0.4520969719668031,True,True
EVPL,1.4964540534658344,3.9906239749381284e-10,34.82100983606558,8.284023668639055,0.2839387607905416,-0.10091993284526492,0.018016374344241175,False,False
DDX39A,1.4953110589289818,4.6622412263901626e-17,104.90041202185792,2.9585798816568047,0.8214634173596485,-0.0670872902774303,0.11639373031126482,False,False
H3C11,1.4938207812169717,3.734653749649024e-10,2.0222612021857924,1.9723865877712032,0.1299989312650728,0.051701742686963294,0.22648676918629881,False,True
IGFBP2,1.4918118806066856,0.0003437977800060358,367.08790910746814,1.7751479289940828,0.20770842660889988,-0.03954819222499013,0.35502126882813306,False,False
ZIC5,1.4907842248252638,2.185903227542429e-05,1.8302987249544627,2.9585798816568047,0.04691552324622337,0.02576525705074858,0.546892404024149,True,True
NETO2,1.4812060978746422,3.797910556355968e-09,7.00795373406193,4.142011834319527,0.10429857104840187,0.08253980663170792,0.05325337166213014,False,True
PADI1,1.4800688065269665,1.2167930093182612e-07,2.394912204007286,5.128205128205128,0.17768518033492048,0.04162954570407192,0.3302500582767502,False,True
RIMKLA,1.4798183520237251,3.038833487363533e-11,3.057810564663024,3.9447731755424074,0.5424262955983046,-0.16469537401366113,0.00010590730311869518,False,False
SYT5,1.4776076919698546,7.205586030182119e-06,3.288104189435337,1.9723865877712032,0.8846602074717098,0.13884218256549044,0.0011079641847622972,False,True
HMGCR,1.4772026395630729,1.2603448240035468e-08,61.09132112932605,5.522682445759369,0.24797606660594113,0.12216526881837403,0.004148496059885842,False,True
NEK6,1.476516868345704,2.91976333664954e-14,47.40891366120219,1.9723865877712032,0.06434374577947284,0.14041315391560696,0.0009708401185527052,False,True
GPR160,1.4764345841628197,3.857695589807156e-07,25.20588597449909,2.1696252465483234,0.002375268526352625,0.04740877725441564,0.26746689018383824,True,True
HABP2,1.4761763476600729,0.00590312028126068,18.905906375227687,5.325443786982249,0.33953379293611474,0.12735910261686254,0.0027943446011682894,False,True
ELOVL3,1.4757748640658983,0.0009724142987854358,3.283899635701275,2.564102564102564,0.005915723972709481,-0.023162722662989292,0.588124682878196,True,False
USH1C,1.4745534099418884,0.0005274018584655017,5.754714207650272,3.7475345167652856,0.0890821308504348,0.05281305424331973,0.21664771150396703,False,True
CENPI,1.4730048489466323,2.617258774829444e-14,4.7744418943533695,7.495069033530571,0.08556045196345952,0.03965828029592831,0.3536824705327098,False,True
MAST1,1.4687894074499375,6.731625683951396e-09,3.415473224043716,7.297830374753452,9.729950838369695e-05,-0.11247664315078433,0.008345067065036753,True,False
GPRC5A,1.4681046920139558,4.815892498164565e-05,52.15246684881603,3.5502958579881656,0.6049131684546346,-0.09499660962865464,0.026027304984236475,False,False
GCNT2,1.4666375482777623,3.7933066038023525e-10,13.396540983606558,1.5779092702169626,0.17472747051906085,0.037086166197091174,0.38579165149334604,False,True
COCH,1.4650762625122375,4.960276846086722e-09,3.115330054644809,4.536489151873767,0.2745001883688827,0.049385237731845895,0.24800825940203344,False,True
VDR,1.4647999481648695,3.303226419093232e-11,12.41735591985428,2.9585798816568047,0.5565267439662749,0.17217872152178723,5.0047270536407896e-05,False,True
HOXC13,1.4647000594952908,0.00014982387399247054,1.8341329690346084,1.3806706114398422,0.7474753322088286,-0.08017459673232012,0.06047807252458929,False,False
REC8,1.4643579670187696,1.9224547984829603e-06,93.34305737704918,3.155818540433925,0.31607667333079253,0.06858217208582172,0.10845872770020597,False,True
PKM,1.4623620108332398,4.272735025397119e-15,658.82727996357,3.7475345167652856,0.4449546369167442,0.020338747049289112,0.6344198853861873,False,True
MREG,1.462340475610775,5.842126704163585e-13,20.2524810564663,1.5779092702169626,0.25336819452845255,0.10723755443630997,0.011930852541940363,False,True
ZNF695,1.4619109330009137,5.102378585730069e-18,2.2219715846994537,3.9447731755424074,0.010005544763442805,-0.06956117858454215,0.10349769626703027,True,False
OAS2,1.4618927517002427,0.0019959617953330534,31.309049908925317,7.100591715976331,0.08310084776835833,0.4367709885742673,5.585316003578149e-27,False,True
TFRC,1.460638964853854,1.2253179157412715e-07,88.26982586520947,4.142011834319527,0.39862069102696995,0.0674604124287025,0.11437178631473631,False,True
PARVG,1.4603167720695347,5.0772555561644996e-08,10.68693679417122,2.564102564102564,0.00010367216184752962,0.25287608645990844,1.8608061589328884e-09,True,True
LDHA,1.4554174806615237,2.533746310119034e-13,388.17525045537343,2.564102564102564,0.2776072501553834,-0.019282256573150438,0.6521265899595127,False,False
GLYCTK,1.4553867081735619,0.0006724603755986119,13.688984153005464,2.366863905325444,0.240847640915472,0.10042334498067934,0.01859343360545945,False,True
PROC,1.4538506496286376,7.805280231023896e-09,3.408308014571949,3.5502958579881656,0.9972867199286978,0.1289234573810379,0.002473801750688878,False,True
DMRT1,1.4522033621638857,1.3029503451084727e-13,1.8553850637522769,1.7751479289940828,0.005462586603205242,-0.06438652710046232,0.131874813958248,True,False
SOX11,1.4484862326782224,0.0002517221288848131,1.8923444444444446,2.564102564102564,0.004041525429578441,-0.16031859750166505,0.0001617822506712082,True,False
TYMP,1.447225196234358,1.5707654084622012e-08,54.48939453551913,1.7751479289940828,0.1934139186821024,0.6115638858369503,1.2767365963928017e-57,False,True
GGCT,1.4470113876172288,5.44975592717277e-16,91.01243096539162,2.564102564102564,0.06222578091272687,-0.15064533089661727,0.0003972250078798098,False,False
RTL1,1.446925073744021,0.002355763885537393,1.9860843351548267,1.3806706114398422,0.16742716501371524,-0.06727786930384926,0.11535751351749121,False,False
CIP2A,1.4424076002990933,7.686919556237724e-10,7.899846265938069,4.142011834319527,0.0025698221027154237,0.050302378523219136,0.23932284001146645,True,True
FGFR4,1.4419495789151777,1.261611625545031e-05,19.65230637522769,4.536489151873767,0.41331885996757856,-0.005673197210830334,0.8944896814883264,False,False
MAPK13,1.44193519586837,2.7883429323041957e-12,29.294738615664844,1.3806706114398422,0.38394378702001086,0.06865868207019338,0.10806438156757936,False,True
AMELX,1.4400857312238349,0.036955840141510876,1.767420218579235,1.7751479289940828,0.7984001826568164,-0.011317995195155481,0.7913229007063306,False,False
ANKLE1,1.439872073746717,0.00022258759522699966,3.784536247723133,2.366863905325444,0.018201631832341567,-0.0016879698633324957,0.9685234201219695,True,False
OAS1,1.4334569669883175,0.016660534688887837,27.067445719489978,2.366863905325444,0.003720931868445632,0.3293057897389596,2.3699910316546352e-15,True,True
PCDH19,1.432386455386308,0.009372574077222525,11.68794553734062,11.83431952662722,0.28467149182537466,-0.024663811562781038,0.564167711964767,False,False
H2BC21,1.4310927865482528,4.3460887855359254e-06,56.917651730418946,1.183431952662722,0.4080610936215975,-0.018512587886765224,0.6651511847266424,False,False
F2RL1,1.4307168112903397,3.028932331144313e-09,39.380967030965394,3.5502958579881656,0.5319847381831612,0.06394697357589853,0.13453843291983736,False,True
SMC4,1.4292165650970485,3.4472111970501963e-07,15.796129690346083,9.072978303747536,0.001572390497561173,0.03637270152766144,0.39500345722337465,True,True
PAX8,1.4291649676877434,2.333374056764153e-09,162.9663160291439,3.155818540433925,0.1691743748960478,-0.10430798350865364,0.014480527516972914,False,False
GPI,1.4285753933826557,4.980095061136716e-17,153.18097395264115,3.5502958579881656,0.3047413171029852,-0.06079650157189945,0.15485884137669392,False,False
KDF1,1.4285500290235404,1.9355412782172626e-11,52.63952586520947,3.353057199211045,0.1695572823745813,-0.1046995260732248,0.014114123660438094,False,False
CKAP2,1.428107513243586,1.9755865983809337e-10,24.697190892531875,5.325443786982249,0.26146395523614846,0.004389932591440311,0.9182602350759087,False,True
FZD10,1.4264720089896255,0.011762082661072731,40.75508961748634,4.339250493096647,0.0009885821326500452,-0.04108807425254232,0.33658440254313854,True,False
CES3,1.4248454319512969,0.0002675636528943376,14.116889799635699,4.142011834319527,0.03471630671152425,-0.08989208991721857,0.03523016877189115,True,False
CIT,1.4221316921867788,3.774089653387667e-18,3.619191621129326,11.439842209072978,0.08965583441314962,-0.0361647130269826,0.3977136386180692,False,False
OPLAH,1.420936294079258,5.071651466547894e-09,22.272897632058285,4.142011834319527,0.43329409774200445,-0.009758105163154823,0.8195498301532778,False,False
GMDS,1.4203281747286836,2.081326610930031e-12,38.87396630236795,1.183431952662722,0.0028541658428379575,0.1282842545353016,0.0026004894137218724,True,True
FAM241B,1.4200430363332637,7.761063556434198e-15,36.383239162112936,1.5779092702169626,0.5669732090765899,-0.06510339726087004,0.12761836976909852,False,False
SAA1,1.4170529351083374,6.610052531132181e-09,146.39366520947178,1.3806706114398422,0.7791380655567048,0.1725054200635473,4.840072144173683e-05,False,True
FSTL4,1.4153925090368502,4.5625997929422184e-08,2.5170786885245904,4.733727810650888,0.3996943127001381,-0.03101104719562637,0.4683720722283118,False,False
CDH1,1.4153879144144348,5.135644493628401e-10,174.18055573770494,6.508875739644971,0.5950786926060139,0.05578223300372398,0.19187351773316777,False,True
DDC,1.4151215213774466,0.0059532996132560505,1.9223187613843353,4.142011834319527,0.0060236936853482565,-0.0008864831684394969,0.9834661219568688,True,False
DDIAS,1.414997956504411,6.480836185872458e-12,5.869381238615664,5.325443786982249,0.2272513275590341,0.07044843553399256,0.09915858719891132,False,True
RIPK4,1.4147577963089941,1.7453535736797402e-09,34.08759672131148,3.5502958579881656,0.5435680117917205,0.0349467149658606,0.4138078425346243,False,True
ZNF296,1.4141372663258702,6.411449270939217e-14,8.692669945355192,1.7751479289940828,0.3378598067235132,-0.07323724259466752,0.08645619344683828,False,False
ISG20,1.4140667787068044,9.317104745271232e-13,14.06569198542805,1.5779092702169626,0.7133721571817193,0.28493363003494865,1.0281778932506347e-11,False,True
CXCL11,1.4123473434581801,0.0004826765711676152,13.367979599271402,1.183431952662722,0.041047599502201146,0.5845055756118437,1.2971100007042734e-51,True,True
SCUBE3,1.4113733387279073,0.0004398952428866735,5.647871402550092,5.522682445759369,0.011549071710562062,-0.21244046249236545,5.067247161563411e-07,True,False
CHTF18,1.409472841114992,1.389546544443174e-13,27.015359198542804,4.536489151873767,0.16962655836223162,-0.15136387205790103,0.00037225316013763765,False,False
A2ML1,1.4088213310086481,0.009224504510954247,3.015825318761384,8.481262327416173,0.3634841507155262,-0.01951132044393643,0.6482704093264346,False,False
IL4I1,1.4086226089825873,8.213997351953868e-08,78.10460874316941,2.564102564102564,0.3149819893103449,0.35341963369485213,1.3524444083095745e-17,False,True
ADAMTS15,1.4084583323990585,0.01301159852821572,21.3904058287796,3.9447731755424074,0.029314139049302138,-0.02833694178237337,0.5076024615707825,True,False
BICDL2,1.4080308208006773,1.2405444171463201e-10,22.63903970856102,2.366863905325444,0.2773551739355804,-0.1751296862365428,3.691335414776294e-05,False,False
ATAD2,1.4059510244244686,3.868725053965249e-08,18.458998178506377,11.045364891518735,0.02092029312194901,0.009138737061993705,0.8308247899783994,True,True
STX19,1.4016674755933058,1.1575844553036306e-06,13.210927686703098,1.9723865877712032,0.20565514379205863,-0.00400687756300759,0.9253708789257463,False,False
TSPAN33,1.40106820721961,1.1109024273192889e-11,27.901242258652097,1.5779092702169626,0.739608054369348,0.17388732363723391,4.198589105287063e-05,False,True
RHPN2,1.4002499282052474,4.358326510563474e-10,49.83684644808743,5.719921104536489,0.4771730806401866,0.1517211845631135,0.00036038755093795145,False,True
LILRB4,1.3999118322412565,2.837565933549492e-07,6.566749544626593,2.564102564102564,0.5599432948307156,0.8064746232146028,6.195405203758303e-127,False,True
PCK2,1.3997481498666438,4.689831399781314e-13,33.629227322404375,3.7475345167652856,0.5441125158039823,0.02716561329460696,0.5253129005519934,False,True
FAT2,1.398375774349085,3.921922493254756e-06,4.218987795992714,17.159763313609467,0.21426649544979667,0.024369519609365436,0.5688274151287741,False,True
PACC1,1.3955420755062575,1.1791760092703387e-14,18.6489970856102,2.564102564102564,0.6888051538280313,-0.021050979238072594,0.622598794782434,False,False
RPS6KA1,1.3945988471711122,1.4284004720369895e-14,52.093361020036426,3.155818540433925,0.009086773648698948,0.06054956650385633,0.15654485170329865,True,True
FOLH1,1.3944579601060676,1.28820373984697e-06,12.2793956284153,5.522682445759369,0.0005432433864400658,0.0760765244886341,0.0749044652952899,True,True
TTC39A,1.3944461144160207,3.048634650154341e-10,8.512084699453553,2.7613412228796843,0.5326433079995807,0.13028475965656672,0.0022225626658606396,False,True
HMX2,1.3927051296727582,6.852832889439533e-10,1.6436728597449908,1.9723865877712032,0.28847561026878754,0.09490849656690464,0.02616660060259593,False,True
SYNE4,1.3919436261553915,1.1330499793477274e-11,27.187745719489982,2.1696252465483234,0.5473994297202543,-0.23594385102570253,2.2071997061301088e-08,False,False
DTNB,1.3910893734597765,1.6822992465062032e-16,17.274740072859743,4.142011834319527,0.23553460149775554,-0.12536911534877315,0.003256642391381265,False,False
SRD5A3,1.39060828686504,6.222459438720854e-09,21.38366174863388,2.1696252465483234,0.047924149390664056,0.07751280907676744,0.06955853436995327,True,True
PLPP4,1.390488118030593,0.00564118725756647,3.265695264116576,1.3806706114398422,0.007679043363266503,0.030577415016092454,0.47461772178556993,True,True
GPRIN1,1.3901911174277024,2.1794023644495414e-11,6.375189617486339,4.536489151873767,0.22772807945630744,0.01659033828636379,0.698116128309698,False,True
ASRGL1,1.3873123102644316,1.128603573531335e-05,110.80941074681238,1.183431952662722,0.0007077648217231603,0.15206551575344204,0.00034928756877178563,True,True
BATF,1.3861566128213063,7.723480626678679e-08,16.742742805100185,1.5779092702169626,3.2771083803447236e-05,0.5589526050898695,1.95060544915011e-46,True,True
RHEX,1.3846381576133258,0.00014769259290719393,103.92037941712204,1.9723865877712032,0.9401617975147123,0.10893780206605863,0.010640695568638564,False,True
CABYR,1.3832305727785197,1.8641333378236083e-13,7.359667759562843,3.5502958579881656,0.8676722158600201,0.05654356173920612,0.18586968453525865,False,True
IGF2BP1,1.3829785158989285,4.2355648510431435e-05,1.8065138433515484,6.11439842209073,2.838223689133102e-05,0.02152268794487778,0.6148225553719922,True,True
TMEM125,1.3806715569510484,3.2451255815176494e-10,64.47880637522769,1.3806706114398422,0.7571958064829288,0.023524028123764876,0.5823156558940769,False,True
MAGEA10,1.3805506488632235,0.00017685262761575038,1.6088251366120219,4.339250493096647,0.0955338227522012,-0.05712204238665748,0.18140123727572374,False,False
KIF22,1.3782037023629021,7.109170900296181e-15,47.96528743169399,3.155818540433925,0.07240698679461212,-0.0642744435670776,0.13255011850523296,False,False
SLC14A2,1.3781775808720862,0.0006200201919991697,1.8083005464480872,5.522682445759369,0.39994847064647476,-0.030589766775229763,0.47443918927710077,False,False
M1AP,1.3750713103236505,3.270697902180963e-05,8.52436411657559,3.9447731755424074,0.6175637867235289,-0.01511090951789629,0.7238837055113233,False,False
ANGPTL4,1.374839095435978,0.010240953982084246,45.58715883424408,1.9723865877712032,0.04373046271163262,-0.11667264967492323,0.006203071555978428,True,False
SLC12A8,1.3746934875099366,9.459212912994425e-13,11.094920036429873,3.5502958579881656,0.03279515160701903,0.09029780876855188,0.03440901229969845,True,True
P4HB,1.374460186136524,3.3430612499816753e-15,527.0717823315118,3.7475345167652856,0.15871670685564,0.010250089745123848,0.8106200729006501,False,True
CDC7,1.3735419002613845,3.066438020190882e-09,10.996477595628415,8.284023668639055,0.030544305944941327,0.008918924960728353,0.8348347358018617,True,True
TUBG1,1.3728008558388956,2.0127946039047664e-14,85.86029289617487,2.1696252465483234,0.00129247865133557,0.0005553682088323708,0.989641327942995,True,True
CPA4,1.3704622923648968,1.336511821844715e-10,2.5154324225865206,2.9585798816568047,0.0007372460585075758,-0.026660692826264147,0.5330433733734432,True,False
PHYHIPL,1.3704125718513087,0.0037425956876272716,8.492246812386158,3.155818540433925,0.22427408163926554,0.11848106370147585,0.0054431072900660805,False,True
ZDHHC12,1.3689005604115776,1.7519223305339323e-15,80.65879872495447,1.5779092702169626,0.011506237293584843,-0.09006356493014385,0.03488109814952985,True,False
SLC25A39,1.3682220598707913,7.834871353888782e-18,246.31333970856105,1.3806706114398422,0.24703206672241024,-0.08654359799986222,0.04266611683213203,False,False
YBX2,1.3671009508752379,0.02888291458081519,7.252928779599271,2.7613412228796843,0.0002442247931972643,-0.11328744172028066,0.007885868691583938,True,False
RELT,1.3646893888353753,4.6622412263901626e-17,4.233125865209472,2.564102564102564,0.2439068030290673,0.13189651440066713,0.001955357974788563,False,True
BICDL1,1.3634580357211643,3.3141145021983646e-11,12.688400364298726,3.5502958579881656,0.7312768137866517,0.05643644776108579,0.1867059105146034,False,True
BOP1,1.3629390091965847,1.594007197549397e-14,93.18378633879783,3.5502958579881656,0.2390247299628624,-0.15682523451579336,0.00022513024660185735,False,False
CAMSAP3,1.3605955399221035,4.077984699160245e-11,32.433218579234975,7.297830374753452,0.5633492110198162,-0.08106599076803696,0.057665433981800934,False,False
TFR2,1.3600606181687345,1.2725150518560194e-10,2.547706921675774,4.339250493096647,0.409426597164518,-0.10005780492806654,0.019028452362051928,False,False
TMEM63B,1.3589268908452379,6.837337794794026e-16,58.69626138433516,4.536489151873767,0.8470872633763854,0.022475007342782866,0.5992548605841598,False,True
CCL24,1.3583639597255641,0.00022209040847160852,3.5119016393442624,1.5779092702169626,0.5754262522090716,0.1385174527449137,0.0011384480401221524,False,True
PLEK2,1.357795769577789,3.7805576248066805e-08,18.113497632058287,2.1696252465483234,0.8238587810603561,-0.017196471112948322,0.6876563868884223,False,False
PARPBP,1.3533480990257463,1.8234463180704673e-13,4.626673952641165,5.128205128205128,0.16036656161609109,0.006921144076661268,0.8714634268137562,False,True
UGT3A2,1.3514273511356072,2.710958938349245e-05,1.9330060109289617,4.536489151873767,0.03412417205899987,-0.06792869429803595,0.1118733050078538,True,False
MIOX,1.3511099360879637,1.6021734362347142e-12,1.9217482695810566,1.7751479289940828,0.8196215623231021,0.0010825028301724837,0.9798108492069753,False,True
DDIT4,1.3502166347365412,0.00020265976584783887,140.95014335154826,1.7751479289940828,0.25646821316436547,0.0931658091021499,0.02905655417463122,False,True
RDM1,1.34964394172919,5.44975592717277e-16,2.5269821493624773,1.5779092702169626,0.014534142819545312,-0.06841415012842147,0.10932872775175949,True,False
FOXP3,1.3484931063696117,5.692708011945236e-15,3.9421551912568304,3.7475345167652856,0.003360455993334274,0.5963845803875029,3.516352542622441e-54,True,True
SLC19A1,1.347441542700464,1.3775581927478232e-15,12.375852641165755,3.9447731755424074,0.9006804417938864,-0.11069196210036225,0.00944080849301655,False,False
SYT17,1.3470861276584665,1.9976973199775685e-11,6.212962295081967,2.564102564102564,0.4704252526845881,-0.015029752413319,0.725306626234609,False,False
ITPR3,1.3467202116281314,4.971186906892827e-07,43.032646812386155,10.256410256410255,0.30318440951614606,0.026192377284874592,0.5402643476252943,False,True
IGSF3,1.3467162738608596,1.5393306401641348e-09,21.57445792349727,5.128205128205128,0.0015994175106431746,-0.08792433126284989,0.03945333370276422,True,False
CLRN3,1.3467023442329298,1.5094184754376027e-05,1.9697111111111112,2.366863905325444,0.42180373274445015,0.09410318438991482,0.027469746110195682,False,True
ENTPD3,1.3454938490281352,0.00019173436829310003,19.955612568306012,3.353057199211045,0.12792999607426314,-0.051602833523907404,0.22737762950638987,False,False
ARHGEF19,1.3417776167154205,2.638032514640925e-10,37.31491548269582,3.353057199211045,0.16013486105133096,-0.17198570916752262,5.1044780480618686e-05,False,False
BAIAP2L2,1.341461696029978,0.013325809212089973,22.609054280510016,2.1696252465483234,0.3865612716758178,0.02448964983972156,0.5669231063199613,False,True
PDZK1IP1,1.3387725102718555,0.0006177843832450469,142.42729143897995,1.7751479289940828,0.660051816661621,0.1795823530189236,2.309890330609575e-05,False,True
GIPC1,1.337404857123416,1.292713716129804e-16,168.59653806921676,1.5779092702169626,0.20134215535483385,-0.023386890322393498,0.58451739431016,False,False
RAPSN,1.3357612652564677,5.83310656815629e-05,2.581786703096539,3.155818540433925,0.7890570525132814,0.010145074444951456,0.8125241313167538,False,True
GCNT3,1.3330769700849576,0.0011008088026814415,8.27260218579235,2.366863905325444,0.0013383409936717605,0.1005501557893909,0.018444560388274557,True,True
NBEAL2,1.3320702070098696,2.839787611158842e-14,31.68233606557377,8.875739644970414,0.559210360361005,-0.05989963050391434,0.16104877643118837,False,False
OR2B6,1.331190226165043,5.5437656454285224e-15,1.6544081967213116,2.564102564102564,0.001230777326499114,-0.036977575448906994,0.3871852021977028,True,False
TCHH,1.3296479842764939,8.023071910591343e-05,1.9389127504553734,8.481262327416173,0.3839193772119954,0.060172474074651205,0.15914627907585577,False,True
MMP15,1.3290796443660877,1.6824750581780915e-12,76.11933333333333,4.142011834319527,0.4932679558474341,-0.004077438257167825,0.9240605981537962,False,False
PPIF,1.32798453286369,4.449149952515109e-12,110.40819016393444,2.1696252465483234,0.011680019364310065,0.062954373216429,0.14070584686909218,True,True
PCNA,1.3277536244823809,3.157454193261263e-12,285.96679963570125,1.9723865877712032,0.8759840780392727,0.0431541694315417,0.31283072910459564,False,True
CDH18,1.3276558368596065,0.007293085533093094,1.6353491803278688,7.495069033530571,0.004377520130148215,0.03720145686330653,0.3843154688715718,True,True
MFAP2,1.3263742419509592,0.00042744892869810494,108.62384389799637,1.7751479289940828,0.1640351356177488,-0.15020454636106187,0.0004133072295756566,False,False
TSPAN1,1.3258681374509926,5.249625095415992e-05,280.559004007286,1.5779092702169626,0.7699420313746148,0.11826209927442428,0.005530434839883988,False,True
EYA2,1.3249291966497232,1.9306143735968428e-05,201.20368797814209,3.5502958579881656,0.024613397820372158,0.06163332499338244,0.1492474283826945,True,True
H2BC18,1.3224742872120583,2.527823076342138e-09,3.0549205828779598,1.183431952662722,0.8095017912860061,0.05736324011044015,0.17956178748392299,False,True
SERPINB3,1.3223789954639522,0.009794261141090306,1.9691349726775957,2.9585798816568047,0.6851053645366562,0.038830623504463424,0.36382572237677663,False,True
MARVELD3,1.3223396578235995,1.0555893580591476e-12,11.357017486338798,1.7751479289940828,0.0646964009068961,0.004315707106648159,0.919637590143129,False,True
RAET1L,1.3216166409293137,3.6850043950608105e-13,1.7417366120218578,2.1696252465483234,0.45620207583011385,0.009078603800596855,0.8319213456846316,False,True
UCP2,1.3206900683196592,8.892523699516145e-10,460.1266714025501,1.7751479289940828,0.2526769685508412,0.060069620459712605,0.15986146058897513,False,True
TDRKH,1.3203474699828823,2.0217470671726446e-12,9.759070127504552,3.353057199211045,0.005146948705203711,-0.018238893115874316,0.6698073994538221,True,False
SGK2,1.3191111923870473,0.0007087775916751472,4.652089071038252,2.7613412228796843,0.992102275140427,0.08389646436471207,0.049444169297974336,False,True
CYP26A1,1.3176427684621566,3.964209240807469e-05,1.8179102003642986,3.353057199211045,0.07019546001514129,-0.05374005389192772,0.20867819987542602,False,False
PDIA4,1.3174388982700345,5.002374452203677e-13,513.6867112932606,2.9585798816568047,0.33908477813924986,0.06929599936181247,0.10482336038647401,False,True
MYCL,1.3169683161024857,4.637534646654499e-08,8.829150637522769,2.564102564102564,0.168773791321221,0.012022003184084534,0.7786700060673459,False,True
SIX4,1.31290851807884,6.640993982373657e-11,13.053087795992711,4.339250493096647,0.215936924423916,-0.014878037552950307,0.727969165098323,False,False
PABPC1L,1.311866963677057,4.253342142234837e-09,27.504043897996354,4.536489151873767,0.27305229945421633,-0.08008978138450437,0.060751501743443154,False,False
PPFIA4,1.3109652197106803,1.7317899996968306e-11,3.3909848816029147,6.11439842209073,0.7710032429223918,-0.20486594108121653,1.2941106040107033e-06,False,False
SGO2,1.310719076207974,3.165792383911474e-10,6.387961384335155,8.086785009861932,0.2848520268866819,0.06067031448867037,0.15571868853427576,False,True
ABCA7,1.3103102811013825,2.228744579770141e-10,11.523946448087433,8.481262327416173,0.3450679989190175,0.12243852912274597,0.004064595358378724,False,True
HOXB7,1.3062224571508825,6.240411655328401e-07,97.53466029143898,1.5779092702169626,0.4343360392630443,-0.06848796690127312,0.10894583694191211,False,False
MUC2,1.3048932047678479,8.966689176148573e-10,1.6413624772313298,8.678500986193294,0.629420455222522,-0.017590764175677828,0.6808839690276812,False,False
CYP2B6,1.3016426463145887,1.3805699858889734e-06,1.5719100182149361,4.733727810650888,0.10089525099100681,0.017492145367487357,0.6825754774225682,False,True
CASP6,1.3004992182455828,6.16399121161535e-15,58.62641548269582,2.366863905325444,0.026072847857470816,0.06100434765266644,0.15345041100405477,True,True
TPD52,1.300303118375671,7.798758913658492e-11,30.749315664845177,1.5779092702169626,0.03107768749827326,-0.04577911541728973,0.2842793460272174,True,False
APOA1,1.3000305547771562,0.00012204005423980372,40.44034735883424,1.183431952662722,0.6738349306349685,0.05480594081335085,0.19977910306065022,False,True
RGL3,1.2999634830937934,3.8189393821444246e-09,45.73155355191257,4.930966469428008,0.07505306915339209,-0.26638789957226755,2.2621453685814852e-10,False,False
FLAD1,1.2989256400994105,1.6483841518469728e-18,57.986462841530056,3.353057199211045,0.09957729892312271,-0.1473163851026721,0.0005346323632854355,False,False
AMN,1.2986426031187128,0.0006042807263810496,6.990646630236793,1.183431952662722,0.090475646404598,0.08181999485098684,0.055371772074244124,False,True
FSD1,1.2972335419140801,0.00020835224816982814,3.7007730418943536,4.339250493096647,0.1191518374844488,0.1410785860047096,0.000917628832993176,False,True
LIPH,1.2939456849543705,0.0016837236215308266,3.8097708561020034,3.9447731755424074,0.00323254911903886,0.037050094233306095,0.38625422563626965,True,True
ERO1A,1.2938478164573137,2.8588652861864592e-11,48.62741621129326,3.353057199211045,0.4693365830515156,0.038255644877638426,0.370978011546242,False,True
TLE6,1.2934559401883947,6.032008946858881e-07,5.433254644808743,3.353057199211045,0.11796229726452227,-0.17366842435368746,4.294536661491105e-05,False,False
SOX17,1.2933925215184843,4.884348455841539e-08,367.9044335154827,5.128205128205128,0.013037817203790523,-0.03439758358987748,0.42118782282565354,True,False
NKX6-1,1.291285371295765,0.003944169375862792,2.1969843351548266,2.366863905325444,0.6823776667060735,0.03264529059346925,0.4452465366678209,False,True
PLPP2,1.290543179905156,2.5331977756404303e-07,84.69025282331512,1.5779092702169626,0.00017545288388105408,-0.06269699507942898,0.1423399022564417,True,False
BNIPL,1.288027233374156,0.00010826342368814874,4.694322950819672,3.353057199211045,0.015710232305320218,-0.19958354998320318,2.43815783141967e-06,True,False
SAC3D1,1.2878072782090682,6.411449270939217e-14,45.69910965391621,1.5779092702169626,0.9644677874243764,-0.10106504799097837,0.017850724617238124,False,False
HAVCR1,1.2877119646662039,7.392958881892423e-06,1.6385664845173042,3.353057199211045,0.5488080336000645,0.20456426474459613,1.34238644002466e-06,False,True
SMARCA4,1.2871193093254556,2.839787611158842e-14,72.18989817850637,9.861932938856016,0.138776524314577,-0.09462290730688482,0.02662250652546953,False,False
TKT,1.287099054979607,1.657447585262337e-12,169.69632786885248,3.9447731755424074,0.711213628109064,0.055371327248795246,0.19517242906924331,False,True
KLK13,1.2869926025631797,0.046105351888498076,5.334067030965391,3.155818540433925,0.5329803629302468,0.13843993115446798,0.0011458387629945865,False,True
TRPM4,1.2865006689408451,4.91188707261021e-08,55.662489981785065,6.903353057199212,2.044840750950021e-06,-0.0007321751679774895,0.9863438246726515,True,False
ATP2C2,1.2849670780153022,8.242786775517503e-06,9.727356284153007,5.719921104536489,0.003329578512806669,-0.033707145048193055,0.4305753253786061,True,False
ST8SIA2,1.2848551328318751,0.0001181276220764233,2.715583242258652,3.5502958579881656,0.057853967509335455,-0.06959072997492965,0.1033507918677338,False,False
GPR83,1.2839225568942763,0.001922184776463008,2.036335336976321,2.7613412228796843,0.4316959241792623,-0.019502679214569222,0.6484157104941184,False,False
SHMT2,1.2834329297636433,2.423527444807861e-13,101.27604517304191,1.7751479289940828,0.035502985579260536,-0.09310278808184756,0.029166004353919067,True,False
KRT6C,1.2829644656254078,5.8479472700306e-07,1.5202635701275047,3.353057199211045,0.036801999100676254,-0.1403634357336931,0.0009749280887076257,True,False
ABCC3,1.2829575421959216,5.555021464210015e-06,18.931126411657562,6.903353057199212,0.6379150377071816,0.09789184348979527,0.021792608670167128,False,True
TGM5,1.2822576398728376,3.0797686118707017e-12,1.677774863387978,2.9585798816568047,0.845934355040442,-0.011121065894429313,0.79487223768038,False,False
CD1A,1.2822418777059603,3.64368508202881e-05,3.217272131147541,3.155818540433925,0.174871928163012,0.38925641877207706,2.639924551890707e-21,False,True
GGT6,1.2808566673312516,1.5193103387305046e-07,29.160243169398907,2.366863905325444,0.2804487606748157,-0.04186829404491245,0.3274816948170647,False,False
DSG2,1.2783531181491306,2.6237617153340975e-08,71.23941183970857,6.903353057199212,0.1585763166126686,-0.017425058289004685,0.6837270640675128,False,False
FZD8,1.277701908357423,0.005929257648129689,29.973385245901643,2.1696252465483234,0.29142320131235444,-0.10812739093701162,0.011239347020545316,False,False
GPRC5D,1.2772595818206995,3.037760067388004e-08,2.63466102003643,2.9585798816568047,0.608137019546034,-0.053687041526251325,0.20912816174242335,False,False
PCCB,1.2742859804863405,7.638210413285076e-14,27.014628233151186,3.5502958579881656,0.7553407138041905,0.06042214655831983,0.1574202549903838,False,True
ERBB3,1.2737840833608702,1.922728606979695e-11,52.2613262295082,9.664694280078894,0.9978768781469224,-0.1032335802684014,0.015529253072956724,False,False
PLEKHN1,1.27292510071613,4.0645112802596955e-10,4.37974553734062,1.5779092702169626,0.9967081742645347,-0.03607406007208839,0.3988983756808852,False,False
PDCD1,1.2721917050016265,0.00045085098727216954,5.607728779599272,2.9585798816568047,0.0006620108396584831,0.5259376575922273,2.2288400770527065e-40,True,True
ERBB2,1.2715021160266131,0.00027725879496946245,133.94348706739524,6.903353057199212,0.13033997628317473,-0.01960519397637981,0.6466927995065418,False,False
LMTK3,1.2696647441324327,4.1647478991219736e-10,6.53628378870674,4.339250493096647,0.3925789812473236,-0.08969265793120845,0.03563988698235558,False,False
FBXO16,1.2695711841591735,2.9385480464495664e-13,5.4595353369763195,2.1696252465483234,0.05041693315142632,-0.05026796807133085,0.23964479785349183,False,False
SLC39A11,1.2693648965924704,4.733272203148739e-14,25.45190710382514,2.564102564102564,0.9642617142146663,0.09976387060747477,0.019384666084622946,False,True
DPP10,1.2680339905738496,0.013176009213250968,2.6021551912568306,5.325443786982249,0.4353267415039148,0.06190356123282693,0.1474687860555318,False,True
DGAT2,1.2670016176526708,2.3269715218022613e-10,3.4304085610200366,3.155818540433925,0.000624811441429777,-0.002508113458221208,0.9532443267630443,True,False
PPP1R1B,1.2664648848091975,0.01536903008773978,76.31283642987249,2.366863905325444,0.9645813138533917,-0.1004050315286405,0.018615019626873796,False,False
CTNND2,1.2663360079776127,0.04791138658260245,3.7824200364298717,7.6923076923076925,0.3399945988313075,-0.014237747680343011,0.7392417744954289,False,False
CXCL3,1.2660999886308777,0.00033000041164330494,10.603340619307833,1.5779092702169626,0.02920204376822713,0.15297327333862437,0.00032153441895902394,True,True
PPP1CA,1.2658327170327057,1.4955486481821316e-16,165.63282841530054,2.366863905325444,0.9788868964348594,-0.02590678835742854,0.5446916789622303,False,False
SLC5A6,1.2645821010791916,3.906034418717664e-14,34.74420856102004,2.9585798816568047,0.060997226395682606,-0.08638905664982464,0.043039072382590436,False,False
CTLA4,1.262244236423593,5.177292567616469e-07,2.960353734061931,2.366863905325444,0.0011384613659524004,0.6125420808498457,7.550760729820368e-58,True,True
MDFI,1.2615362154887229,0.03711053447208087,27.973909653916213,1.183431952662722,0.05132112772237151,-0.061880477625362154,0.14762008381839636,False,False
RBM47,1.261222516654243,4.1647478991219736e-10,40.81523843351548,4.339250493096647,0.1379704794510501,0.11462399512656783,0.0071780121421606054,False,True
CALR,1.2606533762777428,6.856144775261906e-15,1617.5668322404372,2.7613412228796843,0.14197776125109035,0.014184515974632047,0.7401815034646754,False,True
MYO5B,1.2602859885227664,5.9311718758809665e-09,15.779208743169397,6.903353057199212,0.5470769400774382,0.0876266691256227,0.040128072272836664,False,True
INCENP,1.2579917383943453,2.414068453477758e-10,25.04952094717669,4.142011834319527,0.7080447963582059,0.02742204865454836,0.5214088248194345,False,True
C12orf56,1.2577024297880288,1.656097899030805e-11,2.1929455373406195,2.564102564102564,0.5975064629937938,-0.048643437637646766,0.2551922950805731,False,False
STAC2,1.257409035083263,6.3043792409607795e-06,10.409404918032786,2.366863905325444,0.0006178538135273219,-0.04355326381338285,0.3083724587759042,True,False
HID1,1.2560610975298259,2.8978247809331288e-11,83.83132932604735,4.733727810650888,0.17399775601973644,-0.06363331774125122,0.1364643558563389,False,False
TMEM184A,1.251961527230311,2.285720101064134e-08,14.131807650273224,2.564102564102564,0.8697171844804328,-0.09257272981097323,0.030100652934849138,False,False
CHRNA1,1.251770371977133,1.1778829040736868e-15,1.5097021857923498,3.155818540433925,0.4226456213445249,-0.00414250722350656,0.9228524783268065,False,False
KIFC2,1.2515216747423206,9.096370663948673e-09,15.813086520947177,2.9585798816568047,0.3452812386767806,-0.201159615782088,2.0218321876711557e-06,False,False
TALDO1,1.2512529162823967,5.393831615215731e-15,298.16214772313293,2.564102564102564,0.43617364913680723,0.030157262465507057,0.48071247268774553,False,True
MYO6,1.250759385678653,1.530320724581294e-09,40.72669016393443,8.086785009861932,0.45735945603950223,0.002860385595816971,0.9466865050186032,False,True
B4GALNT3,1.249673625740499,3.589769535397536e-06,54.29178451730419,4.142011834319527,1.7478896895821865e-07,-0.0027338359060268837,0.9490419352597266,True,False
SLC26A6,1.2482026827032024,1.5668592170195515e-12,15.285196539162111,3.155818540433925,0.34705794010262236,-0.09255659549709003,0.03012950048443157,False,False
GNA15,1.2480499865967065,5.071651466547894e-09,11.958930418943535,1.7751479289940828,0.027298004812505654,0.36157008640914357,2.1274214609420836e-18,True,True
HORMAD1,1.247737582259308,0.017736445144072865,1.690629326047359,3.9447731755424074,0.8925258110113673,0.13211823283673793,0.0019209955928264986,False,True
CREB3L4,1.2477349724460183,9.383787079025993e-07,79.2382743169399,2.564102564102564,0.021403864214628535,-0.09808362432509855,0.021534532190930575,True,False
SLC37A1,1.2451098813821835,1.2141151429301772e-11,21.84771475409836,2.9585798816568047,0.10875421008254604,0.10491832287213407,0.013912948821590897,False,True
DISP3,1.2421084628914794,0.012741400974795165,2.7743025500910745,8.284023668639055,0.5803597402168554,-0.021721147878680683,0.6115636812911405,False,False
CEL,1.2417879251707862,0.025260824090154572,17.9916810564663,2.564102564102564,0.2583267196917042,-0.07106766004669757,0.09621699541224685,False,False
SLC6A20,1.2416691043726042,0.0007670241410105263,7.342277959927141,4.536489151873767,0.5164995876881077,0.0033989652441236092,0.936667533393295,False,True
GAS2L3,1.2415314380916767,1.6015047319833716e-12,4.0857089253187615,3.5502958579881656,0.01619756683018242,0.014915168735887137,0.7273172226715724,True,True
STMN1,1.2386027532323363,2.4063075689708945e-08,176.71826502732242,1.3806706114398422,0.9657215980412475,-0.12456869762601487,0.0034614245163909086,False,False
ATP13A2,1.2375505822065662,1.518891189037722e-13,61.087110746812385,4.142011834319527,0.18075598948421764,-0.022792940775470394,0.5940975024443118,False,False
SREBF1,1.2357780333155688,4.7273205096256265e-11,78.79992877959927,4.536489151873767,0.05613899711505893,0.05574401427219425,0.192178616576396,False,True
MLPH,1.2356011040242265,0.0032419978953528066,56.630908561020036,3.7475345167652856,0.0003180470653058838,0.04313248555919372,0.31307416537068344,True,True
TMEM79,1.2342035024844522,2.7582201961345315e-13,14.964921675774132,2.366863905325444,0.2737255157451577,-0.14422868668358912,0.0007004035137694304,False,False
TMPRSS11E,1.2339559458522997,1.0678101412387181e-08,1.4200127504553735,5.128205128205128,0.39323975567042535,-0.07023359222677653,0.10019575475240612,False,False
BIK,1.2335097717759895,2.9940567368107057e-09,38.7703912568306,1.3806706114398422,0.10914961487443468,0.06851755559665097,0.10879265636639292,False,True
ARRDC1,1.232237765312636,3.099390097818138e-14,67.72307504553734,1.9723865877712032,0.20054729536243607,-0.05885684655578159,0.16847800016355527,False,False
EPHA1,1.2310049115338342,2.2242387982496565e-10,23.226923861566487,5.522682445759369,0.39860430559297655,0.012013082844720994,0.7788299706356456,False,True
RPL22L1,1.2294161887518618,1.567172128565491e-05,95.35245901639344,1.7751479289940828,0.2753818297144119,-0.03303519821887658,0.4398265990010097,False,False
RUNX1,1.2285166905532425,1.2765591864483244e-09,11.774734061930783,4.536489151873767,0.8801173878221706,0.05330831348062413,0.21236315671058892,False,True
MYH14,1.2279945866986441,1.1536542661120889e-07,61.66048670309654,11.045364891518735,0.30483429171506643,0.058121045322194066,0.1738725141526834,False,True
H3C3,1.2270148517402275,1.7042978089702515e-06,1.8165899817850637,1.9723865877712032,0.43931279093298425,0.0714650683095714,0.09436610670238342,False,True
LTK,1.2269183123324718,0.0008686252169090046,2.9113176684881603,4.142011834319527,0.33106354587489717,0.12790719388651148,0.00267796773249203,False,True
DNMT1,1.2250093532473705,2.0900761722936517e-11,28.661781967213116,7.495069033530571,0.8762297633923015,0.0766123119431723,0.07287236915566621,False,True
OTUB2,1.2249141161004253,3.106232251761038e-10,4.793637887067395,2.1696252465483234,0.6692128296151184,0.07566413341862084,0.07649978713464752,False,True
CCDC160,1.2233001184390075,5.7216757137071825e-05,9.405311293260475,6.508875739644971,0.005012862955190283,0.06208334763367751,0.1462944480505281,True,True
GCNT1,1.222637345660996,6.288456782253708e-05,23.118447540983606,3.353057199211045,0.13553313898918126,0.009714519854522248,0.820342069086963,False,True
ACOT4,1.2212402853354387,1.193583606204036e-12,7.236040072859746,2.366863905325444,0.28035309900539024,0.003684481660610474,0.9313601432667883,False,True
SLC26A2,1.219404545531522,0.004634874485608171,52.68234663023679,4.142011834319527,0.43550464410820644,-0.03827145452369816,0.37078019562998954,False,False
E2F3,1.2176821936861737,5.882859230172964e-13,20.400887795992716,3.353057199211045,0.1300294316929876,-0.011415979034668062,0.7895584992263537,False,False
BRIP1,1.2172756306811885,7.413390191746959e-14,2.757356830601093,8.086785009861932,0.11712492464831205,0.004094444653346124,0.9237448275160961,False,True
HELLS,1.2171414012231438,2.2968651674883895e-10,8.243567941712206,5.128205128205128,0.5572579507111197,-0.028153136513268444,0.5103607621304969,False,False
ALG3,1.216956022047941,1.9352348349625922e-16,71.77734790528233,2.366863905325444,0.009180388092002407,-0.03645443304651155,0.39394151464935134,True,False
HK3,1.2166642123926774,1.3153933680291312e-09,4.078847723132969,5.719921104536489,0.3663816197247578,0.6834727555560391,8.451430804240392e-77,False,True
HMBS,1.2157539573063012,1.93898185839954e-14,27.63125828779599,3.5502958579881656,0.10124052840063477,-0.07619038294878909,0.07446881281131126,False,False
DARS2,1.2157082011524953,1.0124783671973161e-11,13.853422222222223,4.536489151873767,0.0007472595315017025,0.00969580935597449,0.8206822211442888,True,True
FREM2,1.2154541965443912,0.0045840032324103944,7.3180868852459025,11.439842209072978,0.9469276186314576,-0.11880663631709959,0.005315556340053554,False,False
KLHL35,1.2148859586247593,3.841006171336866e-09,3.4979690346083787,1.183431952662722,0.6629370307219615,-0.0778145019679295,0.06847629177229941,False,False
KCNN4,1.2144354290217274,0.010545275668335312,45.906100910746815,3.7475345167652856,0.2398728367120523,-0.02737824627835577,0.5220746338664491,False,False
MUC16,1.2132510990178513,0.003461871922731959,16.384682695810564,24.2603550295858,0.5453876026739982,0.13247562857758988,0.0018667680906474943,False,True
DHRS13,1.2129674865686322,3.360520170777946e-09,7.003291074681238,1.7751479289940828,0.33368989570939833,-0.003408646839653454,0.9364875174269898,False,False
MTHFD2,1.2126364354227945,1.627743787825126e-09,16.83193916211293,1.9723865877712032,0.0020299888302000857,0.02634013993603875,0.5379807305701306,True,True
FADS2,1.2122629763167732,2.1547602787739897e-06,79.85397741347904,1.5779092702169626,0.12752129499925732,-0.0632808641639562,0.1386537483864211,False,False
DHCR7,1.2113240708745767,8.660218002670978e-12,63.86176703096539,2.564102564102564,0.4573738419797091,-0.12542742248378244,0.0032421638772980694,False,False
HOOK1,1.2109130864708928,6.4966155870700744e-09,18.92415373406193,4.733727810650888,0.4667758246802183,-0.061069616833647,0.15301013670365804,False,False
PPP1R14C,1.2107159331837685,5.062765099298035e-06,29.282175956284153,1.7751479289940828,0.34137585587704683,0.05779194360742764,0.17632654922431504,False,True
MAP7,1.210526768907977,4.831224910718223e-10,26.314971038251365,4.339250493096647,0.2127751048461604,0.004275566482099927,0.9203825546126274,False,True
CDK16,1.2099364841115898,4.797487538495357e-15,110.99368961748634,3.353057199211045,0.004655750664868842,-0.07599225472385698,0.0752282385054237,True,False
SIPA1L2,1.2090792263505574,6.7435899659570854e-06,21.7953970856102,11.045364891518735,0.10291080931290703,-0.05999866053131512,0.16035628385070613,False,False
DHDH,1.2079788215414085,5.506196555854295e-06,4.119793078324226,2.564102564102564,0.01722553058879224,-0.1943420931897908,4.496451526473364e-06,True,False
PTPN6,1.207606938032634,1.4284004720369895e-14,43.0713912568306,4.142011834319527,0.0383007136315907,0.32015548569335817,1.4986545128112082e-14,True,True
PGGHG,1.2073641125473458,9.336947268457062e-05,100.83227304189435,3.7475345167652856,0.7404910254069388,-0.008727142188910767,0.8383368590499873,False,False
OGDHL,1.2059678529099074,8.475210349649814e-06,19.590063387978145,7.100591715976331,0.5909295541538439,0.029038186096939242,0.49715125405778904,False,True
FRAS1,1.2053581492781698,9.120707691656464e-06,9.250044444444445,14.595660749506903,0.2277399361312902,-0.010748130246395888,0.8016053677543978,False,False
ANKRD34B,1.2030820051390603,1.3182518631403674e-07,1.442948087431694,3.7475345167652856,0.0052783475070531626,-0.05203853854358318,0.22347193007604904,True,False
TAS1R1,1.2029636461378268,3.0910171740185716e-06,2.0893016393442623,4.930966469428008,0.29314701664325676,-0.021933895896497854,0.6080786835787438,False,False
HSH2D,1.2025897877984661,1.2383314196185398e-07,15.299652823315117,1.7751479289940828,0.805470416848954,0.27890485566445844,2.8813557984486286e-11,False,True
LRFN4,1.2019903799015856,1.2765591864483244e-09,25.28149016393443,3.155818540433925,0.926576726525296,-0.0018551676874041364,0.9654074437232012,False,False
SLC12A3,1.2016089193975983,3.3964089921544397e-06,1.515367941712204,4.733727810650888,0.1276394288319854,0.23471291723356358,2.623202602850658e-08,False,True
CENPH,1.200283503249945,3.5153014764350795e-11,20.964730601092896,2.1696252465483234,0.43230091205819976,-0.04715045634035703,0.27008540082634763,False,False
BCL2L12,1.1995503811185202,3.9360703177869494e-14,40.846299089253186,1.183431952662722,0.010280269290629727,-0.056589902857702316,0.18550876194461371,True,False
STAP2,1.198917145868415,1.7978300900833453e-08,75.48003715846994,1.7751479289940828,0.001509737749351893,-0.0626310732066386,0.14276075883637468,True,False
PNPLA3,1.1982500164965422,8.60341286621817e-10,3.2062723132969033,3.155818540433925,0.7492999692899811,-0.04729995988302241,0.2685678052843998,False,False
DSCC1,1.1977149845143038,6.69188898831437e-09,15.268407103825137,3.155818540433925,0.08532657727016431,-0.04383768279903257,0.30522092510140386,False,False
SYTL1,1.19731345367469,1.1321516605398623e-08,36.753504371584704,2.7613412228796843,4.5762467515793094e-05,-0.01900304952117804,0.656839471079329,True,False
HIP1R,1.197194491156444,3.0055772014314396e-14,37.48593825136612,4.536489151873767,0.10160931042959528,-0.03772522400020306,0.3776526440366598,False,False
IGSF8,1.1970457688166158,7.971694584405685e-09,207.91906284153004,4.339250493096647,0.8261670898006608,-0.1856565898303364,1.1962052973129498e-05,False,False
RCC1,1.1966309693389308,9.248875307268655e-13,72.39467850637521,1.7751479289940828,0.6568629357030347,0.019352964852546044,0.6509352538161114,False,True
TNFSF11,1.1953176798747922,1.9015817803470296e-11,1.5875154826958107,2.7613412228796843,0.020312383960313433,0.1379375642351328,0.0011948152498078254,True,True
PFKFB2,1.19489798544233,7.856184921580085e-08,12.803154462659382,3.9447731755424074,0.2304530991975754,-0.008804268923684702,0.8369280685593816,False,False
PPP1R13L,1.1937693294736964,9.087391429876062e-11,30.7994058287796,4.142011834319527,0.7809825733295412,-0.12297199589529376,0.003905213857895544,False,False
LY6K,1.1924696451108008,2.6900228011671375e-06,2.070085428051002,2.1696252465483234,0.32002085295107935,-0.05521479569628437,0.19643997427840987,False,False
ALOX15,1.1918536094882133,0.028224365824159565,9.717606010928963,3.5502958579881656,0.5543831377389148,-0.0011769004355532224,0.978050717810082,False,False
HAUS8,1.1917397295071104,2.8991264964710406e-14,9.479808378870676,3.5502958579881656,0.30354815013837966,-0.03834785642136074,0.3698251485260798,False,False
COL10A1,1.1914292227324657,0.028805569659062665,2.6660551912568304,4.142011834319527,0.06636014358122103,0.1005065285379642,0.018495660044902017,False,True
ABHD3,1.1895116668289707,1.8875534560224422e-10,13.491951730418943,2.564102564102564,0.8558499084858944,0.16939409365007554,6.639549818573084e-05,False,True
RTKN,1.1893567158932736,2.803154664847772e-14,45.10340965391621,4.339250493096647,0.21384469108881674,-0.1670191202439617,8.420135259012245e-05,False,False
OVOL2,1.1882084578267333,2.673944902193929e-09,23.540442440801456,1.7751479289940828,0.2080241873264032,-0.06441752811864358,0.13168850265595045,False,False
RENBP,1.1871178255419155,0.00010192974077530261,16.975838069216756,2.7613412228796843,0.995358474723393,0.41230860719193857,6.051098424272785e-24,False,True
SLC52A3,1.1870663408064628,7.488442532303706e-07,12.86924335154827,2.9585798816568047,0.5760086847787338,-0.009363879310032238,0.8267221581586712,False,False
LGSN,1.186744442306527,0.00019662959124311995,1.507099635701275,5.128205128205128,0.6915999672783604,0.089691421933333,0.035642438833503515,False,True
H4C13,1.1866767729688183,0.003271799247733901,1.5106956284153008,1.183431952662722,0.568901753772231,0.043812815098257914,0.3054956210283101,False,True
MXD3,1.1853678089085795,2.0217470671726446e-12,11.404334608378871,1.3806706114398422,0.5434830779357405,-0.18055363424433293,2.0821851516836794e-05,False,False
NAA10,1.1838248458555354,1.1520590410942718e-14,35.30437923497267,2.366863905325444,0.19030401176045614,-0.13853840547390867,0.001136458014727265,False,False
MMP1,1.1827367311675507,8.736861099670841e-14,14.171506375227686,1.9723865877712032,0.8216109670138609,-0.04707837186312229,0.2708192148534732,False,False
ALDH3A1,1.1795911400467292,0.005912027162439108,10.63527140255009,2.9585798816568047,0.030205376493034248,0.03383093893036394,0.4288833167786714,True,True
MOGAT1,1.1780812868275536,2.755899604320802e-09,2.0631256830601092,1.183431952662722,0.734886253048504,0.03214278550461464,0.45228732087763446,False,True
PDE7A,1.1763518036059128,5.42822989641888e-12,13.221801092896175,3.5502958579881656,0.10966150939450867,-0.03498928561048959,0.4132389254769308,False,False
VSIG8,1.1757394311289766,0.0011891922332849113,1.4182293260473589,1.7751479289940828,0.938201358850244,-0.11918457860352707,0.005170869325905861,False,False
MECOM,1.1757051849578195,3.221770604535096e-08,65.34804353369762,6.508875739644971,0.2718823603773065,0.040048806843111025,0.3489589281174855,False,True
KRT80,1.1726220416132844,9.928898506636254e-07,17.034499453551913,2.9585798816568047,0.042368840091858186,-0.017777366823675308,0.6776877442889662,True,False
BST2,1.172373364084292,0.01360926334247157,1061.3539153005463,1.3806706114398422,0.032159445723527066,0.16559052291492166,9.698691546610857e-05,True,True
EPS8L2,1.1722535087991162,1.3495779397019756e-10,69.71002094717669,1.3806706114398422,0.440693691021231,-0.01107414941565953,0.7957184604249392,False,False
GSR,1.1719611147305082,9.583523903546238e-09,139.12238032786885,4.142011834319527,0.2298515418888367,0.04865425827014915,0.25508647526783723,False,True
DQX1,1.1710328123964395,4.6622412263901626e-17,1.4435499089253188,2.9585798816568047,0.08774023409999843,0.05370312511078139,0.20899157242275967,False,True
VSIG1,1.1696803422870818,2.1751914521140054e-10,1.5249717668488159,3.9447731755424074,0.5354052412228021,0.10863684311149918,0.010859630723509681,False,True
HOMER2,1.1693547205956545,5.912229918257496e-06,26.222793442622955,2.564102564102564,0.1628250589409128,0.05389065961759513,0.20740369708325987,False,True
STAT1,1.1685431065867542,0.00020588729748211273,80.2472131147541,5.719921104536489,0.07460898448367494,0.4242070338420703,2.1713756314854763e-25,False,True
SOHLH1,1.167883260339079,2.350419829290814e-05,1.3041632058287795,1.3806706114398422,0.017528414254633588,0.0065772477172136665,0.8777987785658075,True,True
EREG,1.1670792081650099,0.000226869587161999,1.4959275045537341,1.5779092702169626,0.20256484067939473,0.025866099627891378,0.5453239141706405,False,True
UPK1A,1.1669246621015108,0.00501627637108141,1.745295446265938,2.564102564102564,0.3589216730297451,-0.1030922295810515,0.015672071645257028,False,False
AQP6,1.166030979292588,3.1944840410514257e-10,1.74046029143898,1.5779092702169626,0.43551480205369353,-0.028454626844904664,0.5058405106655625,False,False
BAK1,1.1656310665829617,4.896716923081272e-13,37.80746630236794,2.564102564102564,0.005976073727530539,0.18316910882185503,1.570241253487491e-05,True,True
SGPP2,1.1653014426083868,8.744899000355351e-08,57.16912586520947,2.366863905325444,0.8884009787482929,0.11886924770016791,0.005291337725429986,False,True
ROBO2,1.1652876471753437,0.00021696312864339135,4.305858287795993,10.650887573964498,0.020064655237946257,0.10752383426566435,0.011704383550324075,True,True
CHAC2,1.1635225976257169,5.071651466547894e-09,7.238293078324226,1.7751479289940828,0.039951997120526904,0.06939089475690667,0.10434743024883254,True,True
GPC2,1.1634904218868665,7.512041236621707e-05,5.011075774134791,4.339250493096647,0.013453844248756853,-0.15458741092728312,0.00027720446027788213,True,False
ALDH18A1,1.1634137264842304,5.629787254668868e-13,155.8806440801457,5.522682445759369,0.1313761554358323,-0.0014454222734706162,0.9730444891352774,False,False
TNFAIP2,1.1620621436298757,4.566368521101816e-07,214.42917741347907,3.353057199211045,0.09584555146068018,0.16804167074599052,7.604409653308246e-05,False,True
SALL4,1.1619366330549092,0.0022394884901581207,3.4381806921675766,11.045364891518735,0.04864609278578304,-0.04449099507317374,0.29806279117247914,True,False
KRT86,1.1613701369320364,2.8736794950400002e-05,5.294891074681239,1.3806706114398422,0.4137989907238453,0.12317266906563575,0.0038467400362658453,False,True
PSD4,1.1596640227415351,7.440561351410569e-11,19.78323151183971,5.325443786982249,0.5858410884036127,-0.008978356014373726,0.8337501313511327,False,False
CGN,1.1588616242605023,5.7892144991266225e-09,33.69962987249544,5.9171597633136095,0.10237830482624358,0.04304698293210918,0.31403528146082893,False,True
NAPSA,1.1578473583703799,0.007529890918566357,3.090753734061931,2.7613412228796843,0.7791545932653918,0.14619364269075844,0.000590159013751277,False,True
STON2,1.1578312488862879,5.222856936171344e-08,17.51708561020036,4.536489151873767,0.39010049496289767,-0.041414565205988914,0.33275571389334185,False,False
PPP4C,1.1558542111875445,8.374409687824658e-17,205.09428888888888,2.366863905325444,0.8575891209913966,-0.03251050652510507,0.44712890629595664,False,False
FTH1,1.155739943850648,0.00012252996769532084,294.88031438979965,1.3806706114398422,0.5291681307357796,0.07521700189643234,0.07826060694537997,False,True
IRX5,1.1536911973556703,0.037584440819359625,2.942051183970856,3.5502958579881656,0.9126246244913869,-0.07413918423153035,0.08264053575035663,False,False
PRR19,1.1522923708676596,3.7851111433985234e-13,4.75556029143898,2.564102564102564,0.5787487771834343,-0.020865507113652343,0.6256679531315003,False,False
DECR2,1.151814024252797,1.0603684247639863e-11,27.203452823315118,1.5779092702169626,0.1381218992689304,-0.1273198661256577,0.0028028498622128055,False,False
STRIP2,1.1489496558496552,3.21717201762616e-10,2.126702367941712,4.339250493096647,0.9959229898520343,0.003642963339966385,0.9321317330254615,False,True
ABCA4,1.1488706160075375,9.383787079025993e-07,2.440565938069217,10.256410256410255,0.00924350842604535,0.05932454080045709,0.16511483026724683,True,True
C9orf152,1.1487952313726315,0.00218690150313872,17.959561202185792,1.9723865877712032,0.0007193742801861836,0.029505161524966145,0.4902554837860581,True,True
NSD2,1.1473631291006852,1.449705272318033e-12,19.46119198542805,6.11439842209073,0.7670082741588167,-0.0427475424340328,0.3174164683237673,False,False
TESMIN,1.1458389989248399,4.332187385025643e-10,7.124267759562842,3.9447731755424074,0.07850771801004715,-0.07781236117833944,0.06848392237474732,False,False
TMEM38A,1.1446565651471525,6.84500752634047e-05,15.56992131147541,2.366863905325444,0.0008714543715324885,-0.08613360032296644,0.043661590890319076,True,False
SELENOI,1.144633743251073,1.0603684247639863e-11,17.714636429872495,2.366863905325444,0.03177094567400709,0.04896646340695088,0.25204637873358876,True,True
HNF4G,1.144614648454971,4.6526094254054846e-05,3.429776320582878,3.155818540433925,0.5775473772908599,0.1876478393257302,9.595893448606989e-06,False,True
KCNN1,1.1442453963866719,0.0024124075517804604,5.127192531876139,2.7613412228796843,0.42980710551787726,-0.04611637913021394,0.2807427051870542,False,False
CYP2J2,1.1440058335139294,5.25784933820517e-06,10.120584335154827,2.9585798816568047,0.20423726163646233,-0.021957352206764896,0.607694989677244,False,False
CHEK2,1.1434602978940425,3.3342881939427794e-12,14.81208597449909,5.325443786982249,0.2898614222685101,-0.06310964134585052,0.1397270521148981,False,False
ECEL1,1.1422035180220895,7.024965784471014e-05,40.28513479052823,2.7613412228796843,0.0440590713125591,0.06559984309288609,0.12473370717521427,True,True
GPR84,1.1420424220810492,1.8784231591909084e-09,3.261510746812386,2.366863905325444,0.061199082241479345,0.6822615532299463,1.9762983607524232e-76,False,True
TUFT1,1.1413067485712256,1.4783491330911446e-10,28.197224772313294,1.3806706114398422,0.027224322071516795,-0.0906253875357621,0.033757960383388505,True,False
ADAM8,1.1403552820575693,3.731029073398233e-09,14.523620765027323,3.5502958579881656,0.024580342210585138,0.5196554512457349,2.6725283300286678e-39,True,True
CERS1,1.1392270240814215,0.0035274693555364754,2.492949180327869,1.183431952662722,0.8500764788323184,-0.09060140183434207,0.033805272112362034,False,False
SOX14,1.1391104588257266,0.000774888374988311,1.26841839708561,1.9723865877712032,0.23828088430148936,-0.10966881878710019,0.010125131847117197,False,False
ATG4D,1.138057704356629,4.779689313269256e-12,36.48803460837887,1.7751479289940828,0.8080505419326832,-0.022410898502797514,0.6002972482112258,False,False
LRG1,1.1374845569088858,0.00035206433518228776,60.21978943533698,2.9585798816568047,0.97545652015996,0.1808778737635638,2.0110376972167636e-05,False,True
MUC4,1.1372785706173516,0.006880477882806026,6.334310018214936,10.848126232741617,0.8380990747074615,0.17191523091830463,5.1413681318204786e-05,False,True
SLC9A4,1.1367123792014473,7.307803301584761e-07,1.7433974499089253,4.339250493096647,0.012579147022769625,-0.0450043351247762,0.29251737644622267,True,False
CDC42BPG,1.1337951274417604,3.3082272412667687e-10,17.786507832422586,5.128205128205128,0.7756814013799287,0.013333768461206541,0.7552518412412464,False,True
EZR,1.1332384679325003,1.0629777172692776e-09,476.41578652094717,3.155818540433925,0.8003032085928328,0.08433982036470969,0.04824984541453567,False,True
RXFP4,1.1331741685825238,0.019713504335793886,1.7391905282331512,2.366863905325444,0.019464803702567295,-0.18380762630162192,1.4648223763785276e-05,True,False
CA8,1.132313455924069,0.0005505124781922199,19.90036848816029,3.9447731755424074,0.14606097864533885,-0.10960406989604071,0.010169884786884955,False,False
DUS1L,1.1320139609477504,6.577941740328976e-16,80.82603952641166,1.5779092702169626,0.5004740639868115,-0.0952463022334081,0.025636039979816106,False,False
CHAF1B,1.131923087792845,1.8831922271367314e-10,12.279797996357011,3.9447731755424074,0.49316336991279563,0.023340006986703785,0.5852709879896943,False,True
PAGE1,1.1318290145276206,0.0017599101565945162,1.3625406193078324,1.9723865877712032,0.7860729934045272,-0.1292372312830862,0.002413696683196451,False,False
ADAP1,1.1313806004321547,1.2310235150733369e-08,8.672947358834243,1.3806706114398422,0.9692795333636628,-0.012835547279100945,0.7641211910280538,False,False
APOL4,1.1311808701986332,0.0002491801278508383,33.588796357012754,1.7751479289940828,0.6731075731602296,0.15271701373040594,0.0003291530719081036,False,True
NLRP7,1.1310694263374177,2.1971558919145475e-06,1.4552508196721312,6.508875739644971,0.0619156629965212,0.1793994763482356,2.355326613180086e-05,False,True
EMID1,1.13088066514102,0.014411124262299896,72.68052404371585,1.5779092702169626,0.8480403150634033,-0.09289777033225641,0.029524514883821427,False,False
SEMA4A,1.1305191638441898,3.9370901364583715e-09,18.775968670309656,5.325443786982249,0.18319635057027217,0.09001055348284608,0.034988697347810425,False,True
AKR1C3,1.1294635818974594,0.024419618379973362,52.93898797814207,2.366863905325444,0.8873476002459912,0.09546770807270988,0.02529335467796581,False,True
GPR157,1.1290651068738593,1.2790485286651673e-05,17.982513843351548,1.5779092702169626,0.7304807513915751,-0.09445255474452556,0.02689769701150957,False,False
STARD10,1.128170122595182,2.9940567368107057e-09,89.10488506375229,2.1696252465483234,0.040380387172938445,-0.08230160888531118,0.053946784043544825,True,False
ENTPD7,1.1275495456438245,5.65413318137972e-11,10.640548633879781,4.733727810650888,0.05326926766659754,0.06414278228532001,0.133346786937416,False,True
CLDN19,1.1275224410862275,0.0036709532952403923,1.2972136612021858,1.5779092702169626,0.019951025618147288,-0.003075575300170243,0.9426823233513922,True,False
SCNN1A,1.1268628303087285,3.250087834328049e-07,140.67396102003644,2.564102564102564,0.2732192752859176,0.023765161486831943,0.5784536695660996,False,True
NDUFS8,1.1266365378578618,1.896703428665415e-15,117.60340928961749,1.5779092702169626,0.3038486229626186,-0.1036179432230647,0.015146658631247862,False,False
BNIP3,1.125488414607232,3.367038567015445e-06,46.547456466302364,1.183431952662722,0.4877077170571674,-0.1294025331694352,0.00238257115619883,False,False
CDH3,1.1248922909665344,0.0023175943631811554,87.9575213114754,3.353057199211045,0.04394061894677783,-0.05393518770328631,0.20702795857888165,True,False
ZNF280A,1.124864241964214,1.451209120901656e-13,1.3477979963570128,4.339250493096647,0.045074340709191314,-0.025038714875576427,0.5582583209017214,True,False
ULBP1,1.1247505636665893,1.924388980464059e-12,1.4724389799635702,2.1696252465483234,0.11252895776388817,-0.06736860037149532,0.11486673900458676,False,False
BRCA2,1.1234477804558787,8.431266792357646e-13,2.5661344262295085,13.806706114398423,0.22814523863535993,0.07946251405735108,0.0628055651922758,False,True
TMEM97,1.122159967226998,3.373052703547516e-08,56.78581857923498,2.7613412228796843,0.0506950285935061,-0.050456412878334626,0.23788536278506095,False,False
TMEM171,1.120771045061812,5.3184215514145275e-06,1.9712737704918033,3.5502958579881656,0.0762588954524223,0.1714782950331293,5.375755081873812e-05,False,True
KIF26B,1.1203425182128024,1.415621748911877e-05,8.559232969034609,11.83431952662722,0.28398324667237607,0.02964758375840193,0.4881626067450194,False,True
SQLE,1.1198587638013153,2.430187162862109e-06,53.44694808743169,3.155818540433925,0.015721538349498698,-0.056396271976609576,0.18702027174822025,True,False
GSDMC,1.1198432843050417,1.3341300914932418e-12,1.5607646630236796,3.9447731755424074,0.21707728457872866,0.1823595381786275,1.714292392962205e-05,False,True
GEN1,1.1193151157016705,1.2274665337005438e-12,5.476640255009108,6.11439842209073,0.5165018974475242,-0.049625646785878934,0.24571057145537945,False,False
SLC38A8,1.119222423366566,3.747218743864271e-09,1.2897765027322405,3.9447731755424074,0.03366624844169571,0.06085217983741473,0.15448059137397296,True,True
MICB,1.1188219782792022,7.794982859284072e-06,9.632132058287796,2.564102564102564,0.02724174439096523,0.21030224019429344,6.625982324248197e-07,True,True
SAGE1,1.1186862900440107,0.0038741403675820758,1.3200214936247725,9.467455621301776,0.35331293855340284,0.14459285011341522,0.0006786304219579091,False,True
MAP3K9,1.1176687767359954,4.575049629325499e-12,4.727468123861566,4.536489151873767,0.033878294514602864,-0.051286529008280665,0.23024324977459706,True,False
SLC25A33,1.1168812226795262,5.83006497744023e-12,16.245718397085607,1.9723865877712032,0.34636113102907906,-0.04102628609342716,0.33731214634769496,False,False
PIK3AP1,1.1167034271294218,0.000979052069687883,9.202345355191257,6.508875739644971,0.40311279012389456,0.5454929092286996,6.939232053969283e-44,False,True
NAV2,1.1149221506130305,5.121638702929783e-07,15.391155737704919,13.806706114398423,0.740124316685224,-0.06662728759414173,0.11892490279592603,False,False
SSR4,1.112701824683298,3.33443406873639e-13,265.24515591985426,2.564102564102564,2.8183900758808045e-05,-0.03592966883142784,0.4007897835976935,True,False
ADGRG1,1.1099328681496852,1.3454049218880753e-07,85.2473892531876,2.7613412228796843,0.2611150705562883,0.04315409691022949,0.31283154306546446,False,True
UGT8,1.10754735006388,0.0003023832338616051,17.62868998178506,6.11439842209073,0.42551265454402,-0.03027452997622263,0.479007119789989,False,False
NCAPG2,1.106630586769025,8.835228272948701e-08,12.902875409836064,6.903353057199212,0.02882989281574196,0.06595574143896321,0.12269710847244678,True,True
CHIT1,1.1060756235649059,0.0024364093080688222,2.7406102003642987,3.5502958579881656,0.7404597594871374,0.44673747602023683,2.740741004992997e-28,False,True
ANO8,1.1047867286136466,9.177163878315333e-10,15.380424590163935,4.536489151873767,0.7523586058818081,-0.08227114993418692,0.05403599200837845,False,False
CDK5,1.1044631151219724,2.8991264964710406e-14,34.63182349726776,2.564102564102564,0.09896322022029973,-0.0420954307947248,0.3248619568869733,False,False
ADGRF1,1.1035342181296155,4.91545691741453e-06,2.57405737704918,5.325443786982249,0.008098201502373462,0.12699296423079418,0.0028746338835847715,True,True
SH2D2A,1.1027385680891508,7.297630500431036e-08,9.96042641165756,1.9723865877712032,0.1842884345418237,0.2913514399351559,3.339605320026022e-12,False,True
ARVCF,1.1021244083779793,6.306400103410999e-10,32.132905646630235,4.142011834319527,0.19670922830359355,-0.1275475151496121,0.0027538291058910327,False,False
TMEM63A,1.1019030187758636,4.6209075680099807e-10,34.11856721311476,3.9447731755424074,0.05565718717393457,0.02172132999955273,0.6115606942235706,False,True
TET3,1.1012534658801303,2.3269715218022613e-10,12.402677413479054,8.481262327416173,0.3016033525581473,0.003418654657137367,0.9363014392149754,False,True
LMNB2,1.101241486476492,6.508074012076846e-10,80.83971657559199,2.9585798816568047,0.07803843797424102,0.008140444773207729,0.8490700309171413,False,True
SORD,1.100282608687487,2.822986099045812e-07,10.239433879781421,1.7751479289940828,0.7713805537508365,0.06145390726699809,0.1504373091681993,False,True
EFNA1,1.1000513703576091,7.635235711865983e-08,172.73728378870672,1.183431952662722,0.30442558396787894,-0.09339243820277685,0.028665870294283503,False,False
TMC6,1.0991274208397637,1.082565424644158e-09,23.825963570127502,4.339250493096647,0.013756399385189874,0.116412660770684,0.006319830716876393,True,True
KCTD1,1.0987301609535747,2.2968273340973878e-07,32.60841967213115,3.155818540433925,0.09650551535124886,-0.05153045351202585,0.2280311221465472,False,False
CPNE7,1.098379993817673,0.0024572536344511656,7.985397267759562,2.564102564102564,0.8688897132129372,0.03995271682880107,0.35011744460678423,False,True
B3GNT4,1.098028605087662,3.64779704009958e-17,1.59751985428051,3.353057199211045,0.8167064821934782,-0.09381745615669387,0.027945339848952082,False,False
P2RY6,1.0963512110552405,1.4707943523369388e-07,5.611423132969034,2.7613412228796843,0.0633539845353895,0.49080030894078996,1.2691557817109724e-34,False,True
OTX2,1.095798354366296,0.021762524036804363,1.181238069216758,3.353057199211045,0.0663241971254465,-0.03752505599672417,0.38019054995571405,False,False
TAGLN3,1.0946666719215457,0.001274967726373569,1.5611173041894348,1.5779092702169626,0.08115124110478858,-0.0634006643366631,0.13790655935870366,False,False
KNTC1,1.0935574745543126,6.098072936540486e-11,7.299092167577413,11.6370808678501,0.1142306837808335,-0.037259748659969325,0.38357041371756,False,False
MCCC2,1.0931337775601033,4.707528496146519e-10,69.58467741347906,3.353057199211045,0.44224844532696417,0.0952254143686476,0.025668575378287168,False,True
CAPN9,1.0931125996172144,5.07339989176609e-06,6.165986156648452,4.733727810650888,0.7812997068171399,0.020422908402371966,0.6330181060620884,False,True
LYPLA2,1.0925511305041367,3.98766458599193e-13,193.5288571948998,2.1696252465483234,0.08720788886954743,0.028661365358744806,0.5027530640016106,False,True
NT5DC2,1.0924371527395431,3.752318847531429e-06,72.65709253187613,2.7613412228796843,0.4131404567739637,-0.15925897723193405,0.00017896712924850972,False,False
SEMA4B,1.0923044499637786,1.1298267367441135e-06,82.30794025500911,2.9585798816568047,0.10857672227475351,-0.029287079771396145,0.49346947142717457,False,False
MGST1,1.0915702790613544,0.002420552656946884,21.247874499089253,1.7751479289940828,0.008125398605000292,0.0699163466663766,0.10174302599528315,True,True
PYCR3,1.091292353429432,4.9552759348336376e-11,31.29789836065574,1.3806706114398422,0.9875759836071835,-0.11693829524151413,0.006085776174929371,False,False
YIF1B,1.0905484863526453,2.6003324090629655e-14,41.15936721311475,1.9723865877712032,0.8618903747046268,-0.06195833037733439,0.14711028355154424,False,False
TRABD,1.0891203178201412,8.091135458731241e-12,65.97687030965392,1.3806706114398422,0.0033884355268187045,-0.0007916426439820003,0.9852347877463093,True,False
DIRAS2,1.0882061840349402,0.008825632099351926,3.2792646630236795,1.5779092702169626,0.06592937935611236,0.08221843367443152,0.05419067715606669,False,True
SAT1,1.0877087243057666,4.2186230679710554e-07,971.3081979963569,1.5779092702169626,0.03881904568781736,0.08132917061001303,0.056856057892395354,True,True
GCAT,1.0875068831680403,3.1859831618804285e-08,48.709389981785066,1.9723865877712032,0.7681027413808295,-0.16660611137097917,8.772429630635142e-05,False,False
HS6ST1,1.0874751826069522,1.2060472098558327e-07,80.52630418943535,1.9723865877712032,0.36592799931978137,0.006194045275055207,0.8848674254416762,False,True
WNT3A,1.0871016419573005,0.004699282323656025,1.7192098360655736,2.564102564102564,0.8641998042236982,-0.03710835568792338,0.38550726899226523,False,False
ATAD3A,1.0869302791973912,1.6124749411789682e-13,45.92553952641166,4.339250493096647,0.47427205063712197,-0.03623273539511424,0.3968260497080205,False,False
RASAL1,1.086584125412628,1.075735010305168e-06,14.201087795992715,6.11439842209073,0.000419818353685162,-0.018270294845195833,0.6692725321988019,True,False
BORA,1.086457481778859,9.428312473752556e-11,5.215263023679417,3.353057199211045,0.941367965604447,0.04438699789254876,0.29919470836046025,False,True
QPCTL,1.08610110339725,3.2198467462908733e-13,35.834360837887075,2.1696252465483234,0.8352483752829803,-0.15329729024116964,0.0003121369171610311,False,False
POLD1,1.0853339163361553,4.615275327839782e-09,29.43510182149362,7.100591715976331,0.6272132369736849,0.016626236035114823,0.6974950388624276,False,True
PSME2,1.0835316700075186,1.871062568108377e-12,162.8901766848816,1.9723865877712032,0.9404759330215624,0.27084861304528984,1.0986204153283403e-10,False,True
GLB1,1.082889228611072,2.096019576606589e-10,94.77793533697631,3.353057199211045,0.38673827491795665,0.009803358461968012,0.8187274669101648,False,True
CLUL1,1.0824486991450155,3.241868524773819e-05,4.246427686703096,3.9447731755424074,0.251896645610947,-0.12733814842237964,0.002798883895056311,False,False
BRCA1,1.0824281406524479,6.222459438720854e-09,6.299091074681239,8.284023668639055,0.8059412892639939,0.08989444523009202,0.03522535401068291,False,True
PLEKHB1,1.0818667928081984,9.495529579638227e-06,40.724541712204,1.5779092702169626,0.6805694068200898,-0.061009135165387314,0.1534180841472053,False,False
SLC13A2,1.081101730818936,2.7118190054719962e-06,1.2338555555555555,2.9585798816568047,0.9371794884847249,-0.02059521769041754,0.6301522481741987,False,False
NDUFB8,1.0795370676451017,1.1233032520228559e-07,27.782913296903462,1.3806706114398422,0.10183799639053444,-0.15099829212309768,0.0003847695061969825,False,False
MCM7,1.0790645959742458,2.978216786896321e-09,146.03344808743168,4.339250493096647,0.3141596651577541,0.012459959170501234,0.7708279563287016,False,True
MARVELD2,1.078763811681862,3.4648118363956557e-09,19.977077959927136,3.155818540433925,0.458124485970801,0.01908478104002814,0.6554584617482788,False,True
RANGAP1,1.0774359940131273,1.3107771599648765e-13,90.6810087431694,1.7751479289940828,0.7831577037784716,0.04031619365214054,0.3457479561247273,False,True
RAB20,1.0762914094170446,1.0028677779950202e-09,66.29064444444444,1.5779092702169626,0.00629845398392183,0.24857840097758732,3.5474563206679684e-09,True,True
NMUR2,1.076269003532372,0.00034370029683997784,1.9774779599271401,5.128205128205128,0.8372786764721536,0.17352705844189517,4.3575983208831654e-05,False,True
NUDT5,1.0761606256794014,1.7396045167371254e-15,35.35976958105646,1.7751479289940828,0.7627715127205058,0.016363781406260765,0.7020405686533261,False,True
GRN,1.0748509594097317,5.509579223981181e-10,614.3058193078324,2.1696252465483234,0.9108948172548577,0.21030469829321094,6.623950256912715e-07,False,True
DHFR,1.0732295272628813,1.036807512680842e-08,10.942704189435338,1.183431952662722,0.06719112148420575,0.013443783291814884,0.7532976369070591,False,True
HDGF,1.0725163487923348,3.0178605060650817e-11,411.20482167577416,3.353057199211045,0.03806511095995498,0.02292630746860734,0.5919401378302803,True,True
G6PD,1.0714667737233254,3.841006171336866e-09,80.63673588342441,3.9447731755424074,0.09005365613475311,0.033292068706691186,0.4362766811171077,False,True
NUDT1,1.0714100287689359,1.950521741024149e-10,35.422191438979965,1.183431952662722,0.9636447844482823,-0.0489454322260314,0.2522503749923587,False,False
MARCKSL1,1.0707693437562984,5.339704147973519e-10,1249.5216806921676,1.183431952662722,0.26137224426467753,-0.1659185368100051,9.389905876355311e-05,False,False
AREG,1.0699610349028306,0.013828365611628033,14.444904189435338,2.7613412228796843,0.6053084987096407,0.016738212886253826,0.6955589570006387,False,True
RNF43,1.0698800873669403,4.495792232484324e-05,10.390062841530055,17.75147928994083,0.6314829486895205,-0.11709602909555047,0.006017075457067065,False,False
PSMB3,1.069373826183524,3.920348484467699e-15,485.1262870673952,1.3806706114398422,0.1406265832737932,-0.010179381465728242,0.8119019800616287,False,False
RFXANK,1.0676806833548271,4.144311619635873e-12,105.40458287795992,1.3806706114398422,0.38481883632191194,-0.044801781123427656,0.2946971808027391,False,False
BCL2A1,1.0667765159002607,3.0996454075698746e-05,9.738945719489983,1.3806706114398422,0.025938609152765333,0.6796399316849241,1.225397018792372e-75,True,True
POLE2,1.0667446749793454,6.593309049170737e-10,6.729472495446267,2.564102564102564,0.4098496713838191,-0.041514681631971834,0.33158731081545345,False,False
LIN28B,1.0661469500826006,1.7060288251886668e-06,1.1250857923497268,1.3806706114398422,0.0009251779815176525,-0.029710001410249466,0.48724690387470143,True,False
H2BC14,1.0655964256218857,2.6535789514305327e-09,1.2412577413479053,1.9723865877712032,0.86272639201708,0.04608268899199463,0.2810946438586997,False,True
NCAPD2,1.0611409126443965,6.337081776454675e-09,59.273932058287805,8.481262327416173,0.02395751072841349,-0.009627929407754705,0.8219165430789455,True,False
FCGR3A,1.0609940999280436,0.0012707279141600473,31.200161384335154,2.366863905325444,0.427462700828527,0.6535089074301711,3.6009100629578333e-68,False,True
MTARC1,1.0608613310036232,1.7455761664771932e-10,5.876944262295082,1.9723865877712032,0.16845027850195168,-0.13257073787843868,0.001852575373409556,False,False
LRRC59,1.0597051973584506,9.815846449763962e-12,107.7726072859745,1.183431952662722,0.2118173108107493,0.10131836493449514,0.017564749502540816,False,True
HLA-DMB,1.0582428182607604,0.0014340699989047864,53.031171948998185,1.3806706114398422,0.0006129196862830153,0.2966300796646615,1.2961504350738315e-12,True,True
OPRPN,1.0579117076082765,0.004707102900100918,1.103389253187614,1.9723865877712032,0.056726201344243804,-0.12438878194099603,0.0035090343637647387,False,False
ANOS1,1.057722679510963,0.028224365824159565,3.73255591985428,7.100591715976331,0.0739217540225791,0.07229291288131853,0.09060192890386623,False,True
KLHL14,1.0558168658314901,4.90150843883867e-05,21.09045664845173,2.9585798816568047,0.04030957734724891,0.039476723187542355,0.35589212036117696,True,True
ABHD17C,1.0541111652433641,3.8189393821444246e-09,31.26011857923497,1.183431952662722,0.8849978896303978,-0.007104695521168892,0.8680853289042356,False,False
MRPS12,1.0539590391825522,2.9799610450282886e-13,92.00766757741349,1.5779092702169626,0.017909050520115828,-0.05299538401847844,0.21506319322811784,True,False
NARF,1.0532687507120029,2.4404314218254797e-16,34.293541712204004,3.155818540433925,0.053299565528496254,-0.07653290249387927,0.07317067653364835,False,False
ABCC1,1.052321560825809,6.850399677630546e-12,45.5994247723133,9.072978303747536,0.7102541174721222,-0.0003101011309698638,0.9942159133257936,False,False
TFAP2B,1.0515309517978146,5.652923418816114e-07,1.1815701275045538,5.719921104536489,0.2112464900056183,-0.06866862221520956,0.10801323146547487,False,False
ONECUT2,1.0509469689496047,1.786321595444794e-13,1.211895810564663,2.7613412228796843,0.00025771353565772604,0.018879224857180906,0.6589339515867132,True,True
DDX11,1.0507497238071806,1.1325044673498693e-10,13.674671766848816,4.339250493096647,0.21860899183922203,-0.1480134290619525,0.0005026440812396416,False,False
RPN2,1.0501728392077325,1.0470017391329285e-11,586.7450271402549,3.155818540433925,0.39489899624432123,0.039788092725749784,0.35210789569761214,False,True
RFC4,1.050169989697748,2.0725993722230464e-07,30.565284699453553,3.353057199211045,0.12793376090343997,-0.020530384989001876,0.6312299012207873,False,False
ZSCAN16,1.0485931009831715,4.828983521978534e-13,20.005682877959924,1.5779092702169626,0.8298631856610428,-0.13486661762171107,0.0015385871961753894,False,False
CKM,1.0482270743871078,1.360686395985579e-07,2.035757559198543,2.366863905325444,0.9805284953239356,0.08658745911111683,0.0425607643876441,False,True
LRRC45,1.0472830246295137,2.096019576606589e-10,41.625610928961756,2.9585798816568047,0.27907497187814256,-0.09588847672609789,0.024652987728804074,False,False
PLAUR,1.046069769454025,1.7938385329172475e-07,39.55702404371584,2.1696252465483234,0.6581466061120583,0.25158920033630316,2.2602366968342667e-09,False,True
HNF4A,1.04429725348774,0.03427196327972408,2.0599493624772314,4.339250493096647,0.9928384413163567,0.14120149197155513,0.000908100561107756,False,True
ZNF367,1.0435025400659381,1.9019527329088125e-07,6.582619489981786,2.7613412228796843,0.9724304960555114,0.026319218491441723,0.538303769877542,False,True
C1orf226,1.0433604038446975,9.196480687597526e-07,14.682916575591987,1.5779092702169626,0.2650988993572378,-0.03592082123133937,0.4009058543892667,False,False
CCDC150,1.042954589764286,5.422571136650014e-13,1.8287704918032788,5.719921104536489,0.005874577220469878,-0.10297613147708022,0.01579023600644939,True,False
SLC34A2,1.0416607801122444,0.0008440779437812111,237.52451584699455,4.339250493096647,0.30984775112218227,0.1382979248026514,0.0011594921341709658,False,True
NOXA1,1.0405472202137585,2.3127730519648195e-06,85.97450692167577,1.3806706114398422,0.22208269772758088,-0.10024475942867711,0.018804866885312115,False,False
MAP4K1,1.0405148965453443,1.0618901640578236e-05,6.482973770491804,4.142011834319527,0.7341922002502141,0.4796941051051379,6.137188782513147e-33,False,True
SLC39A2,1.0402658469740425,0.022876436093767438,2.4869118397085614,2.366863905325444,0.4970987408942331,0.03430103307914418,0.4224933164136737,False,True
C1QB,1.0401993286015312,0.0012482360109314747,216.91657158469948,1.5779092702169626,0.8007397752705574,0.7923382684086286,1.7407172614689723e-119,False,True
MACC1,1.039828539615564,0.00031560089336780245,6.310195446265938,5.522682445759369,0.0004947452763422827,0.07777983818898626,0.06859993264707046,True,True
MYO19,1.0397807675672177,9.871097478418689e-12,9.781612932604736,5.128205128205128,0.3957402381774028,0.014412704544778368,0.7361559047907309,False,True
POLA2,1.0394552492684976,1.261526304650693e-13,7.57619471766849,2.1696252465483234,0.3493759458905741,-0.0898627566751429,0.035290179110206245,False,False
AGRN,1.038096269698591,1.7339185367044833e-07,146.52059635701275,4.142011834319527,0.29870854425143445,0.06246499940169918,0.14382522443385615,False,True
CENPL,1.0375974452516905,2.2231649476970005e-11,6.278247905282331,2.9585798816568047,0.01521148431677084,-0.028519298176400785,0.504873636343691,True,False
SHTN1,1.0371681607073802,8.789949497032887e-08,21.05133296903461,4.142011834319527,0.8810078167714945,0.054087700022844215,0.20574475748871204,False,True
TOX3,1.034754050272948,0.01493723199541276,5.108262112932605,3.9447731755424074,0.08522563735720912,0.06875290009247025,0.10758032111255406,False,True
KCNJ11,1.0346652490334225,2.696986120549911e-06,6.790924408014573,2.9585798816568047,0.37621528273923033,-0.07451151457134467,0.08110562072271273,False,False
VANGL2,1.0343653820781515,6.141744303989573e-07,49.03844517304189,5.325443786982249,0.03464323702227711,-0.06212306141467325,0.14603600840633363,True,False
IVNS1ABP,1.0332592985053886,6.8553763539071116e-09,97.79910601092895,5.522682445759369,0.5802808698784565,-0.02784934422603443,0.5149367426452436,False,False
RAB15,1.0329002846202924,5.285749902284899e-07,18.67021220400729,1.3806706114398422,0.15928481719185314,-0.07406253781306688,0.0829594032223683,False,False
ZNF93,1.0328177002892103,2.088942310491148e-08,9.598475956284153,3.9447731755424074,0.9912885881972443,-0.08504846390883464,0.04639111515567878,False,False
FBP1,1.0325743253774546,0.0038217024681283618,20.465035701275045,2.366863905325444,0.017556661082294527,0.3120012618708323,7.358340464675597e-14,True,True
DBH,1.0321241169971556,0.024921633954664475,2.205530783242259,3.353057199211045,0.11230434105501162,0.15449891598070908,0.0002794787435972871,False,True
RNASE2,1.0318747772428911,1.6878887985971147e-07,3.350429690346084,1.5779092702169626,0.3686572661967006,0.5834926690593677,2.1231449943114567e-51,False,True
ACOT7,1.0314557664755926,6.427539162077175e-06,38.148950637522766,1.7751479289940828,0.04243609112880619,-0.015163408646716055,0.7229637489299997,True,False
TLCD3A,1.0307044483594296,3.695857398633944e-08,48.51266903460838,1.183431952662722,0.07744297228294478,0.04137471399407501,0.33322153196660126,False,True
AVPR1B,1.030260075729739,7.589285903242032e-05,1.536172859744991,2.9585798816568047,0.39836211646439856,0.08183208803274479,0.05533561190085972,False,True
FCHO1,1.0297761146140236,0.002611636643368402,8.401578324225866,4.733727810650888,0.10952983423939784,0.14557732403610113,0.0006228706184040777,False,True
IQGAP2,1.0280479970948915,0.003128657409367349,14.818692896174863,7.889546351084813,0.694266271986514,0.18786642980721782,9.36518213028545e-06,False,True
ZIC4,1.0280256156056944,2.1557158040295273e-10,1.066312568306011,2.7613412228796843,0.43928383005948435,-0.0757213304421172,0.07627688570397911,False,False
WDHD1,1.0270929429248898,2.3287094162800708e-07,7.966098178506375,6.31163708086785,0.1269536104751418,0.014698402259372518,0.73112593334473,False,True
TRIM29,1.0269831100126883,0.024291051852474252,10.615846630236794,4.339250493096647,0.17638732962086073,-0.014412306200153742,0.7361629259517283,False,False
TMED3,1.026312648131384,8.308650660371833e-12,28.00515373406193,1.183431952662722,0.47248081185722735,-0.09933578090353516,0.01991385014413714,False,False
TUBA4A,1.0261845573346724,0.014875358122691936,50.07633515482696,5.128205128205128,0.5825879774993952,-0.005207320301253531,0.9031095703890338,False,False
FOXA2,1.0260106878301256,0.0036538672997229707,48.1466218579235,6.11439842209073,0.03285813007336815,-0.0720764926069982,0.09157415754183211,True,False
RHBDF2,1.0246967860026377,8.066225146956527e-09,18.428557377049177,3.7475345167652856,0.2402384456415062,0.24854721681334102,3.563947780031259e-09,False,True
CORO2A,1.0244730225320353,7.261133173341764e-07,16.203540801457194,2.366863905325444,0.637276179242233,0.14332618998408161,0.0007571840192785915,False,True
SLC11A1,1.0240920646136635,4.116251244249754e-12,3.330318761384335,2.366863905325444,0.5316997730587754,0.3931957675328571,9.66118177103634e-22,False,True
DYNC2I2,1.0234918196808946,1.520588219561073e-09,194.9405839708561,2.366863905325444,0.006736609732663417,-0.02852002132126579,0.5048628303979248,True,False
GRIN1,1.0221876371338277,3.53731162376271e-11,1.2338870673952642,2.564102564102564,0.010718197521289087,-0.11570334150496764,0.0066484778699652984,True,False
HOMER3,1.0219396893078736,2.285720101064134e-08,20.752293989071035,1.7751479289940828,0.6668151831328121,-0.09089785010569983,0.03322448077845613,False,False
PGAM5,1.0219030049375446,3.3557465155800584e-12,60.42713788706739,2.366863905325444,0.4589166749081858,0.003721938784760372,0.9306640832589318,False,True
SHH,1.02140460776691,0.0003892762885208377,5.576526958105646,2.7613412228796843,0.002371229557329662,0.13632438243626518,0.0013654245121711528,True,True
HYOU1,1.021046436470109,5.71309355514488e-07,92.15869143897996,5.719921104536489,0.2083428807372719,0.09184722660371818,0.03142146073074957,False,True
GJB4,1.0194592235653195,4.906066130008619e-06,1.2677595628415301,2.1696252465483234,0.5187426236489366,0.12408989054908777,0.0035894430349175635,False,True
AFF2,1.018997507463576,0.0008928971421075435,2.242538069216758,11.045364891518735,0.07771482985861088,0.036717798851708575,0.3905313290502926,False,True
PSMG3,1.0181557180873755,1.4292985790960982e-12,98.21358979963571,1.183431952662722,0.42694901940645846,-0.13645457808913597,0.0013508655354572826,False,False
BMP5,1.0181499761381898,0.0053951206671964385,1.1132074681238617,5.9171597633136095,0.2850639150038937,-0.0156456602475983,0.7145319489971061,False,False
ANKRD2,1.0177283650424702,0.011865817532537676,1.7674218579234973,1.9723865877712032,0.029215841658387056,0.12342017534230176,0.003775712690201288,True,True
HNF1A,1.0171763997847934,0.0012956690781909324,2.366055009107468,5.719921104536489,0.07287025530569279,0.16430962839478808,0.00010998465316875842,False,True
LAMC2,1.0170530320685733,7.239179529777819e-05,91.15665154826956,5.325443786982249,0.35522832093960477,0.08381860969392382,0.04965642832910234,False,True
SNTB1,1.0152236273300557,5.528482860188496e-06,16.16445646630237,2.1696252465483234,0.4895123532361718,-0.06225809722675053,0.14515986174225828,False,False
MCM5,1.0124950642272612,1.4466428001579572e-08,46.60018979963569,3.5502958579881656,0.8703839958121746,0.0630841138439559,0.13988761500947242,False,True
IL18,1.0124344440191289,7.7219195132826e-05,14.878368852459017,1.183431952662722,0.23942919657794798,0.45434624673828605,2.563646284917809e-29,False,True
FIBCD1,1.0121574677140255,7.133927360530497e-12,1.298597267759563,1.183431952662722,0.990765535848692,-0.1109110567016621,0.009299731666525885,False,False
PLEKHG4B,1.012081465840874,1.7500183148830718e-05,9.954864116575592,6.70611439842209,0.5622613435647454,-0.14151866879879324,0.0008839323231787118,False,False
ADAMTS14,1.0119983487213602,1.7433339134412542e-07,4.416845901639344,6.11439842209073,0.0034188539137802337,0.08530787728725911,0.0457258927133616,True,True
CEACAM1,1.01094662809576,0.004128911516862855,21.70796174863388,2.9585798816568047,0.0021179668499050424,0.07072242105148652,0.097848324059371,True,True
LGALS9,1.0100333070398904,6.25115369915186e-06,62.05853715846994,3.353057199211045,0.7425295436460532,0.38736736758514917,4.254579861570253e-21,False,True
ZWILCH,1.0093696841066646,4.5736102796263995e-11,12.471505282331513,3.9447731755424074,0.342774996781454,0.0024191297155918964,0.9549013459424212,False,True
MAT1A,1.008329385024294,0.00010532029692985039,5.264710746812385,3.5502958579881656,0.8332839307426317,0.033340296603476746,0.4356120186530016,False,True
CHD7,1.0077736419429089,4.989948206228525e-09,9.533760473588343,12.6232741617357,2.887275292685774e-06,-0.06798630318935331,0.11156892628200998,True,False
SIGLEC1,1.0074889580217548,3.2924722737794124e-05,4.445399271402549,7.6923076923076925,0.0330438299527897,0.6322414620471668,1.2842095872106588e-62,True,True
TMEM270,1.0061656090281124,6.638852688813914e-08,3.340705464480874,1.3806706114398422,0.1939232526377077,0.02469438250017856,0.5636847166399183,False,True
HGH1,1.0054503273842634,2.617258774829444e-14,60.84840928961749,1.3806706114398422,0.8237887779415654,-0.11001490312965725,0.009888878967008187,False,False
ZBTB7B,1.005085254065908,2.654089473422131e-10,61.017857559198546,5.128205128205128,0.45661984065143213,-0.08039219525638099,0.05978122419564793,False,False
ALYREF,1.004639174410186,2.6393630226148922e-08,159.45958433515483,2.1696252465483234,0.6506780048690299,0.015748438072238483,0.7127394000711643,False,True
FLVCR1,1.0036680898830723,3.4183036952073026e-11,11.927529690346084,2.9585798816568047,0.6830883142019553,-0.13320714625010427,0.0017601228550419856,False,False
KIF20B,1.0022736887630437,1.7305100810399764e-06,8.480512386156647,10.650887573964498,0.2734236398552651,-0.011986757608392167,0.7793021041086949,False,False
ATF5,1.0011208988369287,1.8123338621251134e-07,73.12236684881603,3.5502958579881656,0.22339175766258726,0.14831598529840687,0.000489321039813208,False,True
RFC2,1.0010172716262007,9.894089607846087e-13,62.71566557377049,2.9585798816568047,0.1655376151722608,-0.056664382245332365,0.18492977093132978,False,False
KCNS1,1.0003987503871408,1.149930657140572e-09,1.323756466302368,2.1696252465483234,0.015043983608641717,0.09413594504971547,0.02741566365599195,True,True
ELP3,1.0002455559439172,0.0030562953736101624,73.801256284153,4.536489151873767,0.005278314550680902,0.045828865038361345,0.2837557754710131,True,True
