sample_id,subtype,TMB,immune_score,CD274,PDCD1,CTLA4,LAG3,HAVCR2,TIGIT,IDO1,VTCN1,CD276,PDCD1LG2,CD8 T_score,Treg_score,Cytotoxic_score,NK_score,B cell_score,Macrophage_score,DC_score,Neutrophil_score
TCGA-BG-A0MS-01A,IS1,1.0,2.968470875534955,1.5048,2.8108,1.4779,3.34,6.3108,1.0621,21.3086,160.2885,92.4665,1.1231,2.2646886747696913,1.8995297734293068,2.901453050445545,1.311010973909282,1.270837241815279,1.5610398715473357,1.3014710146576336,3.2587648124285296
TCGA-AP-A1E3-01A,IS1,0.9210526315789473,2.5382032356454864,0.8213,2.7582,2.4213,10.804,2.476,1.8003,18.2063,0.5175,57.6124,0.991,1.9158013387475235,2.1411035354831665,2.4940356878466785,1.3615149831729618,2.204834518755909,0.9938128821115825,1.57365658801282,1.8074549374218531
TCGA-D1-A0ZQ-01A,IS1,1.7105263157894737,2.414612354331044,1.6176,2.1126,0.7245,7.3931,3.6894,0.5637,12.3199,20.5624,32.2235,1.8671,1.957111553888284,1.1165108616596127,2.17715054786367,1.1260926526892183,1.2160100685931363,1.4706378880971254,1.0843244278910766,1.4990446414502892
TCGA-AP-A5FX-01A,IS1,0.8421052631578947,2.67104514818818,1.2537,4.5343,3.2795,5.2597,5.4624,2.4252,58.8367,135.5384,26.2132,1.5127,2.163820769600206,2.028170912007272,2.502033631213798,1.2355931346203026,2.9936179320661283,0.7586479738139809,1.246993744203376,1.295592939722314
TCGA-AX-A05S-01A,IS1,12.789473684210526,2.8389520430966644,1.1603,1.6236,1.0606,5.7932,6.3598,1.2297,45.2258,240.1718,61.9398,1.1199,1.7550887968838451,1.4597888721557533,2.62550820771661,1.535659017249259,1.1720624770801924,0.9155806681058006,1.427409251100037,5.29325697182556
TCGA-AX-A05T-01A,IS1,1.0789473684210527,2.6504908485347296,0.9788,0.0,12.0256,0.7895,11.3922,0.4621,26.1692,284.0115,123.0817,0.496,3.238713972960108,1.6824141053656032,3.264616156384163,0.7704317891244764,0.9593789640717313,1.42924130135819,1.0591003892481834,1.582226282579228
TCGA-BS-A0V7-01A,IS1,1.368421052631579,2.4856206500824376,0.169,6.1258,5.516,15.602,4.3236,1.463,4.7114,5.2377,26.388,1.3324,2.492251301889281,1.3158908525734407,2.995804993479368,1.4171417818953433,1.5841089013003173,1.3018020356119797,1.7095032096273082,1.944126820382193
TCGA-BS-A0UJ-01A,IS1,38.8421052631579,2.572884691887888,0.8,5.1982,1.9851,6.0061,5.1155,1.3817,54.4147,1.933,29.0808,0.8569,1.9407054548793905,1.619634877994474,1.8816586370882686,1.1564065817774585,1.3989263063881534,0.5259996395602543,1.4927514929480117,1.2808051663376527
TCGA-BS-A0U5-01A,IS1,1.2105263157894737,2.555705653884661,0.8297,0.5201,0.9556,1.4722,4.2868,0.6043,43.463,443.0389,86.344,1.5135,2.9981123200224733,1.6272723180669892,1.9666190288534462,1.2180527005371238,1.39172140728147,0.686825256450759,1.1858916582793673,1.3447764301949008
TCGA-AP-A1E0-01A,IS1,114.3157894736842,2.663962591751688,0.9539,2.8654,2.7468,6.8818,5.6935,2.4234,23.8182,7.2498,96.6944,0.6445,1.8335352293229796,1.851863755777045,2.726269159952811,1.587134847418993,1.1526592050399775,0.8479679701495968,1.2711399784598387,0.7354040191866398
TCGA-BS-A0TG-01A,IS1,0.8421052631578947,2.9961747113744543,2.1976,2.1525,1.1718,8.1236,7.612,0.6175,66.5736,18.4325,96.5872,1.4951,1.6013191217504008,1.5261041990284507,3.611065432438352,1.4206180889444542,1.3115034703656765,1.3616842213927354,1.2477964786366909,3.392039948096125
TCGA-BS-A0TE-01A,IS1,7.026315789473684,2.81506010095331,1.7329,3.5204,0.9856,7.8509,6.4025,2.7703,19.5019,0.6968,52.7114,0.3252,2.3865272529001906,1.7964861384251736,3.264969189984006,1.3807035225165007,1.294227026394055,1.4323726202687856,1.4236703122849819,1.186935973241891
TCGA-BS-A0TD-01A,IS1,0.7631578947368421,2.523918700680613,0.8337,0.5863,0.2873,1.8391,2.324,0.2307,160.8573,190.4323,54.578,0.2167,1.1728186094650337,0.9083774579174039,2.653249045373753,1.215979193941323,1.1594121455004338,0.4714563434617935,1.4056171562306643,2.8570069053536145
TCGA-AX-A06J-01A,IS1,1.2894736842105263,2.645056592809642,1.4337,1.3107,1.8348,2.8695,4.4823,1.2248,59.8882,56.3832,79.528,0.2153,2.179401868108242,1.6485390251144267,2.47730680184451,1.4254941966011399,1.3504540019854687,0.7368706678521443,1.4348684298246814,1.0403358154058229
TCGA-BS-A0TC-01A,IS1,31.36842105263158,2.4110869335926677,0.7574,0.8186,0.9526,2.0363,4.3758,0.6165,47.7699,162.6542,86.2313,0.4412,1.5598204870582633,1.6367524291842865,1.4838732006150106,1.0491164900676222,1.5412949755400518,0.45909166039571286,0.867993374008261,2.3395790160397265
TCGA-AX-A0IS-01A,IS1,1.2105263157894737,2.5321232329277117,1.391,3.0572,2.2142,1.6418,5.12,0.6178,38.7974,65.5168,58.6755,0.745,2.465256750245376,1.709414208984161,2.453552474850073,1.0328525581797436,0.6158126193729355,0.9057129172430279,1.0852176081634861,1.8698681140965077
TCGA-BS-A0T9-01A,IS1,1.4473684210526316,2.7247744646214507,0.6757,4.7749,1.2971,5.3203,3.9816,0.472,64.3493,16.2775,127.6219,0.4892,3.1858736283499716,1.2593450014076077,3.5349956463192655,1.3833732194816903,0.5655267417032737,1.178513633800063,1.0990686041165172,3.735305328998035
TCGA-BK-A6W4-01A,IS1,0.42105263157894735,2.837906996038134,2.514,0.6202,0.4647,12.5914,5.7161,0.4773,11.4267,51.2274,47.7392,3.0197,1.6672189161448632,1.3314306340741462,2.5346010364005607,1.5226698648449517,0.6950749369886896,1.7174967104320904,1.647957460111023,4.405140442011821
TCGA-BK-A56F-01A,IS1,1.263157894736842,2.8915068985375627,1.3495,1.2402,0.9594,3.74,9.7803,0.7753,19.2293,112.3719,71.3495,1.4352,2.1969604679933012,1.6058536158083616,2.5113953560307696,1.2986061771433124,1.1148949441355633,1.9686595223980679,1.98106036507858,2.838850147452428
TCGA-AX-A06D-01A,IS1,,2.4932573418095245,1.4655,1.5518,0.9884,2.0764,6.2813,0.4541,237.7131,150.557,86.2198,0.6021,1.0982373246744483,2.1028620302455145,1.6437901159287756,1.1151895552963778,1.9023210835707804,1.0901528915644791,1.1913786418553483,3.184500773407587
TCGA-D1-A15W-01A,IS1,1.5526315789473684,3.0999388995391643,2.6978,2.2901,1.2659,3.6265,8.5492,1.5162,91.8249,242.78,93.062,1.4177,2.6094007570672835,2.0398333875729637,2.5986810765692323,1.412228470659033,1.6477688413458431,1.2972785297509382,2.0341283683516123,4.319297619118078
TCGA-D1-A15Z-01A,IS1,1.605263157894737,2.6461971336080192,1.0361,11.8159,13.9226,1.8902,6.4364,0.2745,18.5657,38.568,144.0539,0.8126,3.6446466246560174,1.8696549228501962,3.1310697528023406,0.9403263345617846,0.2964102124311145,2.2367809020637064,1.2217863608271642,1.9559757413306047
TCGA-D1-A161-01A,IS1,1.8421052631578947,2.7579143543292473,1.1696,2.0501,1.7135,4.634,4.7239,0.8511,29.6895,119.3421,89.0778,0.5719,2.1387173093297425,2.0097313506968963,2.817050445058051,1.5561384767348982,1.3531491821153854,0.7644486707780245,2.0111207180563717,1.174058411666871
TCGA-D1-A17H-01A,IS1,16.473684210526315,3.006652192576084,1.0603,3.0916,0.852,5.6019,4.4153,1.6298,103.7672,106.3184,92.3735,1.2912,2.3341673313975098,1.7362282226303771,2.889719040838943,1.5438236207501368,1.403106899787532,1.6732685114313453,1.0223755382730924,1.925912080048538
TCGA-D1-A17F-01A,IS1,4.842105263157895,2.7667510663724544,1.2094,4.2215,4.01,8.2172,7.3963,2.5063,25.4313,36.8245,33.4661,0.6314,2.4519700484557085,1.642679215838628,2.476956294176088,1.518137283680227,1.7938018130809577,0.9568694119392879,2.051064248239715,2.410211563510232
TCGA-D1-A17D-01A,IS1,11.789473684210526,2.563594042444089,0.7223,2.2639,0.9983,1.5146,5.0253,0.5261,5.5804,68.4977,94.3504,0.1464,1.5430899551433046,1.0516309865822573,1.6648227215580433,1.2034358926867472,1.433081919749099,0.9510379418521007,1.9583725878066267,3.2568839996472696
TCGA-D1-A17C-01A,IS1,1.236842105263158,2.727575028701454,0.9142,12.2201,9.239,8.6022,3.6451,0.6891,23.0537,41.9269,123.9142,0.6813,2.510394699855384,1.3416825716886456,2.7312406240388,1.2476434149620959,1.9048914678749542,0.8086303255614093,1.7499708068639643,1.5088351748620685
TCGA-D1-A17A-01A,IS1,5.447368421052632,2.752212013474308,1.1047,0.9738,0.4771,3.2298,3.073,0.9127,189.044,185.6018,49.1724,0.6531,1.512931306887084,1.0249596530413287,2.9089658064455435,1.4530213329947383,1.7203338416181058,1.0497612404475456,1.2136322157290138,3.0553513512471526
TCGA-AP-A05P-01A,IS1,1.0526315789473684,2.8067547579998497,0.7141,1.3472,0.457,3.3422,4.2623,1.213,119.7142,23.8346,80.0348,0.5808,2.077369400279546,1.3809399706272272,2.933378802358786,1.6015951935886288,1.852840805693971,0.9043785896461006,1.4042203227871184,1.779855309693044
TCGA-D1-A176-01A,IS1,10.131578947368421,2.8358503094380874,1.9559,2.5956,0.4845,3.6046,5.81,1.617,31.9902,433.0133,126.0497,0.746,2.154948824657148,1.73238440016375,2.2451234841426113,1.1670567757661252,1.5867010327503095,0.7148709801589197,1.3556599404677054,2.505154349973463
TCGA-D1-A16Q-01A,IS1,0.7105263157894737,2.949597096363943,1.0383,15.4471,8.3494,8.8268,5.3116,1.0977,13.7485,73.7279,61.1497,0.6162,3.04561374519426,1.3787292730646585,3.5961915625096412,1.5005322658065137,2.313960595319705,0.9072826358519035,1.6579727473862416,3.482631840212475
TCGA-AP-A0LH-01A,IS1,1.0526315789473684,2.589487041998385,1.0071,0.4062,0.5118,0.6769,2.8413,0.4195,49.6084,103.6341,47.2129,0.3002,1.157113932546385,1.32753527710337,1.7122723680726506,0.9558432230054249,0.5974974714912706,1.0805786451756292,1.339291553168914,1.4878191184084668
TCGA-AP-A0LJ-01A,IS1,0.9210526315789473,2.86948569494439,1.3186,6.3471,2.8928,1.8738,7.5167,0.8131,27.2438,40.4938,75.0963,0.5091,2.314492171953879,1.5983931311031954,2.906523721387479,1.4108438947209785,1.2788901032143034,1.0058578652695929,2.607642688436758,2.3334781658969845
TCGA-B5-A11G-01A,IS1,13.421052631578947,2.511574059836862,0.7299,5.8982,1.6639,13.5524,2.1588,1.5999,8.7308,6.4387,35.7064,0.732,2.089335841159681,1.4477586666904265,3.053499804665425,1.568627537095352,2.564463315817474,0.5393902620802774,0.7470578601542872,0.8955924418674414
TCGA-D1-A16G-01A,IS1,0.8157894736842105,2.8169032499723574,1.2117,1.1275,1.0467,1.7103,1.821,0.7764,15.0919,71.7814,117.8399,0.7164,1.067862515481893,1.5143117606127747,1.49328153899687,0.8985957120339395,1.3843911467131196,1.059286149036549,1.9893050350982948,2.880251118559212
TCGA-AP-A0LN-01A,IS1,1.368421052631579,2.654209455089313,0.7157,9.2887,21.2095,2.1046,6.9224,0.6637,8.482,12.8091,93.5888,0.0756,2.912252125433855,1.299514279791558,2.568576010605793,1.1237779250460538,1.3407036165273691,0.9290494850280764,1.489209140781445,1.495675619299636
TCGA-D1-A16F-01A,IS1,12.473684210526315,2.952870257825454,2.1588,0.6552,0.3502,3.0246,5.2498,0.6972,180.3775,281.5463,99.4107,1.4894,2.031676766399448,1.7153447892438047,2.4527467612798137,1.3143462803275543,1.2378088384493406,1.329506080806178,2.0643296240301297,5.601756869388673
TCGA-AP-A0LP-01A,IS1,7.315789473684211,2.9559172752763443,1.6707,2.4084,1.6338,4.1103,10.2001,1.2969,21.2362,222.6295,53.7167,0.7987,1.507098529610507,1.5454075163266143,2.5282673857478657,1.4816735344163958,1.2497145730738246,1.2489253792303394,2.026060248123379,2.047255252831066
TCGA-D1-A16E-01A,IS1,1.3421052631578947,3.1635332935630287,1.8477,0.9925,0.2288,5.889,14.3695,0.8241,50.6132,380.4235,137.5677,0.9565,2.8560118599472757,1.5175699945604437,2.1820837611461887,1.2775462336992816,1.605564416339238,1.669719924274294,1.6138556713600447,4.1035673229443494
TCGA-D1-A16D-01A,IS1,0.9473684210526315,2.8303602780384494,1.3722,0.517,0.3039,1.5608,9.315,0.3204,77.5432,328.0088,73.7993,1.0698,1.958101367841042,1.2021198341719221,2.5474798517802304,1.243707430733075,1.2213433012461923,1.0257851282003572,1.7340769660362145,5.454817416019201
TCGA-AP-A0LV-01A,IS1,0.4473684210526316,2.6968368247576375,0.3869,1.7684,0.1238,2.0802,7.0921,0.2827,51.2218,26.6893,111.9048,0.8713,2.8214244278986493,1.096534727725923,3.4909866974747072,1.490023497746913,0.7068825386982386,1.3158968193361948,1.4382415928406858,2.4432609697726853
TCGA-D1-A162-01A,IS1,,2.811118546321369,1.2397,0.5887,0.5769,2.1209,9.5129,0.6841,23.449,274.6879,126.4237,0.8249,1.2600734170361612,1.8787056499733197,1.4422872314123834,1.018715396898222,1.9278646059103448,1.359165281943737,1.8096893441663267,2.9619248605159485
TCGA-BK-A13B-01A,IS1,15.052631578947368,2.805618073392111,0.7792,2.9511,2.6259,2.5604,10.5192,1.997,168.163,247.7745,96.5638,0.9944,1.2678812581020396,2.123034991965775,2.013191076965438,0.9577213651486468,0.8075241822735756,1.3592782710848417,1.2939656786948095,3.9610163545541455
TCGA-D1-A17L-01A,IS1,1.6578947368421053,2.6328618517222555,0.9346,2.0488,1.8795,3.2305,3.842,0.9455,7.469,22.2864,36.134,0.4135,1.901816998909546,1.4896493168759235,1.9672859425669034,1.27658626565221,3.6302514997256545,0.46824482971156645,1.8437663364645005,2.820584912785401
TCGA-BK-A0CB-01A,IS1,1.105263157894737,2.5481373517136787,0.7465,8.4545,1.433,3.5122,9.5177,0.4091,17.4742,42.3288,102.3364,1.4974,2.9098398374729104,1.6001574435494579,2.3801863192611474,1.0751681063186216,0.9030696880020658,1.0672566409499396,1.2573570459624417,3.269097673581811
TCGA-BK-A0C9-01A,IS1,14.68421052631579,2.967501338365568,1.1202,9.4363,3.3689,8.0813,5.11,2.2665,19.2183,21.4864,107.141,0.9461,2.4392430377650873,2.229926075348612,2.9215340878791416,1.5628308069062191,1.3544179956448448,1.2827656082643895,1.2030239872158839,2.338072340381862
TCGA-BG-A0M4-01A,IS1,13.789473684210526,2.475103330517722,0.7827,1.2777,0.5843,2.5719,16.4059,0.6745,55.1047,273.8158,95.1148,1.3221,1.2963904793726364,1.915891769179259,1.3446946684069785,0.973581550504387,0.38329129201033957,1.8354725073588973,1.1932860770699436,1.5752513514826554
TCGA-BG-A0M2-01A,IS1,0.6052631578947368,2.507138446883387,1.051,2.706,2.3057,3.5118,2.4579,1.6607,10.0087,57.4201,47.4798,0.5579,1.9074691025458603,1.9478818883509075,2.5699456145860293,1.1194557054889898,1.37596717409084,0.5816572347942174,1.308229968764681,2.872820546203906
TCGA-BG-A0LW-01A,IS1,0.7105263157894737,2.7236890816590047,1.3441,4.3883,46.6031,1.9573,6.0523,0.4721,72.8498,18.9626,95.7041,0.946,4.472552349227182,1.308642819150516,3.5560837768005924,1.2030266338398294,0.41929321660184904,1.4297245513141907,0.8284857285951744,1.973984226342037
TCGA-B5-A3FH-01A,IS1,0.7368421052631579,2.6332518015257715,1.9387,0.8649,1.3634,3.4834,4.2471,1.7089,17.9275,307.6785,56.8893,0.5188,0.9387257796333958,2.410862563994731,2.5053632377629262,1.116220176051644,1.501665524368134,1.2827585420655272,1.3559988312915296,5.02605247395189
TCGA-AX-A3GB-01A,IS1,1.736842105263158,2.9043254423791542,1.2999,5.2684,4.675,5.7441,5.7708,2.8517,27.8907,18.1678,45.3778,0.53,3.0118869641812487,1.4470995004832607,3.225926555383958,1.5432739900979537,1.7126900014892954,1.2533357375134575,1.5351058766192094,1.7296802838565337
TCGA-B5-A3FB-01A,IS1,0.9473684210526315,2.9062714656303927,1.4711,3.9837,2.6163,7.2993,6.8341,3.2829,238.4847,238.8396,79.1768,0.7308,2.3932572375618038,1.827515331688769,3.1793486676488443,1.5342968599155085,1.759488119300957,1.556659879451938,1.4277899087617918,2.7906670975748313
TCGA-B5-A3F9-01A,IS1,1.0789473684210527,2.9841765410510397,0.6583,1.2896,0.9573,4.7195,11.991,2.0719,22.5073,80.4852,105.2666,1.5163,3.2478233815513295,1.7557419458178576,3.2842003715134442,1.4777949208729726,0.945488972515148,1.6281493748161975,1.230761194350324,2.7365374772277673
TCGA-B5-A1MV-01A,IS1,1.4473684210526316,2.6819907714113436,0.9284,0.8559,0.4718,2.0922,6.2861,0.3867,63.9331,280.153,119.2931,0.6919,1.4046786146162156,1.5455669825691383,1.8959764920960032,1.4587699403533032,1.3520082278287717,1.1940085180779252,2.376206113369547,5.418794052693118
TCGA-BG-A0M7-01A,IS1,1.3421052631578947,2.98020811204538,1.0551,0.9335,1.3068,3.0198,6.9651,0.9871,60.772,168.6014,82.3587,0.8049,2.2465018732032673,1.6888858943871474,2.0955670264746113,1.2580256643245247,2.1792410398260356,1.1725400116059583,1.7570896762670776,2.91741213343812
TCGA-B5-A0JT-01A,IS1,1.4736842105263157,2.8133508525481954,1.3106,0.7336,1.0063,3.2215,15.6126,0.8334,22.7565,282.8548,116.8996,1.5813,2.373810148036018,2.1972075633949113,2.7205814430111346,1.379463854898907,1.2520607210294172,1.836885067126533,1.7473413468000947,2.5174880233043395
TCGA-B5-A0JV-01A,IS1,8.289473684210526,2.481863387091323,1.7724,1.6606,1.923,2.1235,4.9278,1.0914,10.8909,22.3801,118.8701,0.781,1.7761252359394324,1.390926350527731,1.4452141941695014,0.8796538670389621,1.1077556886482107,0.7707520838383625,0.9408859398398836,0.7288768995290856
TCGA-B5-A11Z-01A,IS1,1.3157894736842106,2.5883401912805954,1.3078,3.0467,1.2213,2.8983,3.0288,0.7152,8.5755,216.0034,122.7405,0.7762,1.7363839227335134,1.662934789854086,3.600277609378649,0.9645413442463044,0.9525765479428916,1.4051776470883677,0.7314580088915739,3.3247158357314297
TCGA-B5-A11U-01A,IS1,9.0,2.824881490420519,1.4537,2.6395,2.0419,6.2438,6.7568,1.5783,25.8907,5.4856,171.8009,3.5935,2.035421131513571,1.7721515611716654,3.667642452068746,1.4119631128252423,0.9641301810747618,1.6753513364414951,1.6249039824515332,3.1817939393482484
TCGA-B5-A11S-01A,IS1,1.1578947368421053,2.7480629720875127,1.1932,0.7792,1.9088,1.4971,9.8687,0.9657,9.65,328.2444,214.0329,0.8734,1.3335758340504817,2.2557816259972916,2.419781027745581,1.4618018500979169,0.6840015747976428,1.5776637067607127,1.5596513376509256,1.358885778209008
TCGA-B5-A11O-01A,IS1,1.9210526315789473,3.048203195520035,1.7505,1.5112,0.9113,1.4757,8.4999,1.7409,73.8351,238.5298,81.8847,1.5536,1.6310010654771645,2.277426208601506,2.400118775211316,1.6193525226603755,1.5595485992376414,1.0933640222790808,2.2039407943229943,5.947293962879967
TCGA-B5-A0K6-01A,IS1,8.894736842105264,2.9285263087143925,1.5845,4.0125,2.5965,4.208,11.2199,1.0947,13.8368,72.7451,79.4376,0.457,1.377514503788547,1.6098780414198826,2.949391690310186,1.4447741804460088,1.194636704053879,0.9695193508013658,1.7330648886636102,1.940030541996132
TCGA-B5-A11M-01A,IS1,0.6842105263157895,2.8145449235984525,0.717,3.0009,3.1908,3.3735,4.9604,2.0883,8.0227,38.703,121.3855,1.1561,2.022364199705162,2.4537605001979923,2.633066742743535,1.9049758096385176,1.2783167910648165,1.6066239764494794,1.570909542967422,0.7521879513816779
TCGA-B5-A11L-01B,IS1,2.3947368421052633,2.97098095794119,3.0728,2.3075,0.8356,5.6795,7.7289,1.0707,86.5541,82.4646,32.1409,0.8651,2.050228692088661,1.3284438187168124,2.5461683292134194,1.445825490533968,2.801707069828826,1.1540375697044805,1.7679402877912347,5.089343624148297
TCGA-B5-A121-01A,IS1,0.7368421052631579,2.6892217196980397,1.3184,1.6555,0.4542,1.545,5.1448,0.6612,14.5714,257.089,123.3638,0.4568,2.4970937574494805,1.54108676604655,2.3146571052030587,1.5091277322600198,1.3135291269994858,0.8716213751094396,1.5324872518357957,0.8655612082799887
TCGA-BG-A0MA-01A,IS1,1.0,2.642583774773014,0.7561,6.2803,0.6967,3.0491,4.719,0.5915,4.4169,12.1082,98.6551,0.4598,3.0061189817311567,1.3641838329513314,3.286037545681257,1.1994062723666423,1.1346349536454348,1.2225270986542285,1.250158297799393,1.3474878521643878
TCGA-BG-A0MC-01A,IS1,1.2894736842105263,2.7040920642430133,1.069,3.2427,0.993,2.1788,5.7778,0.9303,12.9969,64.8191,41.3473,0.4078,1.6001382154036754,1.3156991375103038,2.3287987859088948,1.554265842202621,2.60864912546042,0.5788592652211216,1.8610850033539346,1.9495051547027522
TCGA-BG-A0MG-01A,IS1,2.4473684210526314,2.7839153857546255,1.2152,0.0952,0.1866,3.7899,6.9007,0.2295,41.1624,259.4536,163.5154,0.9853,0.9400911589701894,1.07381681236636,2.508363112716872,1.3461869425265256,1.0774028586467688,0.9848839676558973,1.9611136868001522,3.136750107163658
TCGA-BG-A18A-01A,IS1,1.2105263157894737,2.720602358001972,0.7707,0.727,0.3288,4.3744,3.4683,0.385,21.8192,87.2036,116.7951,0.7233,2.27722923241531,0.9669272984418625,2.3685106556760394,1.5841215166692832,1.2672130142147837,1.1810531413479497,1.1771768516760241,1.1555274604046948
TCGA-BG-A187-01A,IS1,1.8157894736842106,2.420996544213222,0.7886,1.2588,1.7941,1.7668,4.7067,0.8273,10.6637,101.6709,224.0773,0.296,0.8863738129339626,1.4935610728957043,2.14049722253162,1.2132976650491696,0.7396356792742579,1.356517888685308,1.4027376757174996,0.7425315026744959
TCGA-AX-A1CJ-01A,IS1,1.1842105263157894,2.6388307360135976,0.6142,1.5695,1.2817,3.1592,8.095,0.9546,8.4925,89.7035,36.8435,0.4962,1.834682600560753,1.4492677416675768,2.1974391388654833,1.3146416398669545,1.9309784338444629,1.0267289278721032,1.5963003766994612,2.3392021384490302
TCGA-BG-A186-01A,IS1,0.631578947368421,2.532709603597169,1.0585,1.333,0.4838,1.2535,5.9632,0.9179,9.6469,31.0224,57.2437,1.2771,2.0205559648638256,1.3644270391459958,1.7734230597985394,1.080828732596607,2.144974710417213,1.0881377843811189,1.6080665742013174,1.5742282612351015
TCGA-BG-A0W2-01A,IS1,0.7105263157894737,2.8404142364718656,0.948,1.3265,0.7799,3.732,8.8769,0.6394,13.5577,72.4607,81.0362,1.3726,3.196786310767574,1.6991057536147782,3.4555535901401804,1.3826586917752661,0.7838534928609148,1.683742658237043,1.324666771207081,2.4308202227317155
TCGA-BG-A0VW-01A,IS1,9.868421052631579,2.5069031703382247,0.7361,2.3553,1.3188,4.7826,4.0168,1.4728,15.1715,115.981,32.3608,0.7875,1.5702123454044319,1.4700513683964098,2.4393622760018805,1.3038119803736856,1.529859905667049,0.7491304841256355,1.6342455020544846,2.518359266030297
TCGA-BG-A0VV-01A,IS1,0.9473684210526315,2.7618704958212392,0.9023,1.9505,0.5376,1.7148,6.3272,0.9653,17.7362,245.5441,104.3855,0.2628,1.7570265298296206,1.2749174235033343,2.122665684999167,1.2685029496786795,2.880106565043279,0.8427003420520398,1.657829712073586,2.363177797527481
TCGA-AX-A2H5-01A,IS1,1.0263157894736843,2.7828494677236915,5.7455,2.6551,1.0181,5.9014,6.4815,1.4904,52.2951,12.7157,78.1828,0.5972,1.7660554810950173,1.6113795817600518,3.5207470635846434,1.6248398288922428,0.7736105770844882,0.7797835295525308,0.8432125189165774,0.9170915325468537
TCGA-BG-A0RY-01A,IS1,1.1578947368421053,2.573964005134405,2.7304,0.2517,0.1233,0.2159,10.3117,0.1516,58.3743,705.1219,111.5207,2.0618,0.3817121614117342,1.4015312924907455,0.8831784170217718,0.7743073114941103,0.5565824568246615,1.0370872198851617,2.258361023593655,5.153089502597697
TCGA-AX-A2HA-01A,IS1,36.89473684210526,2.4891015559108296,1.8498,4.0367,3.5061,7.0192,4.8216,2.1478,32.2937,15.4123,47.8326,0.4351,1.9438318546047388,1.8104215447361198,3.103508225625305,1.6135573029285009,1.2823066505654392,0.6336960160626335,0.8670007333233924,1.5972095679802265
TCGA-BG-A0MU-01A,IS1,1.368421052631579,2.7381699417215866,1.8668,13.0189,3.4402,1.3383,5.2844,0.7554,30.458,57.695,59.3318,0.8409,3.683154939400368,1.2461727051587943,2.8518041193959904,1.2884298358962272,1.346841704399802,1.3450220709937895,1.2064859481942214,1.9747383791386237
TCGA-AX-A2HD-01A,IS1,184.97368421052633,2.9521799057088924,5.3148,2.814,1.6545,8.4478,8.7264,1.6227,46.1429,328.8175,279.3283,1.5771,3.3153757307865765,2.186103948838276,2.328611050197755,1.2601917690380346,2.23433125520536,1.8736125768892926,1.3034058019451582,1.6887023209718581
TCGA-AX-A2HF-01A,IS1,0.6578947368421053,2.7957498486828545,3.9766,6.2436,1.6278,8.2542,7.4419,1.696,16.3578,65.0789,67.0488,1.8768,2.62346064263302,1.6165436318342632,3.746053333015647,1.8158950934973617,1.2146062111220322,2.088802088330589,0.8265449370325029,2.508607079323945
TCGA-BG-A0MT-01A,IS1,0.7894736842105263,2.96379970466629,0.7993,1.2099,0.6974,6.2513,18.029,0.4901,3.4232,580.0902,104.7368,1.4115,2.227837237455325,1.8238108691278414,1.8268938584663938,1.134097185922494,0.61071798343795,1.6730974557403815,1.5802964941769098,2.3067492708598287
TCGA-AX-A2HJ-01A,IS1,38.078947368421055,2.6862712463519016,1.1763,3.8205,3.0901,8.4474,7.6808,1.9417,9.771,13.4857,135.3807,2.1962,2.013081386572003,2.16483465829841,3.170061977488404,1.3831141185361582,0.8512132618340363,1.672065054639879,1.152846239771893,2.136516743367217
TCGA-BG-A0MO-01A,IS1,0.9210526315789473,2.980463037502582,1.7813,4.6529,0.9387,3.2397,7.6389,1.3427,110.206,102.1987,67.2671,2.655,2.441951103615626,1.87745375865146,3.1905426948117106,1.3197130604453264,0.6823783236748557,1.4579834431044623,1.1330970630480275,1.7999993033728205
TCGA-BG-A0MK-01A,IS1,1.3157894736842106,2.7996989044910894,0.985,2.3378,2.2181,1.7824,5.8869,1.4181,11.1991,22.1334,103.5485,0.4799,2.971781705648251,2.127977841267017,1.9073429208513362,1.0856651838343268,1.8394577260960974,1.2976981869800497,1.8295906184007509,2.2350346367678076
TCGA-AX-A2IO-01A,IS1,8.157894736842104,2.534376516950915,1.2732,1.5069,1.8839,7.4162,3.3923,1.5921,18.7434,114.829,40.5674,1.2097,1.5956225837958171,1.5004076526890735,2.467528961418143,1.2566262578708158,1.4815905047795088,1.0559829375493404,0.9937406450144995,0.8668662328126624
TCGA-BG-A0MI-01A,IS1,1.2894736842105263,3.085657369338916,2.6541,3.5575,2.6815,10.6094,14.8285,0.6124,30.0249,85.1194,156.5461,1.1798,1.1529891844953322,2.016504102251754,3.7473032348202064,1.5377575683083964,1.17658083558441,1.5082691341232897,1.1959971767084983,2.8110918974888133
TCGA-BK-A0CA-01A,IS1,1.131578947368421,2.498901429254685,2.7127,0.866,0.5014,0.5672,10.331,0.4608,45.7926,155.4093,55.9385,1.6631,1.3621437121587743,1.9744777065293342,1.4667470279640935,0.9061392745792305,1.1768955514018355,2.0670786844721487,1.5870582620829414,4.149049570083341
TCGA-D1-A17M-01A,IS1,10.210526315789474,3.1092767503040695,2.6548,7.688,3.2128,5.7409,6.274,1.8294,40.5791,53.8865,111.0606,1.8522,2.271431085501948,2.02528926969009,2.6739710209792507,1.0644989964064553,1.5356096853750858,0.901583282839307,2.040603890496928,3.101110454928697
TCGA-D1-A16I-01A,IS1,0.7894736842105263,2.6402407690593543,0.3482,1.961,3.0912,2.2232,4.5087,0.4403,4.1007,11.813,197.7063,0.7352,1.3842155724065948,1.9281147963779652,1.8697437762965559,1.4365409222970547,1.8976423991818863,1.7719690804348847,1.2982474564006767,1.9614415795374043
TCGA-A5-A3LP-01A,IS1,1.1578947368421053,3.016689558262192,0.7706,2.3056,0.4572,6.0269,7.5082,1.5403,342.5673,318.282,51.1206,1.4673,1.9394079018816215,1.7545075911744406,2.9476546738663565,1.4937647524944957,0.2858441072893098,2.294061688519524,1.4066304042591407,4.782564267943397
TCGA-A5-A0VO-01A,IS1,1.4210526315789473,2.7297065981408575,0.8551,3.5895,1.9932,2.6273,6.6398,0.8857,21.2207,106.8034,73.9174,1.6507,2.3503240221773214,1.919325627100153,2.759547863936244,1.1673625530582559,1.869616198080088,1.4810781098089452,1.7107981028311978,1.6275591181393805
TCGA-A5-A0VP-01A,IS1,33.8421052631579,2.6320983345705895,0.7334,1.713,1.462,5.2707,4.5457,1.3317,77.9057,102.9011,74.2578,0.1906,2.3959965831036447,1.914031633625819,2.455625336214703,1.2228890510680552,2.055424494651655,0.8805577271717286,1.2827863204271344,3.522488255772409
TCGA-A5-A0VQ-01A,IS1,9.157894736842104,2.6985469579107106,1.2603,3.5023,3.0381,2.9548,3.3735,1.0476,18.2944,44.5079,79.2186,0.4951,2.0529765297814655,1.8609913128574656,2.4587293157307837,1.1836899870479698,1.3544173169513034,0.4329551619239949,1.780539070756528,3.909169306050991
TCGA-EY-A548-01A,IS1,14.473684210526315,2.6441338894701474,1.0034,1.8697,2.8657,3.0594,7.4805,1.8816,9.2521,27.4167,67.6428,1.1575,1.5555747358103975,1.9913251313062101,2.740245240222326,1.2943322777504074,0.8308402335093862,1.3851308679965273,1.3030443673513998,1.8111375496008157
TCGA-A5-A1OJ-01A,IS1,1.0526315789473684,2.6933172604283957,1.1942,1.5463,0.3885,4.5708,3.0286,1.0374,106.4348,24.4739,37.4776,2.5983,1.8411584767543534,1.189363287759439,3.1573696590629394,1.7630147566973098,2.502478677900196,0.873862921904192,1.591658850494412,3.91642401584842
TCGA-A5-A1OK-01A,IS1,1.5789473684210527,2.7233055037366194,1.384,0.6627,0.3542,4.5063,9.7549,0.5393,60.4181,462.2939,132.7028,0.8831,1.3410580295546886,1.9379610754492742,2.009728141617176,1.1984024209689408,0.5869286093506335,1.231328648375248,1.7085765648882436,1.4924250917677966
TCGA-EY-A2OQ-01A,IS1,1.1842105263157894,2.7420748077451553,2.2193,3.9214,0.9607,5.4109,7.9866,1.9664,43.6151,49.0468,115.4704,2.7932,1.9957516126345998,1.6032441572094311,3.521910755304398,1.7487623096152145,0.464633505873749,1.5880198282917355,1.209987775668787,1.1654069898675532
TCGA-EY-A214-01A,IS1,1.1842105263157894,3.055551718876019,1.3196,2.7765,1.7826,2.9564,7.7508,1.3844,53.8193,75.4138,57.9755,1.5273,3.7411543553067346,2.2563533080694467,2.323078848549094,1.471485123085215,2.038769452083422,1.3880954010199529,1.5158890355147492,7.172156625147838
TCGA-A5-A2K5-01A,IS1,190.07894736842104,2.5193884068069554,0.8788,3.1049,1.6869,11.1591,10.8379,1.2171,8.1876,22.9154,76.2367,2.0676,1.9027894371854923,1.2731360785998962,3.2849434766655095,1.3413968265138707,0.5177797434780514,1.6262591321843036,1.2718337513815299,2.278096655315689
TCGA-D1-A17N-01A,IS1,0.6842105263157895,3.1284119793679537,1.2244,15.3282,4.9303,7.2663,6.1113,1.1279,35.1027,23.8315,93.1653,0.454,3.326773088512316,1.766461438134411,3.693786145211113,1.8350769220278333,1.1805866369976303,1.0256198832037386,1.8072732402883025,1.7757367442275325
TCGA-EY-A1GU-01A,IS1,28.605263157894736,2.9757727220888834,2.2186,2.3352,0.7628,1.2018,8.1735,0.8263,276.9679,492.3398,97.343,0.7271,1.2760157898857676,2.3118436103593987,1.7591561650380407,0.9343890349211303,1.0372568006518155,1.589187466224171,1.2544686509510647,5.356953125561639
TCGA-AJ-A23M-01A,IS1,2.1842105263157894,2.756340487693644,0.8619,2.8845,1.0341,2.6069,5.328,1.0173,3.849,161.6645,130.872,0.8493,1.0747922830820886,1.5186688032143218,1.5616439969895606,0.8313105449357975,2.3226025822842136,1.1794607627582199,1.703219586539487,3.6195837701983535
TCGA-EY-A1GH-01A,IS1,1.263157894736842,2.7034549845295435,1.7696,0.3152,0.8647,1.5138,9.7939,0.6727,18.682,301.1181,122.5074,0.7609,0.9534409235396325,2.214947566261566,1.8086014014116416,1.138933383565444,1.1311672120788259,1.1997642829365518,1.8972391971474531,2.4353495735920174
TCGA-EY-A1GD-01A,IS1,25.263157894736842,2.6844239602059825,1.0999,5.0525,0.8737,3.0081,4.1717,0.5116,288.0782,3.6546,65.5981,0.4485,3.1597733738920093,1.8399407651746789,2.932659295802113,1.0875719820601684,0.7474687071398769,1.2558663320006538,0.7433511161879058,1.7636190734563228
TCGA-AJ-A2QN-01A,IS1,1.2105263157894737,2.5712727345909285,0.6687,0.5614,0.8252,1.9263,5.0094,0.6443,23.5151,106.7648,164.2936,0.5648,2.18070087240093,1.753567724237642,1.6550470421664198,1.1092592139862638,1.7025877393042839,1.6887641556468045,1.1779389772278095,1.4693963367004834
TCGA-A5-A0RA-01A,IS1,1.8421052631578947,3.0041413375560233,1.7872,0.2334,0.0,1.922,4.5716,1.2857,69.4619,188.0551,101.5171,0.4025,1.515380327802293,2.105964142516918,1.8276508908310345,1.4031576536835493,3.2373738808904213,0.729759257029603,2.1559136999046546,3.1324996825739224
TCGA-A5-A0R9-01A,IS1,1.105263157894737,2.9869928675488926,1.0372,4.3439,1.8537,6.875,7.959,2.0503,24.0518,87.9495,110.4731,1.8124,3.2558605884506133,1.5642324905091591,3.014409327336888,1.6098586930604863,0.8994390577643232,1.9880437150185555,1.541927507309282,2.8395899285271557
TCGA-A5-A0R8-01A,IS1,1.6578947368421053,3.012331238860801,1.0049,2.2211,1.5334,5.0918,8.206,1.7205,26.9793,118.3027,47.3464,0.5223,1.9990023486384159,1.6104545935278427,2.7763119304679105,1.5425592421337901,2.328113486718219,1.1000380267794576,2.11013737206681,4.6303587693010195
TCGA-A5-A0R7-01A,IS1,1.3421052631578947,2.6273651701008647,0.5178,4.6368,1.6329,4.0269,3.0981,2.1576,19.2522,38.17,45.423,0.8121,2.4095635607376185,1.6159942773982257,2.4248487514107655,1.337176813363967,2.512214765805356,0.5751968878193209,1.5699844003869274,2.2131567898789544
TCGA-SJ-A6ZJ-01A,IS1,1.368421052631579,2.4981370266383314,0.5697,1.0881,1.2576,5.1499,5.3916,0.4226,8.3867,106.5936,86.5312,0.9382,1.0507879243339777,1.191883419917348,2.5330412944468903,1.0407507033097159,1.1284456609419413,1.2326344984513378,1.579043582508565,2.114069515803774
TCGA-QF-A5YS-01A,IS1,36.89473684210526,3.1768458547078122,1.6779,2.9303,2.5718,6.5918,8.2347,1.9212,71.4344,291.1604,85.2685,0.7251,2.5819984587298466,1.5728117290442671,3.482034461629457,1.462264839201685,0.8208279396272609,1.0216234851521722,1.9974067356633962,2.53852181906094
TCGA-PG-A916-01A,IS1,1.0,2.721628677720603,0.9864,1.2042,4.0889,2.3444,5.4302,1.1859,11.4489,57.7367,82.4651,0.5312,1.3685141894441002,2.386846295368232,2.8084369687007205,1.1946211682926433,1.3544689386473425,1.478878405022306,1.1520837788367806,1.0666123561717453
TCGA-A5-A0G9-01A,IS1,10.289473684210526,2.5600495375783683,0.6682,0.476,0.2915,1.2248,10.8372,0.5326,17.7416,202.2926,88.7592,0.9747,0.7393101750906211,1.247929103402413,2.175631504522337,1.084006516761096,0.8446521617021086,0.7433958089990703,1.6756677316485042,3.409525972192689
TCGA-A5-A0GA-01A,IS1,7.7105263157894735,2.9359667674383294,2.3065,4.9137,1.6603,9.7663,5.7891,2.5083,198.9444,102.9421,82.9616,1.5584,2.414531331273842,1.5468978549319583,3.5234113559748095,1.7528392120012077,1.386749666836072,1.016177633332689,1.1214542904776477,4.806745543935463
TCGA-A5-A0GD-01A,IS1,,2.77206920237903,1.1536,0.4808,0.6125,2.5735,8.6953,0.5463,27.8951,157.4197,101.7101,0.3317,1.1662043491990681,1.5379247309457256,1.8013262306062878,1.4821210172127213,1.32221006470661,0.8235245117579084,2.2297816421165564,2.057549305907258
TCGA-A5-A0GE-01A,IS1,0.8947368421052632,2.603677188294019,0.7475,1.5728,1.4349,3.3121,3.5053,1.9418,7.3688,44.2586,93.5626,0.7482,1.8307414300498033,1.6278457408237088,2.9293440786609617,1.5952674014810153,2.1288812025183526,0.7694880973158268,1.4738166965162027,1.8349288867288642
TCGA-EO-A3AS-01A,IS1,3.736842105263158,2.7979659331061417,1.6175,2.1125,0.2588,2.9509,8.3243,0.3896,61.2795,626.1008,135.6567,3.3177,2.6443776836286164,1.8040014401152746,1.8560596370224447,0.8984642249084848,1.9269135488308742,1.5221408227929103,1.3804393661545018,1.6489922788547806
TCGA-A5-A0GI-01A,IS1,8.026315789473685,2.422845879196491,0.7743,3.1461,1.5414,5.05,3.8512,1.586,13.679,112.5544,79.5992,0.436,2.1077816037246837,1.7934124257719324,2.676075996216544,1.1058792385130531,1.7333717852972559,0.8957338979460645,1.1666449782935149,1.254323073670932
TCGA-A5-A0GN-01A,IS1,1.3157894736842106,2.5145739591343528,1.8938,3.3195,1.5307,4.0196,4.5574,1.3445,18.3719,43.7263,20.2604,0.8418,1.528640080522393,1.6319029325011563,2.8073240845381937,1.0591814879733303,1.8897770807581817,0.5183894229921119,2.021391383674241,1.7830102043424432
TCGA-A5-A0GP-01A,IS1,35.78947368421053,2.598706860904622,1.3962,1.6294,0.5702,2.915,3.3433,1.4225,50.5902,104.4551,72.9923,0.552,2.5354179959177374,1.495722979226823,2.0570885860199986,0.9441850898877494,2.039671849384671,0.7410686953968045,1.2364502379607707,3.622002052695651
TCGA-FI-A2D5-01A,IS1,314.7105263157895,2.6310370237285734,0.8643,3.4568,1.6591,6.4868,10.1787,1.0929,4.7503,291.0841,272.9626,1.2166,2.111342806305704,1.433290616393054,2.475204421003239,1.5850001390798028,1.2756296382189019,2.0407787401886304,0.7993413375086607,1.670157387919902
TCGA-EY-A5W2-01A,IS1,19.394736842105264,2.6185902644252765,0.744,6.667,3.0417,13.0577,7.8418,2.4347,7.4485,19.7088,76.6018,1.6757,2.730444496426641,1.3050833826437351,3.639911033161953,1.5125733950055318,0.7429281207287238,1.3414355599564551,1.2267061261921115,2.1940675436728263
TCGA-EY-A549-01A,IS1,30.763157894736842,2.87920441104208,1.8923,3.2403,4.0643,3.0417,5.2634,2.9184,49.6378,264.4192,76.5622,1.4529,1.985183726600149,1.9711663987763277,2.8260578710147657,1.0776081600262877,2.199610079740148,1.372014781637172,1.3197025590966267,3.568980853108043
TCGA-A5-A0GX-01A,IS1,0.7368421052631579,2.7511707595037254,1.0931,14.1198,9.8361,5.1888,2.665,1.0137,5.6324,20.1197,139.8161,0.8078,3.178092034231586,1.232429562045547,2.6488534303914153,1.505080131402039,0.89274189947071,1.315868445662958,1.0115887988415229,1.1022719666273058
TCGA-A5-A0R6-01A,IS1,1.131578947368421,2.632096740804665,0.4979,2.4061,0.8284,3.7484,2.5049,1.1194,52.0767,256.0692,106.7917,0.6168,2.443694030009682,1.6744363944113525,2.516968787911025,1.442315676596042,1.8219928218175145,0.8672866349733136,0.7512017195807186,0.6905499341605198
TCGA-A5-A0GJ-01A,IS1,1.6842105263157894,2.444810308601133,0.7569,3.9142,1.8016,3.6626,3.446,1.7968,8.8425,24.3638,19.9639,0.4091,1.827287539318731,2.1092028542772465,2.246014884299938,1.1142969855727087,1.1145643741089433,0.6185187728891351,1.4436561329289053,1.1214544839462421
TCGA-AJ-A3BG-01A,IS1,31.0,2.424569871718041,0.4493,1.7204,0.1568,2.3884,6.6606,0.5234,9.1883,115.6053,136.8656,0.207,1.3905157055570552,0.9919828988848961,2.2624174236830004,1.058493255826899,0.12015123547363667,1.5295846154588133,0.8656292391470878,1.1593343640451064
TCGA-B5-A11F-01A,IS1,0.9473684210526315,2.468478263399542,0.784,3.2252,4.5148,2.1077,2.8576,1.1897,4.155,7.7669,143.6105,1.3905,2.4748340071645387,2.010174938070343,2.9399858083866572,0.7682736272077628,0.8051263642092601,1.4607051112080516,1.3741574854737313,1.4481806781357716
TCGA-DI-A1BY-01A,IS1,1.394736842105263,2.7064821739964935,0.471,6.6634,3.4656,10.5867,3.3798,2.3999,8.3203,32.2065,34.6455,1.0607,2.2244507417841,1.4316377801822713,3.298949015187948,1.6285892415534078,2.9012929841215436,0.7197652739495756,1.3653334723625,2.988776203416164
TCGA-AJ-A3BI-01A,IS1,0.868421052631579,2.8747711985125495,0.5603,1.7013,5.1625,14.4229,5.428,2.0216,89.0827,53.4728,106.0443,0.5205,1.7334114295711949,1.7757313751734174,3.5144842438227073,1.5580831382395441,1.219658709799125,1.651788985811767,1.3854855249775795,1.7902416861889945
TCGA-E6-A1LZ-01A,IS1,5.315789473684211,2.8334295620497603,1.7538,9.5183,1.9868,12.6763,6.1406,1.7451,217.825,178.2315,47.2681,1.0198,2.4432717395559878,1.3333963794878116,3.3699869160374707,1.7179532716045633,1.783993429750347,1.2261097439689816,1.615984747638832,2.2611911696455977
TCGA-D1-A1O7-01A,IS1,6.684210526315789,2.728082014859061,1.7871,1.6957,0.9112,3.2655,4.3211,1.5819,35.8787,191.8599,79.7423,0.4717,1.953939249293018,1.7612712738731295,2.3572881198745264,1.4260897087178002,1.3056830571311229,0.6843805636076056,1.547869321237069,2.945281987000957
TCGA-D1-A1O5-01A,IS1,1.2105263157894737,2.4693959338654405,0.9686,1.0301,0.2656,2.3809,9.1318,0.224,38.3303,70.2328,50.8916,0.8414,1.3893948296807102,1.642190239307233,1.2391647789021594,1.1521621664480493,1.4247695812594159,1.100331489579143,1.2561735718238976,2.1309405788237616
TCGA-D1-A1NS-01A,IS1,6.7631578947368425,2.462571628119077,0.7376,0.6193,0.5057,1.4165,5.4583,0.533,91.6239,163.1397,60.8831,0.2225,1.5816874692924212,1.3574034932213686,1.8339155134023049,1.1298359854644329,0.9436647680478378,0.42753497499271353,1.9709597890582007,3.532663604065293
TCGA-EO-A1Y7-01A,IS1,1.105263157894737,2.5829014328656994,0.9814,6.472,2.9985,10.4057,5.9225,1.8366,62.6788,40.3895,42.387,0.5604,2.1758933614479217,1.6653848797252753,3.6966510635439445,1.632396862333681,1.48762777857425,0.9133120729570452,0.9928745210651169,1.138501954284209
TCGA-AJ-A5DV-01A,IS1,1.9736842105263157,2.867667257152885,1.6399,0.7027,0.8526,1.217,13.1304,0.8986,80.6964,178.9248,54.9413,1.385,1.1219438507725366,1.7806163846160465,1.8806459830384783,1.2312070822821888,2.438988258621404,1.5178830978296214,2.2091093836512785,4.918689243773169
TCGA-D1-A17U-01A,IS1,9.921052631578947,2.6115406579337366,0.9299,2.0896,1.3651,3.8236,9.3047,1.9737,19.4239,212.351,99.2796,0.9702,1.6967648770027715,2.17537967673283,2.2758076488023162,1.2031230093063645,1.442568032169181,1.6390076026328504,1.6394306444913145,2.42696769874312
TCGA-DF-A2KR-01A,IS1,2.1842105263157894,2.8624490982976574,1.1894,1.3398,1.1416,1.9986,6.6553,0.8423,64.1061,380.8872,43.1392,1.2055,3.23458479184037,1.8116111435985196,2.2108460066819866,1.1767027466341582,1.254709174673146,1.6015765500594519,1.4916548831415921,5.1054048979032975
TCGA-DF-A2KV-01A,IS1,31.236842105263158,2.985522445737809,1.27,1.1342,1.1473,3.4898,11.0119,1.3226,116.8038,187.593,122.0859,0.4101,1.5987220717037356,1.298558718947441,2.6606635911846146,1.6531182027317797,1.304118661581499,0.9272262429825752,2.1999464537857314,6.126531955143101
TCGA-AJ-A3NC-01A,IS1,,2.7672798662615716,1.4071,7.6923,20.9172,1.5835,4.4152,0.5186,41.9494,183.0499,58.7028,1.0502,1.9669909667921948,1.783433815232904,2.755969130322163,1.1052401222616528,0.7364047017649801,1.2981396620810874,1.6726783174696305,5.010314934027867
TCGA-AJ-A3OK-01A,IS1,14.921052631578947,2.6996752964937794,0.865,3.8633,1.7489,2.4649,7.5077,1.789,5.5553,1.8312,22.4783,1.5974,2.417005219565,1.377300222454883,2.744543705492067,1.487598870262408,1.326670487354109,1.8951279223519661,2.1319232038564935,0.8370924231859828
TCGA-DF-A2KZ-01A,IS1,15.052631578947368,3.0459205015438235,2.6061,3.2145,1.0376,8.1224,5.5305,2.0701,101.6982,13.2303,135.6198,1.4022,1.5663283665957752,1.6829078874663592,2.6810993455006265,1.2936235327888084,1.6386163553869038,1.4028673187823533,1.1351721987440397,5.749263509991522
TCGA-D1-A17T-01A,IS1,1.5263157894736843,3.0118617292061933,1.7049,3.9845,8.7275,6.594,6.8093,0.9683,48.2617,50.6189,93.1975,0.6568,2.5086678394542927,1.9241486041123206,3.4340530862209206,1.6221981314192053,1.0276222532366237,1.0399765548811413,1.7949205758307978,2.856751605868492
TCGA-D1-A2G6-01A,IS1,1.5526315789473684,2.7417464500811937,1.3306,1.3987,0.4984,4.4933,6.9315,1.2914,44.3371,449.5435,153.8424,1.4801,1.5545776496416577,1.8479851745684852,1.8513964975416581,0.9316125086908461,1.0693882841743385,1.5305124532429735,1.7252780517118724,3.827921153174699
TCGA-D1-A3DG-01A,IS2,2.210526315789474,2.258443031011498,0.4954,1.9409,0.4135,4.3429,4.9033,0.1598,39.9277,1.6954,164.8715,0.6185,2.1705019775994083,1.1894863970359324,1.1992829901903632,0.7507360616242236,0.40661357260765424,1.798469339208385,1.2698371694429178,2.215988712731981
TCGA-D1-A16O-01A,IS2,0.7105263157894737,1.8576121673094508,0.4389,0.5911,0.158,2.3966,2.0346,0.148,1.7444,31.8262,62.6069,0.139,1.2833251560599757,1.1675417718756567,1.3862979565881293,0.783223800351648,0.5574911104779273,0.6192922185497512,0.9323418720666841,1.402104228168766
TCGA-EY-A72D-01A,IS2,1.0789473684210527,1.9878535187997262,0.522,0.4211,0.3537,0.8461,3.9271,0.1657,4.1588,841.897,153.9446,1.0892,0.5169184086252196,1.4151267723154,1.4333626538492925,0.673081215939072,0.49538012184885494,1.20691132028336,1.3313037992641727,2.248597477978371
TCGA-FI-A2D4-01A,IS2,7.921052631578948,1.8069757417391996,0.1308,0.3843,0.6277,1.7142,2.2582,0.5072,1.5404,31.0179,88.7477,0.4418,1.4298089296859149,1.277095903173439,1.794744730711405,0.9151168817581179,0.6031987900274529,0.950839981182504,0.8184498224096257,1.673300838698238
TCGA-BG-A0MQ-01A,IS2,15.289473684210526,2.201075636302946,0.7291,0.084,0.247,2.0755,3.8946,0.2314,22.2762,120.5442,71.0284,0.2173,0.5189241819354636,1.103500309216343,1.5636525962159213,1.1088997062125405,0.7931575016105485,0.7965787342831416,1.6005030283747341,1.3631628535834155
TCGA-D1-A16Y-01A,IS2,25.68421052631579,1.9280522612686317,0.2201,1.4167,0.0,7.5234,0.9651,0.2757,4.5919,1.4935,105.1321,0.4249,1.2565329874327105,1.2238696031720693,1.9664688591313597,1.0975293600286404,0.4668490185646495,0.39391352709701044,0.9078575342302835,0.7619413742522397
TCGA-BG-A0M9-01A,IS2,1.394736842105263,2.0698604718501126,0.3482,0.2558,0.4178,0.4096,2.3382,0.2055,33.3226,144.8472,52.3526,0.2206,0.790834690592773,1.2173198309533446,0.9963450267219051,0.8998305533971452,0.8876109701597868,1.1205807328018151,1.1939868385674166,2.6644658433293933
TCGA-D1-A175-01A,IS2,,2.2552869612680753,0.826,1.4239,1.649,3.7751,2.3241,1.4261,18.7558,7.3536,189.7256,0.9487,1.6153232054916855,1.5743343258446838,2.77022497555802,1.2585670450457478,1.3279976334104178,1.1935423788452733,0.6490647502382318,0.6964112659780195
TCGA-BG-A0M6-01A,IS2,1.0263157894736843,1.8631354507767242,0.6618,0.5042,0.494,2.8171,1.2226,0.3224,1.0392,969.5701,167.3439,0.621,0.6628710208918835,1.4074000589772695,0.6312488878960563,0.5562321480316347,0.11758794839015063,0.7709521115413689,0.7042859249542035,0.3749823670188126
TCGA-BS-A0WQ-01A,IS2,1.131578947368421,2.2686443110827232,0.7763,2.0276,3.0906,5.0241,3.4564,0.2909,9.3794,19.2746,69.157,0.2914,3.4369626203904193,1.5285772032543192,2.5659117486857483,0.9851797925316863,0.3396748242501353,1.0189722415657287,0.8281517495719071,2.0087063116414363
TCGA-FI-A2EW-01A,IS2,2.1052631578947367,2.2784850726535004,0.5261,0.5725,0.0561,1.9644,1.6821,0.3548,188.5946,109.2732,23.6094,0.8392,0.6969310629325269,1.364314829526192,2.0353865058777716,1.416745746618694,1.5692633756804313,0.585480565866957,1.4657091185607705,3.0861519868619705
TCGA-D1-A17R-01A,IS2,5.842105263157895,2.375985710284281,0.9521,1.3055,1.3402,1.1518,3.1252,0.1926,16.0343,158.4479,252.8872,0.7505,1.386800815377911,1.322924275084043,1.869899192530569,1.0831463789777682,0.4436651789981199,1.0398804570391913,1.646919318426625,2.4636250051140736
TCGA-QS-A8F1-01A,IS2,1.394736842105263,1.9464526318859472,0.0843,0.7705,0.0539,5.8159,2.084,0.0379,6.2206,33.514,43.6004,1.1864,0.4821545458796365,0.5052155995476728,1.7978498268824634,1.0665311644887316,0.7121307231163131,1.133736700549913,0.6046488500788147,1.7424918721550764
TCGA-QS-A744-01A,IS2,1.4210526315789473,2.028668084180087,1.5141,0.1386,0.0815,3.2907,1.3573,0.1432,1.4332,242.1763,147.6664,3.7765,0.45450890675712774,1.5399698040507437,1.6234915707450022,0.46556944885761076,0.2609606092085828,1.4067394668965487,0.7387302661702309,1.9875978272172157
TCGA-QF-A5YT-01A,IS2,0.10526315789473684,2.3841651548028784,0.4143,4.9039,0.7291,2.9009,2.5171,0.4075,43.6947,42.2896,148.6191,0.6415,3.249061139364616,0.9939281665342078,2.8855715575720926,0.9832449477859878,0.45942916845578424,1.298457685761645,0.948806167848959,1.6671312068934967
TCGA-B5-A11P-01B,IS2,1.0,2.102851766997615,0.9366,0.688,0.1124,0.5115,1.7593,0.0395,48.8453,151.4551,80.0979,0.3461,1.5705906097429447,1.061497257877804,1.3475340381436753,0.7782137449407616,0.29034395050658546,1.1026474963033062,0.6441712975799953,3.0201209727557092
TCGA-B5-A11Q-01A,IS2,1.0,1.3144489575412117,0.0492,0.4816,0.236,2.7101,0.6603,0.0663,2.7509,5.5722,38.6353,0.1246,0.469435986753267,1.0150650603105558,0.6705250033441592,0.4665286265193776,0.25308059591159615,0.1843284480065406,0.48425887202372053,0.8319736134185277
TCGA-D1-A17S-01A,IS2,1.105263157894737,1.8036172768358198,0.5391,0.4591,0.3599,0.7876,1.9184,0.1265,3.202,65.714,24.2546,0.1584,0.6235274662062152,0.7890033795088961,0.838950505812092,0.534238916942672,0.8488932310092121,0.4927231599207658,1.096138046750418,1.4890786321078704
TCGA-BG-A0M3-01A,IS2,1.4736842105263157,1.9750112649334572,0.3291,0.5951,0.486,1.9057,2.4283,0.3415,13.5662,127.3605,39.6869,0.2138,0.9592241230502181,0.9153214864037533,1.3238102860352752,0.7716782345936294,0.5991928107252736,0.47306566836382963,1.010399171345965,1.9231552767670996
TCGA-B5-A11V-01A,IS2,1.3157894736842106,2.4066130449994976,0.9897,2.298,5.2072,1.9218,2.9067,0.445,4.3605,5.3728,118.0639,0.4334,2.6801379963529266,1.640123657359857,2.2295387948622833,1.082172706901567,1.119003839414557,0.7349653048619006,1.1722193475867497,2.8672879323305938
TCGA-PG-A5BC-01A,IS2,0.9736842105263158,2.4327382430694313,0.5317,1.7473,0.7902,1.5448,2.7422,0.8908,10.0806,278.0595,108.4459,0.2028,1.7650712252895322,1.8298311711150006,1.9128299860594624,0.8620184014490345,1.811747571838728,1.0177330200266936,1.2943438225067245,0.8477824497999474
TCGA-FI-A3PV-01A,IS2,1.394736842105263,2.1545517857718344,0.7112,0.7961,0.2275,0.6601,0.9313,0.4226,28.1802,1380.1366,67.4185,0.2002,0.9799632310975451,1.705827786127073,1.4800844729515883,0.8983593505136248,0.5046867435982323,0.6408002036117856,0.681797265010207,0.8301836249009754
TCGA-FI-A2F9-01A,IS2,1.0526315789473684,1.7314028141132523,0.2251,0.7056,0.0,5.1443,2.5912,0.1215,13.3624,7.1488,111.201,0.0,0.8106590291734636,1.372306616529377,1.38116654454365,0.8739305399974495,0.8017370078556577,1.0864365666008975,0.799489353648559,1.687637088999356
TCGA-B5-A3FD-01A,IS2,1.0,2.358617223677945,0.3831,0.5547,0.2558,1.8583,6.4758,0.4606,11.613,12.0479,96.2555,0.5908,2.1111513287038184,1.3069653510283854,2.172825453475699,1.0541372645298335,1.1598283403692602,1.18518469936513,1.372659743637053,2.0498450755140607
TCGA-FI-A2EY-01A,IS2,2.1315789473684212,1.1954970972043455,0.0507,0.1985,0.0,0.4655,0.4321,0.0399,5.3914,45.6309,9.0253,0.1427,0.10175060284053189,0.29547999899508803,0.43035127818838315,0.3102571452972315,0.21947565262520363,0.17642029909672588,0.9137163127877036,3.2601639404338125
TCGA-D1-A179-01A,IS2,,2.1483502511327988,0.6227,1.159,0.2989,3.2229,3.5044,0.462,174.9626,13.48,81.2693,0.4208,1.2640373393837365,1.2496483620293495,1.5995133140118782,0.8812027176921797,0.5906346545942499,0.8832085809234557,1.2461519424901768,2.1564397888863245
TCGA-D1-A177-01A,IS2,,1.801132349551068,0.7903,0.9584,0.289,2.5294,1.4439,0.3553,3.8117,8.7334,105.4711,0.7628,1.1161283728073108,0.8880570714475735,1.3046730173104912,0.729811367325783,0.4566449979338365,0.7219433401553182,0.8897369707437017,1.7849824744001526
TCGA-B5-A11W-01A,IS2,1.631578947368421,2.3367930531530066,0.5113,1.7675,1.2701,3.679,3.8849,1.1765,7.4738,14.0405,60.3993,0.4572,1.469610599088674,1.3414580661643452,1.9579520691645775,0.8956023351087617,1.6852736420031686,0.5719827262475875,1.165535479793736,3.203024462375607
TCGA-BG-A0M0-01A,IS2,3.473684210526316,1.7694399896551052,0.2985,1.0527,0.2292,1.3644,0.9163,0.1611,3.7972,51.1695,103.2635,0.0504,0.8959618246619827,0.6947502717735174,0.7953550897865921,0.5477957144894708,0.5382953609416149,0.38401864997922863,0.5101974029336447,0.40137544244274664
TCGA-DI-A1NO-01A,IS2,5.526315789473684,1.9307622405142129,0.8202,0.8926,0.1749,4.0018,1.5929,0.6966,2.2182,46.6674,47.2572,0.3592,0.6618794075338944,1.0849405136309462,1.1762956663340847,0.586746005477059,0.4149902906177052,0.40533870867309024,0.6281555945786246,0.8470185573176696
TCGA-DI-A2QU-01A,IS2,1.394736842105263,1.7485891988037683,0.3014,0.5483,0.248,1.0418,2.5882,0.2904,16.8616,24.8347,38.5739,0.4,1.0895841393586,0.8155736267323844,1.2414350731622692,0.7699547304632675,1.3985114980058349,0.7732432289057457,0.9811116727455692,1.1124891609975591
TCGA-D1-A0ZU-01A,IS2,0.6842105263157895,2.4412057008079433,0.5947,1.4103,1.6824,2.3983,2.2017,0.7177,126.0385,58.0255,120.1617,0.6873,2.2139093077185494,1.6697230154477367,1.914313393896558,0.931444937463558,0.7985784417267837,1.2899804495681915,1.0025612166392541,3.2411776853065533
TCGA-EY-A1GO-01A,IS2,6.657894736842105,1.8211469349954081,0.3882,0.4026,0.0,4.6039,0.6132,0.1078,10.4337,52.6151,68.2512,0.2314,0.7785095581124155,0.8065225923191616,1.1802338742020133,0.7238898350162083,1.2624266128857402,0.3748969338259715,1.2577445505284173,1.7120138903393711
TCGA-EY-A1GL-01A,IS2,0.9736842105263158,2.2618848166152663,2.2063,15.3673,1.3287,1.3375,1.4754,0.3112,5.8083,4.5793,54.5045,2.8985,0.97535124624657,1.094700955946747,2.338090696184579,0.7023872997620022,0.2057413368962989,1.0910447829487333,0.6704296808360779,4.690324211668776
TCGA-EO-A22S-01A,IS2,15.789473684210526,2.108499493456928,0.8281,1.0544,0.3974,2.7829,3.495,0.9494,24.8698,24.3307,135.588,0.9791,1.5535227446841893,1.3662534074436745,2.102781660427708,1.054347528637343,0.6677757211556147,1.4945239764086338,0.9138283541937775,1.5051368109870884
TCGA-D1-A0ZS-01A,IS2,10.18421052631579,2.253316403827765,0.5637,0.4908,0.3607,3.7048,4.4861,0.4436,3.3566,6.7155,220.7009,0.5819,3.1926936376202084,1.0280145638943023,1.6587106281060902,1.0210715627765248,0.5791118179202387,1.4911640033318478,1.0124851693097476,3.0373186582217215
TCGA-EY-A1G8-01A,IS2,59.81578947368421,2.147843497216888,0.8563,0.4194,0.1644,4.7195,1.5333,0.231,86.1787,55.6076,123.397,0.1446,1.0679288121793276,1.344952678120509,1.8410973089601324,0.6607084800095622,0.8522964979141476,1.2824018949974958,0.7628908234101074,2.736481171382776
TCGA-EO-A22U-01A,IS2,320.5,2.4184886607773333,1.2775,4.0534,1.8996,8.5861,4.8785,2.9002,5.7215,2.9057,92.5467,1.4892,2.0460300943672274,1.6122664834740519,3.4391743855749604,1.522405211349149,2.568199821379934,1.171968093828773,0.9642688433547981,1.0286433290967663
TCGA-EY-A1G7-01A,IS2,1.9473684210526316,2.3017821514979704,1.4654,0.2944,0.0721,1.7678,3.1717,0.1014,89.1704,275.8206,146.2745,1.0155,2.0865048125516497,2.0108578235591934,1.114988805815757,1.0371793528616997,0.7194980610558942,1.6954810370827842,0.7902488639716809,2.57797654847183
TCGA-BS-A0U8-01A,IS2,10.605263157894736,2.3174395574025204,0.5607,3.417,1.7937,7.4109,2.4698,1.6806,6.1629,20.6281,44.4172,0.8944,1.8621677121489222,1.629153299433012,2.506485248487287,1.157792871860714,1.4635315654340424,0.4523161615213658,1.106794028902423,1.5788882984956623
TCGA-EO-A3KX-01A,IS2,,2.507748580891914,1.5526,3.6879,2.6079,15.1836,3.9218,1.7016,16.7316,150.7091,71.3207,0.9179,1.9921582173182693,1.9171225121629558,3.4463591930118014,1.2218011718837598,0.8114880620962106,1.043389262962217,0.9751459507581524,1.3807526701285286
TCGA-BS-A0UT-01A,IS2,0.9210526315789473,2.028689089279094,0.71,6.6759,0.5451,4.5809,2.724,0.0958,13.3786,11.8511,42.9871,1.7988,0.8474820547669436,1.1112350079503783,1.9035906259236655,0.7072492971726932,0.3951782396672236,0.5805630124843502,1.117400929919182,3.108183239210724
TCGA-BS-A0V4-01A,IS2,7.526315789473684,1.786911629338823,0.174,0.1704,0.334,1.4032,0.6397,0.1173,4.4309,27.152,38.5405,0.0735,0.07941330359756048,1.0133112079146258,0.7599276686044617,0.999759823680255,0.4658949601723285,0.2736210343470244,0.9310051822523202,3.182564761019833
TCGA-D1-A0ZR-01A,IS2,1.2894736842105263,2.355062423083444,1.6247,0.5063,0.4253,0.5956,2.2668,0.2988,2.7832,276.6112,163.8875,0.2495,1.1698157330624148,1.4660047851521831,1.4724949008673256,0.7739626652379352,1.5090403601740714,1.0024793914993846,1.5545499248313093,2.4333563509201155
TCGA-BS-A0V8-01A,IS2,1.868421052631579,2.1612222049891763,0.2397,0.8921,0.8282,5.1552,3.1268,0.4526,58.1805,90.0712,15.1413,0.2834,1.8163018818149435,0.9530041810564654,1.8157378462621396,0.9822881955968216,1.382735199457443,0.7174120782276988,1.3681606815742917,2.2937469583426764
TCGA-BS-A0VI-01A,IS2,7.0,2.030779875262388,0.5995,3.8048,0.4603,2.8687,1.6253,0.1132,9.4887,46.0782,42.7645,0.8506,0.8029783024524697,0.8044309664840883,1.555349041181611,0.7185981011111806,0.29009145730730146,0.5900629727261901,0.8621766347133151,2.6242169085482425
TCGA-EO-A22Y-01A,IS2,1.105263157894737,2.370711927204263,0.4465,0.6924,1.1428,2.0756,5.4962,0.7152,16.9804,227.5515,134.8202,0.5028,2.210937802043169,1.3156987089186656,2.0947845795601396,0.7627241296997018,1.1971945209387203,1.538703887919138,1.4432630975076661,1.4312635748409483
TCGA-EO-A2CG-01A,IS2,0.8157894736842105,2.304227960563145,0.6325,1.2953,0.6622,2.8598,2.5003,0.9307,22.4148,43.4636,65.5781,0.9712,2.080320464668281,1.4137259907014927,2.0940216103156475,1.2361112587282108,1.3624960664034418,1.160389574289871,1.5246874085802204,1.5900017560805386
TCGA-EY-A1GQ-01A,IS2,11.131578947368421,1.8968424051347221,0.246,0.6134,0.687,1.8941,2.8891,0.4978,9.2196,12.2932,42.8562,0.2267,1.0236557328840872,0.8562377880109859,1.1112609990459787,0.5872390425629525,0.6146933182576766,0.6099616571552438,0.9673870408747696,1.4065408055121613
TCGA-DI-A0WH-01A,IS2,13.631578947368421,2.197525856993887,0.729,0.7879,0.579,3.6492,1.9289,1.2545,25.4893,6.8908,29.441,0.467,2.003961529437222,1.0340947807485317,2.418824937580525,1.2254510423457357,0.45147390365732415,0.5092911334942419,0.7447609437677907,2.6427619141016048
TCGA-EY-A1GT-01A,IS2,1.7105263157894737,2.418289890723703,1.0884,0.4874,0.1194,2.0902,2.6648,0.2936,3.5161,106.3964,131.6434,0.7354,0.8618195047044319,1.4238252862011738,1.6296864898664827,0.9857297746303582,0.3550285981559947,1.0307304386525311,1.022387472372426,4.084957938047581
TCGA-BK-A4ZD-01A,IS2,1.5263157894736843,1.7517892159398523,0.3037,0.1983,0.4129,0.5953,1.5212,0.1621,2.6973,6.7314,28.2845,0.3633,0.4587961065554157,1.7724652070714633,0.6336849777100991,0.347475168729912,2.061702566389752,1.0974849957101844,0.5805683164289293,0.8480964118436943
TCGA-BG-A0VT-01A,IS2,0.7368421052631579,2.342365740647031,0.8278,7.4198,8.7153,1.7871,2.8231,0.5752,23.604,51.1297,43.2695,0.7203,2.012944202043871,1.4861922859771235,2.5013566156861358,0.9655198941010771,0.572510046413872,0.9018155673258037,0.7332857492116245,1.5917476799284387
TCGA-EY-A547-01A,IS2,3.6578947368421053,1.9471518094798308,0.5646,3.5946,0.3312,3.3309,2.6476,0.1481,2.4935,4.6186,57.8681,0.3709,0.6990535364590126,0.7685576161060649,1.9453830208628804,1.0090037656904556,0.6851526934113252,1.088096800414392,1.4646285815059548,1.0864412032930602
TCGA-EY-A3L3-01A,IS2,1.1578947368421053,2.1675168620003458,1.0185,1.392,0.6366,2.7382,1.9388,1.3738,2.2317,9.7398,47.8698,0.3201,2.147794266618352,1.0917025483445846,2.3998272144105814,1.1649335184142042,0.5019021234855098,0.8906013119004997,0.3705763256266449,0.7847118886283199
TCGA-BG-A0W1-01A,IS2,1.5263157894736843,2.3289700445962778,0.6294,0.6165,0.2517,2.8203,5.7692,0.3891,3.4594,14.9842,54.8509,0.3987,0.7011247647506993,1.192534611782625,1.5151958262582919,1.3466425713681809,0.541756744056033,1.0511881248461237,1.1555155731243247,1.6220174655343291
TCGA-D1-A168-01A,IS2,1.236842105263158,1.9091609572176529,1.3005,0.5925,0.3484,1.0571,1.2765,0.1632,8.9409,42.1541,155.7038,0.4598,0.32337992308079494,1.2245572367319009,0.6336858419806554,0.4173502094440513,0.7251884928613767,0.6873902560775694,0.7319364117068977,3.682489742486377
TCGA-BG-A0YU-01A,IS2,0.47368421052631576,2.195936950486748,0.6954,0.9288,1.6383,1.9545,2.6681,0.6395,2.9037,34.1461,89.7719,0.2136,1.7553254678128494,1.806346988444453,1.7693595693329294,0.877860335872836,1.2672199399464386,0.8792107366301206,0.9175382923201184,0.901008099185387
TCGA-D1-A165-01A,IS2,1.4210526315789473,2.2706798650379345,1.0318,0.652,0.3834,1.2081,3.065,0.2694,14.4653,104.4368,182.6535,0.1687,1.120245110269884,1.3262127951377736,1.6399172470532577,0.6867273882849322,1.5656932738792475,1.017246262477004,1.012413075520724,2.18401548115509
TCGA-DI-A2QY-01A,IS2,2.1578947368421053,1.9582830255806296,0.1983,0.6992,0.4314,2.2034,1.1665,0.5349,24.0997,326.6919,50.122,0.5582,1.10511264785089,1.0481851396434732,1.4997910621706416,1.0888739239966498,0.6229686369424651,0.4441103410944572,0.6223547401473344,0.891520070198823
TCGA-E6-A1LX-01A,IS2,284.8157894736842,2.068798466366187,0.3385,3.4485,1.1697,4.8237,2.4246,1.3014,3.0302,233.8027,70.955,0.4003,1.7914490038221886,1.1074724633029285,2.625802291362319,1.2542200337788807,1.8303674784787942,0.6639963359545616,0.9510018998067344,1.770394026221103
TCGA-EY-A1H0-01A,IS2,8.473684210526315,2.1222108100868264,1.2409,1.4796,0.5696,2.3207,1.587,0.5094,6.4811,67.1034,98.2003,0.1367,0.9454915890954408,1.3950932029601324,2.0017926455461046,0.8497199861610714,1.7907162955670113,0.3580592778040814,1.46326023449561,1.273468772237542
TCGA-BG-A220-01A,IS2,18.736842105263158,2.14026022662582,0.2694,0.0,0.1293,3.803,2.886,0.0909,5.6326,182.0531,111.5283,0.1138,0.4670249814702544,1.386246696036845,1.5634393780803018,0.8195082230709236,0.49276067817450725,1.0864221984429072,0.9523162297762326,2.0635401829996134
TCGA-BG-A2AD-01A,IS2,,1.7521775667462913,0.1196,0.3515,0.2871,4.3017,2.0655,0.242,1.7259,24.1091,260.6667,0.5557,0.5521198134612121,1.4910054059798956,1.1272250723731387,0.6519581705756629,0.5729256495107543,0.8216423084360921,0.5370392386886371,0.49322860972609844
TCGA-BG-A3PP-01A,IS2,,2.3665738032251085,0.588,0.9599,1.3545,10.5127,6.0414,1.0443,188.6686,326.1962,61.8795,1.4236,1.0374877857351057,1.773974837195767,1.6362105514628573,0.8937662110518477,0.962993890943301,1.3726024790665117,0.9229610717778474,1.518135847106704
TCGA-EY-A1GX-01A,IS2,1.6578947368421053,1.419843915148096,0.4263,0.0539,0.0528,2.2552,0.51,0.0464,15.5639,237.5682,44.681,0.302,0.08373666936270359,0.7164328169046645,1.03245154032511,0.2898791130750645,0.7701086887056405,0.23802489150640768,0.3337078863437411,1.0303581928759857
TCGA-EY-A1GW-01A,IS2,1.2105263157894737,1.7015757474494948,0.5622,0.2132,0.2785,1.1459,1.4613,0.1835,9.4414,91.1937,25.0345,0.1225,0.48010305851097645,0.9962640193374529,1.1069360507588892,0.6832829919320633,1.1157095601896772,0.36982384577847477,0.5739373169411053,2.053215684905957
TCGA-BK-A0CC-01A,IS2,0.8421052631578947,2.1694483828016646,2.5493,1.1636,0.6176,0.7319,6.046,0.2671,1.5741,76.7506,99.2439,1.505,0.5099497795093703,1.51655937737036,1.336002737819428,0.7536745929419175,0.7528361947696812,1.9992089670364575,1.7570870564884942,4.516635939802486
TCGA-BK-A13C-01A,IS2,1.0526315789473684,2.242891011631693,0.5796,0.2271,0.3709,0.6752,5.6829,0.3909,7.281,5.9254,54.3469,0.8485,0.49589057231324496,1.6630198682602426,1.0065197644465576,0.5365662010240246,0.7226507109636321,1.3482323109578764,0.6602222376382306,1.1154619920675792
TCGA-D1-A0ZZ-01A,IS2,1.5,1.9461768987524415,0.3668,4.2512,0.2347,1.2326,0.86,0.3298,2.3039,394.9316,57.0999,0.3098,0.374791602385634,2.001739974531595,1.1161552650771243,0.8992372756723515,0.6470409919786868,0.7704029064207397,0.5651420448343221,0.8726240281999269
TCGA-D1-A17Q-01A,IS2,142.21052631578948,2.1439519799011473,0.8505,1.4098,1.7582,1.8907,2.3846,0.6398,3.891,105.0318,265.2692,0.3315,1.3297466645123803,2.020680673146863,1.9248513339152176,1.1288351697613166,0.46138514364459177,1.0001483924518375,0.5137650409231408,0.8111995058766707
TCGA-SL-A6JA-01A,IS2,18.342105263157894,1.9488019907091287,0.2623,0.7844,0.6361,2.9511,2.2251,0.3352,23.7911,49.1135,98.9881,0.2799,0.7477298846301597,1.1345239520160224,1.4382846806432443,0.7988711343183506,1.1794065579738622,0.6724909715437838,0.6516214060010661,2.68775183216257
TCGA-AP-A0LD-01A,IS2,12.026315789473685,2.3497953938018665,0.9583,3.3993,1.1435,13.9258,1.4243,1.048,133.5707,2.9524,84.0159,0.6562,1.4731546928375985,1.0355957768475759,2.2316483469622055,1.139287361135067,0.47495184131051876,0.24778002252213782,0.7692327592918293,0.7615842605685081
TCGA-AX-A1CR-01A,IS2,1.0526315789473684,2.2990843138700594,0.7997,0.5657,0.0426,2.2693,4.6023,0.1948,53.84,168.1822,15.5303,0.3752,1.214034908732159,0.7503127072921512,1.6072249549183333,1.0838092506090409,0.8973905278949607,1.2442144591045192,0.8610310990118717,1.4476444111062599
TCGA-AX-A2H7-01A,IS2,1.894736842105263,2.2026340940614184,0.7327,0.7489,0.5504,2.1412,3.3817,0.6661,6.0407,138.5641,76.9407,0.4843,1.1043126883634098,1.3406187793924973,1.5806727602232455,1.1601508777184006,1.356695755748652,0.7691640007925195,1.1921419524847052,1.548220856878827
TCGA-AX-A2HC-01A,IS2,306.7894736842105,1.8538281751989851,0.5468,0.0,0.247,4.3667,4.0724,0.1952,1.3637,0.1309,206.6959,0.5433,0.39111466624331426,1.8069102162198878,0.9056796839650832,0.6368592796747171,0.8315236098367059,1.4037297975076666,0.8943748178250396,0.8033133998938298
TCGA-AP-A1DP-01A,IS2,10.81578947368421,2.3725846746653088,1.0887,0.5332,0.4354,1.6464,4.2932,0.2448,57.7531,75.4752,39.3637,0.8429,1.1897961066075646,2.1347409040006124,1.5581897389376382,1.039577418918331,1.7471481219288905,0.5503252734546363,1.850170282860926,1.9549099406992478
TCGA-AP-A1DO-01A,IS2,13.5,2.2020472419108783,1.2623,7.025,1.542,10.1037,2.8986,2.2444,18.0088,4.9835,45.21,0.3877,2.498006771357341,0.9712065706357631,3.5505947797510227,1.614592364829639,0.7144897511101663,0.24525867820955094,1.1739742326055036,1.7229546434661678
TCGA-AX-A2HH-01A,IS2,0.868421052631579,1.9328820597966032,0.9709,0.2579,0.0,1.3937,1.0524,0.0555,54.7147,27.8053,125.428,0.3336,0.5254708849243366,1.5436682138452802,0.9669704611570179,0.3607190001220099,0.25392579700164875,0.6091409015098848,0.7938640598815885,4.2664210593548
TCGA-AP-A1DM-01A,IS2,8.68421052631579,2.3485245197870372,0.5608,7.575,1.9832,12.5781,2.8314,2.3889,7.4743,58.9664,92.8787,1.0969,2.30063808376202,1.7570786338576638,3.7004248840224063,1.547863189077189,1.309949860556557,0.48159323006046867,1.0125261269358752,1.3921960929501696
TCGA-A5-A0GV-01A,IS2,1.0263157894736843,1.8361932730088337,0.4557,0.744,0.3888,1.1912,1.1981,0.0854,33.0989,139.8799,61.6611,0.2138,2.9926370366847306,1.3152539161650545,1.0475473886678082,0.7734821193522737,0.36780195466695825,0.5107050341914409,0.49478464366976993,2.1927522091880394
TCGA-AX-A3FW-01A,IS2,1.0526315789473684,1.9825214416498367,0.7072,0.2653,1.1554,1.9014,1.6743,0.5886,49.6406,14.9894,24.5369,0.4321,0.830169892401036,1.2530831646153329,1.2342650720750559,0.46497406747552017,0.6120505728940043,0.607050636171489,0.686629081436115,0.5747078283106459
TCGA-AX-A3FX-01A,IS2,1.1578947368421053,2.2807394745195686,0.4959,0.5449,1.9038,4.8611,2.7843,1.0767,19.714,36.8812,16.1051,0.3473,1.0331445209936057,1.2331412783679427,1.8317800459823845,0.7775195824810741,2.542313648536083,0.700601079448406,1.2964793443029736,1.5138635718044482
TCGA-AX-A3FZ-01A,IS2,0.868421052631579,1.5784869115018587,0.1942,0.1775,0.0249,1.2355,2.0199,0.1222,0.2592,0.0176,69.6616,0.4592,0.5846934167680359,1.3769994187831471,0.501169621960988,0.28019152042912426,0.28833512687463353,1.9491698518112193,0.6875797873912816,0.5636999579599212
TCGA-AP-A0LT-01A,IS2,16.55263157894737,2.268124394943435,0.7753,8.2271,1.8604,6.6441,3.6359,2.157,6.3919,176.5942,94.5326,0.7639,2.515262655763016,1.2858219855857194,3.0306041459942157,1.3028766720614389,0.7417225940336957,0.7749000818207264,0.8829146534175005,1.804917631598088
TCGA-AX-A3G4-01A,IS2,0.8947368421052632,2.202558118776348,0.5538,0.7891,0.2577,3.6322,2.3826,0.5207,18.7381,124.7228,84.9031,1.2757,1.0700472691929142,1.0205947355259974,1.278407080562399,0.7191469695367894,1.3597509114868556,0.6518669136019621,0.9925543158484273,1.7310459635607867
TCGA-AP-A0LS-01A,IS2,10.31578947368421,2.345677015170508,1.0294,5.6968,2.9641,9.79,5.0029,2.3952,42.2511,105.2995,45.0876,1.5649,2.194006578969724,1.7210587631858774,3.9173948951402338,1.5057416951715101,1.7006922247784795,1.0324332941899312,0.8758333000977565,1.1383990677331124
TCGA-AP-A0LO-01A,IS2,0.6578947368421053,2.130549917223696,0.6052,1.8828,0.7517,1.3877,3.0048,0.5042,10.4812,45.7493,41.1331,0.3608,1.0581650897544155,0.7119949503121384,1.3121565567764715,1.0211439707075403,0.9226479723085667,0.6442020244649461,0.9678034579748094,1.059676212712551
TCGA-AP-A1DR-01A,IS2,17.526315789473685,2.4756727322130914,0.5256,6.1776,1.2611,8.1248,4.4113,1.8388,24.9536,291.9084,104.5673,0.9433,2.173663148392437,1.374538740976958,3.3473105592625316,1.6042138632995295,0.9081552554497964,0.8767864343681113,0.954068013308814,2.475330023887153
TCGA-AX-A3G8-01A,IS2,19.263157894736842,1.9689839029695568,0.2057,0.465,0.3038,2.4887,0.769,0.4055,35.6144,41.6611,79.6366,0.0802,0.4619719760512804,0.7830018823770019,1.9593884387839484,0.7824049828783691,0.2344105294295786,0.35087211833727167,0.5089417450211335,4.67416263879453
TCGA-AX-A1CN-01A,IS2,0.6842105263157895,2.297947661284584,1.0304,0.757,22.1293,1.1687,3.4182,0.1955,13.5771,9.6141,121.8573,0.5439,2.478976015117468,2.2133765796223845,1.9902398046602507,0.6769999178773402,0.8328180122369376,0.9556662761612099,1.44153702961987,1.2693884784358604
TCGA-AX-A1CK-01A,IS2,1.131578947368421,1.6434670281343635,0.3096,0.7582,0.4458,1.9075,0.396,0.0522,33.6991,14.5661,27.2805,0.1307,1.967598286227707,0.8066901112146838,1.3026480483241352,0.5076554897827507,0.9715875876944633,0.19293521868438204,0.5816730909145083,0.8353382084556501
TCGA-AJ-A2QO-01A,IS2,26.973684210526315,2.481104799311329,0.7511,2.4435,1.2101,3.4616,4.7001,1.1759,10.6308,312.5618,56.7151,1.3593,1.4698248176945343,1.7463917840314636,3.0620073792208884,1.2730820988948388,1.5871550070295364,1.5020087740280814,0.8204882563029318,2.9076044156911203
TCGA-AX-A064-01A,IS2,6.868421052631579,2.0517620628050315,0.187,0.2198,0.3589,1.0053,3.5867,0.0757,0.8808,61.4526,37.9112,0.4421,0.8892118282607661,0.9409580557203997,1.1956614398411252,0.937236143177328,0.5364171084963844,0.9229244861808441,1.2696894494882143,3.1502625329201237
TCGA-AX-A062-01A,IS2,0.6578947368421053,1.9975069549872437,0.7537,4.2023,0.6678,2.5718,2.4469,0.0391,18.1629,42.2514,36.7111,0.7834,1.2555781730162974,1.3830548646579546,1.547740550058781,0.7618304937723197,0.2917169669828848,1.0170804761184025,1.0042032193674169,1.7337455521914962
TCGA-AX-A1C4-01A,IS2,20.81578947368421,1.6859489424666456,0.6838,0.0638,0.1875,1.8821,0.9161,0.2635,6.6725,40.167,161.9877,0.385,0.6415241743215956,1.4020061351763535,1.422316856296125,0.6961734657197226,0.5257686556387587,0.6396483698150076,0.26382768647247284,0.2970099207259909
TCGA-AX-A060-01A,IS2,,1.6583886563956567,0.1369,0.1341,0.0438,0.2761,0.7297,0.1231,2.4459,96.3227,106.5955,0.3469,0.830594007932612,0.8113535247939446,0.5421342256853021,0.48817574580095624,0.48299771971175626,0.4219137087310223,0.4663233903976617,2.9433985902655846
TCGA-AX-A1C7-01A,IS2,1.0526315789473684,2.057566155609861,0.3235,2.2496,0.031,2.5656,2.0065,0.0327,5.2957,18.3724,130.6569,0.6011,0.15123003493661935,0.4043664645416121,1.2296187874113986,0.8415820886676556,1.3650316567579492,0.7221579474667857,0.3603976024902489,1.691833878094422
TCGA-AX-A1C8-01A,IS2,1.6842105263157894,2.1073240977420826,0.3671,1.2841,0.302,3.4189,4.1583,0.1768,3.366,34.4451,56.6855,0.1772,0.7355845301895325,1.0048437227969498,1.5597532950048663,0.8826737738652926,0.342094171727531,0.803603515768469,0.8000532620101268,2.4089723176480553
TCGA-AX-A05Y-01A,IS2,4.605263157894737,2.1207772555503586,0.7141,0.6994,0.1582,0.5169,1.4051,0.1667,3.5258,73.7266,170.7008,0.1856,1.8701498911748777,0.9150289265737976,0.4936020279809739,0.6212998855659413,1.0278957086593818,0.6554069015095331,1.0754743378955376,0.8251952503838154
TCGA-AX-A05W-01A,IS2,1.5789473684210527,2.2517804493867097,0.8633,0.6208,0.2727,2.2917,6.1917,0.4054,11.4679,28.4163,23.7898,0.6461,0.6293000797859492,0.8301508342951945,2.3179029552671766,1.1010989337023496,1.4765568738685821,0.746115636023227,1.3113736971507193,3.3833044623345976
TCGA-AX-A05U-01A,IS2,0.6842105263157895,2.232090298769331,0.5563,0.2972,0.6795,0.5438,5.1093,0.1705,10.4225,62.1763,217.9662,0.6833,1.2384957933051408,1.3649057813824068,1.5063946724382167,0.6058441349810938,0.7059596858853383,1.4506032160456854,1.071859504798759,1.44692922635861
TCGA-AP-A3K1-01A,IS2,,1.9147646934115683,0.5068,0.2874,0.4608,1.219,2.5414,0.2249,12.8168,131.4526,43.3827,0.6308,0.46370702328836777,1.187443935417025,2.1652404645872663,1.2317172027668692,0.2230754169332018,0.8022379892245857,1.233671967211382,2.097307236379049
TCGA-AP-A1E4-01A,IS2,0.5,1.7027092470147447,0.2219,0.2174,0.213,11.3861,0.9461,0.0748,22.0429,3.2126,78.0805,0.3749,0.2484784077405382,1.440657589457645,0.7186967334636452,0.7492656015299463,1.8793747857582612,0.5680856264918087,0.7033848019207591,0.6764127459654806
TCGA-AX-A1CE-01A,IS2,266.44736842105266,2.1946288489581387,0.3855,4.9722,1.4185,4.8802,4.7665,1.3434,6.3948,793.4652,54.0979,1.6823,1.8900160428567414,1.280551866762621,2.4590776453701775,1.7335487570639367,0.537074438823566,1.2739384372141105,0.8897876403945485,1.3810653440769853
TCGA-AP-A1DV-01A,IS2,279.2631578947368,2.3217463798601963,0.6909,3.1942,2.3873,10.0304,3.8526,3.0009,2.9945,74.4109,51.6907,0.4201,2.034104540625316,1.887987052797311,3.334338651319143,1.5796183369161092,1.596593526938573,0.8175236632849124,0.8577735903447364,1.4823712703893808
TCGA-AX-A1CI-01A,IS2,0.8157894736842105,1.6960403247739508,0.7038,7.7878,1.7892,1.0739,1.192,0.2053,7.4823,16.2369,28.3362,0.0964,1.1838920267384867,0.9609920313373671,1.1682970234202967,0.6173153016621562,1.1783910600557659,0.2730527458661461,0.9605406325377533,0.7482269502195241
TCGA-A5-A1OH-01A,IS2,,1.9720751505112029,0.1927,1.2942,0.8983,3.3673,2.6757,1.9308,6.8732,4.8566,96.9828,0.4417,1.868857434407651,0.8933453274270519,1.2863372573380711,0.7173362936956663,1.2486022721250192,1.1677022421845247,1.1545218898685223,0.9616759949446987
TCGA-AP-A0LL-01A,IS2,1.105263157894737,1.7903378139148358,0.5199,17.9018,2.2263,2.4461,1.381,0.1483,8.2898,20.5429,14.6248,0.1689,1.3550978468251749,0.719471413495245,2.329862332115701,0.7622408726700217,0.437708719142712,0.23958646317012308,0.7541476859520225,0.7705148777805461
TCGA-AX-A3FV-01A,IS2,1.9210526315789473,2.192126624811064,29.456,7.8564,0.3717,2.4538,2.4761,0.2052,0.8469,2.6087,23.2753,42.9345,1.057630509459112,1.4288546588463567,2.0976385708526095,0.9765495525492927,0.46479407101414383,1.1051487860632727,1.825043217416108,3.644061937411358
TCGA-AP-A05H-01A,IS2,1.631578947368421,1.8841097733016938,0.1166,0.3046,0.0,2.8737,1.044,0.1049,8.9726,43.8357,139.4032,0.0657,1.013556751283446,0.6614973537307441,1.045702113343212,0.6676166427507149,0.6394467960251619,0.4315080243183786,0.3443632395636581,2.2046321096763326
TCGA-AP-A05A-01A,IS2,1.605263157894737,1.5694197540477155,0.3463,0.5815,0.0,4.9876,0.8858,0.2336,47.8356,72.0397,67.8788,0.1671,0.23483881490859454,0.7154269782494365,1.045406611632587,0.3257674498697469,0.3601503851969447,0.22267587365420569,0.6306395457496288,2.215485632132778
TCGA-AJ-A3NG-01A,IS2,1.6842105263157894,2.3212365334578697,1.0181,0.4986,0.9197,3.6426,2.9104,0.8886,18.7434,153.9287,79.6659,1.138,0.8735945348507994,2.131265184911838,1.722312568455001,0.6907496458521729,1.332281690282833,1.7917955361273534,1.1560973268968249,2.888420680098502
TCGA-A5-A0GM-01A,IS2,0.9473684210526315,2.1118976557662608,0.316,0.7737,0.2527,1.3804,1.8521,0.3019,2.5739,23.4052,51.162,0.3113,1.614235165152858,0.9771507992036105,1.608629388619679,0.8831142526863835,0.7943963689604535,0.45068018587403996,0.9990298687476051,1.7628668634385034
TCGA-AP-A05J-01A,IS2,1.0789473684210527,1.7016778849429692,0.2053,0.2513,0.1478,0.7588,0.8532,0.1211,0.8159,136.3611,87.7732,0.1734,0.5810407515461348,1.079632715517951,0.8144337239489653,0.7716393718470571,0.47008874411165275,0.3339414389866717,0.43663353179820896,1.5878295685330597
TCGA-AP-A05N-01A,IS2,6.552631578947368,2.321146481068371,0.7467,3.5108,0.3823,1.3384,2.8651,0.235,10.0845,33.5773,73.3036,1.0091,2.7390227813975696,1.6742218378479672,1.7064364180832587,0.8507646631927331,1.426585822053602,0.879319794259734,1.0303962679691936,2.0400272592062314
TCGA-AJ-A3OL-01A,IS2,7.394736842105263,2.139123885335268,0.7897,0.1547,0.0758,3.5826,1.8432,0.1198,331.7422,168.3596,130.4207,0.4669,0.8708609503834375,1.5231210011056844,0.6820545585053268,0.31358052959237487,0.40593144355616423,0.6519146402611716,0.545606533914754,3.134446955088921
TCGA-B5-A0K4-01A,IS2,1.263157894736842,1.9796280143583884,0.3654,0.5857,0.1913,0.6698,1.5294,0.4929,18.6613,1.2622,49.9832,0.4489,0.5981771429771593,0.9236506212092648,1.3928887135183396,0.8558985905727493,0.5780970822806127,0.6897706994135809,0.6119077796454929,1.052764228005791
TCGA-AP-A0L8-01A,IS2,1.368421052631579,2.0121881805380384,0.444,0.8698,0.3551,5.1728,4.4483,0.5241,1.5688,225.8673,110.6041,0.5,2.992016314396606,1.0748500202260536,1.502129776840637,0.7469029806446064,1.8265610861315453,0.6816223593070578,1.0023231030588589,0.8129672503816816
TCGA-5S-A9Q8-01A,IS2,1.263157894736842,2.3548329364263623,2.3422,26.0548,15.8165,4.554,2.1931,0.4231,99.4531,7.7194,33.6607,0.2119,1.971373131887289,1.5125625368373334,2.808040140337763,1.0943366008409834,0.08771499472360578,0.6214666796622748,1.9534148791913066,2.2178550929229592
TCGA-AP-A054-01A,IS2,28.13157894736842,2.4330776699259644,2.9344,6.3365,1.1522,14.5681,5.3736,2.0016,14.1777,7.3312,115.0955,0.6759,1.8845725125175343,1.5321969093400618,3.356692642779359,1.6012826830317541,1.006403913466885,0.5023197825073148,1.2019341480472256,1.5204351171173769
TCGA-AP-A0LE-01A,IS2,13.5,2.0027888973758925,0.7188,4.8443,1.2695,8.8127,2.4271,0.8145,7.4503,8.8971,56.5611,0.7285,1.8187227065079274,1.2674945559506723,2.318168368480162,1.1259394758295405,0.7498277954697947,0.4044431492449516,1.1901521063113525,0.9727482964027993
TCGA-B5-A0K1-01A,IS2,1.105263157894737,2.2805058489757046,1.1875,0.3323,0.5699,1.7103,2.8748,0.286,17.3322,236.094,149.1148,0.2865,0.7154217533400121,1.885942315771083,1.639155223438598,0.9059925455054942,1.2449157657532086,1.3447101884292831,0.963546289529353,2.315426170716142
TCGA-A5-A0GH-01A,IS2,11.394736842105264,2.256221512322735,0.734,3.0065,1.7292,8.0278,3.6696,1.5751,3.9293,1.4036,141.1802,0.8453,2.865271265386516,1.7048898349526773,3.1042901526549875,1.3755028508923015,1.5640840895986645,0.756399427893962,1.0147121195701934,0.46495772471352653
TCGA-AX-A3G9-01A,IS2,15.789473684210526,1.7658267019602925,0.4301,1.133,0.7117,2.6712,1.5742,0.9301,10.0775,40.3511,49.3398,0.3006,1.5353113204513038,1.1996989087539884,2.0407573980482874,0.8462578221825601,0.4159432647657733,0.4583270850770542,1.1572660312137615,0.6683517075498296
TCGA-A5-A0GB-01A,IS2,16.789473684210527,2.250246649762702,0.6803,3.8244,2.2145,8.9067,4.1992,2.7131,4.0411,5.1383,92.3865,1.1492,2.4226388363051514,1.9577395279364918,3.709796446800097,1.532138624776898,0.5964952104268155,0.9799525756287447,0.48463431151476577,1.1697699973391926
TCGA-AP-A0LG-01A,IS2,10.421052631578947,2.2950784531102624,0.7776,1.0881,3.7674,0.6969,2.3679,0.3496,39.0757,195.987,167.7106,0.6255,2.5253881474433437,1.31839029671972,1.656360568772092,0.8287291757020105,0.6251314402268339,0.6712897314247499,1.2312046748682288,1.4035204264226626
TCGA-B5-A0JN-01A,IS2,3.0526315789473686,2.1580534290578326,0.5585,0.2617,0.4429,3.346,2.2828,0.2129,51.3247,849.0702,80.5711,0.4922,0.6587424806264353,1.2745525421914463,2.446335549460906,0.9834452746849384,0.587571959788511,0.732630779812644,0.5310504524056534,1.323274596819486
TCGA-AJ-A3EM-01A,IS2,1.0263157894736843,1.9374656130218937,0.3667,0.1026,0.0,1.479,1.3625,0.0471,6.4174,34.9591,63.7862,0.177,0.5961613602075855,1.292478883202547,0.856495883371525,0.4331488309990303,0.8261209949859415,0.7361310490243916,0.5240885214807096,0.3665699672273759
TCGA-AJ-A3I9-01A,IS2,0.6052631578947368,2.1126842981779412,0.6276,0.3688,0.9637,2.4886,6.0196,0.582,9.5899,95.8765,56.091,1.0335,0.7768801294016268,1.508917744262898,1.6094394492336637,0.5888957359221503,0.8962865808856456,1.3699959000606745,0.8366772154261137,0.7356599964557233
TCGA-EO-A22T-01A,IS3,24.236842105263158,3.570032887089658,4.0128,6.8783,4.4934,19.1491,12.6593,6.1119,29.2621,102.744,87.5291,5.6484,3.013081865173807,2.800018517849656,4.439220032320203,2.33007541467441,2.9480305323237914,2.4187657173287795,1.7438629669797026,2.103831497902938
TCGA-D1-A0ZO-01A,IS3,14.842105263157896,3.377698289858261,3.7018,5.9796,3.3661,7.5952,5.8558,5.1247,38.8563,51.3842,63.0725,2.194,2.4752369690469065,2.679577266958766,3.167356440605391,1.416567708869551,2.170115229220201,1.3474813204471374,1.839568714280319,1.4324913184268422
TCGA-AJ-A3BK-01A,IS3,1.2894736842105263,3.453532332016133,1.6998,8.16,2.7251,9.0141,15.3371,2.7715,15.5314,215.0406,115.3798,1.2305,3.5703700810175283,1.4873891855278114,3.47122781968477,1.3046889473895955,1.3926843043017516,1.9534753768917834,1.9621730388315655,3.317078285627149
TCGA-EO-A3AZ-01A,IS3,23.13157894736842,3.546446483205336,6.1347,21.6259,6.8696,114.3778,19.2677,3.3402,21.8825,0.1734,68.8012,4.8844,3.1361528323642442,1.4623430269181492,5.823792541722027,2.5773187760209426,2.272912576621685,2.1046604118689234,1.9725053966821142,2.807234565210212
TCGA-AJ-A8CT-01A,IS3,15.0,3.6352809738093184,2.8059,15.7848,11.1182,11.1339,12.0133,6.4767,38.2422,28.5902,29.6169,2.7626,3.8479329180767996,2.0984477835672046,3.5737012751773887,2.2290465333004876,4.502742518703879,1.9214988880611228,2.2493324350251753,2.260976112666977
TCGA-DF-A2KU-01A,IS3,236.28947368421052,3.668153295580396,3.1565,21.3464,10.8616,63.2402,26.8419,7.0207,23.5314,30.8521,94.8031,5.8423,3.1753432015599996,2.517040681536351,5.254208943847902,2.230555005195844,3.977907661010955,3.0145911332875244,1.936142903634153,2.792437504661812
TCGA-EO-A3AV-01A,IS3,96.55263157894737,4.130889486380849,8.2096,17.0877,6.384,60.441,18.6905,9.9459,1512.7596,1.9601,67.3728,5.2965,3.9070523589828836,2.1273541813559316,6.118867455036161,2.478813346350896,2.790981151921436,1.471757476675007,1.836166505053531,5.801276703823661
TCGA-AX-A05Z-01A,IS3,174.1578947368421,3.63078057439357,16.9879,16.5505,7.891,45.4884,20.4777,9.0065,268.9243,11.5889,63.2078,1.9565,4.164101485197003,2.0599292290473086,4.772565360430995,2.603437877819127,1.526641206795526,1.5022531697811665,1.7858563868126394,1.7875294582990107
TCGA-AJ-A3QS-01A,IS3,5.631578947368421,3.833794087286526,4.023,10.8326,8.4085,16.3281,14.065,7.1027,175.2186,1222.8898,62.5635,3.4633,3.574710373299011,2.3133416518380394,4.542371682894308,2.183670495582465,3.280694103013174,2.286547397481147,1.7948907340641789,4.03471618177773
TCGA-EO-A3AU-01A,IS3,16.57894736842105,3.6518108051001605,6.9116,5.4859,6.3669,13.0552,12.8275,7.6485,123.8791,40.9153,183.4615,2.2142,3.0005633563778797,2.4041182578059135,3.9891528584140614,1.6062698766123031,1.9801702716535143,1.588025705058594,1.529889679051216,4.129467515046119
TCGA-AX-A063-01A,IS3,25.63157894736842,3.495825631281822,3.6948,28.6789,7.494,24.6458,15.5137,9.3563,81.0367,102.1768,71.8298,4.2392,4.076193646189899,2.2855878631674673,4.750542470680028,2.334744267532151,2.8492037203903195,1.7409211517984364,1.8793544027365578,1.6352313472538098
TCGA-BS-A0UM-01A,IS3,11.394736842105264,3.976129325861951,4.4352,13.3671,6.8767,12.7649,13.6721,7.4782,135.6801,212.6767,60.7196,2.2091,3.3373810040473044,2.6404112133487403,3.8147876685264204,2.250319710434602,5.216786748336871,1.8983624268246373,2.5809309025924154,2.331996163850206
TCGA-BS-A0UL-01A,IS3,9.289473684210526,3.525821226024404,2.2857,10.1144,5.8332,18.2548,7.2912,5.7311,25.7803,7.0799,43.2646,2.4074,3.281613516046148,1.9984426517050986,3.4235525094512473,1.734284763514045,2.953106403009271,1.5551605392542143,2.214051928402965,1.93877440173265
TCGA-DF-A2KN-01A,IS3,104.60526315789474,3.8834095431144133,4.6866,13.0771,8.1999,26.8737,33.1329,7.4064,54.0972,122.771,90.0289,7.6243,4.040654544906916,2.9793929437685,5.012756840349712,2.262428955575394,3.3394700196691454,3.070338999630198,1.990536097261977,3.8204365903421373
TCGA-D1-A3JP-01A,IS3,0.9210526315789473,3.4188265698210216,1.9561,4.0838,1.8638,3.7619,19.5943,2.9949,5.9193,43.3857,86.0031,1.8089,2.8144162556191166,2.1898337613274363,2.6538761652997342,1.1268323450604973,2.9692335803402394,1.829969502738929,2.90043888152893,1.8978306924534898
TCGA-BS-A0UF-01A,IS3,200.78947368421052,3.6253707287256267,6.8586,20.058,7.6645,27.0333,17.7944,7.5498,33.1477,57.6098,131.1331,4.3445,3.484855373169837,2.6463416885969258,4.2707279979489545,2.1401703980377236,4.367724615637758,2.5657678043184347,1.5710346280985859,1.9978698726574187
TCGA-BS-A0UA-01A,IS3,8.052631578947368,3.3820366382079228,1.9426,11.0939,4.1714,5.7537,9.9799,5.6625,16.6742,45.4426,93.5339,2.169,2.557845688685454,2.3850375523084146,3.297683778055049,1.4480093956315667,3.6789584307859378,2.14967329709858,2.152461525797862,2.6358250272983805
TCGA-AJ-A3TW-01A,IS3,2.5526315789473686,3.423971745928954,3.8963,4.1008,4.2237,10.9066,29.0786,3.3286,13.6048,89.0215,107.0923,6.504,2.1984143946216275,2.393119761364999,3.8507810723286484,1.7332469631643888,1.7558146630230294,3.3850530454300802,1.8427234758478583,3.7540495973925325
TCGA-AJ-A8CV-01A,IS3,5.421052631578948,3.4742693669083313,2.419,9.3327,6.0614,12.8329,15.5395,5.6664,69.6792,198.6728,103.8066,1.8402,3.3163291591241495,2.7222702950231294,3.934574836241921,1.8141380423868674,1.2312000376065164,1.6521789900798671,2.1119012783274065,3.2135855304219496
TCGA-E6-A2P8-01A,IS3,13.81578947368421,3.4929135203677992,4.4456,12.7522,4.8765,18.3279,24.0625,3.8817,21.5274,3.4206,136.986,6.3694,2.9010391853714688,2.452537529632959,4.189883697284855,1.9929139545164176,2.6732467318279096,2.807977823986261,1.86464213376517,3.1329974802902565
TCGA-AP-A1E1-01A,IS3,13.078947368421053,3.388970007271597,3.7051,8.1483,3.6904,8.6454,7.7337,2.8996,141.3243,140.6948,131.566,2.0664,2.2149048550783106,2.527952453395409,4.209262367912932,2.0753783989621963,1.381935223907842,1.3924028517327078,1.2304641553736515,1.1938437354079747
TCGA-AP-A0LM-01A,IS3,,3.4335843290210866,1.3055,26.0851,3.2299,38.6845,9.6095,8.6871,56.785,6.1417,51.9997,2.5971,3.515795178140334,2.2080434555669677,4.697132168355342,2.4483150664244357,5.329888878663652,1.1718787041090502,1.909439042115818,1.8750135293180883
TCGA-AP-A0LI-01A,IS3,2.4473684210526314,3.6222316428114207,1.4789,33.7351,3.7852,47.6228,16.3922,7.8906,10.3344,93.259,53.7852,2.1094,3.6969287982628565,2.0172031252386144,5.37888653417546,2.4989300634999383,3.1319626380184773,1.4163355293836488,2.1049167809181215,2.8459342592026964
TCGA-E6-A8L9-01A,IS3,1.131578947368421,3.280306793177243,2.1572,2.871,0.7903,22.1578,12.0256,1.7881,18.1916,3.8885,85.3788,2.6703,2.7178576657419633,2.153042949297441,5.0105617493319174,2.619801573541986,0.5738594866579381,1.7322326864729343,1.4213372907133244,1.9562808081661387
TCGA-AP-A1DH-01A,IS3,14.947368421052632,3.2166025354401695,2.0617,38.7503,7.7435,40.568,15.3627,6.4689,22.3115,1.0949,68.4274,2.1198,3.8029166503844904,2.2639532986200197,5.530487856979845,2.552686741714422,3.1950463403119236,1.1601880321472333,1.4971531016250397,2.4903593055347777
TCGA-EO-A3B1-01A,IS3,0.8947368421052632,3.4504619794904094,1.2089,5.1935,2.4428,6.7284,14.0781,3.433,43.9631,87.098,79.2437,1.8987,2.2787935712282366,2.4073232140987204,3.5649754979974126,1.9077216937975132,2.9318529731023624,1.686900287376652,1.9531047507375008,4.332143160402471
TCGA-EC-A1NJ-01A,IS3,6.078947368421052,3.3523423321004873,2.7062,5.6941,4.6177,9.4987,9.0694,6.1008,41.9065,95.4891,41.8919,2.2856,3.0657470463798084,2.1054879965857802,3.6291746885701266,1.9222206376981026,3.3706685018206133,1.2468703981711886,1.5321993133424479,2.439726628436718
TCGA-AP-A1DK-01A,IS3,242.10526315789474,3.371159785404307,2.3535,35.2502,6.6339,42.6901,9.2969,6.2086,10.1051,38.6921,40.5415,1.9626,3.5261323087878704,2.1790034764000716,4.209115399377474,2.3516754601761307,5.370714632982842,0.8271131817313521,2.2090172117014157,2.769980805382168
TCGA-EC-A1QX-01A,IS3,15.368421052631579,3.3279101048960773,7.6294,11.5297,3.9229,27.5807,13.5214,7.4795,144.5072,26.107,75.467,4.7867,3.714627617568949,2.22827221767148,4.96994581415526,2.623214771125925,1.8002577531752466,1.2549766899511614,1.5392258559168062,4.054670532264232
TCGA-D1-A16X-01A,IS3,61.78947368421053,3.5297378066924376,2.7987,11.6804,5.5477,11.1228,10.7772,4.6368,54.602,70.0186,206.8747,0.8735,3.457092853500515,2.1142856211865064,3.5710404989457336,1.8739894804302093,2.8482278001767405,1.7195439499834688,1.9141441317115664,2.620997841923529
TCGA-AJ-A3NE-01A,IS3,19.026315789473685,3.6212908861558004,4.2943,7.4701,5.4729,10.6111,14.4485,5.0715,136.2425,74.941,134.0885,4.0934,2.9046200197210235,2.80446711620249,4.6437233132427,2.0425456219623728,1.0082621096687678,2.1953270441356447,1.419092355357877,4.11590838705525
TCGA-D1-A174-01A,IS3,19.44736842105263,3.3389294776099825,0.7264,34.3786,7.0834,30.4643,6.1685,5.9375,7.9047,34.8176,133.7058,0.7362,3.701576158815709,2.0416748970253926,4.200675351476924,2.181840290669028,4.2131913000517365,1.1250666487185956,1.5411208912186456,1.264193320257277
TCGA-AJ-A3NF-01A,IS3,,3.5880447683402514,2.2017,3.8767,6.5662,5.4437,12.2191,8.4942,34.8989,67.0349,58.6598,3.7633,2.9814893932402855,2.5408838850326223,3.2236428000855786,1.4299325881991338,1.9238319256953311,2.3684012121440357,2.6399374497052355,2.324455692387292
TCGA-DI-A1NN-01A,IS3,1.131578947368421,3.3834147001404697,2.3338,6.2283,2.2725,8.1384,25.7385,3.3761,14.5398,112.1838,91.1427,2.8566,2.3890078107175854,2.052297604729762,2.648368160581657,1.5275910134855852,1.9185032779614346,1.7359099763363133,2.449055684556242,1.9780049508460984
TCGA-D1-A15X-01A,IS3,36.44736842105263,3.8710074601069437,27.0057,15.0614,5.1841,33.3017,13.3222,7.174,1168.9368,21.1672,47.4744,4.0496,4.082492062566018,2.3080987453315163,5.801658304517321,2.897874734954178,2.012478999909152,0.9506289919845402,1.0325050279058425,3.8269217755655673
TCGA-EO-A1Y5-01A,IS3,1.4736842105263157,3.6373147572016196,2.2864,9.4491,2.9461,18.0623,22.6731,4.9219,162.4207,46.1197,97.9676,3.3331,3.1664257113764536,2.1527792191917525,3.9002165533652917,1.8572852221515461,2.1086356919953064,1.809197225345778,1.8998649145994133,2.228173090777465
TCGA-AJ-A3EL-01A,IS3,,3.778390258389486,4.9215,22.9337,13.559,58.3979,14.157,7.8074,296.6694,50.8804,120.159,4.2532,3.583987452210728,1.975677333714252,5.525708794839893,2.2236805320414668,3.803675164907826,1.7154302076913075,1.2332729353742273,1.324408763843416
TCGA-AJ-A3EK-01A,IS3,130.0,3.6067537559045273,5.0981,12.857,7.2367,18.4849,23.6077,6.5737,19.1861,152.6095,96.2398,9.9312,3.0320378220638164,2.6254026452186507,4.507220476847833,2.0075998496811245,3.2318027288453632,3.2482713831999868,2.120903179951605,3.1163878909509903
TCGA-D1-A101-01A,IS3,9.526315789473685,3.4392076033636823,2.2858,14.8803,6.2781,25.5742,8.5904,6.7358,51.6059,17.8014,52.0458,2.4948,3.753246685797173,2.093817948720256,4.133056969056473,2.19714086821049,2.752741667846319,1.2243515700428755,1.5596895768349672,4.511190518738245
TCGA-D1-A17B-01A,IS3,7.078947368421052,3.687755188054637,2.5022,3.8513,7.0333,6.727,17.6389,3.3148,24.7331,124.8736,177.658,2.3145,1.7736646969388519,2.9353165630520706,3.8463722118523545,2.1861397548531065,3.46525703530958,2.3727325197512106,2.458196124800203,5.639404947655888
TCGA-D1-A0ZV-01A,IS3,0.9473684210526315,3.495472307855874,1.5322,3.5709,1.065,4.9362,21.7929,2.3697,18.6683,404.9883,63.8639,1.2048,3.2885160505461166,1.7505977235756827,3.1076372730188853,1.9244793942936091,2.950348262820656,1.632905198856031,2.598605792953186,3.864840378310698
TCGA-AP-A059-01A,IS3,258.3157894736842,4.389505518320598,10.1985,36.3899,7.9062,87.9802,30.996,17.1012,976.6447,56.5791,63.9103,5.4425,5.317623716421975,2.3323010454456066,6.707669653152009,3.5457205723803793,4.042375031967737,2.5876343901434526,2.122670854512643,2.6443616814757664
TCGA-DF-A2KY-01A,IS3,,3.3358419068097125,6.4366,8.7941,4.1503,68.0869,21.0023,2.4822,26.2797,0.0224,174.7648,3.1502,2.6741866045036415,1.3311531648131618,4.840994590254624,2.008441237024223,0.6948695694418686,2.4945976482087566,1.68971708578459,2.1501862879646794
TCGA-AX-A06F-01A,IS3,179.94736842105263,3.334046856604068,4.1016,17.2692,2.5853,26.5802,20.2784,2.9727,60.0588,73.5257,97.2535,6.8248,3.0547643341501334,2.1746826592176394,4.675277503446571,2.177581360456247,1.5482957614924926,2.806674072942991,1.653768012287478,2.451827614055333
TCGA-AX-A0IZ-01A,IS3,,3.5195515596518914,3.7739,23.5991,4.4139,31.1103,9.2698,6.8099,78.5043,19.6048,41.8025,2.7441,3.623425226908075,1.984004150613315,5.065397062114751,2.4602803625549376,3.0890638165802664,0.9098490329648037,1.8062941458043675,3.132510910901846
TCGA-AX-A3G1-01A,IS3,,3.439300306588513,3.7629,4.1424,3.2282,14.7272,7.5383,3.8629,163.4272,236.2204,57.3815,1.9406,2.6941718149885316,2.1423698281763923,3.6393249851426823,1.7078183209376174,4.065561447777206,1.437502338376431,1.2016650444017025,3.107914710324612
TCGA-KJ-A3U4-01A,IS3,,3.6422652592796068,13.0206,6.1885,5.4313,14.8996,14.8962,7.7812,63.7021,240.3047,64.2964,7.656,3.261318263988822,2.833814885428571,3.3218676495937767,1.7209129449261054,2.3880953648755865,1.9723429538789627,1.7229709473529542,4.049208899514676
TCGA-JU-AAVI-01A,IS3,0.9473684210526315,3.5347313879795945,2.1109,25.8184,6.9063,56.2827,24.65,5.9175,115.9186,38.2632,49.147,2.5735,3.7609744355560357,1.622226186615842,5.7484777820052,2.6522842455176496,2.8871986385041537,1.2080316223181853,1.6371011639684223,2.2428930312002247
TCGA-B5-A3FC-01A,IS3,286.8421052631579,3.3551288392434886,2.7264,10.0273,14.8906,29.9106,19.2344,6.7739,13.0513,54.1878,60.8436,3.1791,2.900751869364223,2.508922944669746,5.256399331021271,2.210270097287939,3.6696797812106006,2.084237273297953,1.6773764260677488,1.3730110865760892
TCGA-FI-A2F4-01A,IS3,47.5,3.634584303142585,4.0869,12.9177,4.8127,18.0973,17.3502,5.7676,39.2353,104.9168,152.0232,4.4669,3.403501830622923,2.521664893474835,4.210324510796389,2.095028366784639,1.767400645251735,1.8959194930976802,1.4489475258886704,2.2607933331736603
TCGA-B5-A5OC-01A,IS3,24.86842105263158,4.2689821292147405,11.526,20.7055,14.0882,35.2246,26.3137,12.8714,408.9994,7.8956,50.5304,8.6883,4.050835846414295,3.189081203615796,5.613608539098847,2.68332554349174,3.565293507003318,2.861189786532316,2.090327281806183,2.8597751765709756
TCGA-FI-A2D6-01A,IS3,15.842105263157896,3.3267174736442144,5.0125,8.6439,3.0493,33.358,13.8148,3.2616,27.6051,0.3832,225.292,5.3663,3.084997927932964,2.3602043186472828,4.480204119766085,2.053621592224293,1.9687516834750902,3.3849578678632444,1.6272172548240493,2.370659394178935
TCGA-KP-A3W1-01A,IS3,,3.528981567783833,4.6505,22.3093,8.5966,38.0123,18.1025,5.8288,444.6629,126.6933,38.8807,3.902,3.570534739388737,2.322116398077149,5.361256142719402,2.413160916677467,1.6413236722059634,2.312195204325743,1.8319968263891306,3.0192771162711156
TCGA-FI-A2CY-01A,IS3,0.7105263157894737,3.9231081003357495,5.9247,5.3294,6.7891,11.3774,32.8223,6.2995,180.1049,27.4032,126.3051,6.5356,2.1110619395549968,3.5654015914780683,3.4353882839166725,1.7579171259694932,1.4804836418910579,3.2995533054834794,2.387884443255309,2.3425316567415972
TCGA-AX-A06H-01A,IS3,10.289473684210526,3.527591937522001,1.8981,14.8188,7.5016,24.5395,9.9246,13.8558,16.5361,24.5852,39.2824,2.7818,3.7356189346372117,2.779358798810619,4.551683739201119,2.1574427859135152,4.5442499673234975,1.139662464488483,1.8440131457497113,1.6334734735088352
TCGA-FI-A2CX-01A,IS3,0.34210526315789475,4.647333071804343,33.3638,27.8562,20.225,70.6345,85.8785,20.1589,95.2233,0.1036,38.4463,38.7207,4.897422894774401,3.4999660300450404,5.808469857427329,3.280287512839481,4.817744018476087,5.294744366312919,3.5367005220878243,3.504801015942977
TCGA-AX-A3FT-01A,IS3,30.763157894736842,3.8799792719078217,3.4738,51.5692,6.6431,83.5565,30.627,13.9058,56.5159,30.76,34.3754,4.2168,5.05273038164338,1.925896883136615,7.027620141342897,3.7711972159997327,2.3279347837933653,2.232445811259592,1.7210443702928262,3.6986931674737598
TCGA-BG-A0MH-01A,IS3,,3.5850360151349,3.3893,6.3674,2.2398,6.4979,13.0396,2.9978,51.9903,154.8039,79.4826,5.1149,2.8705616055413414,1.9106435046881582,3.4762725748277354,1.7263767787657096,4.051879171874822,2.3527310254141303,2.0653282773277732,3.0927887936153042
TCGA-EY-A54A-01A,IS3,2.3684210526315788,3.3103016764053232,1.827,3.5147,5.1186,3.7171,23.8722,1.7762,46.8548,64.7351,88.511,2.9193,2.0357360947912753,2.3976187955058172,3.7065000031017385,1.3606091727352343,1.8903806007312223,2.0456311866407435,1.6769014888144422,2.1627956453286936
TCGA-SL-A6J9-01A,IS3,1.0263157894736843,3.97144327101608,4.2112,11.9748,6.2692,62.2703,31.1893,5.9485,53.4065,217.0014,47.0142,6.3694,3.560548572676611,2.145413792788239,4.801177489286497,2.0877274748980685,3.5350646516138977,2.1717587553215014,1.9580201997505124,4.807515100509314
TCGA-AX-A3G3-01A,IS3,2.9210526315789473,4.130011579403838,4.5973,16.7785,9.2684,76.4728,32.8622,6.9374,83.4426,29.7711,43.9834,8.0137,3.3551048430013575,2.703451236172601,5.244639247036561,2.3935520161497728,2.0249565190198333,2.8677933147779413,2.054412691600752,3.3234313241252784
TCGA-A5-A0GW-01A,IS3,8.578947368421053,3.6459765575658607,3.3462,15.6348,10.2427,31.2736,12.6074,8.4629,28.492,22.7978,79.6805,3.1316,4.024339098090593,2.5125848610863613,4.832033463010122,1.9801075450376775,3.855648292941476,1.9606435061836553,1.8936277012839011,2.631847677032607
TCGA-A5-A0G5-01A,IS3,2.9473684210526314,3.8308914352019725,5.3575,28.1106,11.2147,34.3081,24.688,9.5689,59.8325,234.3464,41.2568,10.323,4.4991650131376915,2.38615073917294,5.671353660079792,2.784050441655715,3.077266017004,2.290699060262693,1.718765648338799,3.4759452111916374
TCGA-PG-A6IB-01A,IS3,10.605263157894736,3.8116440419076154,5.5179,30.1669,9.1583,105.0988,28.8366,9.4697,47.5507,0.8756,108.5635,4.4452,5.007948167831758,1.8351200063691115,6.154153992597988,2.8644800577869436,2.6743438735103573,2.52986904754376,2.1517983840258643,2.412389170555908
TCGA-4E-A92E-01A,IS3,3.3684210526315788,3.9286594600809703,7.3627,13.5506,8.3906,13.1773,18.8332,5.4666,118.5016,241.3075,153.5951,7.419,3.7019340996398262,2.8209413000498706,4.632356442957389,2.2580553299402384,1.408464655911346,2.753929075834647,1.695602319139775,3.1073039387308636
TCGA-B5-A11H-01A,IS3,25.31578947368421,3.4901601988955386,5.122,12.3047,4.7609,26.5984,12.6878,4.9999,14.573,328.312,100.1164,5.6464,2.0129576372058415,2.2605687096748626,4.076563885427093,1.941951538810709,4.343806951338114,2.296687974823492,1.4719188798088456,2.544778285319556
TCGA-B5-A11I-01A,IS3,1.1578947368421053,3.96515139561131,5.6306,4.5544,2.9985,27.2478,28.1545,5.341,19.0814,52.0105,87.2721,8.5904,2.4280012127246295,2.723682998392325,3.570216382912376,2.1872492346351886,3.3693850488970725,2.248660313105081,1.884992484236447,3.5400491952769038
TCGA-SJ-A6ZI-01A,IS3,30.55263157894737,3.958287699054386,4.9324,7.3302,6.5299,18.7654,18.8245,10.2621,292.1675,189.3454,62.4816,2.6298,4.1014712525159105,2.750029313087847,5.035348589530658,2.431864967587018,2.8493070588056515,1.9667796647412226,2.43996455499673,6.113473725785721
TCGA-B5-A0K7-01A,IS3,1.0526315789473684,3.3867900509756574,1.7071,18.1892,4.9555,12.5373,15.869,4.6334,16.2806,113.9163,74.2896,2.1802,4.421343428723145,2.448655612013047,4.234934359184192,1.9320220188918795,1.9974106333888095,1.3232457616762172,1.401730088051195,2.1405444818942057
TCGA-B5-A11N-01A,IS3,44.63157894736842,3.5675787530692946,3.9625,12.4446,12.275,12.485,13.6483,8.1588,844.6712,22.9045,29.0178,3.4351,3.5545659150089177,2.0272352740906014,3.712919224294925,2.1969021208371693,3.842700658222069,1.493405702408623,1.7474317104935264,1.4579399439643896
TCGA-B5-A1MU-01A,IS3,0.6578947368421053,3.9415953084225066,7.5218,4.8897,2.4605,28.3384,21.5265,2.1839,140.5102,93.9779,141.0407,10.5404,2.473697505151977,2.53759849958183,3.7338467070679737,2.7070541146811333,1.719461825482042,2.891358630510188,2.124892408845505,3.8552363534229364
TCGA-B5-A0K2-01A,IS3,7.526315789473684,3.446347690484721,0.9496,4.6808,1.8817,7.8238,17.5127,4.5246,57.4724,176.3927,47.9993,1.9145,2.9978547621098226,1.8344273814169405,3.5425179922610934,1.7368542594275826,3.84296426420671,1.1731976396074557,1.994983958188625,3.124176184728535
TCGA-B5-A0JZ-01A,IS3,13.763157894736842,3.663415105742168,3.7588,16.4876,7.5292,21.7852,18.0796,9.5891,41.2858,33.8965,58.9871,4.1407,3.6503850579172563,2.5934964289795284,5.206261988502052,2.246374530905929,3.369728216655295,1.8243566276346528,2.334131431953916,2.0184447129667276
TCGA-A5-A0G1-01A,IS3,217.02631578947367,4.79065448858456,10.6562,76.3999,19.0161,178.9925,63.7073,34.9018,762.1463,10.4752,46.2024,7.5483,6.12976136268084,3.2335748240517592,7.233446486799871,4.457942429981539,3.838297922965412,2.158259126703479,2.1392305765744037,2.6246289574085027
TCGA-B5-A11Y-01A,IS3,22.05263157894737,3.9110740039723106,3.4821,12.5872,6.6048,20.395,22.6916,9.0584,236.5448,261.3181,94.0928,4.6214,4.0254435213805255,2.536187264230421,4.384287856386478,2.4562078073756974,2.632095626246581,1.756296240520592,1.6401133539669284,4.612060183619494
TCGA-B5-A0JX-01A,IS3,1.368421052631579,3.623346594577517,2.5538,7.5345,5.3749,13.525,15.8588,5.686,33.0129,521.5028,151.8994,2.4947,2.8347263356952492,2.4212438489259327,3.3386142527517766,1.7995050496989957,2.6968950807058523,1.9392986435318127,2.0015545809729773,2.444050656721659
TCGA-PG-A917-01A,IS3,17.92105263157895,3.751865493749479,8.8365,13.8131,6.7244,24.0605,18.7298,10.8829,103.9389,55.4523,78.9019,3.4739,4.183345671290624,2.1156818917142766,4.117945941725865,2.3734704741209094,2.4885760561276364,1.4382176985106765,1.7846354711507173,2.1003698326277433
TCGA-B5-A1MR-01A,IS3,117.65789473684211,3.914878086669661,5.6768,23.0728,9.726,45.5716,31.1786,5.8861,23.5565,0.828,52.5382,7.1692,4.27948800951206,2.687552067076498,6.026114048552269,2.7210692044174163,4.871292627687336,3.2868182938378556,2.1021750010413562,2.9759563931463937
TCGA-B5-A0K0-01A,IS3,0.5,3.481236343584382,2.9766,52.1194,69.0232,19.9711,11.9599,6.8043,64.0959,19.0542,91.8284,3.3816,3.738715309933033,2.6631048070366243,4.421356281454324,2.5495414821880464,0.4613244491531721,1.9771365261688159,1.8856099534415307,1.8657552627838594
TCGA-A5-A1OF-01A,IS3,244.81578947368422,3.7978071843017824,4.8503,21.5663,12.3123,32.0422,24.4051,8.0705,118.4958,26.5896,71.1622,3.773,3.778553734952557,2.611091421770285,4.412839759529039,2.435430397955228,2.7096427343080904,2.231441326243439,1.69043438384861,3.2008527437019048
TCGA-D1-A1O8-01A,IS3,1.3157894736842106,3.763371871022503,5.0527,17.5754,17.3642,35.3188,22.728,5.5023,16.6914,0.6021,43.6257,3.4972,6.2536956379983195,1.9880477303017663,5.829594927004083,2.3770941304283735,3.754969819505097,2.328895342057653,1.6580218546775551,2.6982036263203475
TCGA-AX-A1C9-01A,IS3,21.57894736842105,3.333216930568564,2.0289,7.2868,4.6029,8.6366,10.812,4.1673,332.8002,150.44,49.1362,2.7002,2.380609666196305,2.194315068233641,3.1030752337168273,1.7751586941504478,3.3029593462899682,1.63530099351688,1.6069734536770848,1.9336385080109995
TCGA-AJ-A2QK-01A,IS3,1.394736842105263,3.5953011150457197,2.8599,10.8549,8.864,10.6522,10.5158,6.1883,18.4552,115.7898,77.8658,2.7676,3.442059980956854,2.7282599830938956,3.3995505162868542,1.8486397423127587,3.9037355352329812,1.778471868510045,1.6458192246267742,2.148280092372883
TCGA-AX-A2H4-01A,IS3,4.052631578947368,3.64181374610488,3.9291,14.8288,9.9421,26.7773,24.036,7.1251,137.5776,69.6354,30.8326,5.0588,3.730643201746919,2.214301497818625,5.378993079665644,2.2282120492940685,1.9580206596994927,2.9767704105930863,1.9234664506657844,3.4264549677361065
TCGA-AJ-A2QL-01A,IS3,0.9736842105263158,3.366678911022807,2.6553,2.3118,2.9935,5.3823,27.3294,2.3593,14.3952,194.2464,127.2179,2.9189,1.4440549119808699,2.9041771643730847,4.69428294875321,2.7533407619766033,1.5120406191775997,1.9652208924202261,2.1195998685480832,1.937405751122613
TCGA-BG-A2L7-01A,IS3,14.789473684210526,3.7930794619014594,7.0269,17.2281,3.8067,17.0373,16.7612,5.9604,32.0376,182.8872,117.7835,3.3497,3.4471735437085003,2.146845346363463,4.2032368946064045,2.6562134933684525,3.9038591426694516,1.9552456724995793,1.7721744621712323,2.2138755010836246
TCGA-EY-A1GC-01A,IS3,0.7631578947368421,3.281753499549346,1.8711,7.7285,2.3802,7.3639,15.483,3.9683,14.5234,70.1228,58.7385,3.1225,3.1503901579573297,1.6943888062947006,3.121009740719048,1.7977989766564444,4.032866475416429,2.341249531715645,1.5050498391068265,2.2103841498038257
TCGA-BG-A2AE-01A,IS3,1.236842105263158,3.5103702769821328,5.7174,15.2487,2.9752,16.2508,16.739,5.6679,70.866,15.9858,110.8784,2.9671,3.7118021833673196,2.4586870187945675,4.246064796834057,2.295095052346148,1.5179653632660408,1.8052466281542932,1.8390718124458558,2.5219024771157525
TCGA-AJ-A23O-01A,IS3,20.236842105263158,3.47918209028428,1.9784,10.8215,6.2145,17.9252,9.1352,5.1292,87.4522,155.3754,73.433,1.7794,3.323078572818739,2.1853369460833347,3.886023978311448,2.0779690788540517,3.9437810646962697,1.2625427031505445,1.5817694905345698,3.1071545993763086
TCGA-AJ-A6NU-01A,IS3,0.868421052631579,3.907734677998363,4.2457,2.5008,3.6346,6.4593,18.8219,3.4342,336.3286,124.505,75.1864,3.5374,2.4667701618036926,2.4889548900564855,2.471892126873863,1.3885562727417016,2.61111594358165,2.722231549977595,2.1401776024391417,3.795255925541511
TCGA-BK-A6W3-01A,IS3,89.07894736842105,3.7899148476028035,5.744,12.1634,9.3724,21.1234,24.5928,7.4713,735.441,345.7417,127.3679,5.2902,3.73154661247717,2.419193772433955,4.454155624033583,2.2033244847956803,1.9571910800356953,1.7310250063257608,1.7426286459627047,3.8855747047945735
TCGA-BG-A221-01A,IS3,26.94736842105263,3.903442593355899,7.5719,13.7903,3.1228,40.2368,15.9637,4.6879,75.8365,311.9728,126.8251,2.8977,2.906362704918552,2.0914446102851874,4.7129279316633275,2.2134057890237884,2.732641913515744,1.6861777842474595,1.7386449048927475,5.347755896956822
TCGA-AX-A1CC-01A,IS3,0.39473684210526316,4.215057709506913,6.8349,14.6067,10.518,24.8297,17.3386,10.8576,50.4943,8.5092,122.6695,10.0185,4.106860322129664,3.130718363207155,3.9011062772085916,2.10254117039894,4.0820570054421585,2.9227746550249876,2.7153677690878033,1.6597602021267057
TCGA-BS-A0TA-01A,IS3,12.052631578947368,4.345295566448923,5.9982,86.5399,20.902,233.8997,85.1456,25.8578,374.5072,86.1326,36.3229,6.5263,6.3884120345332835,2.179041346571442,7.096353592078897,3.9109908350196143,3.0759605860283563,1.2140157826211426,2.1226359824287413,3.0392623426599656
TCGA-A5-A2K3-01A,IS3,26.842105263157894,4.167546057224024,5.0945,60.8998,15.1808,202.946,50.8722,17.7647,114.0731,29.9093,14.4623,7.8515,5.484779394294625,2.4566417175891044,7.411189315876318,3.2949400618084037,5.056009014945309,2.8352746656671726,1.9105958009798898,3.1782501658015554
TCGA-EY-A4KR-01A,IS3,1.631578947368421,4.064954915844761,5.4723,9.7046,4.9391,22.1714,23.4767,5.5037,140.908,192.5429,106.2015,7.7191,3.355954943185841,2.8014162759317593,5.5774142716795945,2.3444063119431076,2.479930832055748,3.346567433404111,1.7971620337302487,3.4991445487516235
TCGA-BG-A0VZ-01A,IS3,8.026315789473685,3.2878999942377267,2.6219,8.1903,3.6048,8.3349,11.0568,5.6395,112.6683,177.9113,209.8298,1.7954,3.036999742790612,2.623001625722988,3.1952009503154346,1.7833308275425306,3.3142713393707304,1.3886113357289196,1.779971140261193,2.9654544239510563
TCGA-EY-A210-01A,IS3,0.7631578947368421,3.845967596800758,4.2463,15.5319,2.4063,43.3264,22.5649,4.6181,17.7529,23.2423,100.1335,6.0081,2.949034953324841,2.0447425449121917,4.695528425360578,1.979242901607339,3.5492019977682205,2.2734661109107255,1.5321486752332016,3.5799625221107196
TCGA-BG-A0VX-01A,IS3,4.157894736842105,3.5008556027948834,2.2678,9.1429,3.9748,13.6521,11.4757,2.9482,125.5734,55.6221,138.836,1.0548,2.9833697101661025,2.148534181658827,4.670542179615259,1.975085332528947,1.5982059083676063,1.7729989369667072,2.143082690639105,3.3668053367525226
TCGA-D1-A3JQ-01A,IS4,,3.134078261415575,1.5847,1.6076,1.0049,4.85,11.5813,1.1165,46.6922,242.7292,48.4753,1.5535,2.237326938825488,1.9657666585594358,3.2398120232116745,1.6969023636863112,1.5732742398439672,2.085967071627553,1.7292783140233832,2.2746573614282206
TCGA-A5-A0G2-01A,IS4,608.5263157894736,2.9943766756827004,1.9035,9.6832,5.0684,22.4922,14.2142,4.162,17.1754,4.8749,49.487,3.9932,2.398832167624181,2.2063726009436615,4.168968670379837,1.9271779235476691,2.6548687912017055,1.7231680767255344,1.2434956965250574,1.6426561739452434
TCGA-DI-A1BU-01A,IS4,183.76315789473685,2.7751355066561896,1.6515,7.775,3.1191,14.0719,7.0519,3.6469,8.6272,4.8079,53.4746,1.3498,2.6635518133688745,2.0602861945415705,4.141359377893343,1.847897786625254,1.4382875257474044,1.4894427717645715,1.4530489545852139,1.2409736464702155
TCGA-AJ-A5DW-01A,IS4,76.39473684210526,2.768153461050907,2.2025,4.0876,6.9354,7.142,9.7109,2.9318,12.7652,66.5195,112.5502,2.7413,2.9494697424547693,2.5465757819983215,3.584502906101443,1.7295778659492842,1.3542240185449546,2.2336199540983745,1.1303201961259826,1.2370703535182128
TCGA-EY-A1GF-01A,IS4,8.18421052631579,2.8782926211610134,3.6026,4.7809,8.403,8.7483,10.107,6.0875,8.9879,19.5043,90.0474,3.9915,2.7004166242360452,2.8495252994261215,3.2872476023846393,1.3714551564630861,1.3859587090042218,2.003950778195978,1.0394599097113402,1.6229641619528214
TCGA-EY-A1GE-01A,IS4,0.9736842105263158,3.030855978468526,1.4761,4.5043,3.1605,3.2434,12.0895,2.4888,53.792,78.6651,66.5375,1.2467,2.192762154104702,2.1327086532003223,2.652573654770722,1.5942889449073843,1.9380891239141238,1.68315867650408,1.411168887736084,2.0441880618537893
TCGA-QS-A5YQ-01A,IS4,22.42105263157895,3.246963605444276,1.5918,13.1701,4.8171,15.3305,12.8136,3.7637,23.2244,68.0597,85.0124,1.7714,3.3391913646483524,1.7671646571080648,3.6884219903981172,1.7612701709101424,2.1068225534133824,1.646140217084316,1.793652207095409,2.829263517337979
TCGA-EO-A3B0-01A,IS4,247.10526315789474,3.234525385503538,1.8945,15.0141,5.2072,22.1099,18.971,3.9494,5.9332,93.5527,48.011,2.4001,2.9475769745923674,2.2109866884801828,3.5793192681715436,1.6462920710933544,2.0535572766650376,1.9791714964319693,1.78531918555084,2.1960965796095824
TCGA-QS-A5YR-01A,IS4,6.157894736842105,3.208615169471704,1.3041,4.186,3.74,11.0673,11.0723,3.0413,61.2511,118.8122,86.5152,1.0085,2.1796066042362714,1.6166154383117373,3.2021863273187026,1.5672752628611695,3.570141696156039,1.351368020739289,2.107767530789956,4.525763140170596
TCGA-DF-A2KS-01A,IS4,2.5789473684210527,3.1214411778726827,5.5818,5.7136,1.7376,14.8037,7.9428,3.0015,33.1067,7.2339,42.6002,2.4633,2.970333730313213,2.0298320127398264,4.617831324445089,2.223307728621136,2.915400063747963,1.9134475289672144,0.888712566447224,2.2282828085904973
TCGA-AJ-A3BD-01A,IS4,1.5526315789473684,3.3514248804564386,2.1886,6.9192,4.4092,19.0499,14.4388,3.259,297.1117,369.2978,53.3902,1.4641,2.5518423598451054,1.6360963470238818,3.7383329288683225,1.5661115999968138,2.298558078106262,1.300715888770866,1.710888451199148,2.918660665069479
TCGA-EO-A3AY-01A,IS4,81.42105263157895,3.3698701378574207,3.8514,12.4378,4.7019,56.3421,12.5101,3.2387,322.868,261.906,123.545,1.8782,2.3119764030120864,1.5700814571395767,5.173211847625832,2.05752284113335,1.3544972367419235,1.212100442612497,1.212668523025953,3.1349448252275547
TCGA-AJ-A3OJ-01A,IS4,21.263157894736842,3.227069815073183,1.161,3.7527,2.4515,6.1125,14.5268,3.3539,21.6498,98.4226,77.3286,2.4513,3.0844267092679747,2.4079522813367547,3.826648153171161,1.8620060835765313,1.2358655299351897,2.147182769334766,1.0274870988850433,4.447918094179174
TCGA-EY-A1GI-01A,IS4,107.55263157894737,2.973540185162265,3.1944,2.0859,2.9808,7.097,14.5828,3.2914,31.4559,186.4709,98.3758,3.1475,2.410582093672079,2.3500108176724637,3.172197246636056,1.4560642631520773,1.7618014604635261,2.0078093570659377,1.5085548449566029,2.3514436037595448
TCGA-A5-A1OG-01A,IS4,0.8421052631578947,3.1317867358932823,2.2995,9.8777,3.8291,21.4512,8.2559,4.3349,169.4105,49.4043,50.158,1.2167,3.074008342492709,1.9726494235811476,3.7685655353384107,1.9068190505355114,1.6520938682419402,1.0081225894095431,1.4013333560980445,2.5262699324267324
TCGA-DI-A1C3-01A,IS4,0.9210526315789473,3.054879510938334,0.7941,9.5557,3.3481,14.1624,9.2672,2.783,9.1852,18.628,47.2318,1.2934,3.6913087600298216,1.5986345631218095,3.845074883644539,1.7043718132219192,1.471909116955208,1.9656058699982422,1.9144980915657905,3.2980120760477813
TCGA-EC-A24G-01A,IS4,24.31578947368421,3.160230902171114,1.2159,7.9769,3.854,12.5059,9.4392,5.3781,56.2503,136.5418,155.8108,1.9584,3.4652210745536256,2.225740193707453,3.5989380795608863,1.847976772848933,1.8229832706105584,1.2287370874006405,1.7647024784422414,1.4672385720795724
TCGA-EO-A22R-01A,IS4,300.07894736842104,2.8153892902672637,1.748,4.2805,3.2624,9.2686,15.0907,2.5544,12.81,63.7223,227.0509,2.6246,2.5633123126673434,1.9339300141808156,3.1730108157219536,1.670727625167055,1.614708969825814,2.307488625006023,1.4282995333763084,1.5476960572406597
TCGA-A5-A0GU-01A,IS4,1.0526315789473684,3.17966839570914,1.5526,3.5581,5.5673,4.568,11.5398,2.1338,22.2884,280.9609,131.7809,2.2762,3.271160894427423,2.1053978687949813,3.327115503147603,1.5243860420687283,0.8932759320319175,1.4034277024513961,1.4300503994949834,1.5867782295353499
TCGA-EY-A215-01A,IS4,111.8157894736842,2.9807894065229337,1.7767,13.4447,4.0126,17.9361,5.2131,5.78,249.6297,5.6735,91.0325,0.8827,3.063867708262883,2.522319384261938,4.33995186489114,2.518571845399106,1.2924328613234384,0.5901817718631049,0.8300206139572311,2.2777255707055475
TCGA-E6-A2P9-01A,IS4,21.394736842105264,2.9966997677475726,1.8778,11.3806,5.407,10.649,7.0547,5.7782,10.7584,31.1647,118.0684,1.5529,3.4276802730511373,2.7915949402417595,3.8764484332641267,1.6843842058348808,2.65402952181632,1.6638822018761754,1.2117478837517115,0.9667731885957304
TCGA-A5-A0GR-01A,IS4,,2.8625594672432833,0.7912,13.3636,2.2988,4.3119,3.6375,3.0287,73.7437,25.7129,25.928,0.7586,2.726278074563038,1.7373827339728267,3.5474437006770345,1.9337311689823167,4.475435981682231,1.072222090018486,1.1127897408789007,1.9313256910661336
TCGA-A5-A0GQ-01A,IS4,1.394736842105263,3.1865290433075257,2.7283,2.593,2.4372,3.1591,9.708,1.3664,62.547,174.9028,65.9495,0.9582,1.6715852450518323,2.200253888853922,2.3793859598525344,1.2731068293904775,3.5334574016661033,1.1402190277825992,2.6639109488354835,5.434346448124768
TCGA-A5-A2K4-01A,IS4,0.5526315789473685,3.170745799334082,2.2676,2.717,0.5071,3.8768,3.8293,0.9948,395.6922,622.848,63.564,1.8593,1.7292952381881577,2.215537671312619,3.0751181811420376,1.5653318859063592,2.8548264961006606,1.7373028857399495,2.1077252983058083,2.632358281984123
TCGA-EY-A1GK-01A,IS4,20.57894736842105,3.1246759214201796,1.9143,9.0848,6.1591,16.3459,9.0002,5.8372,15.7186,47.8609,77.4436,2.4593,3.432423243394312,1.8334804080595213,4.798880967918372,2.3740115961146246,3.380921379991767,1.4959380957445008,1.318589040965354,1.7698247583776296
TCGA-E6-A1M0-01A,IS4,41.89473684210526,2.678889743949116,1.9376,2.9331,1.747,7.656,7.3593,2.4156,17.1844,0.4383,98.5143,1.3389,2.438398532480745,1.3501787776267233,3.4795398469236956,1.5030981808790496,1.4665947193454192,1.4611122710822861,0.9308014025700597,1.465596342961871
TCGA-A5-A0GG-01A,IS4,,3.2203698033989405,1.7517,5.76,3.1824,8.4095,10.2414,4.1771,14.8465,54.3366,98.9868,2.0078,2.2541053615994144,1.8641884244537243,2.806840877819812,1.7340641412305489,3.098054070836387,1.5517962189802958,2.0243752866246085,1.4704869167228996
TCGA-AJ-A3IA-01A,IS4,,3.2818585977131347,2.2955,4.1738,2.3615,17.7469,14.0627,2.5147,29.9925,359.9045,50.9865,3.1062,2.3845498163470085,2.720082653776451,3.0012886032569335,1.4496976637956693,2.576081597252268,2.310137500265674,1.5033626377522222,2.2720108192170514
TCGA-A5-AB3J-01A,IS4,0.9473684210526315,3.1622606998782437,3.2949,7.1372,6.325,8.1559,5.4022,2.5453,61.6452,35.1819,50.0453,2.8196,2.1064204703498106,1.9306561844404646,3.568949787835094,1.4157830004658476,1.9384021085562957,2.075059600164891,1.5041471766617054,2.920417253919877
TCGA-KP-A3W0-01A,IS4,1.0,3.283278561069158,1.5118,3.3545,2.6356,5.1636,16.0801,3.1109,252.6399,440.9763,51.1311,2.0065,1.784935683970886,1.7377401987467502,2.294135028104827,1.2983413349917368,2.587539682326426,1.9044581281498811,2.306440296308299,3.390675042268653
TCGA-EY-A1GP-01A,IS4,0.6842105263157895,3.3342852755392367,2.8487,7.1455,3.2695,13.4331,6.8241,1.9823,26.5389,7.1798,77.7986,2.8515,3.786629911876167,1.9966983171590067,4.305043015655655,1.575789768759047,2.4089388579752975,1.9589646557933442,1.2743651462628995,2.814811161542233
TCGA-KP-A3W3-01A,IS4,0.6578947368421053,3.3373480404740326,2.3008,3.956,1.7476,20.9376,10.479,3.5388,42.5566,385.6309,69.4855,3.3272,1.4402530180865356,2.27083501078439,2.57782225285379,1.287863290112173,1.0505006040018694,2.039223345892856,1.190747845991687,2.8574269043676
TCGA-AJ-A3BH-01A,IS4,63.421052631578945,3.152180736350885,2.1293,7.5171,3.1934,12.1648,11.8861,5.2507,20.4021,31.6968,119.2899,2.4353,3.1026638875078714,2.511964322507638,4.088569339987683,1.8176245390900085,2.7016916989137147,2.133800560078548,1.3861664439400112,1.7566505987701333
TCGA-AJ-A23N-01A,IS4,,3.0950771630859317,1.4633,1.7641,1.6051,4.5825,18.1596,2.4944,71.8526,651.1687,117.161,5.6496,2.0013009630093097,2.462568077129286,2.096618055849918,1.215007874214189,0.46326273920215116,2.7002402617516297,1.6800553498441806,2.121948635179953
TCGA-EO-A22X-01A,IS4,224.31578947368422,2.9109056648056657,1.5761,2.2563,3.1031,24.5278,18.3488,1.9488,131.6288,1.7825,119.5011,3.0377,1.8751548303475243,1.734886988054216,3.5221184904686775,1.5088024140962346,1.5068739450811297,2.4058498087520577,1.54282449355386,2.151661567010879
TCGA-EO-A3KW-01A,IS4,,3.3094793703796337,1.8868,2.3871,2.2134,7.2565,15.4672,3.8263,112.4803,167.1832,103.8504,1.7927,2.42960489556158,1.9377118746275086,2.6447425316979025,1.4099903758744898,1.3445818663311686,1.5697736807383178,1.5495910540547584,2.4029017722715444
TCGA-B5-A0KB-01B,IS4,0.8157894736842105,3.379807894894049,1.812,0.9025,1.0022,5.532,12.3727,1.3878,101.3858,224.3584,79.099,2.9051,1.3220041659168564,1.8009487224600182,2.696983780983744,1.9033919491462223,3.0259973636271185,1.9996327935121794,2.028987640493121,4.968770492557826
TCGA-BS-A0V6-01A,IS4,1.236842105263158,3.3291529771849455,1.9459,1.0126,0.8755,5.7629,11.4716,2.0301,94.9674,166.7867,82.0468,1.0785,2.09416178656092,1.7128422237639678,2.8178872220646487,1.5244165212376684,3.0897637824677666,1.0739312196793709,1.7534036647029367,2.9716747962759027
TCGA-AX-A0J1-01A,IS4,,2.986713591416144,1.6241,4.9632,4.1153,15.1511,12.0058,5.4767,20.084,212.8246,93.6376,2.3592,2.7100149587574114,2.265840711375876,4.185334720328793,1.7589032982652284,1.6826449254273659,1.9425071677886017,1.3190489701932582,1.245308537584389
TCGA-D1-A163-01A,IS4,14.605263157894736,3.0605533954523776,2.0614,8.0125,2.5125,10.8642,7.993,3.1999,14.6055,79.2647,171.9321,3.2057,3.1806820619937826,2.492987254215833,3.8972007034804803,1.804190990393784,2.1702859397280463,1.8621220737034363,1.3244002350671684,1.662651697598033
TCGA-D1-A160-01A,IS4,12.68421052631579,2.983902068907532,1.0733,7.8424,3.0628,6.8632,7.8655,3.913,32.8674,25.708,45.0638,1.078,2.8368357657123933,1.9054096299377843,2.9365522431635203,1.481297610222865,2.158862428155096,1.1779533747202133,1.2001745227465532,3.377365362498774
TCGA-D1-A15V-01A,IS4,0.7894736842105263,3.0959888040593255,2.1118,8.0737,1.8307,13.5068,8.059,3.1242,54.9176,298.5641,217.7948,2.6465,2.7980238895098055,1.9750264700173499,4.005667856022174,1.8110706611344827,1.2086517226349243,1.4788557981094,0.9933386519109804,1.9590179462305384
TCGA-D1-A103-01A,IS4,163.05263157894737,3.284461594009674,2.4653,2.4962,3.9881,5.9578,7.5815,2.41,97.3837,286.007,110.5971,1.8716,2.123559544230584,2.282679649393266,3.020646087040032,2.1088691430684694,2.052938872926039,1.6508729733650913,1.675649687715743,2.391422436382727
TCGA-D1-A102-01A,IS4,1.0263157894736843,3.328035217802844,4.3354,5.682,5.2747,7.3464,11.5972,2.471,74.1455,21.3387,178.9122,3.3006,4.704974497680048,2.8598324910908928,3.6709866040009658,1.5918906724635535,0.947689293180705,2.737940310910654,1.5986094383236467,2.501075539490071
TCGA-B5-A1MZ-01A,IS4,1.236842105263158,3.261441418815295,3.3914,3.8755,5.4252,4.4504,15.7492,4.4657,23.3474,139.0634,133.8171,2.1141,1.7737463072801398,3.268505896066246,3.258610621029411,1.6220367647403109,0.9579552741160562,0.9974276503616973,2.2024196934338254,2.7777726227694104
TCGA-D1-A0ZN-01A,IS4,0.9473684210526315,2.9819421308470035,1.2789,7.714,2.8427,6.3791,7.791,1.7705,68.931,113.8222,103.7064,1.8192,3.062726398093377,2.179715813645693,3.2518609608090743,1.7115301216229502,0.5000056777800309,1.950511400907694,1.2212552044622884,3.664376664145355
TCGA-BG-A0LX-01A,IS4,11.526315789473685,2.7666499611749122,1.1542,7.3861,2.0679,8.5161,3.8708,2.8023,11.9019,55.9718,69.5384,2.3395,2.1874023861712435,1.468993639092692,3.251963768550579,1.553370759704066,2.367950122004944,0.7822740982985277,1.5133379652375565,2.0710239497313387
TCGA-D1-A2G0-01A,IS4,20.105263157894736,2.685767498428291,1.5257,10.8849,2.4586,17.6727,10.2621,3.9507,11.3578,5.828,34.2556,1.1772,3.577626944649164,1.4107532673362366,5.320894553816732,2.2251836718626494,1.0837147810577459,1.4637810308983192,1.1985934580056654,1.4013841907576357
TCGA-BK-A0CA-01B,IS4,1.131578947368421,2.890749069221538,7.6711,0.3232,1.4251,1.5523,10.2329,2.5034,128.8163,293.6788,29.1747,6.0608,2.0180520325859637,3.1254394408414705,2.414948076387421,1.440450787214592,0.8738252097215606,2.3500318437245347,1.4705319418352278,3.211365096606271
TCGA-BS-A0UV-01A,IS4,212.52631578947367,2.8944846767678682,1.5218,6.9563,4.5693,15.2118,6.8372,2.7634,10.9379,136.7878,82.2849,1.6478,2.208377865424138,2.3030860016007293,3.816921067456186,1.6298735425531783,1.7749936573607574,1.6295768130119919,1.1818299556779328,3.209095882080064
TCGA-B5-A0JR-01A,IS4,14.736842105263158,3.011724241607249,1.3448,15.529,4.3477,18.5289,11.2472,5.8475,30.134,221.8594,54.8412,2.3911,3.425499842952446,2.046344046136998,4.335454123628704,1.7640429626788197,2.0151319448392484,1.3863243773027047,1.2798279726832167,1.4572479808638377
TCGA-BS-A0U7-01A,IS4,4.2894736842105265,3.145509953114428,2.3121,5.4707,4.8419,8.5977,6.7591,3.9289,210.8484,9.3728,47.5911,2.3332,2.594573423051206,2.5025858685577833,3.708151738216257,1.6182346764805788,2.6686387526998216,2.1798727451767985,1.157127051102036,3.403860258376163
TCGA-BS-A0TJ-01A,IS4,17.210526315789473,2.8088275996135907,2.1753,10.1286,3.268,11.0185,7.4997,4.0612,6.2008,59.4284,74.7248,3.1952,2.7256930554219134,2.14773896528397,3.7138264221271164,1.7419472603066097,1.5900294767722425,1.7650379723541745,1.0186183172755687,2.203666838003184
TCGA-BS-A0TI-01A,IS4,2.0789473684210527,3.169742958473842,2.8963,5.6738,1.1705,13.5242,11.8926,2.0562,127.4687,137.7792,58.0292,1.5449,2.2268636661104093,1.7193316854076854,3.025410735851935,1.6446537681372368,1.905067744457351,1.1146697290225882,1.5686238783311812,2.595048059827239
TCGA-AX-A06B-01A,IS4,1.0,3.068900492269909,2.2076,3.5791,3.2636,7.2314,8.373,2.1392,43.5134,281.4537,50.8084,2.8718,2.679606055236954,1.5100580438669444,3.2733128226493085,1.491220645248544,2.4321261020795135,1.3760065458400959,1.3543049165243455,1.4746074947032273
TCGA-AX-A06L-01A,IS4,0.868421052631579,3.0768858934058603,0.9365,4.0769,2.7965,11.6098,5.7226,1.4036,7.8434,50.2735,49.5929,1.9334,2.025463532171466,2.2543912856454487,3.5218919535940265,1.9867489190012773,2.4170335676834322,1.5461756004037834,1.7728485266211094,3.5697119212929826
TCGA-B5-A5OD-01A,IS4,1.1842105263157894,3.0777665410959685,0.7156,3.0038,2.1305,7.5381,13.2233,1.7433,5.2629,110.3292,144.2746,1.3814,2.118536644218821,1.4574922054378137,2.37180934173446,1.8187217413269932,2.2762901667154583,1.3999463181584682,2.7410330653067674,3.148811267985522
TCGA-BK-A0CC-01B,IS4,0.8421052631578947,2.7827509645836934,9.051,0.5095,3.2952,0.4895,10.3783,1.2279,2.8181,176.8361,54.7662,5.9748,0.8977124680828246,3.2356703501663424,1.6472391707673262,0.9382532700910475,0.9714633059966024,3.2858557194472695,2.3771941729757105,5.275460604953248
TCGA-B5-A3S1-01A,IS4,,3.133084835665606,3.2487,3.6953,3.4199,11.0585,8.4439,2.7211,145.7954,141.1907,68.2628,2.1242,1.9126423873895078,2.087254924338983,2.946503253497415,1.1442956851674786,1.8501380802355847,2.021391132839663,1.2311167060696206,2.3752667955680775
TCGA-BK-A139-01A,IS4,2.5789473684210527,3.2520025406933986,6.8551,1.4508,3.2807,1.2763,32.3738,5.712,28.8504,708.2042,29.8542,12.317,1.9297975750446366,2.937445818609332,3.297680379068627,1.3989177875696508,1.4860940008155783,3.5612210827871054,2.0695336168204026,4.061821586119316
TCGA-AX-A0J0-01A,IS4,185.05263157894737,2.692468824581825,2.9397,4.607,3.5363,16.6495,6.3664,1.7976,17.4494,7.2342,159.9282,3.1779,1.6829327579357791,1.8728525813980046,3.610477330837708,1.4158904638180967,1.4663927310939835,1.885277205464652,1.1306298195986515,1.1393190942671876
TCGA-BK-A26L-01C,IS4,1.4210526315789473,2.699055340132554,3.729,1.2175,4.7722,1.5726,7.0603,3.6985,39.311,135.2486,43.6137,12.9063,1.3367529666513778,3.287468490516169,2.1095338439649574,0.9968295736296562,0.6484754286336335,2.9714472983523663,1.2805916496380778,2.1108356581263887
TCGA-BK-A26L-01A,IS4,1.4210526315789473,2.7343631276463367,4.0705,0.411,1.9333,2.2,21.2531,2.0094,25.3539,176.2022,55.6279,9.2147,1.3457667229023873,3.057974504987035,2.3347710938648247,0.7876764706628285,0.5644400893934943,3.5451438216691504,1.5018157801261847,2.408381492315279
TCGA-D1-A169-01A,IS4,1.263157894736842,3.2150483347519048,1.0744,4.2094,5.1282,5.9331,11.1042,1.7038,50.3752,28.2945,148.1612,1.0791,2.7634438184017345,2.461914657326185,2.5459431760042435,1.6314986156731848,1.238330823215798,2.4203716214229627,1.6737138708187473,2.338907189355283
TCGA-D1-A16B-01A,IS4,1.2105263157894737,3.2426847308849505,2.2744,18.5257,15.9705,8.7698,8.0759,1.978,74.0871,97.067,131.1459,1.8704,3.278430637669059,1.9314623273398377,4.286515236125031,1.8923009890707112,2.046959239903909,1.7460027640875309,1.215176830078634,3.6542782172295376
TCGA-B5-A1MX-01A,IS4,136.8684210526316,2.9584356765534268,1.5788,3.6729,3.6464,9.451,8.645,3.0115,12.4353,319.459,57.899,2.2085,2.341869342398284,1.6700244077092823,3.464870469981352,1.8076870514049934,3.040024604913775,1.2812447648783065,1.2907614539724788,2.0859620458027224
TCGA-BG-A18B-01A,IS4,9.552631578947368,3.0182102193870595,2.9657,5.9205,11.0066,18.1487,11.4152,4.4766,11.6097,187.0206,96.4943,3.1488,2.503434318041347,3.109253888297525,5.383998081263899,2.2628795115664304,0.7490980631459262,1.8731916755179707,1.6278375958099844,1.345929952056079
TCGA-B5-A0K9-01A,IS4,18.81578947368421,3.1443960204781995,3.0017,1.6709,3.6211,4.5422,8.4543,2.8431,33.8461,193.4007,88.6108,2.6876,2.350203345849586,2.1885909974954774,2.7028121374227556,1.2963978504251756,1.2497609687035272,1.6753254458483575,1.8320429917851184,5.380784065730509
TCGA-AX-A2H2-01A,IS4,4.157894736842105,3.1742867563084363,1.813,8.3652,2.4729,12.2819,6.4987,3.8453,36.4967,29.2022,73.0969,2.0551,2.109281886994552,1.870283806064304,3.230783336528375,1.5771290828689761,3.5293519548688614,1.3276400998113307,1.1478800146356187,2.182322733891077
TCGA-D1-A1NZ-01A,IS4,17.81578947368421,3.2969496989433296,2.5196,7.659,2.8909,7.1631,6.8152,4.9026,248.514,278.5011,87.7411,2.1035,2.927414873342086,2.270746927997452,3.0600400690467993,1.6370220376557738,2.257241685594465,0.8975406942234317,1.5537434779275618,1.2489254766078395
TCGA-B5-A0K8-01A,IS4,0.9210526315789473,2.9211315667660718,1.0613,3.0931,1.0434,5.1148,4.436,2.2869,80.0845,106.1918,57.6662,0.5247,2.4346290649807014,2.18176991385894,2.7742742877084723,2.048965565393971,2.3982008850105774,1.2286881409601145,1.0413829065041083,1.0839423645092146
TCGA-B5-A11R-01A,IS4,14.18421052631579,3.06026757300574,2.7082,4.0321,3.7778,6.6985,6.4886,3.6287,32.7465,92.3495,88.8482,1.8298,2.688839412910265,2.0071221674844866,3.8033201878855962,1.5673818057399378,2.1167450704032906,1.4478758589276242,0.945156055987249,2.2089482736159236
TCGA-D1-A1NW-01A,IS4,1.105263157894737,3.0136678477342342,2.5283,4.1073,1.1837,9.3669,3.9039,1.6636,93.5432,23.9765,30.6371,1.4583,2.4755981927589574,1.545287516686573,2.6413161706373667,1.7490141744258167,2.1229839884592048,1.203441863571961,1.6402947086575301,1.153643476094736
TCGA-B5-A0JY-01A,IS4,231.97368421052633,2.7430211970440888,0.7923,4.1131,2.1293,13.5794,15.6559,2.2978,7.7917,0.3226,109.1562,1.6729,2.275730728442231,1.812542608871617,3.318833497655026,1.6682524426623335,1.6649697900221314,1.637944722787655,1.639244323443033,1.5008018145418036
TCGA-AJ-A8CW-01A,IS4,16.42105263157895,3.0545870789235074,2.3693,7.2201,3.8985,8.7206,10.9906,4.2612,83.7804,89.9303,108.8534,3.0175,2.349476171057972,2.599341055605727,2.9058911824093623,1.2609820588148066,1.7489863547334459,1.3451541919493877,1.1866722341977765,1.3880406750613623
TCGA-AP-A051-01A,IS4,199.81578947368422,3.0375808139452993,1.6877,8.8855,5.3322,12.5251,11.3772,3.7468,173.6355,40.703,173.4503,4.098,2.439751977599476,2.461151997792859,3.0474675560507665,1.597311006416505,2.947440827022065,2.0428210887764062,1.23929356633969,1.514156752295299
TCGA-B5-A11X-01A,IS4,1.4473684210526316,3.1144780217125083,1.6227,27.1423,10.5908,11.2084,10.3129,3.4516,10.7905,0.1694,20.7839,2.3614,3.29181655864966,1.4997404013284383,4.816313035645425,1.6469316686015396,4.012182584928947,1.7325184166292231,1.2321666782151615,1.053989967600306
TCGA-AX-A2HG-01A,IS4,20.236842105263158,2.7175421630716388,0.5196,10.1288,4.2395,21.4447,9.1382,4.1355,11.4446,8.3216,53.4257,0.6583,3.1263950890398102,1.5803169302035167,4.6105221802510945,2.1887028017993293,1.3842403659215667,1.1494197372019315,1.1390025066311247,1.3990444172812726
TCGA-AP-A056-01A,IS4,199.76315789473685,3.2726001149689306,2.23,4.2861,1.6961,19.2301,24.1078,3.4052,9.8117,73.2605,201.631,6.3253,2.6838312400921893,2.4623481608393534,4.345510998068293,1.795757974148504,2.062397733043794,2.6686369449766816,1.4684390579173838,2.636556358563554
TCGA-D1-A16J-01A,IS4,4.973684210526316,3.277294685697934,1.9602,7.5762,2.695,8.2966,4.5058,2.5904,42.5533,28.2556,42.0022,0.7606,3.18853914316809,2.1672975899944187,2.23398380209407,1.3165970122836033,3.655303289814929,1.1421614584943243,1.9314819685048277,1.113263518009261
TCGA-BK-A139-01C,IS4,2.5789473684210527,3.0058624063471027,6.1196,0.2587,1.0987,0.9469,13.5699,2.316,15.8665,430.2449,17.1554,8.0315,1.1581358950466412,3.2501820708337164,2.225744880204599,1.5972000143485865,1.074989075406713,3.206983693680082,1.9929141507223618,4.9130149631143505
TCGA-B5-A0JS-01A,IS4,0.7368421052631579,3.1700504426226748,0.9488,2.3714,4.208,6.0693,14.1852,3.1113,19.3436,114.0675,111.063,1.1053,1.8068162924999018,2.777561355035928,5.431907947730299,2.729582181383001,1.601492303893527,1.3052927745356715,1.885331892926636,1.5670400859863634
TCGA-AX-A2IN-01A,IS4,12.421052631578947,3.1430991485252036,2.8043,6.4397,5.6224,33.1309,9.5641,3.0366,21.4128,2.1354,96.9106,5.2895,2.5554425158629,1.9779405600810451,3.3492665071382137,1.5233043025138058,1.9850692190290389,1.702870165793674,1.683480809200895,2.109497970075775
TCGA-BG-A222-01A,IS4,104.07894736842105,3.2507444721912773,6.3655,5.7066,3.2447,8.6535,9.7971,1.6736,30.9623,1369.1259,174.2025,1.8224,2.1849567464063044,2.2182481855156944,3.285906012977059,1.5958116576705712,1.486723899195411,1.9060882818477374,1.2279209607553603,3.896676649890111
TCGA-D1-A16R-01A,IS4,1.0,3.178896914871824,1.764,10.3095,2.3704,7.4695,6.3171,1.3087,169.5304,19.4312,124.0592,1.6388,3.8965309778431045,1.7345756622724426,3.480918103223785,1.6040071213539808,0.3767034536030587,1.4574021937836779,1.2119641429550132,2.286389420597208
TCGA-AP-A05O-01A,IS4,,3.229433295909234,1.7005,3.6288,0.6995,9.6744,15.0691,1.4951,20.1355,81.5574,91.5691,2.2569,3.0917174001100536,1.4507708600882605,3.9760058804687737,1.5443086176968217,2.06069876536974,2.063632632433853,1.6179411966622705,2.1769284150734887
TCGA-AX-A3FS-01A,IS4,,2.952377706959764,2.7551,1.9088,1.7414,8.1973,7.2836,1.9034,14.6016,12.676,71.806,2.2417,2.2294576767991523,1.032111720147409,3.1756727174707438,1.3991103388964266,1.2535407438930137,1.7963776064928225,0.8807766536430343,1.7881157243452626
TCGA-B5-A11E-01A,IS4,217.39473684210526,2.64656550260075,1.9182,7.1071,3.202,10.7627,6.4533,2.25,55.8414,177.3612,135.9946,1.6905,2.267857771887483,2.026000751912544,3.5022505822568935,1.6419104099509947,1.4738529620072363,1.3271817995548953,1.1868665410535368,1.5185780273739162
TCGA-BG-A0M8-01A,IS4,1.4736842105263157,3.033858522464538,1.0132,3.9011,3.6215,6.9505,7.5513,2.0499,38.1222,10.9761,36.5604,1.5933,2.517715793711353,1.3841149500743315,2.982587299456404,1.641625937224147,3.7235704230531197,1.3007467193112745,1.4951751597617289,3.4874277597109242
TCGA-D1-A16V-01A,IS4,1.0,3.2344184382349606,3.4904,9.098,2.6579,11.4778,7.1572,3.4435,65.6032,34.176,65.1946,2.1439,2.610341263060869,2.3479324651482387,3.0723488211793866,1.2803004188367053,2.2947222361599664,1.7012099504387486,1.0335107835523654,2.562139683970751
TCGA-AP-A0LF-01A,IS4,5.421052631578948,2.950759646370574,1.1034,15.2969,4.6707,57.199,11.796,4.7131,17.5268,44.7693,13.7806,1.3859,3.7864335630672272,1.2807319551775456,5.462205603669235,2.646604828502798,3.5591826017940296,1.1114453237785675,1.4564628701474585,3.0798408144664466
TCGA-AX-A1CP-01A,IS5,0.631578947368421,2.971471515114827,2.1594,4.4654,2.0727,5.0531,13.8092,1.861,81.4796,800.1157,137.2479,2.5668,1.838452842781587,1.8962165238983097,2.2020399275968994,1.5077415987327987,1.4110813675837222,1.495380545613094,1.6342865774982587,1.2476943119166852
TCGA-AX-A2HK-01A,IS5,1.4473684210526316,2.4016460851482555,1.747,0.8677,0.3306,10.0552,5.0352,0.1825,26.4875,45.1477,65.2917,1.1638,1.0514289876459186,1.1788185886420348,1.7468971052439395,1.0976464889898943,0.7186129730528729,1.0300604170692278,0.8117631245996593,0.9355633369558914
TCGA-FI-A2D0-01A,IS5,152.44736842105263,2.9023766478875803,2.5767,4.3747,2.7699,12.6078,4.0864,2.3171,16.711,18.9763,115.4141,1.3928,1.8726768147668424,2.3691783400256874,4.435793888732374,1.777918786095921,1.073773973279483,0.9554627271556826,1.6189923623762903,1.4800912245733884
TCGA-B5-A5OE-01A,IS5,1.4473684210526316,2.5203771900411645,0.4383,5.9638,0.3411,3.1529,4.6208,0.1118,2.7066,673.2489,139.9327,0.5402,0.4197623411876825,1.5140375638145327,1.6686832774797884,1.170471600646293,0.10861563274627171,1.3469728249917312,1.8341093037917289,3.4593922060602083
TCGA-FI-A2EU-01A,IS5,1.263157894736842,2.34839685403985,0.7477,1.859,0.0552,2.8218,1.8756,0.64,9.449,288.2784,32.9261,0.68,1.4962660533330678,1.6702255448010532,2.135681092511748,1.1674820679700528,0.2199587770828567,0.593453989310884,0.6034070334141917,1.0139723245004912
TCGA-FI-A2D2-01A,IS5,0.9473684210526315,2.5282883926202855,0.7992,0.3425,0.3835,2.4507,7.6657,0.3369,12.0005,252.3965,76.8412,0.8015,0.8558959497275662,1.8776943497278105,2.2349647453791577,1.0032618294767963,0.43364433927248197,1.3509484576140542,1.0557516618819183,1.8494770393472486
TCGA-AX-A3G7-01A,IS5,0.5263157894736842,2.8173120592587937,2.1408,1.1518,0.2315,8.7751,11.4147,0.8338,21.9817,80.203,31.0113,0.7894,1.8260475237719507,1.3296952774948279,1.7763468771910098,1.3437663879395425,1.2909118884320747,1.5442699966726614,0.9417902123208954,1.2171638621916119
TCGA-AX-A2H8-01A,IS5,1.2105263157894737,3.1453619508939945,4.2803,3.4191,1.5954,7.8764,9.3541,1.7657,133.0748,337.4756,69.4742,3.2289,1.4718881902239203,2.0811689748461024,1.7486968414618345,1.586373010010472,1.651287444019765,2.0225359917751407,1.6123754999839517,1.8156963715112393
TCGA-AX-A3G6-01A,IS5,1.3157894736842106,2.898936608719734,1.8217,0.3381,0.4417,5.3616,10.1043,0.4009,134.8507,576.7909,83.8177,1.2956,4.316768519432524,1.2298209406558154,2.0724790515308804,1.302022318002393,0.9152764653544171,1.5648928403769613,1.6347153177703821,2.899232577682012
TCGA-D1-A2G5-01A,IS5,4.7631578947368425,2.3718011438157443,1.414,0.8984,0.5135,5.137,3.4702,0.9279,26.6897,96.3086,154.7254,0.7746,1.3391132385485212,1.8219397558963684,1.560931210747582,0.950753356836766,1.044316074658241,1.1854666166716459,0.9088518674435766,1.8343307667052293
TCGA-AX-A3GI-01A,IS5,1.0,2.5919926398889515,2.7094,0.7962,0.2601,5.0625,2.1831,0.7309,15.2211,341.0408,77.4772,1.373,0.605747880573041,1.3087905095951757,1.1597284674582962,0.7621706678543848,0.6021359716082356,1.3013649436116592,0.5593790531682533,1.6419173143659223
TCGA-B5-A11J-01A,IS5,11.0,2.9325344943437406,2.1837,3.155,1.7816,3.5593,4.9923,2.0803,6.4298,75.1271,95.7708,1.4755,1.7791683551530861,1.89668494294321,2.5669954754980564,1.1628827312871985,1.9408282795587617,1.7989809542353588,0.9871980637159571,2.030448686808239
TCGA-5B-A90C-01A,IS5,1.131578947368421,2.6812122966393037,1.6493,1.2078,0.7989,5.9258,5.2832,1.393,22.6918,80.9532,195.213,2.7077,1.3303351035273843,2.1346951003510775,2.0384951980885715,1.0605820572755993,1.3903420459665814,1.4699479284101429,0.6670566460739553,1.154497439028633
TCGA-B5-A0K3-01A,IS5,1.2105263157894737,2.6061589299883483,0.4887,4.9916,0.268,3.7536,7.4998,0.6121,7.1941,39.3643,88.8265,0.2948,1.2224406384207478,1.1207920024769675,1.8978021375259693,1.20407759492102,0.7587951669565006,1.1179772792824487,1.059299023097065,2.6852153636912437
TCGA-B5-A0JU-01B,IS5,9.842105263157896,2.31762504569159,1.3747,0.3591,0.4691,1.1498,1.0549,0.2678,18.0612,94.8969,91.9792,0.4128,0.8388407385217005,1.5241300620120024,0.9673292204864017,0.5453244721997181,0.6995870480270744,0.6830636118275472,0.42897409440803447,1.920802378620336
TCGA-A5-A0G3-01A,IS5,0.7894736842105263,2.332137304345557,3.1217,0.7527,0.3688,4.1963,2.9483,0.0324,6.9572,24.9627,105.0512,0.8923,1.5270654286204803,1.1990201518816705,0.21730117348324396,0.48410702477953355,1.5956873856539928,1.0665407841753491,1.0797938138060519,0.5119662124413298
TCGA-PG-A915-01A,IS5,1.5263157894736843,2.6223186308759723,1.6863,1.4574,0.5078,6.2005,3.9117,0.8474,72.1804,219.3422,94.094,1.3684,1.9011184217935324,1.4513757768983793,2.8466114574429158,1.2055889308300258,1.6748310546095506,1.216465322409545,0.6859267126643736,1.0648113432065178
TCGA-PG-A914-01A,IS5,2.8157894736842106,3.0765499343959326,1.5105,2.4007,1.9968,6.302,8.0917,2.3161,47.4274,136.4132,51.5219,0.8184,1.7019572312242364,1.5603538839430533,2.5946078663746315,1.4014697172775172,1.4729867174137732,1.6470199005335031,1.4747538388843378,3.2262745958363332
TCGA-PG-A7D5-01A,IS5,0.7105263157894737,2.7188305487095126,1.9178,2.1675,0.708,4.7792,4.9055,1.1939,32.4555,240.4662,91.8317,0.9718,2.389894175376586,1.2426707449361338,3.255479177667379,1.3597427268809597,1.9447654826038014,1.039608014952898,0.8758631461684034,1.4733724398103298
TCGA-B5-A1MS-01B,IS5,1.0526315789473684,2.538600914951376,1.1231,0.44,0.1015,4.2807,4.0897,0.4901,145.5068,272.517,65.1036,0.8035,1.9789406538215233,1.6049745374356377,3.1342865193811185,1.4552102591831946,1.5081939200473826,1.2894458512856184,1.0006195188317322,2.4956820466966945
TCGA-FI-A2EX-01A,IS5,1.236842105263158,2.617356075570998,0.6427,1.7518,0.2146,3.3432,2.7162,0.3392,10.9596,405.2175,77.8358,0.6136,1.1222080579119849,1.179345320819228,2.6108821510757845,1.4358893597097484,1.6603681925996507,0.8869879230241654,1.7251350672558,2.7777165414017753
TCGA-KP-A3W4-01A,IS5,1.1578947368421053,3.2795673870312965,5.1058,2.8232,2.6084,18.8745,9.6021,1.4996,168.9732,372.1844,86.54,4.6368,1.8793180613950242,2.535118918796354,3.4553956786419464,1.5875221297759636,0.739588794203339,1.7833192260740498,1.269337524055355,1.9229914372326142
TCGA-B5-A1MY-01A,IS5,1.131578947368421,3.0413704903493075,3.2567,3.6126,1.5064,4.325,11.291,0.9527,15.4808,131.3656,182.3844,1.5906,2.3344666099045286,1.7648091556324417,2.2584347409739003,1.3258757475861587,1.6845382834008984,1.950269076374812,1.5156520578635488,2.5647715270826383
TCGA-KP-A3VZ-01A,IS5,1.8157894736842106,2.254426196394115,1.1779,0.7252,0.7106,6.7632,3.9168,1.464,3.1114,105.5943,49.3029,0.2842,1.4240018345860523,0.8795401432828003,1.2726874896163687,0.6352272213084937,1.5193084319825088,1.1280921634344232,1.0017361199082815,0.9820868075905483
TCGA-K6-A3WQ-01A,IS5,,2.665618587545574,1.4113,0.3993,0.3311,9.9704,3.4896,0.275,221.7501,367.6516,45.6635,1.139,1.4846969456718333,1.5736715942765886,2.921451136401515,1.1222742735183489,0.17213666526196894,0.8927646388473506,0.9183764432920851,3.4850772685457496
TCGA-B5-A1N2-01A,IS5,3.1578947368421053,2.877668770552254,0.9543,2.1617,2.1182,6.9355,5.6451,1.4482,7.1654,197.1069,56.2062,1.4609,1.7160547468774585,1.7301734472580979,2.060690234545652,1.3149301241834106,2.3044510492177452,1.4578193469127727,1.266715569101926,1.6078441890047719
TCGA-EY-A3QX-01A,IS5,1.2105263157894737,3.1458669226202622,6.6528,2.3448,1.3091,8.8306,9.5588,1.1921,72.1896,33.1866,96.0664,1.7867,1.3488745295778901,1.662293362444946,1.9134281600599803,1.087443178964999,1.9354294095907962,1.7415188398931765,1.1524172857000894,2.838973709428194
TCGA-H5-A2HR-01A,IS5,0.8947368421052632,2.47631373669982,1.1042,0.8465,0.7373,12.7139,9.8245,0.7447,5.2021,42.5466,51.4112,0.9732,1.5986548306085209,0.7370037130034283,2.3532342909029706,1.3703641175808956,0.8890724603243673,1.601284785024939,0.9969068039953838,2.2897679286788306
TCGA-FI-A3PX-01A,IS5,,2.3619189366100652,8.0934,0.3798,0.1861,5.7329,1.9834,0.3051,22.9452,3.8147,70.3086,2.2648,1.0061620691585769,1.1998612494086565,1.7945674440753054,0.9723092601801797,0.9493519392680442,1.03671941594186,0.6223391258046136,1.0747762115252344
TCGA-B5-A3FA-01A,IS5,223.89473684210526,3.194178381858666,3.9685,5.1403,2.4977,11.7186,8.5701,1.2139,43.7251,160.1289,156.1664,1.5018,2.448309070627235,2.234616739038945,2.9700246872156724,1.277447574300783,1.7308111158262187,1.9770539774538325,1.1796010602406524,1.6025135678670113
TCGA-FI-A2F8-01A,IS5,,2.8977999584965897,1.4238,1.721,1.3957,7.0042,3.7195,1.3689,21.6212,716.7113,52.9161,1.9957,1.733646107756898,1.6622085112186875,2.153639490480113,1.0939713827548982,1.2651647599475957,0.96706600982504,0.9347609784416552,3.2283548433578098
TCGA-B5-A1MW-01A,IS5,12.81578947368421,2.4471109252565557,0.8939,0.6433,0.2101,6.0082,2.5666,0.2584,7.821,35.5531,131.8418,1.2634,0.7475465272926023,1.2515838057975082,1.5070210867968268,0.837700157829975,0.6611390265473173,1.1038095477440504,0.6467689667883543,1.6627735200239837
TCGA-BG-A0YV-01A,IS5,1.7105263157894737,2.618977001433325,3.3276,0.4518,0.1897,6.2004,5.1829,0.2,29.4903,152.2463,88.6828,2.1148,1.5382506930878908,1.6795608025755584,2.1543466261459807,1.081092965169931,1.6203217375359593,1.2219653642793677,1.0936414233040708,1.7665024351287506
TCGA-AX-A1CA-01A,IS5,2.3157894736842106,2.9861092055770593,1.0601,9.4938,1.7443,25.6512,3.4477,1.6955,8.0979,28.0345,32.1172,0.4093,2.210296832002628,1.3293462594986547,2.8787136410757426,1.5817194074493264,3.364060234346585,0.6665932938110953,1.3218530980253567,3.5989778268703794
TCGA-EY-A2OP-01A,IS5,11.131578947368421,2.7481039630554105,2.2873,2.9872,1.3344,5.1546,3.8144,1.1948,53.2959,16.0379,120.7024,0.4167,2.192598954951521,1.3834290392194337,2.248222960013107,1.1490785343243128,0.5869201015951228,1.374079914217359,0.8126739440683546,2.3384979121539864
TCGA-D1-A0ZP-01A,IS5,0.6052631578947368,2.700669773272695,1.6384,2.006,0.8518,4.2671,4.1471,0.9438,14.3112,161.0622,258.7701,0.9801,1.7458402736894927,2.4263082580615074,2.086836402393369,1.0071966993359551,0.8820961616631564,1.656220745793896,1.3587831885330597,1.4609171528314533
TCGA-EO-A1Y8-01A,IS5,0.9736842105263158,2.4187234888760294,1.0037,1.106,0.2408,4.5956,2.1261,0.3173,140.1503,327.4586,60.9918,1.6424,0.5796363166754366,1.3160392587345402,2.8410742547579995,1.3340900905438497,0.5325783106725274,0.5773479825618018,0.9275334971261279,1.4335893344788146
TCGA-AP-A1DQ-01A,IS5,0.5263157894736842,2.8901471851208442,0.646,5.4232,2.3028,4.8791,3.934,3.9002,19.744,165.4346,146.6918,1.4548,3.423722128766908,1.4351669348751968,2.4826158179255797,1.6517197267511274,1.026635779910578,1.3552759880242917,1.3210848791192569,1.3628129931335062
TCGA-D1-A167-01A,IS5,36.578947368421055,2.3441340196384406,1.4651,2.4823,0.6081,4.5244,2.3802,1.3353,17.0688,16.7664,271.0018,0.8026,1.8324594753800725,1.7832477634994837,3.265766216725856,1.344556465285785,0.25592324490641993,0.8132400088206846,0.6085860970962159,0.5647928270663057
TCGA-D1-A16N-01A,IS5,3.0,2.812416063064956,1.6104,1.4096,0.7235,5.2969,6.7488,0.416,18.5635,161.1275,185.3861,0.9839,2.4698012887202347,1.8611790748084431,1.3549568947222332,0.9866376181296358,0.7950958134452274,2.3815523995370866,1.1435655485839098,2.189381914645176
TCGA-D1-A16S-01A,IS5,1.236842105263158,2.298055171316355,0.579,2.0164,0.494,4.9725,2.3038,0.0868,13.1078,107.8242,53.7523,0.5977,0.703632960156781,0.9361300110313951,1.4042153910575905,1.02849001056581,1.6041054678903868,0.44350961533037075,1.0419969653515548,2.1042027237736023
TCGA-DI-A2QT-01A,IS5,0.5789473684210527,2.5280095475871365,0.6741,1.3554,0.613,5.4134,3.5396,0.7299,181.0896,993.6269,67.0692,0.4795,1.1779775559856245,1.463044973603582,1.6896377159302538,0.973276814732608,0.6290870930599638,1.026658055124971,0.9586037503733309,3.9722401821364848
TCGA-AP-A0L9-01A,IS5,1.5526315789473684,2.5950640709134096,2.0213,0.5028,0.4927,5.9086,5.2113,0.3246,21.614,163.8469,96.8908,2.3845,0.802328222815123,1.3698145215774724,1.4413818228934083,0.8352662351541577,1.3013198894416869,1.2685979315968778,1.0139002428575605,1.5922917173687032
TCGA-AP-A05D-01A,IS5,0.8157894736842105,3.155472100116184,1.7885,1.5741,0.6468,10.6272,12.1996,1.0314,66.0928,211.6256,148.4754,0.9632,2.608384340991873,1.3560290790858998,2.265614338385745,1.7401206292578244,1.241189698108754,1.270979525231791,2.1407765605966222,2.0329256417939825
TCGA-D1-A17K-01A,IS5,1.368421052631579,2.521194257824315,1.6221,1.2814,0.6529,1.653,2.7439,0.4764,21.2926,163.6167,163.3571,0.6187,1.6979709600332784,1.2759059558602952,1.4205693104603556,0.8106209451112554,1.3698612011597442,0.9667552728550503,0.8614510931082384,2.7318159299275
TCGA-AJ-A3NH-01A,IS5,1.368421052631579,2.373235133496412,0.8224,1.0932,0.0846,8.2519,2.9301,0.3467,91.8087,336.8045,107.816,0.6202,2.835687924595997,1.6373355668646623,1.2998927488635736,0.6818110960855098,1.0827653955745296,1.036352793648258,0.7447602459529836,1.468461028828454
TCGA-DF-A2L0-01A,IS5,1.0526315789473684,2.429303585899087,0.7727,0.1408,1.8283,13.6242,8.7566,0.4121,7.6616,72.8465,150.1352,0.9106,0.5788613713400388,0.6412054881026976,2.0160287287583825,1.1249451091685914,0.6654008382262719,1.1972330913997118,0.9181562490071911,2.0250233125938757
TCGA-AP-A053-01A,IS5,1.105263157894737,2.504854253577836,2.3313,1.1811,0.8488,3.8903,2.9303,1.2741,97.7099,58.1501,68.073,1.1542,2.195753358909223,1.5827776609882418,2.0637835757012692,1.116137020813544,1.079125846126466,0.9205701047476476,0.8792427455861075,2.1919750417666317
TCGA-AP-A052-01A,IS5,0.7894736842105263,2.9279133559956665,2.0363,1.3563,0.5472,9.4708,5.6773,0.5768,49.0194,14.2041,70.5573,2.1325,0.7873125429661347,1.5908661555342345,2.4326354766291343,1.2125736031753407,0.4852563654666522,1.3866913755649382,1.1784148537263501,1.762277476415122
TCGA-D1-A1NU-01A,IS5,1.9736842105263157,3.0947598793314754,2.4349,2.2657,0.9932,11.824,7.3571,1.478,44.9871,361.5884,47.0067,1.748,1.6473742030665743,1.689919847111236,2.8256088778628214,1.4357548693328142,2.2176529479646154,1.5121111511243113,1.0007107257030161,2.764309153426936
TCGA-D1-A1NX-01A,IS5,1.0263157894736843,2.6832414905211546,1.7172,1.6043,0.4564,5.5754,4.933,0.5345,84.1628,26.8175,49.7093,0.5355,1.1070604189680149,1.2753195230763352,1.8933005329541732,1.0207564296929978,1.181266794626355,0.7755335198591062,1.3150695732094175,3.158992192385758
TCGA-D1-A1NY-01A,IS5,14.368421052631579,3.119532371743044,1.9362,1.0837,2.0059,6.4861,5.2277,1.5131,63.4515,672.9657,196.0329,2.0246,2.1216255360899776,1.984566878753407,3.34441465999102,1.352984539083764,1.299101561897535,1.1167788726981338,1.482375721369419,2.169451148351127
TCGA-D1-A3DH-01A,IS5,2.0526315789473686,2.389913703838947,0.4841,0.6323,0.0885,3.5949,1.1794,0.0777,7.5484,134.6618,84.8429,1.2462,0.5013085594728608,0.9009801607599807,1.3768505604701393,0.8473353611185728,0.21817367031267146,1.02189347211817,1.7151269633681387,1.5532257708139927
TCGA-D1-A3DA-01A,IS5,,2.474961017099297,0.7471,0.0333,0.1304,1.1185,3.7354,1.6835,100.2946,236.1618,166.7685,0.631,0.4854830864025539,1.2136109731834759,0.8309307082324353,0.6970534380076714,0.5151710729425161,1.3826548634289673,0.9782499585492017,5.372609626727093
TCGA-D1-A2G7-01A,IS5,0.868421052631579,2.372312383077159,1.0519,0.6647,0.0651,0.7754,2.2134,0.3891,120.8939,530.4665,93.4488,0.3439,0.8206448807468731,1.2698839817751606,1.700408183083106,0.8540031517858019,0.7020090925057004,0.8407861347190632,0.8471837979204335,1.787944291553077
TCGA-D1-A1O0-01A,IS5,1.1578947368421053,2.520547650338481,0.9869,1.2541,0.1024,6.956,3.3091,0.2339,44.4521,80.7606,60.4442,0.4506,1.4115643218906548,1.127027309751287,1.8115599392314223,1.150535946985267,1.1095719298985494,0.8369263158391625,0.855412649602169,1.2116274499121247
TCGA-AJ-A3EJ-01A,IS5,1.2894736842105263,3.1749667561110466,3.2893,1.3898,1.0317,16.4436,17.1847,1.5514,111.5843,720.2946,101.9285,2.7235,1.499704791246871,2.082628663388814,2.0906025325155273,1.1781492868656214,1.5532614147147685,2.500167706499966,1.3607619355659792,2.4057101235223683
TCGA-AW-A1PO-01A,IS5,1.631578947368421,2.3952447189604062,1.521,0.6427,0.1145,8.7796,2.403,0.1006,28.1345,157.1181,45.7469,1.3098,0.5237440322804112,1.3336604832627577,1.1491090667311026,0.6704242231157939,0.477268455624849,0.9551864638367796,0.7727252260195294,1.05408500136708
TCGA-EO-A2CH-01A,IS5,0.9210526315789473,2.4694260301025617,0.6434,1.1554,0.2059,3.2435,3.6003,0.3978,55.0358,502.7195,49.9042,0.7246,1.221542232902033,1.4730602245018598,1.664089596052993,0.9698011944626445,0.3687292957051631,0.8142741916758601,0.7845259934946005,1.918182764958862
TCGA-AJ-A3BF-01A,IS5,0.6578947368421053,2.866266657170492,1.1418,12.6034,1.1802,4.6636,4.1563,0.9922,5.7411,167.1145,57.1129,0.9272,1.7798980428794573,1.5864828664797457,2.2950777642526226,1.0496876749411659,1.8777521849202745,1.3144704356641819,1.1734285168096474,3.572061165162691
TCGA-EY-A2OO-01A,IS5,1.394736842105263,2.575392991558985,0.9152,1.5099,0.0,5.0507,2.6491,0.2924,370.2404,382.0419,133.3793,0.4882,0.6579082576637897,1.907332391145297,1.5367232054115831,0.8046672377536805,0.7032525440199505,1.0859521752986152,1.4901875379954692,4.541348131579412
TCGA-EY-A2ON-01A,IS5,1.605263157894737,2.8336212760028534,2.5108,0.8976,0.4925,9.3616,9.7741,0.445,48.9104,901.3755,38.2476,3.9005,0.8636191087743375,1.2078944942394712,2.654861907707397,1.2588920667130088,0.3353391559675762,1.9458315324908846,1.0928399700592575,2.464653978308769
TCGA-EY-A2OM-01A,IS5,14.973684210526315,2.5888642686780514,4.2992,0.9439,0.3557,4.4341,4.2661,0.3499,28.3727,271.8613,153.7799,1.9407,0.6470075426799196,1.7383325580308817,1.5149771035383832,1.0018679279296276,0.7974061147555686,2.1637127357298955,1.2512366868715767,3.5992246372715506
TCGA-AX-A1CF-01A,IS5,2.4473684210526314,2.8505524328891125,1.4166,0.7744,1.0118,11.8241,4.6347,1.1109,7.2556,32.6377,120.7692,0.946,1.705320955767096,1.741881477850644,2.3271399054277024,1.2297796512988315,2.0351759012942274,1.2706505813228748,1.2658445482181069,2.235949287284208
TCGA-EY-A212-01A,IS5,1.394736842105263,2.519904104506434,1.6502,0.5388,0.6453,4.4777,4.0648,0.3916,31.925,684.5214,61.5565,0.5162,0.618671963068419,1.6107501690723556,1.5708536114529315,1.0206290384065357,1.4468071149913644,1.13713804076491,0.8879951666497962,2.1774085133974244
TCGA-BG-A18C-01A,IS5,1.1578947368421053,2.9509199078943325,1.0933,2.1997,2.0421,4.5283,6.6137,1.0363,54.744,119.1847,64.836,0.7986,2.155354308342625,1.7663501137000601,2.420796710093826,1.3123151982338044,1.2643005068239714,1.0275108532970787,1.1052690240183154,3.775097630874835
TCGA-A5-A2K7-01A,IS5,14.157894736842104,2.9131618040051457,1.1722,1.3176,0.9591,8.8088,8.9954,0.998,22.9498,339.142,137.6545,1.7204,1.1719701280894563,1.528208837179691,2.151267545613479,0.8888726933953645,0.6815252617969922,1.8587547010360022,1.3396171675750166,2.4321047953022066
TCGA-A5-A3LO-01A,IS5,,2.886427637364047,2.6921,0.7718,0.5798,3.8837,2.2338,0.7263,76.4669,59.6684,118.7691,1.5306,1.2877664770872737,2.1784560726986446,1.483633939705039,0.7707582230763383,0.8145248845604481,1.2410868390699863,1.1783537871192322,5.161772494788254
TCGA-EY-A1GV-01A,IS5,0.7105263157894737,2.6415567210669235,1.827,4.6802,0.0674,4.5339,4.3587,0.3317,22.3034,159.8746,73.429,1.9584,0.6074144089877976,1.1849903519840252,3.618279920264434,1.9446776093631175,0.6660877688070754,1.531239273328347,1.8464825800647469,4.3760993631718925
TCGA-A5-A7WJ-01A,IS5,17.13157894736842,2.385836715638847,0.7296,0.6472,0.6342,4.0896,1.3557,0.4921,8.6254,42.465,95.174,0.2558,1.0261953216444486,1.7720738005681664,1.4216231985877348,0.7263054692206157,0.3783079874429956,0.5021115536908064,0.7788934464191865,3.1155559592565134
TCGA-A5-A2K2-01A,IS5,2.789473684210526,2.4094466980122804,0.6693,0.9138,0.1557,1.2541,1.3488,0.3146,54.1267,152.9248,65.215,0.1713,0.3641801149296811,1.2232323384911419,2.2177726684760093,1.009131943250571,0.6712430945200326,0.8158222321102783,1.7673162381624055,1.6398405352055194
TCGA-A5-A7WK-01A,IS5,1.4210526315789473,2.595874084690869,1.3488,0.5744,0.4278,3.1216,4.875,0.2927,115.1742,436.6631,51.0367,1.1688,0.8734464914766886,1.638761299206691,2.7364264228392092,0.9785708266085255,0.4085501193788515,1.3375646059491952,0.9285901292181653,1.1100354348918382
TCGA-EY-A1GR-01A,IS5,1.0,2.8596764108224764,0.6145,2.2433,0.8042,7.5464,19.6465,0.5839,5.3947,34.8718,99.1433,2.1702,1.3798968013461919,1.7481349283747407,1.6588574366298545,0.9597613067345949,1.2065229054708007,2.9259432522266215,1.2953023368513277,2.225617359532325
TCGA-BG-A3EW-01A,IS5,10.236842105263158,2.6949172133030683,0.7877,0.6529,0.7851,3.421,4.1267,1.2566,386.3822,131.7157,163.6671,1.4585,1.0470253180701266,1.524316542312219,1.9982042458907106,1.000135800922847,0.578651753270156,1.5218841163135994,0.8775429745383069,2.3258500717729307
TCGA-EY-A1GM-01A,IS5,0.6578947368421053,2.3602893221141548,1.7635,7.5071,0.4557,2.5528,3.6433,0.5718,12.062,55.4581,103.9381,0.3437,2.16831580049688,1.5277316839213437,1.9157368846688292,0.7581095277656008,1.0074627985462181,0.5826196885196457,0.6677278929643692,2.7695104559020316
TCGA-AX-A1C5-01A,IS5,19.07894736842105,2.4026778500103156,1.9088,1.2464,0.6785,3.6112,3.1193,0.5722,47.0009,144.2478,126.6392,1.3733,3.314504298209399,1.6336958748840749,3.225493337278362,1.3241149935242909,1.2268857339193702,0.8223909039528577,0.727589716640044,1.4556351835804113
TCGA-AJ-A2QM-01A,IS5,3.8947368421052633,2.4725845160107545,1.2957,1.2268,0.0829,1.1611,2.4581,0.1019,30.6724,864.1032,57.8029,2.2615,1.0386545439469406,2.015651487494078,1.3228158474139948,0.5025569930425167,0.07528462210473494,1.5429095202153118,0.9826438109384659,2.1674931405562075
TCGA-AX-A0IW-01A,IS5,1.1578947368421053,2.8424673137025827,0.9242,5.4314,0.5174,8.9551,3.6937,0.7532,10.4765,169.7396,91.2436,1.1058,1.1734445210624327,1.4135365054404663,2.049839373309168,1.2014415111211616,1.06785034960137,1.1044924149993232,0.9957819848188563,3.6946018703734134
TCGA-EO-A3L0-01A,IS5,1.894736842105263,2.627243908949112,0.8064,0.4769,0.7302,2.6998,2.1016,0.6465,97.8416,154.4943,111.2917,0.4369,0.9596955382359481,1.5702426941561516,1.9583877266054863,1.054990877805492,0.873717870340562,0.45465269626825416,1.2315985921664583,2.596690780400882
TCGA-AX-A0IU-01A,IS5,1.0789473684210527,2.4340022875604763,1.0342,1.5194,0.4343,2.0852,1.488,0.5231,14.9582,64.0331,71.4409,0.2184,1.2225276192229297,1.5951927090095432,2.247952011245578,1.1030884125428855,2.557973853109713,0.4084530933393022,0.6264955834468044,4.180599097208273
TCGA-EO-A3KU-01A,IS5,,2.9102192456859743,1.4567,2.8084,2.0418,7.6461,5.1751,1.1852,34.3942,78.5429,68.493,0.9764,1.7531416320149629,1.7845058846724147,2.1502441278098097,1.0783658613050484,2.20259021618193,1.5306943662778156,1.2708863191048294,3.0268825002641315
TCGA-BS-A0U9-01B,IS5,,2.65266437318168,7.0072,9.2228,0.2102,5.3474,3.1273,0.1477,70.3202,409.21,87.4607,2.6508,2.6995926540282658,1.655857507051497,1.3264884406581066,0.9147468621065096,1.0559217277911321,1.223163757517175,0.9053681584946102,3.190434538535634
TCGA-EY-A1GS-01A,IS5,7.842105263157895,2.5103352193392645,0.9158,0.4186,0.1172,2.1748,5.8952,0.1853,141.1473,24.1935,43.8284,0.5672,0.5302851977736667,1.1087047910984102,1.2749686473127035,0.980287449336945,0.32763628817505047,1.3745144396081255,1.5557452899409863,1.3001738395043063
TCGA-2E-A9G8-01A,IS5,1.394736842105263,3.021387196284265,2.215,3.1187,3.4879,8.6532,8.587,2.6843,22.9277,168.0988,50.4684,1.3446,1.880056583100188,1.9526861449433455,3.236160813460465,1.2570277456171757,2.476949294328449,1.3126185560569843,0.9447433383894381,1.5216078419514993
